group_id,group_name,technique_id,attack_id,technique_name,nb_utilisations
intrusion-set--c4d50cdf-87ce-407d-86d8-862883485842,APT-C-36,attack-pattern--b3d682b6-98f2-4fb0-aa3b-b4df007ca70a,T1027,Obfuscated Files or Information,1
intrusion-set--c4d50cdf-87ce-407d-86d8-862883485842,APT-C-36,attack-pattern--c2e147a9-d1a8-4074-811a-d8789202d916,T1027.003,Steganography,1
intrusion-set--c4d50cdf-87ce-407d-86d8-862883485842,APT-C-36,attack-pattern--0d91b3c0-5e50-47c3-949a-2a796f04d144,T1027.013,Encrypted/Encoded File,1
intrusion-set--c4d50cdf-87ce-407d-86d8-862883485842,APT-C-36,attack-pattern--671cd17f-a765-48fd-adc4-dad1941b1ae3,T1027.016,Junk Code Insertion,1
intrusion-set--c4d50cdf-87ce-407d-86d8-862883485842,APT-C-36,attack-pattern--7bdca9d5-d500-4d7d-8c52-5fd47baf4c0c,T1036.004,Masquerade Task or Service,1
intrusion-set--c4d50cdf-87ce-407d-86d8-862883485842,APT-C-36,attack-pattern--1c4e5d32-1fe9-4116-9d9d-59e3925bd6a2,T1036.005,Match Legitimate Resource Name or Location,1
intrusion-set--c4d50cdf-87ce-407d-86d8-862883485842,APT-C-36,attack-pattern--01a5a209-b94c-450b-b7f9-946497d91055,T1047,Windows Management Instrumentation,1
intrusion-set--c4d50cdf-87ce-407d-86d8-862883485842,APT-C-36,attack-pattern--005a06c6-14bf-4118-afa0-ebcd8aebb0c9,T1053.005,Scheduled Task,1
intrusion-set--c4d50cdf-87ce-407d-86d8-862883485842,APT-C-36,attack-pattern--b200542e-e877-4395-875b-cf1a44537ca4,T1055.012,Process Hollowing,1
intrusion-set--c4d50cdf-87ce-407d-86d8-862883485842,APT-C-36,attack-pattern--970a3432-3237-47ad-bcca-7d8cbb217736,T1059.001,PowerShell,1
intrusion-set--c4d50cdf-87ce-407d-86d8-862883485842,APT-C-36,attack-pattern--dfd7cc1d-e1d8-4394-a198-97c4cab8aa67,T1059.005,Visual Basic,1
intrusion-set--c4d50cdf-87ce-407d-86d8-862883485842,APT-C-36,attack-pattern--0f4a0c76-ab2d-4cb0-85d3-3f0efb8cba0d,T1059.007,JavaScript,1
intrusion-set--c4d50cdf-87ce-407d-86d8-862883485842,APT-C-36,attack-pattern--e6919abc-99f9-4c6c-95a5-14761e7b2add,T1105,Ingress Tool Transfer,1
intrusion-set--c4d50cdf-87ce-407d-86d8-862883485842,APT-C-36,attack-pattern--10d51417-ee35-4589-b1ff-b6df1c334e8d,T1133,External Remote Services,1
intrusion-set--c4d50cdf-87ce-407d-86d8-862883485842,APT-C-36,attack-pattern--ef67e13e-5598-4adc-bdb2-998225874fa9,T1204.001,Malicious Link,1
intrusion-set--c4d50cdf-87ce-407d-86d8-862883485842,APT-C-36,attack-pattern--232b7f21-adf9-4b42-b936-b9d6f7df856e,T1204.002,Malicious File,1
intrusion-set--c4d50cdf-87ce-407d-86d8-862883485842,APT-C-36,attack-pattern--853c4192-4311-43e1-bfbb-b11b14911852,T1480,Execution Guardrails,1
intrusion-set--c4d50cdf-87ce-407d-86d8-862883485842,APT-C-36,attack-pattern--9e7452df-5144-4b6e-b04a-b66dd4016747,T1534,Internal Spearphishing,1
intrusion-set--c4d50cdf-87ce-407d-86d8-862883485842,APT-C-36,attack-pattern--cbb66055-0325-4111-aca0-40547b6ad5b0,T1564.003,Hidden Window,1
intrusion-set--c4d50cdf-87ce-407d-86d8-862883485842,APT-C-36,attack-pattern--2e34237d-8574-43f6-aace-ae2915de8597,T1566.001,Spearphishing Attachment,1
intrusion-set--c4d50cdf-87ce-407d-86d8-862883485842,APT-C-36,attack-pattern--2b742742-28c3-4e1b-bab7-8350d6300fa7,T1566.002,Spearphishing Link,1
intrusion-set--c4d50cdf-87ce-407d-86d8-862883485842,APT-C-36,attack-pattern--7bd9c723-2f78-4309-82c5-47cad406572b,T1568,Dynamic Resolution,1
intrusion-set--c4d50cdf-87ce-407d-86d8-862883485842,APT-C-36,attack-pattern--b18eae87-b469-4e14-b454-b171b416bc18,T1571,Non-Standard Port,1
intrusion-set--c4d50cdf-87ce-407d-86d8-862883485842,APT-C-36,attack-pattern--2fee9321-3e71-4cf4-af24-d4d40d355b34,T1574.001,DLL,1
intrusion-set--c4d50cdf-87ce-407d-86d8-862883485842,APT-C-36,attack-pattern--40f5caa0-4cb7-4117-89fc-d421bb493df3,T1583.001,Domains,1
intrusion-set--c4d50cdf-87ce-407d-86d8-862883485842,APT-C-36,attack-pattern--79da0971-3147-4af6-a4f5-e8cd447cd795,T1583.003,Virtual Private Server,1
intrusion-set--c4d50cdf-87ce-407d-86d8-862883485842,APT-C-36,attack-pattern--88d31120-5bc7-4ce3-a9c0-7cf147be8e54,T1583.006,Web Services,1
intrusion-set--c4d50cdf-87ce-407d-86d8-862883485842,APT-C-36,attack-pattern--810d8072-afb6-4a56-9ee7-86379ac4a6f3,T1584.005,Botnet,1
intrusion-set--c4d50cdf-87ce-407d-86d8-862883485842,APT-C-36,attack-pattern--3dc8c101-d4db-4f4d-8150-1b5a76ca5f1b,T1586.002,Email Accounts,1
intrusion-set--c4d50cdf-87ce-407d-86d8-862883485842,APT-C-36,attack-pattern--3d52e51e-f6db-4719-813c-48002a99f43a,T1586.003,Cloud Accounts,1
intrusion-set--c4d50cdf-87ce-407d-86d8-862883485842,APT-C-36,attack-pattern--212306d8-efa4-44c9-8c2d-ed3d2e224aa0,T1587.001,Malware,1
intrusion-set--c4d50cdf-87ce-407d-86d8-862883485842,APT-C-36,attack-pattern--7807d3a4-a885-4639-a786-c1ed41484970,T1588.001,Malware,1
intrusion-set--c4d50cdf-87ce-407d-86d8-862883485842,APT-C-36,attack-pattern--a2fdce72-04b2-409a-ac10-cc1695f4fce0,T1588.002,Tool,1
intrusion-set--c4d50cdf-87ce-407d-86d8-862883485842,APT-C-36,attack-pattern--a0e6614a-7740-4b24-bd65-f1bde09fc365,T1593,Search Open Websites/Domains,1
intrusion-set--c4d50cdf-87ce-407d-86d8-862883485842,APT-C-36,attack-pattern--3ee16395-03f0-4690-a32e-69ce9ada0f9e,T1608.001,Upload Malware,1
intrusion-set--c4d50cdf-87ce-407d-86d8-862883485842,APT-C-36,attack-pattern--6a6f9892-c46a-46db-b331-c09a99200fcf,T1683.001,Written Content,1
intrusion-set--c4d50cdf-87ce-407d-86d8-862883485842,APT-C-36,attack-pattern--8f452cb4-cbf4-4522-8b11-448787be95c4,T1683.002,Audio-Visual Content,1
intrusion-set--c4d50cdf-87ce-407d-86d8-862883485842,APT-C-36,attack-pattern--cd92d2b8-ce43-4666-9472-f1b4b9f4f8be,T1684.001,Impersonation,1
intrusion-set--6a2e693f-24e5-451a-9f88-b36a108e5662,APT1,attack-pattern--65f2d882-3f41-4d48-8a06-29af77ec9f90,T1003.001,LSASS Memory,1
intrusion-set--6a2e693f-24e5-451a-9f88-b36a108e5662,APT1,attack-pattern--3c4a2599-71ee-4405-ba1e-0e28414b4bc5,T1005,Data from Local System,1
intrusion-set--6a2e693f-24e5-451a-9f88-b36a108e5662,APT1,attack-pattern--322bad5a-1c49-4d23-ab79-76d641794afa,T1007,System Service Discovery,1
intrusion-set--6a2e693f-24e5-451a-9f88-b36a108e5662,APT1,attack-pattern--707399d6-ab3e-4963-9315-d9d3818cd6a0,T1016,System Network Configuration Discovery,1
intrusion-set--6a2e693f-24e5-451a-9f88-b36a108e5662,APT1,attack-pattern--eb062747-2193-45de-8fa2-e62549c37ddf,T1021.001,Remote Desktop Protocol,1
intrusion-set--6a2e693f-24e5-451a-9f88-b36a108e5662,APT1,attack-pattern--1c4e5d32-1fe9-4116-9d9d-59e3925bd6a2,T1036.005,Match Legitimate Resource Name or Location,1
intrusion-set--6a2e693f-24e5-451a-9f88-b36a108e5662,APT1,attack-pattern--7e150503-88e7-4861-866b-ff1ac82c4475,T1049,System Network Connections Discovery,1
intrusion-set--6a2e693f-24e5-451a-9f88-b36a108e5662,APT1,attack-pattern--8f4a33ec-8b1f-4b80-a2f6-642b2e479580,T1057,Process Discovery,1
intrusion-set--6a2e693f-24e5-451a-9f88-b36a108e5662,APT1,attack-pattern--d1fcf083-a721-4223-aedf-bf8960798d62,T1059.003,Windows Command Shell,1
intrusion-set--6a2e693f-24e5-451a-9f88-b36a108e5662,APT1,attack-pattern--25659dd6-ea12-45c4-97e6-381e3e4b593e,T1087.001,Local Account,1
intrusion-set--6a2e693f-24e5-451a-9f88-b36a108e5662,APT1,attack-pattern--1e9eb839-294b-48cc-b0d3-c45555a2a004,T1114.001,Local Email Collection,1
intrusion-set--6a2e693f-24e5-451a-9f88-b36a108e5662,APT1,attack-pattern--b4694861-542c-48ea-9eb1-10d356e7140a,T1114.002,Remote Email Collection,1
intrusion-set--6a2e693f-24e5-451a-9f88-b36a108e5662,APT1,attack-pattern--30208d3e-0d6b-43c8-883e-44462a514619,T1119,Automated Collection,1
intrusion-set--6a2e693f-24e5-451a-9f88-b36a108e5662,APT1,attack-pattern--3489cfc5-640f-4bb3-a103-9137b97de79f,T1135,Network Share Discovery,1
intrusion-set--6a2e693f-24e5-451a-9f88-b36a108e5662,APT1,attack-pattern--e624264c-033a-424d-9fd7-fc9c3bbdb03e,T1550.002,Pass the Hash,1
intrusion-set--6a2e693f-24e5-451a-9f88-b36a108e5662,APT1,attack-pattern--00f90846-cbd1-4fc5-9233-df5c2bf2a662,T1560.001,Archive via Utility,1
intrusion-set--6a2e693f-24e5-451a-9f88-b36a108e5662,APT1,attack-pattern--2e34237d-8574-43f6-aace-ae2915de8597,T1566.001,Spearphishing Attachment,1
intrusion-set--6a2e693f-24e5-451a-9f88-b36a108e5662,APT1,attack-pattern--2b742742-28c3-4e1b-bab7-8350d6300fa7,T1566.002,Spearphishing Link,1
intrusion-set--6a2e693f-24e5-451a-9f88-b36a108e5662,APT1,attack-pattern--40f5caa0-4cb7-4117-89fc-d421bb493df3,T1583.001,Domains,1
intrusion-set--6a2e693f-24e5-451a-9f88-b36a108e5662,APT1,attack-pattern--f9cc4d06-775f-4ee1-b401-4e2cc0da30ba,T1584.001,Domains,1
intrusion-set--6a2e693f-24e5-451a-9f88-b36a108e5662,APT1,attack-pattern--65013dd2-bc61-43e3-afb5-a14c4fa7437a,T1585.002,Email Accounts,1
intrusion-set--6a2e693f-24e5-451a-9f88-b36a108e5662,APT1,attack-pattern--7807d3a4-a885-4639-a786-c1ed41484970,T1588.001,Malware,1
intrusion-set--6a2e693f-24e5-451a-9f88-b36a108e5662,APT1,attack-pattern--a2fdce72-04b2-409a-ac10-cc1695f4fce0,T1588.002,Tool,1
intrusion-set--c47f937f-1022-4f42-8525-e7a4779a14cb,APT12,attack-pattern--be055942-6e63-49d7-9fa1-9cb7d8a8f3f4,T1102.002,Bidirectional Communication,1
intrusion-set--c47f937f-1022-4f42-8525-e7a4779a14cb,APT12,attack-pattern--be2dcee9-a7a7-4e38-afd6-21b31ecc3d63,T1203,Exploitation for Client Execution,1
intrusion-set--c47f937f-1022-4f42-8525-e7a4779a14cb,APT12,attack-pattern--232b7f21-adf9-4b42-b936-b9d6f7df856e,T1204.002,Malicious File,1
intrusion-set--c47f937f-1022-4f42-8525-e7a4779a14cb,APT12,attack-pattern--2e34237d-8574-43f6-aace-ae2915de8597,T1566.001,Spearphishing Attachment,1
intrusion-set--c47f937f-1022-4f42-8525-e7a4779a14cb,APT12,attack-pattern--83a766f8-1501-4b3a-a2de-2e2849e8dfc1,T1568.003,DNS Calculation,1
intrusion-set--d6e88e18-81e8-4709-82d8-973095da1e70,APT16,attack-pattern--e196b5c5-8118-4a1c-ab8a-936586ce3db5,T1584.004,Server,1
intrusion-set--090242d7-73fc-4738-af68-20162f7a5aae,APT17,attack-pattern--88d31120-5bc7-4ce3-a9c0-7cf147be8e54,T1583.006,Web Services,1
intrusion-set--090242d7-73fc-4738-af68-20162f7a5aae,APT17,attack-pattern--cdfc5f0a-9bb9-4352-b896-553cfa2d8fd8,T1585,Establish Accounts,1
intrusion-set--38fd6a28-3353-4f2b-bb2b-459fecd5c648,APT18,attack-pattern--0d91b3c0-5e50-47c3-949a-2a796f04d144,T1027.013,Encrypted/Encoded File,1
intrusion-set--38fd6a28-3353-4f2b-bb2b-459fecd5c648,APT18,attack-pattern--f3d95a1f-bba2-44ce-9af7-37866cd63fd0,T1053.002,At,1
intrusion-set--38fd6a28-3353-4f2b-bb2b-459fecd5c648,APT18,attack-pattern--d1fcf083-a721-4223-aedf-bf8960798d62,T1059.003,Windows Command Shell,1
intrusion-set--38fd6a28-3353-4f2b-bb2b-459fecd5c648,APT18,attack-pattern--d63a3fb8-9452-4e9d-a60a-54be68d5998c,T1070.004,File Deletion,1
intrusion-set--38fd6a28-3353-4f2b-bb2b-459fecd5c648,APT18,attack-pattern--df8b2a25-8bdf-4856-953c-a04372b1c161,T1071.001,Web Protocols,1
intrusion-set--38fd6a28-3353-4f2b-bb2b-459fecd5c648,APT18,attack-pattern--1996eef1-ced3-4d7f-bf94-33298cabbf72,T1071.004,DNS,1
intrusion-set--38fd6a28-3353-4f2b-bb2b-459fecd5c648,APT18,attack-pattern--b17a1a56-e99c-403c-8948-561df0cffe81,T1078,Valid Accounts,1
intrusion-set--38fd6a28-3353-4f2b-bb2b-459fecd5c648,APT18,attack-pattern--354a7f88-63fb-41b5-a801-ce3b377b36f1,T1082,System Information Discovery,1
intrusion-set--38fd6a28-3353-4f2b-bb2b-459fecd5c648,APT18,attack-pattern--7bc57495-ea59-4380-be31-a64af124ef18,T1083,File and Directory Discovery,1
intrusion-set--38fd6a28-3353-4f2b-bb2b-459fecd5c648,APT18,attack-pattern--e6919abc-99f9-4c6c-95a5-14761e7b2add,T1105,Ingress Tool Transfer,1
intrusion-set--38fd6a28-3353-4f2b-bb2b-459fecd5c648,APT18,attack-pattern--10d51417-ee35-4589-b1ff-b6df1c334e8d,T1133,External Remote Services,1
intrusion-set--38fd6a28-3353-4f2b-bb2b-459fecd5c648,APT18,attack-pattern--9efb1ea7-c37b-4595-9640-b7680cd84279,T1547.001,Registry Run Keys / Startup Folder,1
intrusion-set--fe8796a4-2a02-41a0-9d27-7aa1e995feb6,APT19,attack-pattern--707399d6-ab3e-4963-9315-d9d3818cd6a0,T1016,System Network Configuration Discovery,1
intrusion-set--fe8796a4-2a02-41a0-9d27-7aa1e995feb6,APT19,attack-pattern--d511a6f6-4a33-41d5-bc95-c343875d1377,T1027.010,Command Obfuscation,1
intrusion-set--fe8796a4-2a02-41a0-9d27-7aa1e995feb6,APT19,attack-pattern--0d91b3c0-5e50-47c3-949a-2a796f04d144,T1027.013,Encrypted/Encoded File,1
intrusion-set--fe8796a4-2a02-41a0-9d27-7aa1e995feb6,APT19,attack-pattern--03d7999c-1f4c-42cc-8373-e7690d318104,T1033,System Owner/User Discovery,1
intrusion-set--fe8796a4-2a02-41a0-9d27-7aa1e995feb6,APT19,attack-pattern--7385dfaf-6886-4229-9ecd-6fd678040830,T1059,Command and Scripting Interpreter,1
intrusion-set--fe8796a4-2a02-41a0-9d27-7aa1e995feb6,APT19,attack-pattern--970a3432-3237-47ad-bcca-7d8cbb217736,T1059.001,PowerShell,1
intrusion-set--fe8796a4-2a02-41a0-9d27-7aa1e995feb6,APT19,attack-pattern--df8b2a25-8bdf-4856-953c-a04372b1c161,T1071.001,Web Protocols,1
intrusion-set--fe8796a4-2a02-41a0-9d27-7aa1e995feb6,APT19,attack-pattern--354a7f88-63fb-41b5-a801-ce3b377b36f1,T1082,System Information Discovery,1
intrusion-set--fe8796a4-2a02-41a0-9d27-7aa1e995feb6,APT19,attack-pattern--57340c81-c025-4189-8fa0-fc7ede51bae4,T1112,Modify Registry,1
intrusion-set--fe8796a4-2a02-41a0-9d27-7aa1e995feb6,APT19,attack-pattern--04fd5427-79c7-44ea-ae13-11b24778ff1c,T1132.001,Standard Encoding,1
intrusion-set--fe8796a4-2a02-41a0-9d27-7aa1e995feb6,APT19,attack-pattern--3ccef7ae-cb5e-48f6-8302-897105fbf55c,T1140,Deobfuscate/Decode Files or Information,1
intrusion-set--fe8796a4-2a02-41a0-9d27-7aa1e995feb6,APT19,attack-pattern--d742a578-d70e-4d0e-96a6-02a9c30204e6,T1189,Drive-by Compromise,1
intrusion-set--fe8796a4-2a02-41a0-9d27-7aa1e995feb6,APT19,attack-pattern--232b7f21-adf9-4b42-b936-b9d6f7df856e,T1204.002,Malicious File,1
intrusion-set--fe8796a4-2a02-41a0-9d27-7aa1e995feb6,APT19,attack-pattern--b97f1d35-4249-4486-a6b5-ee60ccf24fab,T1218.010,Regsvr32,1
intrusion-set--fe8796a4-2a02-41a0-9d27-7aa1e995feb6,APT19,attack-pattern--045d0922-2310-4e60-b5e4-3302302cb3c5,T1218.011,Rundll32,1
intrusion-set--fe8796a4-2a02-41a0-9d27-7aa1e995feb6,APT19,attack-pattern--2959d63f-73fd-46a1-abd2-109d7dcede32,T1543.003,Windows Service,1
intrusion-set--fe8796a4-2a02-41a0-9d27-7aa1e995feb6,APT19,attack-pattern--9efb1ea7-c37b-4595-9640-b7680cd84279,T1547.001,Registry Run Keys / Startup Folder,1
intrusion-set--fe8796a4-2a02-41a0-9d27-7aa1e995feb6,APT19,attack-pattern--cbb66055-0325-4111-aca0-40547b6ad5b0,T1564.003,Hidden Window,1
intrusion-set--fe8796a4-2a02-41a0-9d27-7aa1e995feb6,APT19,attack-pattern--2e34237d-8574-43f6-aace-ae2915de8597,T1566.001,Spearphishing Attachment,1
intrusion-set--fe8796a4-2a02-41a0-9d27-7aa1e995feb6,APT19,attack-pattern--2fee9321-3e71-4cf4-af24-d4d40d355b34,T1574.001,DLL,1
intrusion-set--fe8796a4-2a02-41a0-9d27-7aa1e995feb6,APT19,attack-pattern--a2fdce72-04b2-409a-ac10-cc1695f4fce0,T1588.002,Tool,1
intrusion-set--bef4c620-0787-42a8-a96d-b7eb6e85917c,APT28,attack-pattern--f7c0689c-4dbd-489b-81be-7cb7c7079ade,T1001.001,Junk Data,1
intrusion-set--bef4c620-0787-42a8-a96d-b7eb6e85917c,APT28,attack-pattern--0a3ead4e-6d47-4ccb-854c-a6a4f9d96b22,T1003,OS Credential Dumping,1
intrusion-set--bef4c620-0787-42a8-a96d-b7eb6e85917c,APT28,attack-pattern--65f2d882-3f41-4d48-8a06-29af77ec9f90,T1003.001,LSASS Memory,1
intrusion-set--bef4c620-0787-42a8-a96d-b7eb6e85917c,APT28,attack-pattern--edf91964-b26e-4b4a-9600-ccacd7d7df24,T1003.003,NTDS,1
intrusion-set--bef4c620-0787-42a8-a96d-b7eb6e85917c,APT28,attack-pattern--3c4a2599-71ee-4405-ba1e-0e28414b4bc5,T1005,Data from Local System,1
intrusion-set--bef4c620-0787-42a8-a96d-b7eb6e85917c,APT28,attack-pattern--0f20e3cb-245b-4a61-8a91-2d93f7cb0e9b,T1014,Rootkit,1
intrusion-set--bef4c620-0787-42a8-a96d-b7eb6e85917c,APT28,attack-pattern--4f9ca633-15c5-463c-9724-bdcd54fde541,T1021.002,SMB/Windows Admin Shares,1
intrusion-set--bef4c620-0787-42a8-a96d-b7eb6e85917c,APT28,attack-pattern--1b7ba276-eedc-4951-a762-0ceea2c030ec,T1025,Data from Removable Media,1
intrusion-set--bef4c620-0787-42a8-a96d-b7eb6e85917c,APT28,attack-pattern--0d91b3c0-5e50-47c3-949a-2a796f04d144,T1027.013,Encrypted/Encoded File,1
intrusion-set--bef4c620-0787-42a8-a96d-b7eb6e85917c,APT28,attack-pattern--c3888c54-775d-4b2f-b759-75a2ececcbfd,T1030,Data Transfer Size Limits,1
intrusion-set--bef4c620-0787-42a8-a96d-b7eb6e85917c,APT28,attack-pattern--42e8de7b-37b2-4258-905a-6897815e58e0,T1036,Masquerading,1
intrusion-set--bef4c620-0787-42a8-a96d-b7eb6e85917c,APT28,attack-pattern--1c4e5d32-1fe9-4116-9d9d-59e3925bd6a2,T1036.005,Match Legitimate Resource Name or Location,1
intrusion-set--bef4c620-0787-42a8-a96d-b7eb6e85917c,APT28,attack-pattern--eb125d40-0b2d-41ac-a71a-3229241c2cd3,T1037.001,Logon Script (Windows),1
intrusion-set--bef4c620-0787-42a8-a96d-b7eb6e85917c,APT28,attack-pattern--ae676644-d2d2-41b7-af7e-9bed1b55898c,T1039,Data from Network Shared Drive,1
intrusion-set--bef4c620-0787-42a8-a96d-b7eb6e85917c,APT28,attack-pattern--3257eb21-f9a7-4430-8de1-d8b6e288f529,T1040,Network Sniffing,1
intrusion-set--bef4c620-0787-42a8-a96d-b7eb6e85917c,APT28,attack-pattern--8e350c1d-ac79-4b5c-bd4e-7476d7e84ec5,T1048.002,Exfiltration Over Asymmetric Encrypted Non-C2 Protocol,1
intrusion-set--bef4c620-0787-42a8-a96d-b7eb6e85917c,APT28,attack-pattern--09a60ea3-a8d1-4ae5-976e-5783248b72a4,T1056.001,Keylogging,1
intrusion-set--bef4c620-0787-42a8-a96d-b7eb6e85917c,APT28,attack-pattern--8f4a33ec-8b1f-4b80-a2f6-642b2e479580,T1057,Process Discovery,1
intrusion-set--bef4c620-0787-42a8-a96d-b7eb6e85917c,APT28,attack-pattern--970a3432-3237-47ad-bcca-7d8cbb217736,T1059.001,PowerShell,1
intrusion-set--bef4c620-0787-42a8-a96d-b7eb6e85917c,APT28,attack-pattern--d1fcf083-a721-4223-aedf-bf8960798d62,T1059.003,Windows Command Shell,1
intrusion-set--bef4c620-0787-42a8-a96d-b7eb6e85917c,APT28,attack-pattern--b21c3b2d-02e6-45b1-980b-e69051040839,T1068,Exploitation for Privilege Escalation,1
intrusion-set--bef4c620-0787-42a8-a96d-b7eb6e85917c,APT28,attack-pattern--d63a3fb8-9452-4e9d-a60a-54be68d5998c,T1070.004,File Deletion,1
intrusion-set--bef4c620-0787-42a8-a96d-b7eb6e85917c,APT28,attack-pattern--47f2d673-ca62-47e9-929b-1b0be9657611,T1070.006,Timestomp,1
intrusion-set--bef4c620-0787-42a8-a96d-b7eb6e85917c,APT28,attack-pattern--df8b2a25-8bdf-4856-953c-a04372b1c161,T1071.001,Web Protocols,1
intrusion-set--bef4c620-0787-42a8-a96d-b7eb6e85917c,APT28,attack-pattern--54b4c251-1f0e-4eba-ba6b-dbc7a6f6f06b,T1071.003,Mail Protocols,1
intrusion-set--bef4c620-0787-42a8-a96d-b7eb6e85917c,APT28,attack-pattern--1c34f7aa-9341-4a48-bfab-af22e51aca6c,T1074.001,Local Data Staging,1
intrusion-set--bef4c620-0787-42a8-a96d-b7eb6e85917c,APT28,attack-pattern--359b00ad-9425-420b-bba5-6de8d600cbc0,T1074.002,Remote Data Staging,1
intrusion-set--bef4c620-0787-42a8-a96d-b7eb6e85917c,APT28,attack-pattern--b17a1a56-e99c-403c-8948-561df0cffe81,T1078,Valid Accounts,1
intrusion-set--bef4c620-0787-42a8-a96d-b7eb6e85917c,APT28,attack-pattern--f232fa7a-025c-4d43-abc7-318e81a73d65,T1078.004,Cloud Accounts,1
intrusion-set--bef4c620-0787-42a8-a96d-b7eb6e85917c,APT28,attack-pattern--7bc57495-ea59-4380-be31-a64af124ef18,T1083,File and Directory Discovery,1
intrusion-set--bef4c620-0787-42a8-a96d-b7eb6e85917c,APT28,attack-pattern--69b8fd78-40e8-4600-ae4d-662c9d7afdb3,T1090.002,External Proxy,1
intrusion-set--bef4c620-0787-42a8-a96d-b7eb6e85917c,APT28,attack-pattern--a782ebe2-daba-42c7-bc82-e8e9d923162d,T1090.003,Multi-hop Proxy,1
intrusion-set--bef4c620-0787-42a8-a96d-b7eb6e85917c,APT28,attack-pattern--3b744087-9945-4a6f-91e8-9dbceda417a4,T1091,Replication Through Removable Media,1
intrusion-set--bef4c620-0787-42a8-a96d-b7eb6e85917c,APT28,attack-pattern--64196062-5210-42c3-9a02-563a0d1797ef,T1092,Communication Through Removable Media,1
intrusion-set--bef4c620-0787-42a8-a96d-b7eb6e85917c,APT28,attack-pattern--e74de37c-a829-446c-937d-56a44f0e9306,T1098.002,Additional Email Delegate Permissions,1
intrusion-set--bef4c620-0787-42a8-a96d-b7eb6e85917c,APT28,attack-pattern--be055942-6e63-49d7-9fa1-9cb7d8a8f3f4,T1102.002,Bidirectional Communication,1
intrusion-set--bef4c620-0787-42a8-a96d-b7eb6e85917c,APT28,attack-pattern--e6919abc-99f9-4c6c-95a5-14761e7b2add,T1105,Ingress Tool Transfer,1
intrusion-set--bef4c620-0787-42a8-a96d-b7eb6e85917c,APT28,attack-pattern--a93494bb-4b80-4ea1-8695-3236a49916fd,T1110,Brute Force,1
intrusion-set--bef4c620-0787-42a8-a96d-b7eb6e85917c,APT28,attack-pattern--09c4c11e-4fa1-4f8c-8dad-3cf8e69ad119,T1110.001,Password Guessing,1
intrusion-set--bef4c620-0787-42a8-a96d-b7eb6e85917c,APT28,attack-pattern--692074ae-bb62-4a5e-a735-02cb6bde458c,T1110.003,Password Spraying,1
intrusion-set--bef4c620-0787-42a8-a96d-b7eb6e85917c,APT28,attack-pattern--0259baeb-9f63-4c69-bf10-eb038c390688,T1113,Screen Capture,1
intrusion-set--bef4c620-0787-42a8-a96d-b7eb6e85917c,APT28,attack-pattern--b4694861-542c-48ea-9eb1-10d356e7140a,T1114.002,Remote Email Collection,1
intrusion-set--bef4c620-0787-42a8-a96d-b7eb6e85917c,APT28,attack-pattern--30208d3e-0d6b-43c8-883e-44462a514619,T1119,Automated Collection,1
intrusion-set--bef4c620-0787-42a8-a96d-b7eb6e85917c,APT28,attack-pattern--348f1eef-964b-4eb6-bb53-69b3dcb0c643,T1120,Peripheral Device Discovery,1
intrusion-set--bef4c620-0787-42a8-a96d-b7eb6e85917c,APT28,attack-pattern--10d51417-ee35-4589-b1ff-b6df1c334e8d,T1133,External Remote Services,1
intrusion-set--bef4c620-0787-42a8-a96d-b7eb6e85917c,APT28,attack-pattern--86850eff-2729-40c3-b85e-c4af26da4a2d,T1134.001,Token Impersonation/Theft,1
intrusion-set--bef4c620-0787-42a8-a96d-b7eb6e85917c,APT28,attack-pattern--ed7efd4d-ce28-4a19-a8e6-c58011eb2c7a,T1137.002,Office Test,1
intrusion-set--bef4c620-0787-42a8-a96d-b7eb6e85917c,APT28,attack-pattern--3ccef7ae-cb5e-48f6-8302-897105fbf55c,T1140,Deobfuscate/Decode Files or Information,1
intrusion-set--bef4c620-0787-42a8-a96d-b7eb6e85917c,APT28,attack-pattern--d742a578-d70e-4d0e-96a6-02a9c30204e6,T1189,Drive-by Compromise,1
intrusion-set--bef4c620-0787-42a8-a96d-b7eb6e85917c,APT28,attack-pattern--3f886f2a-874f-4333-b794-aa6075009b1c,T1190,Exploit Public-Facing Application,1
intrusion-set--bef4c620-0787-42a8-a96d-b7eb6e85917c,APT28,attack-pattern--9fa07bef-9c81-421e-a8e5-ad4366c5a925,T1199,Trusted Relationship,1
intrusion-set--bef4c620-0787-42a8-a96d-b7eb6e85917c,APT28,attack-pattern--be2dcee9-a7a7-4e38-afd6-21b31ecc3d63,T1203,Exploitation for Client Execution,1
intrusion-set--bef4c620-0787-42a8-a96d-b7eb6e85917c,APT28,attack-pattern--ef67e13e-5598-4adc-bdb2-998225874fa9,T1204.001,Malicious Link,1
intrusion-set--bef4c620-0787-42a8-a96d-b7eb6e85917c,APT28,attack-pattern--232b7f21-adf9-4b42-b936-b9d6f7df856e,T1204.002,Malicious File,1
intrusion-set--bef4c620-0787-42a8-a96d-b7eb6e85917c,APT28,attack-pattern--9db0cf3a-a3c9-4012-8268-123b9db6fd82,T1210,Exploitation of Remote Services,1
intrusion-set--bef4c620-0787-42a8-a96d-b7eb6e85917c,APT28,attack-pattern--fe926152-f431-4baf-956c-4ad3cb0bf23b,T1211,Exploitation for Stealth,1
intrusion-set--bef4c620-0787-42a8-a96d-b7eb6e85917c,APT28,attack-pattern--d28ef391-8ed4-45dc-bc4a-2f43abf54416,T1213,Data from Information Repositories,1
intrusion-set--bef4c620-0787-42a8-a96d-b7eb6e85917c,APT28,attack-pattern--0c4b4fda-9062-47da-98b9-ceae2dcf052a,T1213.002,Sharepoint,1
intrusion-set--bef4c620-0787-42a8-a96d-b7eb6e85917c,APT28,attack-pattern--045d0922-2310-4e60-b5e4-3302302cb3c5,T1218.011,Rundll32,1
intrusion-set--bef4c620-0787-42a8-a96d-b7eb6e85917c,APT28,attack-pattern--dc31fe1e-d722-49da-8f5f-92c7b5aff534,T1221,Template Injection,1
intrusion-set--bef4c620-0787-42a8-a96d-b7eb6e85917c,APT28,attack-pattern--d74c4a7e-ffbf-432f-9365-7ebf1f787cab,T1498,Network Denial of Service,1
intrusion-set--bef4c620-0787-42a8-a96d-b7eb6e85917c,APT28,attack-pattern--5d0d3609-d06d-49e1-b9c9-b544e0c618cb,T1505.003,Web Shell,1
intrusion-set--bef4c620-0787-42a8-a96d-b7eb6e85917c,APT28,attack-pattern--890c9858-598c-401d-a4d5-c67ebcdd703a,T1528,Steal Application Access Token,1
intrusion-set--bef4c620-0787-42a8-a96d-b7eb6e85917c,APT28,attack-pattern--1b7b1806-7746-41a1-a35d-e48dae25ddba,T1542.003,Bootkit,1
intrusion-set--bef4c620-0787-42a8-a96d-b7eb6e85917c,APT28,attack-pattern--bc0f5e80-91c0-4e04-9fbb-e4e332c85dae,T1546.015,Component Object Model Hijacking,1
intrusion-set--bef4c620-0787-42a8-a96d-b7eb6e85917c,APT28,attack-pattern--9efb1ea7-c37b-4595-9640-b7680cd84279,T1547.001,Registry Run Keys / Startup Folder,1
intrusion-set--bef4c620-0787-42a8-a96d-b7eb6e85917c,APT28,attack-pattern--f005e783-57d4-4837-88ad-dbe7faee1c51,T1550.001,Application Access Token,1
intrusion-set--bef4c620-0787-42a8-a96d-b7eb6e85917c,APT28,attack-pattern--e624264c-033a-424d-9fd7-fc9c3bbdb03e,T1550.002,Pass the Hash,1
intrusion-set--bef4c620-0787-42a8-a96d-b7eb6e85917c,APT28,attack-pattern--48b836c6-e4ca-435a-82a3-29c03e5b492e,T1557.004,Evil Twin,1
intrusion-set--bef4c620-0787-42a8-a96d-b7eb6e85917c,APT28,attack-pattern--232a7e42-cd6e-4902-8fe9-2960f529dd4d,T1559.002,Dynamic Data Exchange,1
intrusion-set--bef4c620-0787-42a8-a96d-b7eb6e85917c,APT28,attack-pattern--53ac20cd-aca3-406e-9aa0-9fc7fdc60a5a,T1560,Archive Collected Data,1
intrusion-set--bef4c620-0787-42a8-a96d-b7eb6e85917c,APT28,attack-pattern--00f90846-cbd1-4fc5-9233-df5c2bf2a662,T1560.001,Archive via Utility,1
intrusion-set--bef4c620-0787-42a8-a96d-b7eb6e85917c,APT28,attack-pattern--ec8fc7e2-b356-455c-8db5-2e37be158e7d,T1564.001,Hidden Files and Directories,1
intrusion-set--bef4c620-0787-42a8-a96d-b7eb6e85917c,APT28,attack-pattern--cbb66055-0325-4111-aca0-40547b6ad5b0,T1564.003,Hidden Window,1
intrusion-set--bef4c620-0787-42a8-a96d-b7eb6e85917c,APT28,attack-pattern--2e34237d-8574-43f6-aace-ae2915de8597,T1566.001,Spearphishing Attachment,1
intrusion-set--bef4c620-0787-42a8-a96d-b7eb6e85917c,APT28,attack-pattern--40597f16-0963-4249-bf4c-ac93b7fb9807,T1567,Exfiltration Over Web Service,1
intrusion-set--bef4c620-0787-42a8-a96d-b7eb6e85917c,APT28,attack-pattern--24bfaeba-cb0d-4525-b3dc-507c77ecec41,T1573.001,Symmetric Cryptography,1
intrusion-set--bef4c620-0787-42a8-a96d-b7eb6e85917c,APT28,attack-pattern--40f5caa0-4cb7-4117-89fc-d421bb493df3,T1583.001,Domains,1
intrusion-set--bef4c620-0787-42a8-a96d-b7eb6e85917c,APT28,attack-pattern--79da0971-3147-4af6-a4f5-e8cd447cd795,T1583.003,Virtual Private Server,1
intrusion-set--bef4c620-0787-42a8-a96d-b7eb6e85917c,APT28,attack-pattern--88d31120-5bc7-4ce3-a9c0-7cf147be8e54,T1583.006,Web Services,1
intrusion-set--bef4c620-0787-42a8-a96d-b7eb6e85917c,APT28,attack-pattern--149b477f-f364-4824-b1b5-aa1d56115869,T1584.008,Network Devices,1
intrusion-set--bef4c620-0787-42a8-a96d-b7eb6e85917c,APT28,attack-pattern--3dc8c101-d4db-4f4d-8150-1b5a76ca5f1b,T1586.002,Email Accounts,1
intrusion-set--bef4c620-0787-42a8-a96d-b7eb6e85917c,APT28,attack-pattern--a2fdce72-04b2-409a-ac10-cc1695f4fce0,T1588.002,Tool,1
intrusion-set--bef4c620-0787-42a8-a96d-b7eb6e85917c,APT28,attack-pattern--0cc222f5-c3ff-48e6-9f52-3314baf9d37e,T1588.007,Artificial Intelligence,1
intrusion-set--bef4c620-0787-42a8-a96d-b7eb6e85917c,APT28,attack-pattern--bc76d0a4-db11-4551-9ac4-01a469cfb161,T1589.001,Credentials,1
intrusion-set--bef4c620-0787-42a8-a96d-b7eb6e85917c,APT28,attack-pattern--937e4772-8441-4e4a-8bf0-8d447d667e23,T1591,Gather Victim Org Information,1
intrusion-set--bef4c620-0787-42a8-a96d-b7eb6e85917c,APT28,attack-pattern--5502c4e9-24ef-4d5f-8ee9-9e906c2f82c4,T1595.002,Vulnerability Scanning,1
intrusion-set--bef4c620-0787-42a8-a96d-b7eb6e85917c,APT28,attack-pattern--55fc4df0-b42c-479a-b860-7a6761bcaad0,T1596,Search Open Technical Databases,1
intrusion-set--bef4c620-0787-42a8-a96d-b7eb6e85917c,APT28,attack-pattern--cca0ccb6-a068-4574-a722-b1556f86833a,T1598,Phishing for Information,1
intrusion-set--bef4c620-0787-42a8-a96d-b7eb6e85917c,APT28,attack-pattern--2d3f5b3c-54ca-4f4d-bb1f-849346d31230,T1598.003,Spearphishing Link,1
intrusion-set--bef4c620-0787-42a8-a96d-b7eb6e85917c,APT28,attack-pattern--fde016f6-211a-41c8-a4ab-301f1e419c62,T1669,Wi-Fi Networks,1
intrusion-set--bef4c620-0787-42a8-a96d-b7eb6e85917c,APT28,attack-pattern--cd92d2b8-ce43-4666-9472-f1b4b9f4f8be,T1684.001,Impersonation,1
intrusion-set--bef4c620-0787-42a8-a96d-b7eb6e85917c,APT28,attack-pattern--75b9a4d2-d4e2-4ca1-9aab-1badd9e05fd0,T1685.005,Clear Windows Event Logs,1
intrusion-set--899ce53f-13a0-479b-a0e4-67d46e241542,APT29,attack-pattern--1644e709-12d2-41e5-a60f-3470991f5011,T1003.002,Security Account Manager,1
intrusion-set--899ce53f-13a0-479b-a0e4-67d46e241542,APT29,attack-pattern--1ecfdab8-7d59-4c98-95d4-dc41970f57fc,T1003.004,LSA Secrets,1
intrusion-set--899ce53f-13a0-479b-a0e4-67d46e241542,APT29,attack-pattern--3c4a2599-71ee-4405-ba1e-0e28414b4bc5,T1005,Data from Local System,1
intrusion-set--899ce53f-13a0-479b-a0e4-67d46e241542,APT29,attack-pattern--132d5b37-aac5-4378-a8dc-3127b18a73dc,T1016.001,Internet Connection Discovery,1
intrusion-set--899ce53f-13a0-479b-a0e4-67d46e241542,APT29,attack-pattern--8861073d-d1b8-4941-82ce-dce621d398f0,T1021.007,Cloud Services,1
intrusion-set--899ce53f-13a0-479b-a0e4-67d46e241542,APT29,attack-pattern--5bfccc3f-2326-4112-86cc-c1ece9d8a2b5,T1027.001,Binary Padding,1
intrusion-set--899ce53f-13a0-479b-a0e4-67d46e241542,APT29,attack-pattern--deb98323-e13f-4b0c-8d94-175379069062,T1027.002,Software Packing,1
intrusion-set--899ce53f-13a0-479b-a0e4-67d46e241542,APT29,attack-pattern--d4dc46e3-5ba5-45b9-8204-010867cacfcb,T1027.006,HTML Smuggling,1
intrusion-set--899ce53f-13a0-479b-a0e4-67d46e241542,APT29,attack-pattern--1c4e5d32-1fe9-4116-9d9d-59e3925bd6a2,T1036.005,Match Legitimate Resource Name or Location,1
intrusion-set--899ce53f-13a0-479b-a0e4-67d46e241542,APT29,attack-pattern--03259939-0b57-482f-8eb5-87c0e0d54334,T1037,Boot or Logon Initialization Scripts,1
intrusion-set--899ce53f-13a0-479b-a0e4-67d46e241542,APT29,attack-pattern--dca670cf-eeec-438f-8185-fd959d9ef211,T1037.004,RC Scripts,1
intrusion-set--899ce53f-13a0-479b-a0e4-67d46e241542,APT29,attack-pattern--01a5a209-b94c-450b-b7f9-946497d91055,T1047,Windows Management Instrumentation,1
intrusion-set--899ce53f-13a0-479b-a0e4-67d46e241542,APT29,attack-pattern--005a06c6-14bf-4118-afa0-ebcd8aebb0c9,T1053.005,Scheduled Task,1
intrusion-set--899ce53f-13a0-479b-a0e4-67d46e241542,APT29,attack-pattern--970a3432-3237-47ad-bcca-7d8cbb217736,T1059.001,PowerShell,1
intrusion-set--899ce53f-13a0-479b-a0e4-67d46e241542,APT29,attack-pattern--cc3502b5-30cc-4473-ad48-42d51a6ef6d1,T1059.006,Python,1
intrusion-set--899ce53f-13a0-479b-a0e4-67d46e241542,APT29,attack-pattern--55bb4471-ff1f-43b4-88c1-c9384ec47abf,T1059.009,Cloud API,1
intrusion-set--899ce53f-13a0-479b-a0e4-67d46e241542,APT29,attack-pattern--b21c3b2d-02e6-45b1-980b-e69051040839,T1068,Exploitation for Privilege Escalation,1
intrusion-set--899ce53f-13a0-479b-a0e4-67d46e241542,APT29,attack-pattern--d63a3fb8-9452-4e9d-a60a-54be68d5998c,T1070.004,File Deletion,1
intrusion-set--899ce53f-13a0-479b-a0e4-67d46e241542,APT29,attack-pattern--47f2d673-ca62-47e9-929b-1b0be9657611,T1070.006,Timestomp,1
intrusion-set--899ce53f-13a0-479b-a0e4-67d46e241542,APT29,attack-pattern--b17a1a56-e99c-403c-8948-561df0cffe81,T1078,Valid Accounts,1
intrusion-set--899ce53f-13a0-479b-a0e4-67d46e241542,APT29,attack-pattern--fdc47f44-dd32-4b99-af5f-209f556f63c2,T1078.003,Local Accounts,1
intrusion-set--899ce53f-13a0-479b-a0e4-67d46e241542,APT29,attack-pattern--f232fa7a-025c-4d43-abc7-318e81a73d65,T1078.004,Cloud Accounts,1
intrusion-set--899ce53f-13a0-479b-a0e4-67d46e241542,APT29,attack-pattern--8f104855-e5b7-4077-b1f5-bc3103b41abe,T1087.004,Cloud Account,1
intrusion-set--899ce53f-13a0-479b-a0e4-67d46e241542,APT29,attack-pattern--69b8fd78-40e8-4600-ae4d-662c9d7afdb3,T1090.002,External Proxy,1
intrusion-set--899ce53f-13a0-479b-a0e4-67d46e241542,APT29,attack-pattern--a782ebe2-daba-42c7-bc82-e8e9d923162d,T1090.003,Multi-hop Proxy,1
intrusion-set--899ce53f-13a0-479b-a0e4-67d46e241542,APT29,attack-pattern--ca9d3402-ada3-484d-876a-d717bd6e05f2,T1090.004,Domain Fronting,1
intrusion-set--899ce53f-13a0-479b-a0e4-67d46e241542,APT29,attack-pattern--e74de37c-a829-446c-937d-56a44f0e9306,T1098.002,Additional Email Delegate Permissions,1
intrusion-set--899ce53f-13a0-479b-a0e4-67d46e241542,APT29,attack-pattern--7decb26c-715c-40cf-b7e0-026f7d7cc215,T1098.005,Device Registration,1
intrusion-set--899ce53f-13a0-479b-a0e4-67d46e241542,APT29,attack-pattern--e6919abc-99f9-4c6c-95a5-14761e7b2add,T1105,Ingress Tool Transfer,1
intrusion-set--899ce53f-13a0-479b-a0e4-67d46e241542,APT29,attack-pattern--09c4c11e-4fa1-4f8c-8dad-3cf8e69ad119,T1110.001,Password Guessing,1
intrusion-set--899ce53f-13a0-479b-a0e4-67d46e241542,APT29,attack-pattern--692074ae-bb62-4a5e-a735-02cb6bde458c,T1110.003,Password Spraying,1
intrusion-set--899ce53f-13a0-479b-a0e4-67d46e241542,APT29,attack-pattern--b4694861-542c-48ea-9eb1-10d356e7140a,T1114.002,Remote Email Collection,1
intrusion-set--899ce53f-13a0-479b-a0e4-67d46e241542,APT29,attack-pattern--10d51417-ee35-4589-b1ff-b6df1c334e8d,T1133,External Remote Services,1
intrusion-set--899ce53f-13a0-479b-a0e4-67d46e241542,APT29,attack-pattern--a009cb25-4801-4116-9105-80a91cf15c1b,T1136.003,Cloud Account,1
intrusion-set--899ce53f-13a0-479b-a0e4-67d46e241542,APT29,attack-pattern--3f886f2a-874f-4333-b794-aa6075009b1c,T1190,Exploit Public-Facing Application,1
intrusion-set--899ce53f-13a0-479b-a0e4-67d46e241542,APT29,attack-pattern--9fa07bef-9c81-421e-a8e5-ad4366c5a925,T1199,Trusted Relationship,1
intrusion-set--899ce53f-13a0-479b-a0e4-67d46e241542,APT29,attack-pattern--be2dcee9-a7a7-4e38-afd6-21b31ecc3d63,T1203,Exploitation for Client Execution,1
intrusion-set--899ce53f-13a0-479b-a0e4-67d46e241542,APT29,attack-pattern--ef67e13e-5598-4adc-bdb2-998225874fa9,T1204.001,Malicious Link,1
intrusion-set--899ce53f-13a0-479b-a0e4-67d46e241542,APT29,attack-pattern--232b7f21-adf9-4b42-b936-b9d6f7df856e,T1204.002,Malicious File,1
intrusion-set--899ce53f-13a0-479b-a0e4-67d46e241542,APT29,attack-pattern--840a987a-99bd-4a80-a5c9-0cb2baa6cade,T1218.005,Mshta,1
intrusion-set--899ce53f-13a0-479b-a0e4-67d46e241542,APT29,attack-pattern--5d0d3609-d06d-49e1-b9c9-b544e0c618cb,T1505.003,Web Shell,1
intrusion-set--899ce53f-13a0-479b-a0e4-67d46e241542,APT29,attack-pattern--890c9858-598c-401d-a4d5-c67ebcdd703a,T1528,Steal Application Access Token,1
intrusion-set--899ce53f-13a0-479b-a0e4-67d46e241542,APT29,attack-pattern--910906dd-8c0a-475a-9cc1-5e029e2fad58,T1546.003,Windows Management Instrumentation Event Subscription,1
intrusion-set--899ce53f-13a0-479b-a0e4-67d46e241542,APT29,attack-pattern--70e52b04-2a0c-4cea-9d18-7149f1df9dc5,T1546.008,Accessibility Features,1
intrusion-set--899ce53f-13a0-479b-a0e4-67d46e241542,APT29,attack-pattern--9efb1ea7-c37b-4595-9640-b7680cd84279,T1547.001,Registry Run Keys / Startup Folder,1
intrusion-set--899ce53f-13a0-479b-a0e4-67d46e241542,APT29,attack-pattern--120d5519-3098-4e1c-9191-2aa61232f073,T1548.002,Bypass User Account Control,1
intrusion-set--899ce53f-13a0-479b-a0e4-67d46e241542,APT29,attack-pattern--7b211ac6-c815-4189-93a9-ab415deca926,T1550.003,Pass the Ticket,1
intrusion-set--899ce53f-13a0-479b-a0e4-67d46e241542,APT29,attack-pattern--7e7c2fba-7cca-486c-9582-4c1bb2851961,T1553.005,Mark-of-the-Web Bypass,1
intrusion-set--899ce53f-13a0-479b-a0e4-67d46e241542,APT29,attack-pattern--54ca26f3-c172-4231-93e5-ccebcac2161f,T1556.007,Hybrid Identity,1
intrusion-set--899ce53f-13a0-479b-a0e4-67d46e241542,APT29,attack-pattern--2e34237d-8574-43f6-aace-ae2915de8597,T1566.001,Spearphishing Attachment,1
intrusion-set--899ce53f-13a0-479b-a0e4-67d46e241542,APT29,attack-pattern--2b742742-28c3-4e1b-bab7-8350d6300fa7,T1566.002,Spearphishing Link,1
intrusion-set--899ce53f-13a0-479b-a0e4-67d46e241542,APT29,attack-pattern--f6ad61ee-65f3-4bd0-a3f5-2f0accb36317,T1566.003,Spearphishing via Service,1
intrusion-set--899ce53f-13a0-479b-a0e4-67d46e241542,APT29,attack-pattern--7bd9c723-2f78-4309-82c5-47cad406572b,T1568,Dynamic Resolution,1
intrusion-set--899ce53f-13a0-479b-a0e4-67d46e241542,APT29,attack-pattern--b8902400-e6c5-4ba2-95aa-2d35b442b118,T1573,Encrypted Channel,1
intrusion-set--899ce53f-13a0-479b-a0e4-67d46e241542,APT29,attack-pattern--88d31120-5bc7-4ce3-a9c0-7cf147be8e54,T1583.006,Web Services,1
intrusion-set--899ce53f-13a0-479b-a0e4-67d46e241542,APT29,attack-pattern--3dc8c101-d4db-4f4d-8150-1b5a76ca5f1b,T1586.002,Email Accounts,1
intrusion-set--899ce53f-13a0-479b-a0e4-67d46e241542,APT29,attack-pattern--3d52e51e-f6db-4719-813c-48002a99f43a,T1586.003,Cloud Accounts,1
intrusion-set--899ce53f-13a0-479b-a0e4-67d46e241542,APT29,attack-pattern--212306d8-efa4-44c9-8c2d-ed3d2e224aa0,T1587.001,Malware,1
intrusion-set--899ce53f-13a0-479b-a0e4-67d46e241542,APT29,attack-pattern--1cec9319-743b-4840-bb65-431547bce82a,T1587.003,Digital Certificates,1
intrusion-set--899ce53f-13a0-479b-a0e4-67d46e241542,APT29,attack-pattern--a2fdce72-04b2-409a-ac10-cc1695f4fce0,T1588.002,Tool,1
intrusion-set--899ce53f-13a0-479b-a0e4-67d46e241542,APT29,attack-pattern--5502c4e9-24ef-4d5f-8ee9-9e906c2f82c4,T1595.002,Vulnerability Scanning,1
intrusion-set--899ce53f-13a0-479b-a0e4-67d46e241542,APT29,attack-pattern--954a1639-f2d6-407d-aef3-4917622ca493,T1621,Multi-Factor Authentication Request Generation,1
intrusion-set--899ce53f-13a0-479b-a0e4-67d46e241542,APT29,attack-pattern--7de1f7ac-5d0c-4c9c-8873-627202205331,T1649,Steal or Forge Authentication Certificates,1
intrusion-set--899ce53f-13a0-479b-a0e4-67d46e241542,APT29,attack-pattern--d94b3ae9-8059-4989-8e9f-ea0f601f80a7,T1651,Cloud Administration Command,1
intrusion-set--899ce53f-13a0-479b-a0e4-67d46e241542,APT29,attack-pattern--eb897572-8979-4242-a089-56f294f4c91d,T1665,Hide Infrastructure,1
intrusion-set--899ce53f-13a0-479b-a0e4-67d46e241542,APT29,attack-pattern--34ff60a3-a3f8-42e4-bed0-af9a2cb563d7,T1685.002,Disable or Modify Cloud Log,1
intrusion-set--0bbdf25b-30ff-4894-a1cd-49260d0dd2d9,APT3,attack-pattern--65f2d882-3f41-4d48-8a06-29af77ec9f90,T1003.001,LSASS Memory,1
intrusion-set--0bbdf25b-30ff-4894-a1cd-49260d0dd2d9,APT3,attack-pattern--3c4a2599-71ee-4405-ba1e-0e28414b4bc5,T1005,Data from Local System,1
intrusion-set--0bbdf25b-30ff-4894-a1cd-49260d0dd2d9,APT3,attack-pattern--707399d6-ab3e-4963-9315-d9d3818cd6a0,T1016,System Network Configuration Discovery,1
intrusion-set--0bbdf25b-30ff-4894-a1cd-49260d0dd2d9,APT3,attack-pattern--e358d692-23c0-4a31-9eb6-ecc13a8d7735,T1018,Remote System Discovery,1
intrusion-set--0bbdf25b-30ff-4894-a1cd-49260d0dd2d9,APT3,attack-pattern--eb062747-2193-45de-8fa2-e62549c37ddf,T1021.001,Remote Desktop Protocol,1
intrusion-set--0bbdf25b-30ff-4894-a1cd-49260d0dd2d9,APT3,attack-pattern--4f9ca633-15c5-463c-9724-bdcd54fde541,T1021.002,SMB/Windows Admin Shares,1
intrusion-set--0bbdf25b-30ff-4894-a1cd-49260d0dd2d9,APT3,attack-pattern--b3d682b6-98f2-4fb0-aa3b-b4df007ca70a,T1027,Obfuscated Files or Information,1
intrusion-set--0bbdf25b-30ff-4894-a1cd-49260d0dd2d9,APT3,attack-pattern--deb98323-e13f-4b0c-8d94-175379069062,T1027.002,Software Packing,1
intrusion-set--0bbdf25b-30ff-4894-a1cd-49260d0dd2d9,APT3,attack-pattern--b0533c6e-8fea-4788-874f-b799cacc4b92,T1027.005,Indicator Removal from Tools,1
intrusion-set--0bbdf25b-30ff-4894-a1cd-49260d0dd2d9,APT3,attack-pattern--03d7999c-1f4c-42cc-8373-e7690d318104,T1033,System Owner/User Discovery,1
intrusion-set--0bbdf25b-30ff-4894-a1cd-49260d0dd2d9,APT3,attack-pattern--d349c66e-18e1-4d8b-a2d7-65af7cbd2ba0,T1036.010,Masquerade Account Name,1
intrusion-set--0bbdf25b-30ff-4894-a1cd-49260d0dd2d9,APT3,attack-pattern--92d7da27-2d91-488e-a00c-059dc162766d,T1041,Exfiltration Over C2 Channel,1
intrusion-set--0bbdf25b-30ff-4894-a1cd-49260d0dd2d9,APT3,attack-pattern--7e150503-88e7-4861-866b-ff1ac82c4475,T1049,System Network Connections Discovery,1
intrusion-set--0bbdf25b-30ff-4894-a1cd-49260d0dd2d9,APT3,attack-pattern--005a06c6-14bf-4118-afa0-ebcd8aebb0c9,T1053.005,Scheduled Task,1
intrusion-set--0bbdf25b-30ff-4894-a1cd-49260d0dd2d9,APT3,attack-pattern--09a60ea3-a8d1-4ae5-976e-5783248b72a4,T1056.001,Keylogging,1
intrusion-set--0bbdf25b-30ff-4894-a1cd-49260d0dd2d9,APT3,attack-pattern--8f4a33ec-8b1f-4b80-a2f6-642b2e479580,T1057,Process Discovery,1
intrusion-set--0bbdf25b-30ff-4894-a1cd-49260d0dd2d9,APT3,attack-pattern--970a3432-3237-47ad-bcca-7d8cbb217736,T1059.001,PowerShell,1
intrusion-set--0bbdf25b-30ff-4894-a1cd-49260d0dd2d9,APT3,attack-pattern--d1fcf083-a721-4223-aedf-bf8960798d62,T1059.003,Windows Command Shell,1
intrusion-set--0bbdf25b-30ff-4894-a1cd-49260d0dd2d9,APT3,attack-pattern--15dbf668-795c-41e6-8219-f0447c0e64ce,T1069,Permission Groups Discovery,1
intrusion-set--0bbdf25b-30ff-4894-a1cd-49260d0dd2d9,APT3,attack-pattern--d63a3fb8-9452-4e9d-a60a-54be68d5998c,T1070.004,File Deletion,1
intrusion-set--0bbdf25b-30ff-4894-a1cd-49260d0dd2d9,APT3,attack-pattern--1c34f7aa-9341-4a48-bfab-af22e51aca6c,T1074.001,Local Data Staging,1
intrusion-set--0bbdf25b-30ff-4894-a1cd-49260d0dd2d9,APT3,attack-pattern--c3d4bdd9-2cfe-4a80-9d0c-07a29ecdce8f,T1078.002,Domain Accounts,1
intrusion-set--0bbdf25b-30ff-4894-a1cd-49260d0dd2d9,APT3,attack-pattern--354a7f88-63fb-41b5-a801-ce3b377b36f1,T1082,System Information Discovery,1
intrusion-set--0bbdf25b-30ff-4894-a1cd-49260d0dd2d9,APT3,attack-pattern--7bc57495-ea59-4380-be31-a64af124ef18,T1083,File and Directory Discovery,1
intrusion-set--0bbdf25b-30ff-4894-a1cd-49260d0dd2d9,APT3,attack-pattern--25659dd6-ea12-45c4-97e6-381e3e4b593e,T1087.001,Local Account,1
intrusion-set--0bbdf25b-30ff-4894-a1cd-49260d0dd2d9,APT3,attack-pattern--69b8fd78-40e8-4600-ae4d-662c9d7afdb3,T1090.002,External Proxy,1
intrusion-set--0bbdf25b-30ff-4894-a1cd-49260d0dd2d9,APT3,attack-pattern--c21d5a77-d422-4a69-acd7-2c53c1faa34b,T1095,Non-Application Layer Protocol,1
intrusion-set--0bbdf25b-30ff-4894-a1cd-49260d0dd2d9,APT3,attack-pattern--3e6831b2-bf4c-4ae6-b328-2e7c6633b291,T1098.007,Additional Local or Domain Groups,1
intrusion-set--0bbdf25b-30ff-4894-a1cd-49260d0dd2d9,APT3,attack-pattern--84e02621-8fdf-470f-bd58-993bb6a89d91,T1104,Multi-Stage Channels,1
intrusion-set--0bbdf25b-30ff-4894-a1cd-49260d0dd2d9,APT3,attack-pattern--e6919abc-99f9-4c6c-95a5-14761e7b2add,T1105,Ingress Tool Transfer,1
intrusion-set--0bbdf25b-30ff-4894-a1cd-49260d0dd2d9,APT3,attack-pattern--1d24cdee-9ea2-4189-b08e-af110bf2435d,T1110.002,Password Cracking,1
intrusion-set--0bbdf25b-30ff-4894-a1cd-49260d0dd2d9,APT3,attack-pattern--635cbe30-392d-4e27-978e-66774357c762,T1136.001,Local Account,1
intrusion-set--0bbdf25b-30ff-4894-a1cd-49260d0dd2d9,APT3,attack-pattern--be2dcee9-a7a7-4e38-afd6-21b31ecc3d63,T1203,Exploitation for Client Execution,1
intrusion-set--0bbdf25b-30ff-4894-a1cd-49260d0dd2d9,APT3,attack-pattern--ef67e13e-5598-4adc-bdb2-998225874fa9,T1204.001,Malicious Link,1
intrusion-set--0bbdf25b-30ff-4894-a1cd-49260d0dd2d9,APT3,attack-pattern--045d0922-2310-4e60-b5e4-3302302cb3c5,T1218.011,Rundll32,1
intrusion-set--0bbdf25b-30ff-4894-a1cd-49260d0dd2d9,APT3,attack-pattern--2959d63f-73fd-46a1-abd2-109d7dcede32,T1543.003,Windows Service,1
intrusion-set--0bbdf25b-30ff-4894-a1cd-49260d0dd2d9,APT3,attack-pattern--70e52b04-2a0c-4cea-9d18-7149f1df9dc5,T1546.008,Accessibility Features,1
intrusion-set--0bbdf25b-30ff-4894-a1cd-49260d0dd2d9,APT3,attack-pattern--9efb1ea7-c37b-4595-9640-b7680cd84279,T1547.001,Registry Run Keys / Startup Folder,1
intrusion-set--0bbdf25b-30ff-4894-a1cd-49260d0dd2d9,APT3,attack-pattern--837f9164-50af-4ac0-8219-379d8a74cefc,T1552.001,Credentials In Files,1
intrusion-set--0bbdf25b-30ff-4894-a1cd-49260d0dd2d9,APT3,attack-pattern--58a3e6aa-4453-4cc8-a51f-4befe80b31a8,T1555.003,Credentials from Web Browsers,1
intrusion-set--0bbdf25b-30ff-4894-a1cd-49260d0dd2d9,APT3,attack-pattern--00f90846-cbd1-4fc5-9233-df5c2bf2a662,T1560.001,Archive via Utility,1
intrusion-set--0bbdf25b-30ff-4894-a1cd-49260d0dd2d9,APT3,attack-pattern--cbb66055-0325-4111-aca0-40547b6ad5b0,T1564.003,Hidden Window,1
intrusion-set--0bbdf25b-30ff-4894-a1cd-49260d0dd2d9,APT3,attack-pattern--2b742742-28c3-4e1b-bab7-8350d6300fa7,T1566.002,Spearphishing Link,1
intrusion-set--0bbdf25b-30ff-4894-a1cd-49260d0dd2d9,APT3,attack-pattern--2fee9321-3e71-4cf4-af24-d4d40d355b34,T1574.001,DLL,1
intrusion-set--f047ee18-7985-4946-8bfb-4ed754d3a0dd,APT30,attack-pattern--232b7f21-adf9-4b42-b936-b9d6f7df856e,T1204.002,Malicious File,1
intrusion-set--f047ee18-7985-4946-8bfb-4ed754d3a0dd,APT30,attack-pattern--2e34237d-8574-43f6-aace-ae2915de8597,T1566.001,Spearphishing Attachment,1
intrusion-set--247cb30b-955f-42eb-97a5-a89fef69341e,APT32,attack-pattern--0a3ead4e-6d47-4ccb-854c-a6a4f9d96b22,T1003,OS Credential Dumping,1
intrusion-set--247cb30b-955f-42eb-97a5-a89fef69341e,APT32,attack-pattern--65f2d882-3f41-4d48-8a06-29af77ec9f90,T1003.001,LSASS Memory,1
intrusion-set--247cb30b-955f-42eb-97a5-a89fef69341e,APT32,attack-pattern--c32f7008-9fea-41f7-8366-5eb9b74bd896,T1012,Query Registry,1
intrusion-set--247cb30b-955f-42eb-97a5-a89fef69341e,APT32,attack-pattern--707399d6-ab3e-4963-9315-d9d3818cd6a0,T1016,System Network Configuration Discovery,1
intrusion-set--247cb30b-955f-42eb-97a5-a89fef69341e,APT32,attack-pattern--e358d692-23c0-4a31-9eb6-ecc13a8d7735,T1018,Remote System Discovery,1
intrusion-set--247cb30b-955f-42eb-97a5-a89fef69341e,APT32,attack-pattern--4f9ca633-15c5-463c-9724-bdcd54fde541,T1021.002,SMB/Windows Admin Shares,1
intrusion-set--247cb30b-955f-42eb-97a5-a89fef69341e,APT32,attack-pattern--d511a6f6-4a33-41d5-bc95-c343875d1377,T1027.010,Command Obfuscation,1
intrusion-set--247cb30b-955f-42eb-97a5-a89fef69341e,APT32,attack-pattern--02c5abff-30bf-4703-ab92-1f6072fae939,T1027.011,Fileless Storage,1
intrusion-set--247cb30b-955f-42eb-97a5-a89fef69341e,APT32,attack-pattern--0d91b3c0-5e50-47c3-949a-2a796f04d144,T1027.013,Encrypted/Encoded File,1
intrusion-set--247cb30b-955f-42eb-97a5-a89fef69341e,APT32,attack-pattern--671cd17f-a765-48fd-adc4-dad1941b1ae3,T1027.016,Junk Code Insertion,1
intrusion-set--247cb30b-955f-42eb-97a5-a89fef69341e,APT32,attack-pattern--03d7999c-1f4c-42cc-8373-e7690d318104,T1033,System Owner/User Discovery,1
intrusion-set--247cb30b-955f-42eb-97a5-a89fef69341e,APT32,attack-pattern--42e8de7b-37b2-4258-905a-6897815e58e0,T1036,Masquerading,1
intrusion-set--247cb30b-955f-42eb-97a5-a89fef69341e,APT32,attack-pattern--bd5b58a4-a52d-4a29-bc0d-3f1d3968eb6b,T1036.003,Rename Legitimate Utilities,1
intrusion-set--247cb30b-955f-42eb-97a5-a89fef69341e,APT32,attack-pattern--7bdca9d5-d500-4d7d-8c52-5fd47baf4c0c,T1036.004,Masquerade Task or Service,1
intrusion-set--247cb30b-955f-42eb-97a5-a89fef69341e,APT32,attack-pattern--1c4e5d32-1fe9-4116-9d9d-59e3925bd6a2,T1036.005,Match Legitimate Resource Name or Location,1
intrusion-set--247cb30b-955f-42eb-97a5-a89fef69341e,APT32,attack-pattern--92d7da27-2d91-488e-a00c-059dc162766d,T1041,Exfiltration Over C2 Channel,1
intrusion-set--247cb30b-955f-42eb-97a5-a89fef69341e,APT32,attack-pattern--e3a12395-188d-4051-9a16-ea8e14d07b88,T1046,Network Service Discovery,1
intrusion-set--247cb30b-955f-42eb-97a5-a89fef69341e,APT32,attack-pattern--01a5a209-b94c-450b-b7f9-946497d91055,T1047,Windows Management Instrumentation,1
intrusion-set--247cb30b-955f-42eb-97a5-a89fef69341e,APT32,attack-pattern--fb8d023d-45be-47e9-bc51-f56bcae6435b,T1048.003,Exfiltration Over Unencrypted Non-C2 Protocol,1
intrusion-set--247cb30b-955f-42eb-97a5-a89fef69341e,APT32,attack-pattern--7e150503-88e7-4861-866b-ff1ac82c4475,T1049,System Network Connections Discovery,1
intrusion-set--247cb30b-955f-42eb-97a5-a89fef69341e,APT32,attack-pattern--005a06c6-14bf-4118-afa0-ebcd8aebb0c9,T1053.005,Scheduled Task,1
intrusion-set--247cb30b-955f-42eb-97a5-a89fef69341e,APT32,attack-pattern--43e7dc91-05b2-474c-b9ac-2ed4fe101f4d,T1055,Process Injection,1
intrusion-set--247cb30b-955f-42eb-97a5-a89fef69341e,APT32,attack-pattern--09a60ea3-a8d1-4ae5-976e-5783248b72a4,T1056.001,Keylogging,1
intrusion-set--247cb30b-955f-42eb-97a5-a89fef69341e,APT32,attack-pattern--7385dfaf-6886-4229-9ecd-6fd678040830,T1059,Command and Scripting Interpreter,1
intrusion-set--247cb30b-955f-42eb-97a5-a89fef69341e,APT32,attack-pattern--970a3432-3237-47ad-bcca-7d8cbb217736,T1059.001,PowerShell,1
intrusion-set--247cb30b-955f-42eb-97a5-a89fef69341e,APT32,attack-pattern--d1fcf083-a721-4223-aedf-bf8960798d62,T1059.003,Windows Command Shell,1
intrusion-set--247cb30b-955f-42eb-97a5-a89fef69341e,APT32,attack-pattern--dfd7cc1d-e1d8-4394-a198-97c4cab8aa67,T1059.005,Visual Basic,1
intrusion-set--247cb30b-955f-42eb-97a5-a89fef69341e,APT32,attack-pattern--0f4a0c76-ab2d-4cb0-85d3-3f0efb8cba0d,T1059.007,JavaScript,1
intrusion-set--247cb30b-955f-42eb-97a5-a89fef69341e,APT32,attack-pattern--b21c3b2d-02e6-45b1-980b-e69051040839,T1068,Exploitation for Privilege Escalation,1
intrusion-set--247cb30b-955f-42eb-97a5-a89fef69341e,APT32,attack-pattern--d63a3fb8-9452-4e9d-a60a-54be68d5998c,T1070.004,File Deletion,1
intrusion-set--247cb30b-955f-42eb-97a5-a89fef69341e,APT32,attack-pattern--47f2d673-ca62-47e9-929b-1b0be9657611,T1070.006,Timestomp,1
intrusion-set--247cb30b-955f-42eb-97a5-a89fef69341e,APT32,attack-pattern--df8b2a25-8bdf-4856-953c-a04372b1c161,T1071.001,Web Protocols,1
intrusion-set--247cb30b-955f-42eb-97a5-a89fef69341e,APT32,attack-pattern--54b4c251-1f0e-4eba-ba6b-dbc7a6f6f06b,T1071.003,Mail Protocols,1
intrusion-set--247cb30b-955f-42eb-97a5-a89fef69341e,APT32,attack-pattern--92a78814-b191-47ca-909c-1ccfe3777414,T1072,Software Deployment Tools,1
intrusion-set--247cb30b-955f-42eb-97a5-a89fef69341e,APT32,attack-pattern--fdc47f44-dd32-4b99-af5f-209f556f63c2,T1078.003,Local Accounts,1
intrusion-set--247cb30b-955f-42eb-97a5-a89fef69341e,APT32,attack-pattern--354a7f88-63fb-41b5-a801-ce3b377b36f1,T1082,System Information Discovery,1
intrusion-set--247cb30b-955f-42eb-97a5-a89fef69341e,APT32,attack-pattern--7bc57495-ea59-4380-be31-a64af124ef18,T1083,File and Directory Discovery,1
intrusion-set--247cb30b-955f-42eb-97a5-a89fef69341e,APT32,attack-pattern--25659dd6-ea12-45c4-97e6-381e3e4b593e,T1087.001,Local Account,1
intrusion-set--247cb30b-955f-42eb-97a5-a89fef69341e,APT32,attack-pattern--830c9528-df21-472c-8c14-a036bf17d665,T1102,Web Service,1
intrusion-set--247cb30b-955f-42eb-97a5-a89fef69341e,APT32,attack-pattern--e6919abc-99f9-4c6c-95a5-14761e7b2add,T1105,Ingress Tool Transfer,1
intrusion-set--247cb30b-955f-42eb-97a5-a89fef69341e,APT32,attack-pattern--57340c81-c025-4189-8fa0-fc7ede51bae4,T1112,Modify Registry,1
intrusion-set--247cb30b-955f-42eb-97a5-a89fef69341e,APT32,attack-pattern--3489cfc5-640f-4bb3-a103-9137b97de79f,T1135,Network Share Discovery,1
intrusion-set--247cb30b-955f-42eb-97a5-a89fef69341e,APT32,attack-pattern--2c4d4e92-0ccf-4a97-b54c-86d662988a53,T1137,Office Application Startup,1
intrusion-set--247cb30b-955f-42eb-97a5-a89fef69341e,APT32,attack-pattern--d742a578-d70e-4d0e-96a6-02a9c30204e6,T1189,Drive-by Compromise,1
intrusion-set--247cb30b-955f-42eb-97a5-a89fef69341e,APT32,attack-pattern--be2dcee9-a7a7-4e38-afd6-21b31ecc3d63,T1203,Exploitation for Client Execution,1
intrusion-set--247cb30b-955f-42eb-97a5-a89fef69341e,APT32,attack-pattern--ef67e13e-5598-4adc-bdb2-998225874fa9,T1204.001,Malicious Link,1
intrusion-set--247cb30b-955f-42eb-97a5-a89fef69341e,APT32,attack-pattern--232b7f21-adf9-4b42-b936-b9d6f7df856e,T1204.002,Malicious File,1
intrusion-set--247cb30b-955f-42eb-97a5-a89fef69341e,APT32,attack-pattern--09cd431f-eaf4-4d2a-acaf-2a7acfe7ed58,T1216.001,PubPrn,1
intrusion-set--247cb30b-955f-42eb-97a5-a89fef69341e,APT32,attack-pattern--840a987a-99bd-4a80-a5c9-0cb2baa6cade,T1218.005,Mshta,1
intrusion-set--247cb30b-955f-42eb-97a5-a89fef69341e,APT32,attack-pattern--b97f1d35-4249-4486-a6b5-ee60ccf24fab,T1218.010,Regsvr32,1
intrusion-set--247cb30b-955f-42eb-97a5-a89fef69341e,APT32,attack-pattern--045d0922-2310-4e60-b5e4-3302302cb3c5,T1218.011,Rundll32,1
intrusion-set--247cb30b-955f-42eb-97a5-a89fef69341e,APT32,attack-pattern--09b130a2-a77e-4af0-a361-f46f9aad1345,T1222.002,Linux and Mac Permissions,1
intrusion-set--247cb30b-955f-42eb-97a5-a89fef69341e,APT32,attack-pattern--5d0d3609-d06d-49e1-b9c9-b544e0c618cb,T1505.003,Web Shell,1
intrusion-set--247cb30b-955f-42eb-97a5-a89fef69341e,APT32,attack-pattern--2959d63f-73fd-46a1-abd2-109d7dcede32,T1543.003,Windows Service,1
intrusion-set--247cb30b-955f-42eb-97a5-a89fef69341e,APT32,attack-pattern--9efb1ea7-c37b-4595-9640-b7680cd84279,T1547.001,Registry Run Keys / Startup Folder,1
intrusion-set--247cb30b-955f-42eb-97a5-a89fef69341e,APT32,attack-pattern--e624264c-033a-424d-9fd7-fc9c3bbdb03e,T1550.002,Pass the Hash,1
intrusion-set--247cb30b-955f-42eb-97a5-a89fef69341e,APT32,attack-pattern--7b211ac6-c815-4189-93a9-ab415deca926,T1550.003,Pass the Ticket,1
intrusion-set--247cb30b-955f-42eb-97a5-a89fef69341e,APT32,attack-pattern--341e222a-a6e3-4f6f-b69c-831d792b1580,T1552.002,Credentials in Registry,1
intrusion-set--247cb30b-955f-42eb-97a5-a89fef69341e,APT32,attack-pattern--53ac20cd-aca3-406e-9aa0-9fc7fdc60a5a,T1560,Archive Collected Data,1
intrusion-set--247cb30b-955f-42eb-97a5-a89fef69341e,APT32,attack-pattern--ec8fc7e2-b356-455c-8db5-2e37be158e7d,T1564.001,Hidden Files and Directories,1
intrusion-set--247cb30b-955f-42eb-97a5-a89fef69341e,APT32,attack-pattern--cbb66055-0325-4111-aca0-40547b6ad5b0,T1564.003,Hidden Window,1
intrusion-set--247cb30b-955f-42eb-97a5-a89fef69341e,APT32,attack-pattern--f2857333-11d4-45bf-b064-2c28d8525be5,T1564.004,NTFS File Attributes,1
intrusion-set--247cb30b-955f-42eb-97a5-a89fef69341e,APT32,attack-pattern--2e34237d-8574-43f6-aace-ae2915de8597,T1566.001,Spearphishing Attachment,1
intrusion-set--247cb30b-955f-42eb-97a5-a89fef69341e,APT32,attack-pattern--2b742742-28c3-4e1b-bab7-8350d6300fa7,T1566.002,Spearphishing Link,1
intrusion-set--247cb30b-955f-42eb-97a5-a89fef69341e,APT32,attack-pattern--f1951e8a-500e-4a26-8803-76d95c4554b4,T1569.002,Service Execution,1
intrusion-set--247cb30b-955f-42eb-97a5-a89fef69341e,APT32,attack-pattern--bf90d72c-c00b-45e3-b3aa-68560560d4c5,T1570,Lateral Tool Transfer,1
intrusion-set--247cb30b-955f-42eb-97a5-a89fef69341e,APT32,attack-pattern--b18eae87-b469-4e14-b454-b171b416bc18,T1571,Non-Standard Port,1
intrusion-set--247cb30b-955f-42eb-97a5-a89fef69341e,APT32,attack-pattern--2fee9321-3e71-4cf4-af24-d4d40d355b34,T1574.001,DLL,1
intrusion-set--247cb30b-955f-42eb-97a5-a89fef69341e,APT32,attack-pattern--40f5caa0-4cb7-4117-89fc-d421bb493df3,T1583.001,Domains,1
intrusion-set--247cb30b-955f-42eb-97a5-a89fef69341e,APT32,attack-pattern--88d31120-5bc7-4ce3-a9c0-7cf147be8e54,T1583.006,Web Services,1
intrusion-set--247cb30b-955f-42eb-97a5-a89fef69341e,APT32,attack-pattern--b1ccd744-3f78-4a0e-9bb2-2002057f7928,T1585.001,Social Media Accounts,1
intrusion-set--247cb30b-955f-42eb-97a5-a89fef69341e,APT32,attack-pattern--a2fdce72-04b2-409a-ac10-cc1695f4fce0,T1588.002,Tool,1
intrusion-set--247cb30b-955f-42eb-97a5-a89fef69341e,APT32,attack-pattern--5282dd9a-d26d-4e16-88b7-7c0f4553daf4,T1589,Gather Victim Identity Information,1
intrusion-set--247cb30b-955f-42eb-97a5-a89fef69341e,APT32,attack-pattern--69f897fd-12a9-4c89-ad6a-46d2f3c38262,T1589.002,Email Addresses,1
intrusion-set--247cb30b-955f-42eb-97a5-a89fef69341e,APT32,attack-pattern--2d3f5b3c-54ca-4f4d-bb1f-849346d31230,T1598.003,Spearphishing Link,1
intrusion-set--247cb30b-955f-42eb-97a5-a89fef69341e,APT32,attack-pattern--3ee16395-03f0-4690-a32e-69ce9ada0f9e,T1608.001,Upload Malware,1
intrusion-set--247cb30b-955f-42eb-97a5-a89fef69341e,APT32,attack-pattern--31fe0ba2-62fd-4fd9-9293-4043d84f7fe9,T1608.004,Drive-by Target,1
intrusion-set--247cb30b-955f-42eb-97a5-a89fef69341e,APT32,attack-pattern--75b9a4d2-d4e2-4ca1-9aab-1badd9e05fd0,T1685.005,Clear Windows Event Logs,1
intrusion-set--fbd29c89-18ba-4c2d-b792-51c0adee049f,APT33,attack-pattern--65f2d882-3f41-4d48-8a06-29af77ec9f90,T1003.001,LSASS Memory,1
intrusion-set--fbd29c89-18ba-4c2d-b792-51c0adee049f,APT33,attack-pattern--1ecfdab8-7d59-4c98-95d4-dc41970f57fc,T1003.004,LSA Secrets,1
intrusion-set--fbd29c89-18ba-4c2d-b792-51c0adee049f,APT33,attack-pattern--6add2ab5-2711-4e9d-87c8-7a0be8531530,T1003.005,Cached Domain Credentials,1
intrusion-set--fbd29c89-18ba-4c2d-b792-51c0adee049f,APT33,attack-pattern--0d91b3c0-5e50-47c3-949a-2a796f04d144,T1027.013,Encrypted/Encoded File,1
intrusion-set--fbd29c89-18ba-4c2d-b792-51c0adee049f,APT33,attack-pattern--3257eb21-f9a7-4430-8de1-d8b6e288f529,T1040,Network Sniffing,1
intrusion-set--fbd29c89-18ba-4c2d-b792-51c0adee049f,APT33,attack-pattern--fb8d023d-45be-47e9-bc51-f56bcae6435b,T1048.003,Exfiltration Over Unencrypted Non-C2 Protocol,1
intrusion-set--fbd29c89-18ba-4c2d-b792-51c0adee049f,APT33,attack-pattern--005a06c6-14bf-4118-afa0-ebcd8aebb0c9,T1053.005,Scheduled Task,1
intrusion-set--fbd29c89-18ba-4c2d-b792-51c0adee049f,APT33,attack-pattern--970a3432-3237-47ad-bcca-7d8cbb217736,T1059.001,PowerShell,1
intrusion-set--fbd29c89-18ba-4c2d-b792-51c0adee049f,APT33,attack-pattern--dfd7cc1d-e1d8-4394-a198-97c4cab8aa67,T1059.005,Visual Basic,1
intrusion-set--fbd29c89-18ba-4c2d-b792-51c0adee049f,APT33,attack-pattern--b21c3b2d-02e6-45b1-980b-e69051040839,T1068,Exploitation for Privilege Escalation,1
intrusion-set--fbd29c89-18ba-4c2d-b792-51c0adee049f,APT33,attack-pattern--df8b2a25-8bdf-4856-953c-a04372b1c161,T1071.001,Web Protocols,1
intrusion-set--fbd29c89-18ba-4c2d-b792-51c0adee049f,APT33,attack-pattern--b17a1a56-e99c-403c-8948-561df0cffe81,T1078,Valid Accounts,1
intrusion-set--fbd29c89-18ba-4c2d-b792-51c0adee049f,APT33,attack-pattern--f232fa7a-025c-4d43-abc7-318e81a73d65,T1078.004,Cloud Accounts,1
intrusion-set--fbd29c89-18ba-4c2d-b792-51c0adee049f,APT33,attack-pattern--e6919abc-99f9-4c6c-95a5-14761e7b2add,T1105,Ingress Tool Transfer,1
intrusion-set--fbd29c89-18ba-4c2d-b792-51c0adee049f,APT33,attack-pattern--692074ae-bb62-4a5e-a735-02cb6bde458c,T1110.003,Password Spraying,1
intrusion-set--fbd29c89-18ba-4c2d-b792-51c0adee049f,APT33,attack-pattern--04fd5427-79c7-44ea-ae13-11b24778ff1c,T1132.001,Standard Encoding,1
intrusion-set--fbd29c89-18ba-4c2d-b792-51c0adee049f,APT33,attack-pattern--be2dcee9-a7a7-4e38-afd6-21b31ecc3d63,T1203,Exploitation for Client Execution,1
intrusion-set--fbd29c89-18ba-4c2d-b792-51c0adee049f,APT33,attack-pattern--ef67e13e-5598-4adc-bdb2-998225874fa9,T1204.001,Malicious Link,1
intrusion-set--fbd29c89-18ba-4c2d-b792-51c0adee049f,APT33,attack-pattern--232b7f21-adf9-4b42-b936-b9d6f7df856e,T1204.002,Malicious File,1
intrusion-set--fbd29c89-18ba-4c2d-b792-51c0adee049f,APT33,attack-pattern--910906dd-8c0a-475a-9cc1-5e029e2fad58,T1546.003,Windows Management Instrumentation Event Subscription,1
intrusion-set--fbd29c89-18ba-4c2d-b792-51c0adee049f,APT33,attack-pattern--9efb1ea7-c37b-4595-9640-b7680cd84279,T1547.001,Registry Run Keys / Startup Folder,1
intrusion-set--fbd29c89-18ba-4c2d-b792-51c0adee049f,APT33,attack-pattern--837f9164-50af-4ac0-8219-379d8a74cefc,T1552.001,Credentials In Files,1
intrusion-set--fbd29c89-18ba-4c2d-b792-51c0adee049f,APT33,attack-pattern--8d7bd4f5-3a89-4453-9c82-2c8894d5655e,T1552.006,Group Policy Preferences,1
intrusion-set--fbd29c89-18ba-4c2d-b792-51c0adee049f,APT33,attack-pattern--3fc9b85a-2862-4363-a64d-d692e3ffbee0,T1555,Credentials from Password Stores,1
intrusion-set--fbd29c89-18ba-4c2d-b792-51c0adee049f,APT33,attack-pattern--58a3e6aa-4453-4cc8-a51f-4befe80b31a8,T1555.003,Credentials from Web Browsers,1
intrusion-set--fbd29c89-18ba-4c2d-b792-51c0adee049f,APT33,attack-pattern--00f90846-cbd1-4fc5-9233-df5c2bf2a662,T1560.001,Archive via Utility,1
intrusion-set--fbd29c89-18ba-4c2d-b792-51c0adee049f,APT33,attack-pattern--2e34237d-8574-43f6-aace-ae2915de8597,T1566.001,Spearphishing Attachment,1
intrusion-set--fbd29c89-18ba-4c2d-b792-51c0adee049f,APT33,attack-pattern--2b742742-28c3-4e1b-bab7-8350d6300fa7,T1566.002,Spearphishing Link,1
intrusion-set--fbd29c89-18ba-4c2d-b792-51c0adee049f,APT33,attack-pattern--b18eae87-b469-4e14-b454-b171b416bc18,T1571,Non-Standard Port,1
intrusion-set--fbd29c89-18ba-4c2d-b792-51c0adee049f,APT33,attack-pattern--24bfaeba-cb0d-4525-b3dc-507c77ecec41,T1573.001,Symmetric Cryptography,1
intrusion-set--fbd29c89-18ba-4c2d-b792-51c0adee049f,APT33,attack-pattern--a2fdce72-04b2-409a-ac10-cc1695f4fce0,T1588.002,Tool,1
intrusion-set--4a2ce82e-1a74-468a-a6fb-bbead541383c,APT37,attack-pattern--3c4a2599-71ee-4405-ba1e-0e28414b4bc5,T1005,Data from Local System,1
intrusion-set--4a2ce82e-1a74-468a-a6fb-bbead541383c,APT37,attack-pattern--b3d682b6-98f2-4fb0-aa3b-b4df007ca70a,T1027,Obfuscated Files or Information,1
intrusion-set--4a2ce82e-1a74-468a-a6fb-bbead541383c,APT37,attack-pattern--c2e147a9-d1a8-4074-811a-d8789202d916,T1027.003,Steganography,1
intrusion-set--4a2ce82e-1a74-468a-a6fb-bbead541383c,APT37,attack-pattern--03d7999c-1f4c-42cc-8373-e7690d318104,T1033,System Owner/User Discovery,1
intrusion-set--4a2ce82e-1a74-468a-a6fb-bbead541383c,APT37,attack-pattern--b4b7458f-81f2-4d38-84be-1c5ba0167a52,T1036.001,Invalid Code Signature,1
intrusion-set--4a2ce82e-1a74-468a-a6fb-bbead541383c,APT37,attack-pattern--005a06c6-14bf-4118-afa0-ebcd8aebb0c9,T1053.005,Scheduled Task,1
intrusion-set--4a2ce82e-1a74-468a-a6fb-bbead541383c,APT37,attack-pattern--43e7dc91-05b2-474c-b9ac-2ed4fe101f4d,T1055,Process Injection,1
intrusion-set--4a2ce82e-1a74-468a-a6fb-bbead541383c,APT37,attack-pattern--8f4a33ec-8b1f-4b80-a2f6-642b2e479580,T1057,Process Discovery,1
intrusion-set--4a2ce82e-1a74-468a-a6fb-bbead541383c,APT37,attack-pattern--7385dfaf-6886-4229-9ecd-6fd678040830,T1059,Command and Scripting Interpreter,1
intrusion-set--4a2ce82e-1a74-468a-a6fb-bbead541383c,APT37,attack-pattern--d1fcf083-a721-4223-aedf-bf8960798d62,T1059.003,Windows Command Shell,1
intrusion-set--4a2ce82e-1a74-468a-a6fb-bbead541383c,APT37,attack-pattern--dfd7cc1d-e1d8-4394-a198-97c4cab8aa67,T1059.005,Visual Basic,1
intrusion-set--4a2ce82e-1a74-468a-a6fb-bbead541383c,APT37,attack-pattern--cc3502b5-30cc-4473-ad48-42d51a6ef6d1,T1059.006,Python,1
intrusion-set--4a2ce82e-1a74-468a-a6fb-bbead541383c,APT37,attack-pattern--df8b2a25-8bdf-4856-953c-a04372b1c161,T1071.001,Web Protocols,1
intrusion-set--4a2ce82e-1a74-468a-a6fb-bbead541383c,APT37,attack-pattern--354a7f88-63fb-41b5-a801-ce3b377b36f1,T1082,System Information Discovery,1
intrusion-set--4a2ce82e-1a74-468a-a6fb-bbead541383c,APT37,attack-pattern--be055942-6e63-49d7-9fa1-9cb7d8a8f3f4,T1102.002,Bidirectional Communication,1
intrusion-set--4a2ce82e-1a74-468a-a6fb-bbead541383c,APT37,attack-pattern--e6919abc-99f9-4c6c-95a5-14761e7b2add,T1105,Ingress Tool Transfer,1
intrusion-set--4a2ce82e-1a74-468a-a6fb-bbead541383c,APT37,attack-pattern--391d824f-0ef1-47a0-b0ee-c59a75e27670,T1106,Native API,1
intrusion-set--4a2ce82e-1a74-468a-a6fb-bbead541383c,APT37,attack-pattern--348f1eef-964b-4eb6-bb53-69b3dcb0c643,T1120,Peripheral Device Discovery,1
intrusion-set--4a2ce82e-1a74-468a-a6fb-bbead541383c,APT37,attack-pattern--1035cdf2-3e5f-446f-a7a7-e8f6d7925967,T1123,Audio Capture,1
intrusion-set--4a2ce82e-1a74-468a-a6fb-bbead541383c,APT37,attack-pattern--d742a578-d70e-4d0e-96a6-02a9c30204e6,T1189,Drive-by Compromise,1
intrusion-set--4a2ce82e-1a74-468a-a6fb-bbead541383c,APT37,attack-pattern--be2dcee9-a7a7-4e38-afd6-21b31ecc3d63,T1203,Exploitation for Client Execution,1
intrusion-set--4a2ce82e-1a74-468a-a6fb-bbead541383c,APT37,attack-pattern--232b7f21-adf9-4b42-b936-b9d6f7df856e,T1204.002,Malicious File,1
intrusion-set--4a2ce82e-1a74-468a-a6fb-bbead541383c,APT37,attack-pattern--ff73aa03-0090-4464-83ac-f89e233c02bc,T1529,System Shutdown/Reboot,1
intrusion-set--4a2ce82e-1a74-468a-a6fb-bbead541383c,APT37,attack-pattern--9efb1ea7-c37b-4595-9640-b7680cd84279,T1547.001,Registry Run Keys / Startup Folder,1
intrusion-set--4a2ce82e-1a74-468a-a6fb-bbead541383c,APT37,attack-pattern--120d5519-3098-4e1c-9191-2aa61232f073,T1548.002,Bypass User Account Control,1
intrusion-set--4a2ce82e-1a74-468a-a6fb-bbead541383c,APT37,attack-pattern--58a3e6aa-4453-4cc8-a51f-4befe80b31a8,T1555.003,Credentials from Web Browsers,1
intrusion-set--4a2ce82e-1a74-468a-a6fb-bbead541383c,APT37,attack-pattern--232a7e42-cd6e-4902-8fe9-2960f529dd4d,T1559.002,Dynamic Data Exchange,1
intrusion-set--4a2ce82e-1a74-468a-a6fb-bbead541383c,APT37,attack-pattern--0af0ca99-357d-4ba1-805f-674fdfb7bef9,T1561.002,Disk Structure Wipe,1
intrusion-set--4a2ce82e-1a74-468a-a6fb-bbead541383c,APT37,attack-pattern--2e34237d-8574-43f6-aace-ae2915de8597,T1566.001,Spearphishing Attachment,1
intrusion-set--00f67a77-86a4-4adf-be26-1a54fc713340,APT38,attack-pattern--3c4a2599-71ee-4405-ba1e-0e28414b4bc5,T1005,Data from Local System,1
intrusion-set--00f67a77-86a4-4adf-be26-1a54fc713340,APT38,attack-pattern--deb98323-e13f-4b0c-8d94-175379069062,T1027.002,Software Packing,1
intrusion-set--00f67a77-86a4-4adf-be26-1a54fc713340,APT38,attack-pattern--03d7999c-1f4c-42cc-8373-e7690d318104,T1033,System Owner/User Discovery,1
intrusion-set--00f67a77-86a4-4adf-be26-1a54fc713340,APT38,attack-pattern--bd5b58a4-a52d-4a29-bc0d-3f1d3968eb6b,T1036.003,Rename Legitimate Utilities,1
intrusion-set--00f67a77-86a4-4adf-be26-1a54fc713340,APT38,attack-pattern--e51137a5-1cdc-499e-911a-abaedaa5ac86,T1036.006,Space after Filename,1
intrusion-set--00f67a77-86a4-4adf-be26-1a54fc713340,APT38,attack-pattern--7e150503-88e7-4861-866b-ff1ac82c4475,T1049,System Network Connections Discovery,1
intrusion-set--00f67a77-86a4-4adf-be26-1a54fc713340,APT38,attack-pattern--2acf44aa-542f-4366-b4eb-55ef5747759c,T1053.003,Cron,1
intrusion-set--00f67a77-86a4-4adf-be26-1a54fc713340,APT38,attack-pattern--005a06c6-14bf-4118-afa0-ebcd8aebb0c9,T1053.005,Scheduled Task,1
intrusion-set--00f67a77-86a4-4adf-be26-1a54fc713340,APT38,attack-pattern--43e7dc91-05b2-474c-b9ac-2ed4fe101f4d,T1055,Process Injection,1
intrusion-set--00f67a77-86a4-4adf-be26-1a54fc713340,APT38,attack-pattern--09a60ea3-a8d1-4ae5-976e-5783248b72a4,T1056.001,Keylogging,1
intrusion-set--00f67a77-86a4-4adf-be26-1a54fc713340,APT38,attack-pattern--8f4a33ec-8b1f-4b80-a2f6-642b2e479580,T1057,Process Discovery,1
intrusion-set--00f67a77-86a4-4adf-be26-1a54fc713340,APT38,attack-pattern--970a3432-3237-47ad-bcca-7d8cbb217736,T1059.001,PowerShell,1
intrusion-set--00f67a77-86a4-4adf-be26-1a54fc713340,APT38,attack-pattern--d1fcf083-a721-4223-aedf-bf8960798d62,T1059.003,Windows Command Shell,1
intrusion-set--00f67a77-86a4-4adf-be26-1a54fc713340,APT38,attack-pattern--dfd7cc1d-e1d8-4394-a198-97c4cab8aa67,T1059.005,Visual Basic,1
intrusion-set--00f67a77-86a4-4adf-be26-1a54fc713340,APT38,attack-pattern--d63a3fb8-9452-4e9d-a60a-54be68d5998c,T1070.004,File Deletion,1
intrusion-set--00f67a77-86a4-4adf-be26-1a54fc713340,APT38,attack-pattern--47f2d673-ca62-47e9-929b-1b0be9657611,T1070.006,Timestomp,1
intrusion-set--00f67a77-86a4-4adf-be26-1a54fc713340,APT38,attack-pattern--df8b2a25-8bdf-4856-953c-a04372b1c161,T1071.001,Web Protocols,1
intrusion-set--00f67a77-86a4-4adf-be26-1a54fc713340,APT38,attack-pattern--354a7f88-63fb-41b5-a801-ce3b377b36f1,T1082,System Information Discovery,1
intrusion-set--00f67a77-86a4-4adf-be26-1a54fc713340,APT38,attack-pattern--7bc57495-ea59-4380-be31-a64af124ef18,T1083,File and Directory Discovery,1
intrusion-set--00f67a77-86a4-4adf-be26-1a54fc713340,APT38,attack-pattern--e6919abc-99f9-4c6c-95a5-14761e7b2add,T1105,Ingress Tool Transfer,1
intrusion-set--00f67a77-86a4-4adf-be26-1a54fc713340,APT38,attack-pattern--391d824f-0ef1-47a0-b0ee-c59a75e27670,T1106,Native API,1
intrusion-set--00f67a77-86a4-4adf-be26-1a54fc713340,APT38,attack-pattern--a93494bb-4b80-4ea1-8695-3236a49916fd,T1110,Brute Force,1
intrusion-set--00f67a77-86a4-4adf-be26-1a54fc713340,APT38,attack-pattern--57340c81-c025-4189-8fa0-fc7ede51bae4,T1112,Modify Registry,1
intrusion-set--00f67a77-86a4-4adf-be26-1a54fc713340,APT38,attack-pattern--30973a08-aed9-4edf-8604-9084ce1b5c4f,T1115,Clipboard Data,1
intrusion-set--00f67a77-86a4-4adf-be26-1a54fc713340,APT38,attack-pattern--3489cfc5-640f-4bb3-a103-9137b97de79f,T1135,Network Share Discovery,1
intrusion-set--00f67a77-86a4-4adf-be26-1a54fc713340,APT38,attack-pattern--3ccef7ae-cb5e-48f6-8302-897105fbf55c,T1140,Deobfuscate/Decode Files or Information,1
intrusion-set--00f67a77-86a4-4adf-be26-1a54fc713340,APT38,attack-pattern--d742a578-d70e-4d0e-96a6-02a9c30204e6,T1189,Drive-by Compromise,1
intrusion-set--00f67a77-86a4-4adf-be26-1a54fc713340,APT38,attack-pattern--ef67e13e-5598-4adc-bdb2-998225874fa9,T1204.001,Malicious Link,1
intrusion-set--00f67a77-86a4-4adf-be26-1a54fc713340,APT38,attack-pattern--232b7f21-adf9-4b42-b936-b9d6f7df856e,T1204.002,Malicious File,1
intrusion-set--00f67a77-86a4-4adf-be26-1a54fc713340,APT38,attack-pattern--5e4a2073-9643-44cb-a0b5-e7f4048446c7,T1217,Browser Information Discovery,1
intrusion-set--00f67a77-86a4-4adf-be26-1a54fc713340,APT38,attack-pattern--a6937325-9321-4e2e-bb2b-3ed2d40b2a9d,T1218.001,Compiled HTML File,1
intrusion-set--00f67a77-86a4-4adf-be26-1a54fc713340,APT38,attack-pattern--840a987a-99bd-4a80-a5c9-0cb2baa6cade,T1218.005,Mshta,1
intrusion-set--00f67a77-86a4-4adf-be26-1a54fc713340,APT38,attack-pattern--365be77f-fc0e-42ee-bac8-4faf806d9336,T1218.007,Msiexec,1
intrusion-set--00f67a77-86a4-4adf-be26-1a54fc713340,APT38,attack-pattern--045d0922-2310-4e60-b5e4-3302302cb3c5,T1218.011,Rundll32,1
intrusion-set--00f67a77-86a4-4adf-be26-1a54fc713340,APT38,attack-pattern--49fca0d2-685d-41eb-8bd4-05451cc3a742,T1480.002,Mutual Exclusion,1
intrusion-set--00f67a77-86a4-4adf-be26-1a54fc713340,APT38,attack-pattern--d45a3d09-b3cf-48f4-9f0f-f521ee5cb05c,T1485,Data Destruction,1
intrusion-set--00f67a77-86a4-4adf-be26-1a54fc713340,APT38,attack-pattern--b80d107d-fa0d-4b60-9684-b0433e8bdba0,T1486,Data Encrypted for Impact,1
intrusion-set--00f67a77-86a4-4adf-be26-1a54fc713340,APT38,attack-pattern--5d0d3609-d06d-49e1-b9c9-b544e0c618cb,T1505.003,Web Shell,1
intrusion-set--00f67a77-86a4-4adf-be26-1a54fc713340,APT38,attack-pattern--cba37adb-d6fb-4610-b069-dd04c0643384,T1518.001,Security Software Discovery,1
intrusion-set--00f67a77-86a4-4adf-be26-1a54fc713340,APT38,attack-pattern--ff73aa03-0090-4464-83ac-f89e233c02bc,T1529,System Shutdown/Reboot,1
intrusion-set--00f67a77-86a4-4adf-be26-1a54fc713340,APT38,attack-pattern--2959d63f-73fd-46a1-abd2-109d7dcede32,T1543.003,Windows Service,1
intrusion-set--00f67a77-86a4-4adf-be26-1a54fc713340,APT38,attack-pattern--120d5519-3098-4e1c-9191-2aa61232f073,T1548.002,Bypass User Account Control,1
intrusion-set--00f67a77-86a4-4adf-be26-1a54fc713340,APT38,attack-pattern--7e7c2fba-7cca-486c-9582-4c1bb2851961,T1553.005,Mark-of-the-Web Bypass,1
intrusion-set--00f67a77-86a4-4adf-be26-1a54fc713340,APT38,attack-pattern--0af0ca99-357d-4ba1-805f-674fdfb7bef9,T1561.002,Disk Structure Wipe,1
intrusion-set--00f67a77-86a4-4adf-be26-1a54fc713340,APT38,attack-pattern--1cfcb312-b8d7-47a4-b560-4b16cc677292,T1565.001,Stored Data Manipulation,1
intrusion-set--00f67a77-86a4-4adf-be26-1a54fc713340,APT38,attack-pattern--d0613359-5781-4fd2-b5be-c269270be1f6,T1565.002,Transmitted Data Manipulation,1
intrusion-set--00f67a77-86a4-4adf-be26-1a54fc713340,APT38,attack-pattern--32ad5c86-2bcf-47d8-8fdc-d7f3d79a7490,T1565.003,Runtime Data Manipulation,1
intrusion-set--00f67a77-86a4-4adf-be26-1a54fc713340,APT38,attack-pattern--2e34237d-8574-43f6-aace-ae2915de8597,T1566.001,Spearphishing Attachment,1
intrusion-set--00f67a77-86a4-4adf-be26-1a54fc713340,APT38,attack-pattern--f1951e8a-500e-4a26-8803-76d95c4554b4,T1569.002,Service Execution,1
intrusion-set--00f67a77-86a4-4adf-be26-1a54fc713340,APT38,attack-pattern--40f5caa0-4cb7-4117-89fc-d421bb493df3,T1583.001,Domains,1
intrusion-set--00f67a77-86a4-4adf-be26-1a54fc713340,APT38,attack-pattern--a2fdce72-04b2-409a-ac10-cc1695f4fce0,T1588.002,Tool,1
intrusion-set--00f67a77-86a4-4adf-be26-1a54fc713340,APT38,attack-pattern--bbde9781-60aa-4b8a-a911-895b0c1b3872,T1685,Disable or Modify Tools,1
intrusion-set--00f67a77-86a4-4adf-be26-1a54fc713340,APT38,attack-pattern--75b9a4d2-d4e2-4ca1-9aab-1badd9e05fd0,T1685.005,Clear Windows Event Logs,1
intrusion-set--00f67a77-86a4-4adf-be26-1a54fc713340,APT38,attack-pattern--eec096b8-c207-43df-b6c1-11523861e452,T1686,Disable or Modify System Firewall,1
intrusion-set--00f67a77-86a4-4adf-be26-1a54fc713340,APT38,attack-pattern--a29aa77c-a88d-4f19-bab9-7751941b2e2d,T1686.002,Network Device Firewall,1
intrusion-set--00f67a77-86a4-4adf-be26-1a54fc713340,APT38,attack-pattern--b831f51c-d22f-4724-bbab-60d056bd1150,T1690,Prevent Command History Logging,1
intrusion-set--44e43fad-ffcb-4210-abcf-eaaed9735f80,APT39,attack-pattern--0a3ead4e-6d47-4ccb-854c-a6a4f9d96b22,T1003,OS Credential Dumping,1
intrusion-set--44e43fad-ffcb-4210-abcf-eaaed9735f80,APT39,attack-pattern--65f2d882-3f41-4d48-8a06-29af77ec9f90,T1003.001,LSASS Memory,1
intrusion-set--44e43fad-ffcb-4210-abcf-eaaed9735f80,APT39,attack-pattern--3c4a2599-71ee-4405-ba1e-0e28414b4bc5,T1005,Data from Local System,1
intrusion-set--44e43fad-ffcb-4210-abcf-eaaed9735f80,APT39,attack-pattern--c32f7008-9fea-41f7-8366-5eb9b74bd896,T1012,Query Registry,1
intrusion-set--44e43fad-ffcb-4210-abcf-eaaed9735f80,APT39,attack-pattern--e358d692-23c0-4a31-9eb6-ecc13a8d7735,T1018,Remote System Discovery,1
intrusion-set--44e43fad-ffcb-4210-abcf-eaaed9735f80,APT39,attack-pattern--eb062747-2193-45de-8fa2-e62549c37ddf,T1021.001,Remote Desktop Protocol,1
intrusion-set--44e43fad-ffcb-4210-abcf-eaaed9735f80,APT39,attack-pattern--4f9ca633-15c5-463c-9724-bdcd54fde541,T1021.002,SMB/Windows Admin Shares,1
intrusion-set--44e43fad-ffcb-4210-abcf-eaaed9735f80,APT39,attack-pattern--2db31dcd-54da-405d-acef-b9129b816ed6,T1021.004,SSH,1
intrusion-set--44e43fad-ffcb-4210-abcf-eaaed9735f80,APT39,attack-pattern--deb98323-e13f-4b0c-8d94-175379069062,T1027.002,Software Packing,1
intrusion-set--44e43fad-ffcb-4210-abcf-eaaed9735f80,APT39,attack-pattern--0d91b3c0-5e50-47c3-949a-2a796f04d144,T1027.013,Encrypted/Encoded File,1
intrusion-set--44e43fad-ffcb-4210-abcf-eaaed9735f80,APT39,attack-pattern--03d7999c-1f4c-42cc-8373-e7690d318104,T1033,System Owner/User Discovery,1
intrusion-set--44e43fad-ffcb-4210-abcf-eaaed9735f80,APT39,attack-pattern--1c4e5d32-1fe9-4116-9d9d-59e3925bd6a2,T1036.005,Match Legitimate Resource Name or Location,1
intrusion-set--44e43fad-ffcb-4210-abcf-eaaed9735f80,APT39,attack-pattern--92d7da27-2d91-488e-a00c-059dc162766d,T1041,Exfiltration Over C2 Channel,1
intrusion-set--44e43fad-ffcb-4210-abcf-eaaed9735f80,APT39,attack-pattern--e3a12395-188d-4051-9a16-ea8e14d07b88,T1046,Network Service Discovery,1
intrusion-set--44e43fad-ffcb-4210-abcf-eaaed9735f80,APT39,attack-pattern--005a06c6-14bf-4118-afa0-ebcd8aebb0c9,T1053.005,Scheduled Task,1
intrusion-set--44e43fad-ffcb-4210-abcf-eaaed9735f80,APT39,attack-pattern--bb5a00de-e086-4859-a231-fa793f6797e2,T1056,Input Capture,1
intrusion-set--44e43fad-ffcb-4210-abcf-eaaed9735f80,APT39,attack-pattern--09a60ea3-a8d1-4ae5-976e-5783248b72a4,T1056.001,Keylogging,1
intrusion-set--44e43fad-ffcb-4210-abcf-eaaed9735f80,APT39,attack-pattern--7385dfaf-6886-4229-9ecd-6fd678040830,T1059,Command and Scripting Interpreter,1
intrusion-set--44e43fad-ffcb-4210-abcf-eaaed9735f80,APT39,attack-pattern--970a3432-3237-47ad-bcca-7d8cbb217736,T1059.001,PowerShell,1
intrusion-set--44e43fad-ffcb-4210-abcf-eaaed9735f80,APT39,attack-pattern--dfd7cc1d-e1d8-4394-a198-97c4cab8aa67,T1059.005,Visual Basic,1
intrusion-set--44e43fad-ffcb-4210-abcf-eaaed9735f80,APT39,attack-pattern--cc3502b5-30cc-4473-ad48-42d51a6ef6d1,T1059.006,Python,1
intrusion-set--44e43fad-ffcb-4210-abcf-eaaed9735f80,APT39,attack-pattern--3a32740a-11b0-4bcf-b0a9-3abd0f6d3cd5,T1059.010,AutoHotKey & AutoIT,1
intrusion-set--44e43fad-ffcb-4210-abcf-eaaed9735f80,APT39,attack-pattern--d63a3fb8-9452-4e9d-a60a-54be68d5998c,T1070.004,File Deletion,1
intrusion-set--44e43fad-ffcb-4210-abcf-eaaed9735f80,APT39,attack-pattern--df8b2a25-8bdf-4856-953c-a04372b1c161,T1071.001,Web Protocols,1
intrusion-set--44e43fad-ffcb-4210-abcf-eaaed9735f80,APT39,attack-pattern--1996eef1-ced3-4d7f-bf94-33298cabbf72,T1071.004,DNS,1
intrusion-set--44e43fad-ffcb-4210-abcf-eaaed9735f80,APT39,attack-pattern--1c34f7aa-9341-4a48-bfab-af22e51aca6c,T1074.001,Local Data Staging,1
intrusion-set--44e43fad-ffcb-4210-abcf-eaaed9735f80,APT39,attack-pattern--b17a1a56-e99c-403c-8948-561df0cffe81,T1078,Valid Accounts,1
intrusion-set--44e43fad-ffcb-4210-abcf-eaaed9735f80,APT39,attack-pattern--7bc57495-ea59-4380-be31-a64af124ef18,T1083,File and Directory Discovery,1
intrusion-set--44e43fad-ffcb-4210-abcf-eaaed9735f80,APT39,attack-pattern--f6dacc85-b37d-458e-b58d-74fc4bbf5755,T1090.001,Internal Proxy,1
intrusion-set--44e43fad-ffcb-4210-abcf-eaaed9735f80,APT39,attack-pattern--69b8fd78-40e8-4600-ae4d-662c9d7afdb3,T1090.002,External Proxy,1
intrusion-set--44e43fad-ffcb-4210-abcf-eaaed9735f80,APT39,attack-pattern--be055942-6e63-49d7-9fa1-9cb7d8a8f3f4,T1102.002,Bidirectional Communication,1
intrusion-set--44e43fad-ffcb-4210-abcf-eaaed9735f80,APT39,attack-pattern--e6919abc-99f9-4c6c-95a5-14761e7b2add,T1105,Ingress Tool Transfer,1
intrusion-set--44e43fad-ffcb-4210-abcf-eaaed9735f80,APT39,attack-pattern--a93494bb-4b80-4ea1-8695-3236a49916fd,T1110,Brute Force,1
intrusion-set--44e43fad-ffcb-4210-abcf-eaaed9735f80,APT39,attack-pattern--0259baeb-9f63-4c69-bf10-eb038c390688,T1113,Screen Capture,1
intrusion-set--44e43fad-ffcb-4210-abcf-eaaed9735f80,APT39,attack-pattern--30973a08-aed9-4edf-8604-9084ce1b5c4f,T1115,Clipboard Data,1
intrusion-set--44e43fad-ffcb-4210-abcf-eaaed9735f80,APT39,attack-pattern--3489cfc5-640f-4bb3-a103-9137b97de79f,T1135,Network Share Discovery,1
intrusion-set--44e43fad-ffcb-4210-abcf-eaaed9735f80,APT39,attack-pattern--635cbe30-392d-4e27-978e-66774357c762,T1136.001,Local Account,1
intrusion-set--44e43fad-ffcb-4210-abcf-eaaed9735f80,APT39,attack-pattern--3ccef7ae-cb5e-48f6-8302-897105fbf55c,T1140,Deobfuscate/Decode Files or Information,1
intrusion-set--44e43fad-ffcb-4210-abcf-eaaed9735f80,APT39,attack-pattern--3f886f2a-874f-4333-b794-aa6075009b1c,T1190,Exploit Public-Facing Application,1
intrusion-set--44e43fad-ffcb-4210-abcf-eaaed9735f80,APT39,attack-pattern--c8e87b83-edbb-48d4-9295-4974897525b7,T1197,BITS Jobs,1
intrusion-set--44e43fad-ffcb-4210-abcf-eaaed9735f80,APT39,attack-pattern--ef67e13e-5598-4adc-bdb2-998225874fa9,T1204.001,Malicious Link,1
intrusion-set--44e43fad-ffcb-4210-abcf-eaaed9735f80,APT39,attack-pattern--232b7f21-adf9-4b42-b936-b9d6f7df856e,T1204.002,Malicious File,1
intrusion-set--44e43fad-ffcb-4210-abcf-eaaed9735f80,APT39,attack-pattern--5d0d3609-d06d-49e1-b9c9-b544e0c618cb,T1505.003,Web Shell,1
intrusion-set--44e43fad-ffcb-4210-abcf-eaaed9735f80,APT39,attack-pattern--cc89ecbd-3d33-4a41-bcca-001e702d18fd,T1546.010,AppInit DLLs,1
intrusion-set--44e43fad-ffcb-4210-abcf-eaaed9735f80,APT39,attack-pattern--9efb1ea7-c37b-4595-9640-b7680cd84279,T1547.001,Registry Run Keys / Startup Folder,1
intrusion-set--44e43fad-ffcb-4210-abcf-eaaed9735f80,APT39,attack-pattern--4ab929c6-ee2d-4fb5-aab4-b14be2ed7179,T1547.009,Shortcut Modification,1
intrusion-set--44e43fad-ffcb-4210-abcf-eaaed9735f80,APT39,attack-pattern--565275d5-fcc3-4b66-b4e7-928e4cac6b8c,T1553.006,Code Signing Policy Modification,1
intrusion-set--44e43fad-ffcb-4210-abcf-eaaed9735f80,APT39,attack-pattern--3fc9b85a-2862-4363-a64d-d692e3ffbee0,T1555,Credentials from Password Stores,1
intrusion-set--44e43fad-ffcb-4210-abcf-eaaed9735f80,APT39,attack-pattern--00f90846-cbd1-4fc5-9233-df5c2bf2a662,T1560.001,Archive via Utility,1
intrusion-set--44e43fad-ffcb-4210-abcf-eaaed9735f80,APT39,attack-pattern--2e34237d-8574-43f6-aace-ae2915de8597,T1566.001,Spearphishing Attachment,1
intrusion-set--44e43fad-ffcb-4210-abcf-eaaed9735f80,APT39,attack-pattern--2b742742-28c3-4e1b-bab7-8350d6300fa7,T1566.002,Spearphishing Link,1
intrusion-set--44e43fad-ffcb-4210-abcf-eaaed9735f80,APT39,attack-pattern--f1951e8a-500e-4a26-8803-76d95c4554b4,T1569.002,Service Execution,1
intrusion-set--44e43fad-ffcb-4210-abcf-eaaed9735f80,APT39,attack-pattern--a2fdce72-04b2-409a-ac10-cc1695f4fce0,T1588.002,Tool,1
intrusion-set--18854f55-ac7c-4634-bd9a-352dd07613b7,APT41,attack-pattern--65f2d882-3f41-4d48-8a06-29af77ec9f90,T1003.001,LSASS Memory,1
intrusion-set--18854f55-ac7c-4634-bd9a-352dd07613b7,APT41,attack-pattern--1644e709-12d2-41e5-a60f-3470991f5011,T1003.002,Security Account Manager,1
intrusion-set--18854f55-ac7c-4634-bd9a-352dd07613b7,APT41,attack-pattern--edf91964-b26e-4b4a-9600-ccacd7d7df24,T1003.003,NTDS,1
intrusion-set--18854f55-ac7c-4634-bd9a-352dd07613b7,APT41,attack-pattern--3c4a2599-71ee-4405-ba1e-0e28414b4bc5,T1005,Data from Local System,1
intrusion-set--18854f55-ac7c-4634-bd9a-352dd07613b7,APT41,attack-pattern--f24faf46-3b26-4dbb-98f2-63460498e433,T1008,Fallback Channels,1
intrusion-set--18854f55-ac7c-4634-bd9a-352dd07613b7,APT41,attack-pattern--c32f7008-9fea-41f7-8366-5eb9b74bd896,T1012,Query Registry,1
intrusion-set--18854f55-ac7c-4634-bd9a-352dd07613b7,APT41,attack-pattern--0f20e3cb-245b-4a61-8a91-2d93f7cb0e9b,T1014,Rootkit,1
intrusion-set--18854f55-ac7c-4634-bd9a-352dd07613b7,APT41,attack-pattern--707399d6-ab3e-4963-9315-d9d3818cd6a0,T1016,System Network Configuration Discovery,1
intrusion-set--18854f55-ac7c-4634-bd9a-352dd07613b7,APT41,attack-pattern--e358d692-23c0-4a31-9eb6-ecc13a8d7735,T1018,Remote System Discovery,1
intrusion-set--18854f55-ac7c-4634-bd9a-352dd07613b7,APT41,attack-pattern--eb062747-2193-45de-8fa2-e62549c37ddf,T1021.001,Remote Desktop Protocol,1
intrusion-set--18854f55-ac7c-4634-bd9a-352dd07613b7,APT41,attack-pattern--4f9ca633-15c5-463c-9724-bdcd54fde541,T1021.002,SMB/Windows Admin Shares,1
intrusion-set--18854f55-ac7c-4634-bd9a-352dd07613b7,APT41,attack-pattern--b3d682b6-98f2-4fb0-aa3b-b4df007ca70a,T1027,Obfuscated Files or Information,1
intrusion-set--18854f55-ac7c-4634-bd9a-352dd07613b7,APT41,attack-pattern--deb98323-e13f-4b0c-8d94-175379069062,T1027.002,Software Packing,1
intrusion-set--18854f55-ac7c-4634-bd9a-352dd07613b7,APT41,attack-pattern--c3888c54-775d-4b2f-b759-75a2ececcbfd,T1030,Data Transfer Size Limits,1
intrusion-set--18854f55-ac7c-4634-bd9a-352dd07613b7,APT41,attack-pattern--03d7999c-1f4c-42cc-8373-e7690d318104,T1033,System Owner/User Discovery,1
intrusion-set--18854f55-ac7c-4634-bd9a-352dd07613b7,APT41,attack-pattern--7bdca9d5-d500-4d7d-8c52-5fd47baf4c0c,T1036.004,Masquerade Task or Service,1
intrusion-set--18854f55-ac7c-4634-bd9a-352dd07613b7,APT41,attack-pattern--1c4e5d32-1fe9-4116-9d9d-59e3925bd6a2,T1036.005,Match Legitimate Resource Name or Location,1
intrusion-set--18854f55-ac7c-4634-bd9a-352dd07613b7,APT41,attack-pattern--03259939-0b57-482f-8eb5-87c0e0d54334,T1037,Boot or Logon Initialization Scripts,1
intrusion-set--18854f55-ac7c-4634-bd9a-352dd07613b7,APT41,attack-pattern--e3a12395-188d-4051-9a16-ea8e14d07b88,T1046,Network Service Discovery,1
intrusion-set--18854f55-ac7c-4634-bd9a-352dd07613b7,APT41,attack-pattern--01a5a209-b94c-450b-b7f9-946497d91055,T1047,Windows Management Instrumentation,1
intrusion-set--18854f55-ac7c-4634-bd9a-352dd07613b7,APT41,attack-pattern--7e150503-88e7-4861-866b-ff1ac82c4475,T1049,System Network Connections Discovery,1
intrusion-set--18854f55-ac7c-4634-bd9a-352dd07613b7,APT41,attack-pattern--005a06c6-14bf-4118-afa0-ebcd8aebb0c9,T1053.005,Scheduled Task,1
intrusion-set--18854f55-ac7c-4634-bd9a-352dd07613b7,APT41,attack-pattern--43e7dc91-05b2-474c-b9ac-2ed4fe101f4d,T1055,Process Injection,1
intrusion-set--18854f55-ac7c-4634-bd9a-352dd07613b7,APT41,attack-pattern--09a60ea3-a8d1-4ae5-976e-5783248b72a4,T1056.001,Keylogging,1
intrusion-set--18854f55-ac7c-4634-bd9a-352dd07613b7,APT41,attack-pattern--970a3432-3237-47ad-bcca-7d8cbb217736,T1059.001,PowerShell,1
intrusion-set--18854f55-ac7c-4634-bd9a-352dd07613b7,APT41,attack-pattern--d1fcf083-a721-4223-aedf-bf8960798d62,T1059.003,Windows Command Shell,1
intrusion-set--18854f55-ac7c-4634-bd9a-352dd07613b7,APT41,attack-pattern--a9d4b653-6915-42af-98b2-5758c4ceee56,T1059.004,Unix Shell,1
intrusion-set--18854f55-ac7c-4634-bd9a-352dd07613b7,APT41,attack-pattern--15dbf668-795c-41e6-8219-f0447c0e64ce,T1069,Permission Groups Discovery,1
intrusion-set--18854f55-ac7c-4634-bd9a-352dd07613b7,APT41,attack-pattern--3aef9463-9a7a-43ba-8957-a867e07c1e6a,T1070.003,Clear Command History,1
intrusion-set--18854f55-ac7c-4634-bd9a-352dd07613b7,APT41,attack-pattern--d63a3fb8-9452-4e9d-a60a-54be68d5998c,T1070.004,File Deletion,1
intrusion-set--18854f55-ac7c-4634-bd9a-352dd07613b7,APT41,attack-pattern--df8b2a25-8bdf-4856-953c-a04372b1c161,T1071.001,Web Protocols,1
intrusion-set--18854f55-ac7c-4634-bd9a-352dd07613b7,APT41,attack-pattern--9a60a291-8960-4387-8a4a-2ab5c18bb50b,T1071.002,File Transfer Protocols,1
intrusion-set--18854f55-ac7c-4634-bd9a-352dd07613b7,APT41,attack-pattern--1996eef1-ced3-4d7f-bf94-33298cabbf72,T1071.004,DNS,1
intrusion-set--18854f55-ac7c-4634-bd9a-352dd07613b7,APT41,attack-pattern--b17a1a56-e99c-403c-8948-561df0cffe81,T1078,Valid Accounts,1
intrusion-set--18854f55-ac7c-4634-bd9a-352dd07613b7,APT41,attack-pattern--354a7f88-63fb-41b5-a801-ce3b377b36f1,T1082,System Information Discovery,1
intrusion-set--18854f55-ac7c-4634-bd9a-352dd07613b7,APT41,attack-pattern--7bc57495-ea59-4380-be31-a64af124ef18,T1083,File and Directory Discovery,1
intrusion-set--18854f55-ac7c-4634-bd9a-352dd07613b7,APT41,attack-pattern--25659dd6-ea12-45c4-97e6-381e3e4b593e,T1087.001,Local Account,1
intrusion-set--18854f55-ac7c-4634-bd9a-352dd07613b7,APT41,attack-pattern--21875073-b0ee-49e3-9077-1e2a885359af,T1087.002,Domain Account,1
intrusion-set--18854f55-ac7c-4634-bd9a-352dd07613b7,APT41,attack-pattern--731f4f55-b6d0-41d1-a7a9-072a66389aea,T1090,Proxy,1
intrusion-set--18854f55-ac7c-4634-bd9a-352dd07613b7,APT41,attack-pattern--3e6831b2-bf4c-4ae6-b328-2e7c6633b291,T1098.007,Additional Local or Domain Groups,1
intrusion-set--18854f55-ac7c-4634-bd9a-352dd07613b7,APT41,attack-pattern--f7827069-0bf2-4764-af4f-23fae0d181b7,T1102.001,Dead Drop Resolver,1
intrusion-set--18854f55-ac7c-4634-bd9a-352dd07613b7,APT41,attack-pattern--84e02621-8fdf-470f-bd58-993bb6a89d91,T1104,Multi-Stage Channels,1
intrusion-set--18854f55-ac7c-4634-bd9a-352dd07613b7,APT41,attack-pattern--e6919abc-99f9-4c6c-95a5-14761e7b2add,T1105,Ingress Tool Transfer,1
intrusion-set--18854f55-ac7c-4634-bd9a-352dd07613b7,APT41,attack-pattern--a93494bb-4b80-4ea1-8695-3236a49916fd,T1110,Brute Force,1
intrusion-set--18854f55-ac7c-4634-bd9a-352dd07613b7,APT41,attack-pattern--57340c81-c025-4189-8fa0-fc7ede51bae4,T1112,Modify Registry,1
intrusion-set--18854f55-ac7c-4634-bd9a-352dd07613b7,APT41,attack-pattern--10d51417-ee35-4589-b1ff-b6df1c334e8d,T1133,External Remote Services,1
intrusion-set--18854f55-ac7c-4634-bd9a-352dd07613b7,APT41,attack-pattern--3489cfc5-640f-4bb3-a103-9137b97de79f,T1135,Network Share Discovery,1
intrusion-set--18854f55-ac7c-4634-bd9a-352dd07613b7,APT41,attack-pattern--635cbe30-392d-4e27-978e-66774357c762,T1136.001,Local Account,1
intrusion-set--18854f55-ac7c-4634-bd9a-352dd07613b7,APT41,attack-pattern--3f886f2a-874f-4333-b794-aa6075009b1c,T1190,Exploit Public-Facing Application,1
intrusion-set--18854f55-ac7c-4634-bd9a-352dd07613b7,APT41,attack-pattern--bd369cd9-abb8-41ce-b5bb-fff23ee86c00,T1195.002,Compromise Software Supply Chain,1
intrusion-set--18854f55-ac7c-4634-bd9a-352dd07613b7,APT41,attack-pattern--c8e87b83-edbb-48d4-9295-4974897525b7,T1197,BITS Jobs,1
intrusion-set--18854f55-ac7c-4634-bd9a-352dd07613b7,APT41,attack-pattern--be2dcee9-a7a7-4e38-afd6-21b31ecc3d63,T1203,Exploitation for Client Execution,1
intrusion-set--18854f55-ac7c-4634-bd9a-352dd07613b7,APT41,attack-pattern--cff94884-3b1c-4987-a70b-6d5643c621c3,T1213.003,Code Repositories,1
intrusion-set--18854f55-ac7c-4634-bd9a-352dd07613b7,APT41,attack-pattern--a6937325-9321-4e2e-bb2b-3ed2d40b2a9d,T1218.001,Compiled HTML File,1
intrusion-set--18854f55-ac7c-4634-bd9a-352dd07613b7,APT41,attack-pattern--045d0922-2310-4e60-b5e4-3302302cb3c5,T1218.011,Rundll32,1
intrusion-set--18854f55-ac7c-4634-bd9a-352dd07613b7,APT41,attack-pattern--f244b8dd-af6c-4391-a497-fc03627ce995,T1480.001,Environmental Keying,1
intrusion-set--18854f55-ac7c-4634-bd9a-352dd07613b7,APT41,attack-pattern--5d2be8b9-d24c-4e98-83bf-2f5f79477163,T1484.001,Group Policy Modification,1
intrusion-set--18854f55-ac7c-4634-bd9a-352dd07613b7,APT41,attack-pattern--b80d107d-fa0d-4b60-9684-b0433e8bdba0,T1486,Data Encrypted for Impact,1
intrusion-set--18854f55-ac7c-4634-bd9a-352dd07613b7,APT41,attack-pattern--a718a0c8-5768-41a1-9958-a1cc3f995e99,T1496.001,Compute Hijacking,1
intrusion-set--18854f55-ac7c-4634-bd9a-352dd07613b7,APT41,attack-pattern--1b7b1806-7746-41a1-a35d-e48dae25ddba,T1542.003,Bootkit,1
intrusion-set--18854f55-ac7c-4634-bd9a-352dd07613b7,APT41,attack-pattern--2959d63f-73fd-46a1-abd2-109d7dcede32,T1543.003,Windows Service,1
intrusion-set--18854f55-ac7c-4634-bd9a-352dd07613b7,APT41,attack-pattern--70e52b04-2a0c-4cea-9d18-7149f1df9dc5,T1546.008,Accessibility Features,1
intrusion-set--18854f55-ac7c-4634-bd9a-352dd07613b7,APT41,attack-pattern--9efb1ea7-c37b-4595-9640-b7680cd84279,T1547.001,Registry Run Keys / Startup Folder,1
intrusion-set--18854f55-ac7c-4634-bd9a-352dd07613b7,APT41,attack-pattern--e624264c-033a-424d-9fd7-fc9c3bbdb03e,T1550.002,Pass the Hash,1
intrusion-set--18854f55-ac7c-4634-bd9a-352dd07613b7,APT41,attack-pattern--32901740-b42c-4fdd-bc02-345b5dc57082,T1553.002,Code Signing,1
intrusion-set--18854f55-ac7c-4634-bd9a-352dd07613b7,APT41,attack-pattern--3fc9b85a-2862-4363-a64d-d692e3ffbee0,T1555,Credentials from Password Stores,1
intrusion-set--18854f55-ac7c-4634-bd9a-352dd07613b7,APT41,attack-pattern--58a3e6aa-4453-4cc8-a51f-4befe80b31a8,T1555.003,Credentials from Web Browsers,1
intrusion-set--18854f55-ac7c-4634-bd9a-352dd07613b7,APT41,attack-pattern--00f90846-cbd1-4fc5-9233-df5c2bf2a662,T1560.001,Archive via Utility,1
intrusion-set--18854f55-ac7c-4634-bd9a-352dd07613b7,APT41,attack-pattern--2e34237d-8574-43f6-aace-ae2915de8597,T1566.001,Spearphishing Attachment,1
intrusion-set--18854f55-ac7c-4634-bd9a-352dd07613b7,APT41,attack-pattern--118f61a5-eb3e-4fb6-931f-2096647f4ecd,T1568.002,Domain Generation Algorithms,1
intrusion-set--18854f55-ac7c-4634-bd9a-352dd07613b7,APT41,attack-pattern--f1951e8a-500e-4a26-8803-76d95c4554b4,T1569.002,Service Execution,1
intrusion-set--18854f55-ac7c-4634-bd9a-352dd07613b7,APT41,attack-pattern--bf90d72c-c00b-45e3-b3aa-68560560d4c5,T1570,Lateral Tool Transfer,1
intrusion-set--18854f55-ac7c-4634-bd9a-352dd07613b7,APT41,attack-pattern--2fee9321-3e71-4cf4-af24-d4d40d355b34,T1574.001,DLL,1
intrusion-set--18854f55-ac7c-4634-bd9a-352dd07613b7,APT41,attack-pattern--633a100c-b2c9-41bf-9be5-905c1b16c825,T1574.006,Dynamic Linker Hijacking,1
intrusion-set--18854f55-ac7c-4634-bd9a-352dd07613b7,APT41,attack-pattern--a2fdce72-04b2-409a-ac10-cc1695f4fce0,T1588.002,Tool,1
intrusion-set--18854f55-ac7c-4634-bd9a-352dd07613b7,APT41,attack-pattern--5502c4e9-24ef-4d5f-8ee9-9e906c2f82c4,T1595.002,Vulnerability Scanning,1
intrusion-set--18854f55-ac7c-4634-bd9a-352dd07613b7,APT41,attack-pattern--bed04f7d-e48a-4e76-bd0f-4c57fe31fc46,T1595.003,Wordlist Scanning,1
intrusion-set--18854f55-ac7c-4634-bd9a-352dd07613b7,APT41,attack-pattern--ec4be82f-940c-4dcb-87fe-2bbdd17c692f,T1596.005,Scan Databases,1
intrusion-set--18854f55-ac7c-4634-bd9a-352dd07613b7,APT41,attack-pattern--b8017880-4b1e-42de-ad10-ae7ac6705166,T1599,Network Boundary Bridging,1
intrusion-set--18854f55-ac7c-4634-bd9a-352dd07613b7,APT41,attack-pattern--cd92d2b8-ce43-4666-9472-f1b4b9f4f8be,T1684.001,Impersonation,1
intrusion-set--18854f55-ac7c-4634-bd9a-352dd07613b7,APT41,attack-pattern--bbde9781-60aa-4b8a-a911-895b0c1b3872,T1685,Disable or Modify Tools,1
intrusion-set--18854f55-ac7c-4634-bd9a-352dd07613b7,APT41,attack-pattern--75b9a4d2-d4e2-4ca1-9aab-1badd9e05fd0,T1685.005,Clear Windows Event Logs,1
intrusion-set--c0291346-defe-48d7-9542-9e074ba1bdfb,APT42,attack-pattern--707399d6-ab3e-4963-9315-d9d3818cd6a0,T1016,System Network Configuration Discovery,1
intrusion-set--c0291346-defe-48d7-9542-9e074ba1bdfb,APT42,attack-pattern--1c4e5d32-1fe9-4116-9d9d-59e3925bd6a2,T1036.005,Match Legitimate Resource Name or Location,1
intrusion-set--c0291346-defe-48d7-9542-9e074ba1bdfb,APT42,attack-pattern--01a5a209-b94c-450b-b7f9-946497d91055,T1047,Windows Management Instrumentation,1
intrusion-set--c0291346-defe-48d7-9542-9e074ba1bdfb,APT42,attack-pattern--005a06c6-14bf-4118-afa0-ebcd8aebb0c9,T1053.005,Scheduled Task,1
intrusion-set--c0291346-defe-48d7-9542-9e074ba1bdfb,APT42,attack-pattern--bb5a00de-e086-4859-a231-fa793f6797e2,T1056,Input Capture,1
intrusion-set--c0291346-defe-48d7-9542-9e074ba1bdfb,APT42,attack-pattern--09a60ea3-a8d1-4ae5-976e-5783248b72a4,T1056.001,Keylogging,1
intrusion-set--c0291346-defe-48d7-9542-9e074ba1bdfb,APT42,attack-pattern--970a3432-3237-47ad-bcca-7d8cbb217736,T1059.001,PowerShell,1
intrusion-set--c0291346-defe-48d7-9542-9e074ba1bdfb,APT42,attack-pattern--dfd7cc1d-e1d8-4394-a198-97c4cab8aa67,T1059.005,Visual Basic,1
intrusion-set--c0291346-defe-48d7-9542-9e074ba1bdfb,APT42,attack-pattern--799ace7f-e227-4411-baa0-8868704f2a69,T1070,Indicator Removal,1
intrusion-set--c0291346-defe-48d7-9542-9e074ba1bdfb,APT42,attack-pattern--438c967d-3996-4870-bfc2-3954752a1927,T1070.008,Clear Mailbox Data,1
intrusion-set--c0291346-defe-48d7-9542-9e074ba1bdfb,APT42,attack-pattern--df8b2a25-8bdf-4856-953c-a04372b1c161,T1071.001,Web Protocols,1
intrusion-set--c0291346-defe-48d7-9542-9e074ba1bdfb,APT42,attack-pattern--354a7f88-63fb-41b5-a801-ce3b377b36f1,T1082,System Information Discovery,1
intrusion-set--c0291346-defe-48d7-9542-9e074ba1bdfb,APT42,attack-pattern--25659dd6-ea12-45c4-97e6-381e3e4b593e,T1087.001,Local Account,1
intrusion-set--c0291346-defe-48d7-9542-9e074ba1bdfb,APT42,attack-pattern--830c9528-df21-472c-8c14-a036bf17d665,T1102,Web Service,1
intrusion-set--c0291346-defe-48d7-9542-9e074ba1bdfb,APT42,attack-pattern--dd43c543-bb85-4a6f-aa6e-160d90d06a49,T1111,Multi-Factor Authentication Interception,1
intrusion-set--c0291346-defe-48d7-9542-9e074ba1bdfb,APT42,attack-pattern--57340c81-c025-4189-8fa0-fc7ede51bae4,T1112,Modify Registry,1
intrusion-set--c0291346-defe-48d7-9542-9e074ba1bdfb,APT42,attack-pattern--0259baeb-9f63-4c69-bf10-eb038c390688,T1113,Screen Capture,1
intrusion-set--c0291346-defe-48d7-9542-9e074ba1bdfb,APT42,attack-pattern--04fd5427-79c7-44ea-ae13-11b24778ff1c,T1132.001,Standard Encoding,1
intrusion-set--c0291346-defe-48d7-9542-9e074ba1bdfb,APT42,attack-pattern--cba37adb-d6fb-4610-b069-dd04c0643384,T1518.001,Security Software Discovery,1
intrusion-set--c0291346-defe-48d7-9542-9e074ba1bdfb,APT42,attack-pattern--3298ce88-1628-43b1-87d9-0b5336b193d7,T1530,Data from Cloud Storage,1
intrusion-set--c0291346-defe-48d7-9542-9e074ba1bdfb,APT42,attack-pattern--10ffac09-e42d-4f56-ab20-db94c67d76ff,T1539,Steal Web Session Cookie,1
intrusion-set--c0291346-defe-48d7-9542-9e074ba1bdfb,APT42,attack-pattern--1ecb2399-e8ba-4f6b-8ba7-5c27d49405cf,T1547,Boot or Logon Autostart Execution,1
intrusion-set--c0291346-defe-48d7-9542-9e074ba1bdfb,APT42,attack-pattern--58a3e6aa-4453-4cc8-a51f-4befe80b31a8,T1555.003,Credentials from Web Browsers,1
intrusion-set--c0291346-defe-48d7-9542-9e074ba1bdfb,APT42,attack-pattern--2b742742-28c3-4e1b-bab7-8350d6300fa7,T1566.002,Spearphishing Link,1
intrusion-set--c0291346-defe-48d7-9542-9e074ba1bdfb,APT42,attack-pattern--bf176076-b789-408e-8cba-7275e81c0ada,T1573.002,Asymmetric Cryptography,1
intrusion-set--c0291346-defe-48d7-9542-9e074ba1bdfb,APT42,attack-pattern--40f5caa0-4cb7-4117-89fc-d421bb493df3,T1583.001,Domains,1
intrusion-set--c0291346-defe-48d7-9542-9e074ba1bdfb,APT42,attack-pattern--79da0971-3147-4af6-a4f5-e8cd447cd795,T1583.003,Virtual Private Server,1
intrusion-set--c0291346-defe-48d7-9542-9e074ba1bdfb,APT42,attack-pattern--65013dd2-bc61-43e3-afb5-a14c4fa7437a,T1585.002,Email Accounts,1
intrusion-set--c0291346-defe-48d7-9542-9e074ba1bdfb,APT42,attack-pattern--a2fdce72-04b2-409a-ac10-cc1695f4fce0,T1588.002,Tool,1
intrusion-set--c0291346-defe-48d7-9542-9e074ba1bdfb,APT42,attack-pattern--3ee16395-03f0-4690-a32e-69ce9ada0f9e,T1608.001,Upload Malware,1
intrusion-set--c0291346-defe-48d7-9542-9e074ba1bdfb,APT42,attack-pattern--143122a8-fcda-4dd7-aded-5b9387d9c2d6,T1682,Query Public AI Services,1
intrusion-set--c0291346-defe-48d7-9542-9e074ba1bdfb,APT42,attack-pattern--cd92d2b8-ce43-4666-9472-f1b4b9f4f8be,T1684.001,Impersonation,1
intrusion-set--c1aab4c9-4c34-4f4f-8541-d529e46a07f9,APT5,attack-pattern--65f2d882-3f41-4d48-8a06-29af77ec9f90,T1003.001,LSASS Memory,1
intrusion-set--c1aab4c9-4c34-4f4f-8541-d529e46a07f9,APT5,attack-pattern--1644e709-12d2-41e5-a60f-3470991f5011,T1003.002,Security Account Manager,1
intrusion-set--c1aab4c9-4c34-4f4f-8541-d529e46a07f9,APT5,attack-pattern--eb062747-2193-45de-8fa2-e62549c37ddf,T1021.001,Remote Desktop Protocol,1
intrusion-set--c1aab4c9-4c34-4f4f-8541-d529e46a07f9,APT5,attack-pattern--2db31dcd-54da-405d-acef-b9129b816ed6,T1021.004,SSH,1
intrusion-set--c1aab4c9-4c34-4f4f-8541-d529e46a07f9,APT5,attack-pattern--1c4e5d32-1fe9-4116-9d9d-59e3925bd6a2,T1036.005,Match Legitimate Resource Name or Location,1
intrusion-set--c1aab4c9-4c34-4f4f-8541-d529e46a07f9,APT5,attack-pattern--7e150503-88e7-4861-866b-ff1ac82c4475,T1049,System Network Connections Discovery,1
intrusion-set--c1aab4c9-4c34-4f4f-8541-d529e46a07f9,APT5,attack-pattern--2acf44aa-542f-4366-b4eb-55ef5747759c,T1053.003,Cron,1
intrusion-set--c1aab4c9-4c34-4f4f-8541-d529e46a07f9,APT5,attack-pattern--43e7dc91-05b2-474c-b9ac-2ed4fe101f4d,T1055,Process Injection,1
intrusion-set--c1aab4c9-4c34-4f4f-8541-d529e46a07f9,APT5,attack-pattern--09a60ea3-a8d1-4ae5-976e-5783248b72a4,T1056.001,Keylogging,1
intrusion-set--c1aab4c9-4c34-4f4f-8541-d529e46a07f9,APT5,attack-pattern--8f4a33ec-8b1f-4b80-a2f6-642b2e479580,T1057,Process Discovery,1
intrusion-set--c1aab4c9-4c34-4f4f-8541-d529e46a07f9,APT5,attack-pattern--970a3432-3237-47ad-bcca-7d8cbb217736,T1059.001,PowerShell,1
intrusion-set--c1aab4c9-4c34-4f4f-8541-d529e46a07f9,APT5,attack-pattern--d1fcf083-a721-4223-aedf-bf8960798d62,T1059.003,Windows Command Shell,1
intrusion-set--c1aab4c9-4c34-4f4f-8541-d529e46a07f9,APT5,attack-pattern--799ace7f-e227-4411-baa0-8868704f2a69,T1070,Indicator Removal,1
intrusion-set--c1aab4c9-4c34-4f4f-8541-d529e46a07f9,APT5,attack-pattern--3aef9463-9a7a-43ba-8957-a867e07c1e6a,T1070.003,Clear Command History,1
intrusion-set--c1aab4c9-4c34-4f4f-8541-d529e46a07f9,APT5,attack-pattern--d63a3fb8-9452-4e9d-a60a-54be68d5998c,T1070.004,File Deletion,1
intrusion-set--c1aab4c9-4c34-4f4f-8541-d529e46a07f9,APT5,attack-pattern--47f2d673-ca62-47e9-929b-1b0be9657611,T1070.006,Timestomp,1
intrusion-set--c1aab4c9-4c34-4f4f-8541-d529e46a07f9,APT5,attack-pattern--1c34f7aa-9341-4a48-bfab-af22e51aca6c,T1074.001,Local Data Staging,1
intrusion-set--c1aab4c9-4c34-4f4f-8541-d529e46a07f9,APT5,attack-pattern--c3d4bdd9-2cfe-4a80-9d0c-07a29ecdce8f,T1078.002,Domain Accounts,1
intrusion-set--c1aab4c9-4c34-4f4f-8541-d529e46a07f9,APT5,attack-pattern--f232fa7a-025c-4d43-abc7-318e81a73d65,T1078.004,Cloud Accounts,1
intrusion-set--c1aab4c9-4c34-4f4f-8541-d529e46a07f9,APT5,attack-pattern--7bc57495-ea59-4380-be31-a64af124ef18,T1083,File and Directory Discovery,1
intrusion-set--c1aab4c9-4c34-4f4f-8541-d529e46a07f9,APT5,attack-pattern--3e6831b2-bf4c-4ae6-b328-2e7c6633b291,T1098.007,Additional Local or Domain Groups,1
intrusion-set--c1aab4c9-4c34-4f4f-8541-d529e46a07f9,APT5,attack-pattern--635cbe30-392d-4e27-978e-66774357c762,T1136.001,Local Account,1
intrusion-set--c1aab4c9-4c34-4f4f-8541-d529e46a07f9,APT5,attack-pattern--3f886f2a-874f-4333-b794-aa6075009b1c,T1190,Exploit Public-Facing Application,1
intrusion-set--c1aab4c9-4c34-4f4f-8541-d529e46a07f9,APT5,attack-pattern--5d0d3609-d06d-49e1-b9c9-b544e0c618cb,T1505.003,Web Shell,1
intrusion-set--c1aab4c9-4c34-4f4f-8541-d529e46a07f9,APT5,attack-pattern--960c3c86-1480-4d72-b4e0-8c242e84a5c5,T1554,Compromise Host Software Binary,1
intrusion-set--c1aab4c9-4c34-4f4f-8541-d529e46a07f9,APT5,attack-pattern--00f90846-cbd1-4fc5-9233-df5c2bf2a662,T1560.001,Archive via Utility,1
intrusion-set--c1aab4c9-4c34-4f4f-8541-d529e46a07f9,APT5,attack-pattern--31225cd3-cd46-4575-b287-c2c14011c074,T1583.005,Botnet,1
intrusion-set--c1aab4c9-4c34-4f4f-8541-d529e46a07f9,APT5,attack-pattern--866d0d6d-02c6-42bd-aa2f-02907fdc0969,T1654,Log Enumeration,1
intrusion-set--c1aab4c9-4c34-4f4f-8541-d529e46a07f9,APT5,attack-pattern--bbde9781-60aa-4b8a-a911-895b0c1b3872,T1685,Disable or Modify Tools,1
intrusion-set--b8137919-38cb-4db0-90f3-437be885faba,Agrius,attack-pattern--65f2d882-3f41-4d48-8a06-29af77ec9f90,T1003.001,LSASS Memory,1
intrusion-set--b8137919-38cb-4db0-90f3-437be885faba,Agrius,attack-pattern--1644e709-12d2-41e5-a60f-3470991f5011,T1003.002,Security Account Manager,1
intrusion-set--b8137919-38cb-4db0-90f3-437be885faba,Agrius,attack-pattern--3c4a2599-71ee-4405-ba1e-0e28414b4bc5,T1005,Data from Local System,1
intrusion-set--b8137919-38cb-4db0-90f3-437be885faba,Agrius,attack-pattern--e358d692-23c0-4a31-9eb6-ecc13a8d7735,T1018,Remote System Discovery,1
intrusion-set--b8137919-38cb-4db0-90f3-437be885faba,Agrius,attack-pattern--eb062747-2193-45de-8fa2-e62549c37ddf,T1021.001,Remote Desktop Protocol,1
intrusion-set--b8137919-38cb-4db0-90f3-437be885faba,Agrius,attack-pattern--42e8de7b-37b2-4258-905a-6897815e58e0,T1036,Masquerading,1
intrusion-set--b8137919-38cb-4db0-90f3-437be885faba,Agrius,attack-pattern--92d7da27-2d91-488e-a00c-059dc162766d,T1041,Exfiltration Over C2 Channel,1
intrusion-set--b8137919-38cb-4db0-90f3-437be885faba,Agrius,attack-pattern--e3a12395-188d-4051-9a16-ea8e14d07b88,T1046,Network Service Discovery,1
intrusion-set--b8137919-38cb-4db0-90f3-437be885faba,Agrius,attack-pattern--d1fcf083-a721-4223-aedf-bf8960798d62,T1059.003,Windows Command Shell,1
intrusion-set--b8137919-38cb-4db0-90f3-437be885faba,Agrius,attack-pattern--1c34f7aa-9341-4a48-bfab-af22e51aca6c,T1074.001,Local Data Staging,1
intrusion-set--b8137919-38cb-4db0-90f3-437be885faba,Agrius,attack-pattern--c3d4bdd9-2cfe-4a80-9d0c-07a29ecdce8f,T1078.002,Domain Accounts,1
intrusion-set--b8137919-38cb-4db0-90f3-437be885faba,Agrius,attack-pattern--a93494bb-4b80-4ea1-8695-3236a49916fd,T1110,Brute Force,1
intrusion-set--b8137919-38cb-4db0-90f3-437be885faba,Agrius,attack-pattern--692074ae-bb62-4a5e-a735-02cb6bde458c,T1110.003,Password Spraying,1
intrusion-set--b8137919-38cb-4db0-90f3-437be885faba,Agrius,attack-pattern--30208d3e-0d6b-43c8-883e-44462a514619,T1119,Automated Collection,1
intrusion-set--b8137919-38cb-4db0-90f3-437be885faba,Agrius,attack-pattern--3ccef7ae-cb5e-48f6-8302-897105fbf55c,T1140,Deobfuscate/Decode Files or Information,1
intrusion-set--b8137919-38cb-4db0-90f3-437be885faba,Agrius,attack-pattern--3f886f2a-874f-4333-b794-aa6075009b1c,T1190,Exploit Public-Facing Application,1
intrusion-set--b8137919-38cb-4db0-90f3-437be885faba,Agrius,attack-pattern--5d0d3609-d06d-49e1-b9c9-b544e0c618cb,T1505.003,Web Shell,1
intrusion-set--b8137919-38cb-4db0-90f3-437be885faba,Agrius,attack-pattern--2959d63f-73fd-46a1-abd2-109d7dcede32,T1543.003,Windows Service,1
intrusion-set--b8137919-38cb-4db0-90f3-437be885faba,Agrius,attack-pattern--00f90846-cbd1-4fc5-9233-df5c2bf2a662,T1560.001,Archive via Utility,1
intrusion-set--b8137919-38cb-4db0-90f3-437be885faba,Agrius,attack-pattern--bf90d72c-c00b-45e3-b3aa-68560560d4c5,T1570,Lateral Tool Transfer,1
intrusion-set--b8137919-38cb-4db0-90f3-437be885faba,Agrius,attack-pattern--0458aab9-ad42-4eac-9e22-706a95bafee2,T1583,Acquire Infrastructure,1
intrusion-set--b8137919-38cb-4db0-90f3-437be885faba,Agrius,attack-pattern--bbde9781-60aa-4b8a-a911-895b0c1b3872,T1685,Disable or Modify Tools,1
intrusion-set--fa19de15-6169-428d-9cd6-3ca3d56075b7,Ajax Security Team,attack-pattern--09a60ea3-a8d1-4ae5-976e-5783248b72a4,T1056.001,Keylogging,1
intrusion-set--fa19de15-6169-428d-9cd6-3ca3d56075b7,Ajax Security Team,attack-pattern--e6919abc-99f9-4c6c-95a5-14761e7b2add,T1105,Ingress Tool Transfer,1
intrusion-set--fa19de15-6169-428d-9cd6-3ca3d56075b7,Ajax Security Team,attack-pattern--232b7f21-adf9-4b42-b936-b9d6f7df856e,T1204.002,Malicious File,1
intrusion-set--fa19de15-6169-428d-9cd6-3ca3d56075b7,Ajax Security Team,attack-pattern--58a3e6aa-4453-4cc8-a51f-4befe80b31a8,T1555.003,Credentials from Web Browsers,1
intrusion-set--fa19de15-6169-428d-9cd6-3ca3d56075b7,Ajax Security Team,attack-pattern--2e34237d-8574-43f6-aace-ae2915de8597,T1566.001,Spearphishing Attachment,1
intrusion-set--fa19de15-6169-428d-9cd6-3ca3d56075b7,Ajax Security Team,attack-pattern--f6ad61ee-65f3-4bd0-a3f5-2f0accb36317,T1566.003,Spearphishing via Service,1
intrusion-set--46bb06cb-f2d9-4b37-8c92-a27e224ad90d,Akira,attack-pattern--e358d692-23c0-4a31-9eb6-ecc13a8d7735,T1018,Remote System Discovery,1
intrusion-set--46bb06cb-f2d9-4b37-8c92-a27e224ad90d,Akira,attack-pattern--eb062747-2193-45de-8fa2-e62549c37ddf,T1021.001,Remote Desktop Protocol,1
intrusion-set--46bb06cb-f2d9-4b37-8c92-a27e224ad90d,Akira,attack-pattern--5bfccc3f-2326-4112-86cc-c1ece9d8a2b5,T1027.001,Binary Padding,1
intrusion-set--46bb06cb-f2d9-4b37-8c92-a27e224ad90d,Akira,attack-pattern--1c4e5d32-1fe9-4116-9d9d-59e3925bd6a2,T1036.005,Match Legitimate Resource Name or Location,1
intrusion-set--46bb06cb-f2d9-4b37-8c92-a27e224ad90d,Akira,attack-pattern--970a3432-3237-47ad-bcca-7d8cbb217736,T1059.001,PowerShell,1
intrusion-set--46bb06cb-f2d9-4b37-8c92-a27e224ad90d,Akira,attack-pattern--b17a1a56-e99c-403c-8948-561df0cffe81,T1078,Valid Accounts,1
intrusion-set--46bb06cb-f2d9-4b37-8c92-a27e224ad90d,Akira,attack-pattern--10d51417-ee35-4589-b1ff-b6df1c334e8d,T1133,External Remote Services,1
intrusion-set--46bb06cb-f2d9-4b37-8c92-a27e224ad90d,Akira,attack-pattern--0c4b4fda-9062-47da-98b9-ceae2dcf052a,T1213.002,Sharepoint,1
intrusion-set--46bb06cb-f2d9-4b37-8c92-a27e224ad90d,Akira,attack-pattern--4061e78c-1284-44b4-9116-73e4ac3912f7,T1219,Remote Access Tools,1
intrusion-set--46bb06cb-f2d9-4b37-8c92-a27e224ad90d,Akira,attack-pattern--767dbf9e-df3f-45cb-8998-4903ab5f80c0,T1482,Domain Trust Discovery,1
intrusion-set--46bb06cb-f2d9-4b37-8c92-a27e224ad90d,Akira,attack-pattern--b80d107d-fa0d-4b60-9684-b0433e8bdba0,T1486,Data Encrypted for Impact,1
intrusion-set--46bb06cb-f2d9-4b37-8c92-a27e224ad90d,Akira,attack-pattern--b24e2a20-3b3d-4bf0-823b-1ed765398fb0,T1531,Account Access Removal,1
intrusion-set--46bb06cb-f2d9-4b37-8c92-a27e224ad90d,Akira,attack-pattern--3fc01293-ef5e-41c6-86ce-61f10706b64a,T1558,Steal or Forge Kerberos Tickets,1
intrusion-set--46bb06cb-f2d9-4b37-8c92-a27e224ad90d,Akira,attack-pattern--00f90846-cbd1-4fc5-9233-df5c2bf2a662,T1560.001,Archive via Utility,1
intrusion-set--46bb06cb-f2d9-4b37-8c92-a27e224ad90d,Akira,attack-pattern--bf1b6176-597c-4600-bfcd-ac989670f96b,T1567.002,Exfiltration to Cloud Storage,1
intrusion-set--46bb06cb-f2d9-4b37-8c92-a27e224ad90d,Akira,attack-pattern--851e071f-208d-4c79-adc6-5974c85c78f3,T1657,Financial Theft,1
intrusion-set--46bb06cb-f2d9-4b37-8c92-a27e224ad90d,Akira,attack-pattern--bbde9781-60aa-4b8a-a911-895b0c1b3872,T1685,Disable or Modify Tools,1
intrusion-set--39d6890e-7f23-4474-b8ef-e7b0343c5fc8,Andariel,attack-pattern--3c4a2599-71ee-4405-ba1e-0e28414b4bc5,T1005,Data from Local System,1
intrusion-set--39d6890e-7f23-4474-b8ef-e7b0343c5fc8,Andariel,attack-pattern--c2e147a9-d1a8-4074-811a-d8789202d916,T1027.003,Steganography,1
intrusion-set--39d6890e-7f23-4474-b8ef-e7b0343c5fc8,Andariel,attack-pattern--7e150503-88e7-4861-866b-ff1ac82c4475,T1049,System Network Connections Discovery,1
intrusion-set--39d6890e-7f23-4474-b8ef-e7b0343c5fc8,Andariel,attack-pattern--8f4a33ec-8b1f-4b80-a2f6-642b2e479580,T1057,Process Discovery,1
intrusion-set--39d6890e-7f23-4474-b8ef-e7b0343c5fc8,Andariel,attack-pattern--e6919abc-99f9-4c6c-95a5-14761e7b2add,T1105,Ingress Tool Transfer,1
intrusion-set--39d6890e-7f23-4474-b8ef-e7b0343c5fc8,Andariel,attack-pattern--d742a578-d70e-4d0e-96a6-02a9c30204e6,T1189,Drive-by Compromise,1
intrusion-set--39d6890e-7f23-4474-b8ef-e7b0343c5fc8,Andariel,attack-pattern--be2dcee9-a7a7-4e38-afd6-21b31ecc3d63,T1203,Exploitation for Client Execution,1
intrusion-set--39d6890e-7f23-4474-b8ef-e7b0343c5fc8,Andariel,attack-pattern--232b7f21-adf9-4b42-b936-b9d6f7df856e,T1204.002,Malicious File,1
intrusion-set--39d6890e-7f23-4474-b8ef-e7b0343c5fc8,Andariel,attack-pattern--2e34237d-8574-43f6-aace-ae2915de8597,T1566.001,Spearphishing Attachment,1
intrusion-set--39d6890e-7f23-4474-b8ef-e7b0343c5fc8,Andariel,attack-pattern--7807d3a4-a885-4639-a786-c1ed41484970,T1588.001,Malware,1
intrusion-set--39d6890e-7f23-4474-b8ef-e7b0343c5fc8,Andariel,attack-pattern--0dda99f0-4701-48ca-9774-8504922e92d3,T1590.005,IP Addresses,1
intrusion-set--39d6890e-7f23-4474-b8ef-e7b0343c5fc8,Andariel,attack-pattern--baf60e1a-afe5-4d31-830f-1b1ba2351884,T1592.002,Software,1
intrusion-set--64d5f96a-f121-4d19-89f6-6709f5c49faa,Aoqin Dragon,attack-pattern--deb98323-e13f-4b0c-8d94-175379069062,T1027.002,Software Packing,1
intrusion-set--64d5f96a-f121-4d19-89f6-6709f5c49faa,Aoqin Dragon,attack-pattern--42e8de7b-37b2-4258-905a-6897815e58e0,T1036,Masquerading,1
intrusion-set--64d5f96a-f121-4d19-89f6-6709f5c49faa,Aoqin Dragon,attack-pattern--7bc57495-ea59-4380-be31-a64af124ef18,T1083,File and Directory Discovery,1
intrusion-set--64d5f96a-f121-4d19-89f6-6709f5c49faa,Aoqin Dragon,attack-pattern--3b744087-9945-4a6f-91e8-9dbceda417a4,T1091,Replication Through Removable Media,1
intrusion-set--64d5f96a-f121-4d19-89f6-6709f5c49faa,Aoqin Dragon,attack-pattern--be2dcee9-a7a7-4e38-afd6-21b31ecc3d63,T1203,Exploitation for Client Execution,1
intrusion-set--64d5f96a-f121-4d19-89f6-6709f5c49faa,Aoqin Dragon,attack-pattern--232b7f21-adf9-4b42-b936-b9d6f7df856e,T1204.002,Malicious File,1
intrusion-set--64d5f96a-f121-4d19-89f6-6709f5c49faa,Aoqin Dragon,attack-pattern--bf90d72c-c00b-45e3-b3aa-68560560d4c5,T1570,Lateral Tool Transfer,1
intrusion-set--64d5f96a-f121-4d19-89f6-6709f5c49faa,Aoqin Dragon,attack-pattern--212306d8-efa4-44c9-8c2d-ed3d2e224aa0,T1587.001,Malware,1
intrusion-set--64d5f96a-f121-4d19-89f6-6709f5c49faa,Aoqin Dragon,attack-pattern--a2fdce72-04b2-409a-ac10-cc1695f4fce0,T1588.002,Tool,1
intrusion-set--14225573-63b5-4e50-ba9a-5fdcaf6a7b4c,AppleJeus,attack-pattern--a62a8db3-f23a-4d8f-afd6-9dbc77e7813b,T1566,Phishing,1
intrusion-set--14225573-63b5-4e50-ba9a-5fdcaf6a7b4c,AppleJeus,attack-pattern--851e071f-208d-4c79-adc6-5974c85c78f3,T1657,Financial Theft,1
intrusion-set--64b52e7d-b2c4-4a02-9372-08a463f5dc11,Aquatic Panda,attack-pattern--65f2d882-3f41-4d48-8a06-29af77ec9f90,T1003.001,LSASS Memory,1
intrusion-set--64b52e7d-b2c4-4a02-9372-08a463f5dc11,Aquatic Panda,attack-pattern--3c4a2599-71ee-4405-ba1e-0e28414b4bc5,T1005,Data from Local System,1
intrusion-set--64b52e7d-b2c4-4a02-9372-08a463f5dc11,Aquatic Panda,attack-pattern--322bad5a-1c49-4d23-ab79-76d641794afa,T1007,System Service Discovery,1
intrusion-set--64b52e7d-b2c4-4a02-9372-08a463f5dc11,Aquatic Panda,attack-pattern--54a649ff-439a-41a4-9856-8d144a2551ba,T1021,Remote Services,1
intrusion-set--64b52e7d-b2c4-4a02-9372-08a463f5dc11,Aquatic Panda,attack-pattern--eb062747-2193-45de-8fa2-e62549c37ddf,T1021.001,Remote Desktop Protocol,1
intrusion-set--64b52e7d-b2c4-4a02-9372-08a463f5dc11,Aquatic Panda,attack-pattern--4f9ca633-15c5-463c-9724-bdcd54fde541,T1021.002,SMB/Windows Admin Shares,1
intrusion-set--64b52e7d-b2c4-4a02-9372-08a463f5dc11,Aquatic Panda,attack-pattern--2db31dcd-54da-405d-acef-b9129b816ed6,T1021.004,SSH,1
intrusion-set--64b52e7d-b2c4-4a02-9372-08a463f5dc11,Aquatic Panda,attack-pattern--d511a6f6-4a33-41d5-bc95-c343875d1377,T1027.010,Command Obfuscation,1
intrusion-set--64b52e7d-b2c4-4a02-9372-08a463f5dc11,Aquatic Panda,attack-pattern--03d7999c-1f4c-42cc-8373-e7690d318104,T1033,System Owner/User Discovery,1
intrusion-set--64b52e7d-b2c4-4a02-9372-08a463f5dc11,Aquatic Panda,attack-pattern--7bdca9d5-d500-4d7d-8c52-5fd47baf4c0c,T1036.004,Masquerade Task or Service,1
intrusion-set--64b52e7d-b2c4-4a02-9372-08a463f5dc11,Aquatic Panda,attack-pattern--1c4e5d32-1fe9-4116-9d9d-59e3925bd6a2,T1036.005,Match Legitimate Resource Name or Location,1
intrusion-set--64b52e7d-b2c4-4a02-9372-08a463f5dc11,Aquatic Panda,attack-pattern--01a5a209-b94c-450b-b7f9-946497d91055,T1047,Windows Management Instrumentation,1
intrusion-set--64b52e7d-b2c4-4a02-9372-08a463f5dc11,Aquatic Panda,attack-pattern--970a3432-3237-47ad-bcca-7d8cbb217736,T1059.001,PowerShell,1
intrusion-set--64b52e7d-b2c4-4a02-9372-08a463f5dc11,Aquatic Panda,attack-pattern--d1fcf083-a721-4223-aedf-bf8960798d62,T1059.003,Windows Command Shell,1
intrusion-set--64b52e7d-b2c4-4a02-9372-08a463f5dc11,Aquatic Panda,attack-pattern--a9d4b653-6915-42af-98b2-5758c4ceee56,T1059.004,Unix Shell,1
intrusion-set--64b52e7d-b2c4-4a02-9372-08a463f5dc11,Aquatic Panda,attack-pattern--3aef9463-9a7a-43ba-8957-a867e07c1e6a,T1070.003,Clear Command History,1
intrusion-set--64b52e7d-b2c4-4a02-9372-08a463f5dc11,Aquatic Panda,attack-pattern--d63a3fb8-9452-4e9d-a60a-54be68d5998c,T1070.004,File Deletion,1
intrusion-set--64b52e7d-b2c4-4a02-9372-08a463f5dc11,Aquatic Panda,attack-pattern--c3d4bdd9-2cfe-4a80-9d0c-07a29ecdce8f,T1078.002,Domain Accounts,1
intrusion-set--64b52e7d-b2c4-4a02-9372-08a463f5dc11,Aquatic Panda,attack-pattern--354a7f88-63fb-41b5-a801-ce3b377b36f1,T1082,System Information Discovery,1
intrusion-set--64b52e7d-b2c4-4a02-9372-08a463f5dc11,Aquatic Panda,attack-pattern--72b74d71-8169-42aa-92e0-e7b04b9f5a08,T1087,Account Discovery,1
intrusion-set--64b52e7d-b2c4-4a02-9372-08a463f5dc11,Aquatic Panda,attack-pattern--e6919abc-99f9-4c6c-95a5-14761e7b2add,T1105,Ingress Tool Transfer,1
intrusion-set--64b52e7d-b2c4-4a02-9372-08a463f5dc11,Aquatic Panda,attack-pattern--57340c81-c025-4189-8fa0-fc7ede51bae4,T1112,Modify Registry,1
intrusion-set--64b52e7d-b2c4-4a02-9372-08a463f5dc11,Aquatic Panda,attack-pattern--045d0922-2310-4e60-b5e4-3302302cb3c5,T1218.011,Rundll32,1
intrusion-set--64b52e7d-b2c4-4a02-9372-08a463f5dc11,Aquatic Panda,attack-pattern--cba37adb-d6fb-4610-b069-dd04c0643384,T1518.001,Security Software Discovery,1
intrusion-set--64b52e7d-b2c4-4a02-9372-08a463f5dc11,Aquatic Panda,attack-pattern--2959d63f-73fd-46a1-abd2-109d7dcede32,T1543.003,Windows Service,1
intrusion-set--64b52e7d-b2c4-4a02-9372-08a463f5dc11,Aquatic Panda,attack-pattern--e624264c-033a-424d-9fd7-fc9c3bbdb03e,T1550.002,Pass the Hash,1
intrusion-set--64b52e7d-b2c4-4a02-9372-08a463f5dc11,Aquatic Panda,attack-pattern--00f90846-cbd1-4fc5-9233-df5c2bf2a662,T1560.001,Archive via Utility,1
intrusion-set--64b52e7d-b2c4-4a02-9372-08a463f5dc11,Aquatic Panda,attack-pattern--2fee9321-3e71-4cf4-af24-d4d40d355b34,T1574.001,DLL,1
intrusion-set--64b52e7d-b2c4-4a02-9372-08a463f5dc11,Aquatic Panda,attack-pattern--633a100c-b2c9-41bf-9be5-905c1b16c825,T1574.006,Dynamic Linker Hijacking,1
intrusion-set--64b52e7d-b2c4-4a02-9372-08a463f5dc11,Aquatic Panda,attack-pattern--7807d3a4-a885-4639-a786-c1ed41484970,T1588.001,Malware,1
intrusion-set--64b52e7d-b2c4-4a02-9372-08a463f5dc11,Aquatic Panda,attack-pattern--a2fdce72-04b2-409a-ac10-cc1695f4fce0,T1588.002,Tool,1
intrusion-set--64b52e7d-b2c4-4a02-9372-08a463f5dc11,Aquatic Panda,attack-pattern--5502c4e9-24ef-4d5f-8ee9-9e906c2f82c4,T1595.002,Vulnerability Scanning,1
intrusion-set--64b52e7d-b2c4-4a02-9372-08a463f5dc11,Aquatic Panda,attack-pattern--866d0d6d-02c6-42bd-aa2f-02907fdc0969,T1654,Log Enumeration,1
intrusion-set--64b52e7d-b2c4-4a02-9372-08a463f5dc11,Aquatic Panda,attack-pattern--bbde9781-60aa-4b8a-a911-895b0c1b3872,T1685,Disable or Modify Tools,1
intrusion-set--64b52e7d-b2c4-4a02-9372-08a463f5dc11,Aquatic Panda,attack-pattern--75b9a4d2-d4e2-4ca1-9aab-1badd9e05fd0,T1685.005,Clear Windows Event Logs,1
intrusion-set--a0cb9370-e39b-44d5-9f50-ef78e412b973,Axiom,attack-pattern--eec23884-3fa1-4d8a-ac50-6f104d51e235,T1001.002,Steganography,1
intrusion-set--a0cb9370-e39b-44d5-9f50-ef78e412b973,Axiom,attack-pattern--0a3ead4e-6d47-4ccb-854c-a6a4f9d96b22,T1003,OS Credential Dumping,1
intrusion-set--a0cb9370-e39b-44d5-9f50-ef78e412b973,Axiom,attack-pattern--3c4a2599-71ee-4405-ba1e-0e28414b4bc5,T1005,Data from Local System,1
intrusion-set--a0cb9370-e39b-44d5-9f50-ef78e412b973,Axiom,attack-pattern--eb062747-2193-45de-8fa2-e62549c37ddf,T1021.001,Remote Desktop Protocol,1
intrusion-set--a0cb9370-e39b-44d5-9f50-ef78e412b973,Axiom,attack-pattern--b17a1a56-e99c-403c-8948-561df0cffe81,T1078,Valid Accounts,1
intrusion-set--a0cb9370-e39b-44d5-9f50-ef78e412b973,Axiom,attack-pattern--d742a578-d70e-4d0e-96a6-02a9c30204e6,T1189,Drive-by Compromise,1
intrusion-set--a0cb9370-e39b-44d5-9f50-ef78e412b973,Axiom,attack-pattern--3f886f2a-874f-4333-b794-aa6075009b1c,T1190,Exploit Public-Facing Application,1
intrusion-set--a0cb9370-e39b-44d5-9f50-ef78e412b973,Axiom,attack-pattern--be2dcee9-a7a7-4e38-afd6-21b31ecc3d63,T1203,Exploitation for Client Execution,1
intrusion-set--a0cb9370-e39b-44d5-9f50-ef78e412b973,Axiom,attack-pattern--70e52b04-2a0c-4cea-9d18-7149f1df9dc5,T1546.008,Accessibility Features,1
intrusion-set--a0cb9370-e39b-44d5-9f50-ef78e412b973,Axiom,attack-pattern--b83e166d-13d7-4b52-8677-dff90c548fd7,T1553,Subvert Trust Controls,1
intrusion-set--a0cb9370-e39b-44d5-9f50-ef78e412b973,Axiom,attack-pattern--53ac20cd-aca3-406e-9aa0-9fc7fdc60a5a,T1560,Archive Collected Data,1
intrusion-set--a0cb9370-e39b-44d5-9f50-ef78e412b973,Axiom,attack-pattern--e0033c16-a07e-48aa-8204-7c3ca669998c,T1563.002,RDP Hijacking,1
intrusion-set--a0cb9370-e39b-44d5-9f50-ef78e412b973,Axiom,attack-pattern--a62a8db3-f23a-4d8f-afd6-9dbc77e7813b,T1566,Phishing,1
intrusion-set--a0cb9370-e39b-44d5-9f50-ef78e412b973,Axiom,attack-pattern--197ef1b9-e764-46c3-b96c-23f77985dc81,T1583.002,DNS Server,1
intrusion-set--a0cb9370-e39b-44d5-9f50-ef78e412b973,Axiom,attack-pattern--79da0971-3147-4af6-a4f5-e8cd447cd795,T1583.003,Virtual Private Server,1
intrusion-set--a0cb9370-e39b-44d5-9f50-ef78e412b973,Axiom,attack-pattern--810d8072-afb6-4a56-9ee7-86379ac4a6f3,T1584.005,Botnet,1
intrusion-set--7f848c02-4d1e-4808-a4ae-4670681370a9,BITTER,attack-pattern--0d91b3c0-5e50-47c3-949a-2a796f04d144,T1027.013,Encrypted/Encoded File,1
intrusion-set--7f848c02-4d1e-4808-a4ae-4670681370a9,BITTER,attack-pattern--7bdca9d5-d500-4d7d-8c52-5fd47baf4c0c,T1036.004,Masquerade Task or Service,1
intrusion-set--7f848c02-4d1e-4808-a4ae-4670681370a9,BITTER,attack-pattern--005a06c6-14bf-4118-afa0-ebcd8aebb0c9,T1053.005,Scheduled Task,1
intrusion-set--7f848c02-4d1e-4808-a4ae-4670681370a9,BITTER,attack-pattern--b21c3b2d-02e6-45b1-980b-e69051040839,T1068,Exploitation for Privilege Escalation,1
intrusion-set--7f848c02-4d1e-4808-a4ae-4670681370a9,BITTER,attack-pattern--df8b2a25-8bdf-4856-953c-a04372b1c161,T1071.001,Web Protocols,1
intrusion-set--7f848c02-4d1e-4808-a4ae-4670681370a9,BITTER,attack-pattern--c21d5a77-d422-4a69-acd7-2c53c1faa34b,T1095,Non-Application Layer Protocol,1
intrusion-set--7f848c02-4d1e-4808-a4ae-4670681370a9,BITTER,attack-pattern--e6919abc-99f9-4c6c-95a5-14761e7b2add,T1105,Ingress Tool Transfer,1
intrusion-set--7f848c02-4d1e-4808-a4ae-4670681370a9,BITTER,attack-pattern--be2dcee9-a7a7-4e38-afd6-21b31ecc3d63,T1203,Exploitation for Client Execution,1
intrusion-set--7f848c02-4d1e-4808-a4ae-4670681370a9,BITTER,attack-pattern--232b7f21-adf9-4b42-b936-b9d6f7df856e,T1204.002,Malicious File,1
intrusion-set--7f848c02-4d1e-4808-a4ae-4670681370a9,BITTER,attack-pattern--232a7e42-cd6e-4902-8fe9-2960f529dd4d,T1559.002,Dynamic Data Exchange,1
intrusion-set--7f848c02-4d1e-4808-a4ae-4670681370a9,BITTER,attack-pattern--2e34237d-8574-43f6-aace-ae2915de8597,T1566.001,Spearphishing Attachment,1
intrusion-set--7f848c02-4d1e-4808-a4ae-4670681370a9,BITTER,attack-pattern--7bd9c723-2f78-4309-82c5-47cad406572b,T1568,Dynamic Resolution,1
intrusion-set--7f848c02-4d1e-4808-a4ae-4670681370a9,BITTER,attack-pattern--b8902400-e6c5-4ba2-95aa-2d35b442b118,T1573,Encrypted Channel,1
intrusion-set--7f848c02-4d1e-4808-a4ae-4670681370a9,BITTER,attack-pattern--40f5caa0-4cb7-4117-89fc-d421bb493df3,T1583.001,Domains,1
intrusion-set--7f848c02-4d1e-4808-a4ae-4670681370a9,BITTER,attack-pattern--a2fdce72-04b2-409a-ac10-cc1695f4fce0,T1588.002,Tool,1
intrusion-set--7f848c02-4d1e-4808-a4ae-4670681370a9,BITTER,attack-pattern--3ee16395-03f0-4690-a32e-69ce9ada0f9e,T1608.001,Upload Malware,1
intrusion-set--93f52415-0fe4-4d3d-896c-fc9b8e88ab90,BRONZE BUTLER,attack-pattern--65f2d882-3f41-4d48-8a06-29af77ec9f90,T1003.001,LSASS Memory,1
intrusion-set--93f52415-0fe4-4d3d-896c-fc9b8e88ab90,BRONZE BUTLER,attack-pattern--3c4a2599-71ee-4405-ba1e-0e28414b4bc5,T1005,Data from Local System,1
intrusion-set--93f52415-0fe4-4d3d-896c-fc9b8e88ab90,BRONZE BUTLER,attack-pattern--322bad5a-1c49-4d23-ab79-76d641794afa,T1007,System Service Discovery,1
intrusion-set--93f52415-0fe4-4d3d-896c-fc9b8e88ab90,BRONZE BUTLER,attack-pattern--e358d692-23c0-4a31-9eb6-ecc13a8d7735,T1018,Remote System Discovery,1
intrusion-set--93f52415-0fe4-4d3d-896c-fc9b8e88ab90,BRONZE BUTLER,attack-pattern--5bfccc3f-2326-4112-86cc-c1ece9d8a2b5,T1027.001,Binary Padding,1
intrusion-set--93f52415-0fe4-4d3d-896c-fc9b8e88ab90,BRONZE BUTLER,attack-pattern--c2e147a9-d1a8-4074-811a-d8789202d916,T1027.003,Steganography,1
intrusion-set--93f52415-0fe4-4d3d-896c-fc9b8e88ab90,BRONZE BUTLER,attack-pattern--42e8de7b-37b2-4258-905a-6897815e58e0,T1036,Masquerading,1
intrusion-set--93f52415-0fe4-4d3d-896c-fc9b8e88ab90,BRONZE BUTLER,attack-pattern--77eae145-55db-4519-8ae5-77b0c7215d69,T1036.002,Right-to-Left Override,1
intrusion-set--93f52415-0fe4-4d3d-896c-fc9b8e88ab90,BRONZE BUTLER,attack-pattern--1c4e5d32-1fe9-4116-9d9d-59e3925bd6a2,T1036.005,Match Legitimate Resource Name or Location,1
intrusion-set--93f52415-0fe4-4d3d-896c-fc9b8e88ab90,BRONZE BUTLER,attack-pattern--ae676644-d2d2-41b7-af7e-9bed1b55898c,T1039,Data from Network Shared Drive,1
intrusion-set--93f52415-0fe4-4d3d-896c-fc9b8e88ab90,BRONZE BUTLER,attack-pattern--f3d95a1f-bba2-44ce-9af7-37866cd63fd0,T1053.002,At,1
intrusion-set--93f52415-0fe4-4d3d-896c-fc9b8e88ab90,BRONZE BUTLER,attack-pattern--005a06c6-14bf-4118-afa0-ebcd8aebb0c9,T1053.005,Scheduled Task,1
intrusion-set--93f52415-0fe4-4d3d-896c-fc9b8e88ab90,BRONZE BUTLER,attack-pattern--970a3432-3237-47ad-bcca-7d8cbb217736,T1059.001,PowerShell,1
intrusion-set--93f52415-0fe4-4d3d-896c-fc9b8e88ab90,BRONZE BUTLER,attack-pattern--d1fcf083-a721-4223-aedf-bf8960798d62,T1059.003,Windows Command Shell,1
intrusion-set--93f52415-0fe4-4d3d-896c-fc9b8e88ab90,BRONZE BUTLER,attack-pattern--dfd7cc1d-e1d8-4394-a198-97c4cab8aa67,T1059.005,Visual Basic,1
intrusion-set--93f52415-0fe4-4d3d-896c-fc9b8e88ab90,BRONZE BUTLER,attack-pattern--cc3502b5-30cc-4473-ad48-42d51a6ef6d1,T1059.006,Python,1
intrusion-set--93f52415-0fe4-4d3d-896c-fc9b8e88ab90,BRONZE BUTLER,attack-pattern--d63a3fb8-9452-4e9d-a60a-54be68d5998c,T1070.004,File Deletion,1
intrusion-set--93f52415-0fe4-4d3d-896c-fc9b8e88ab90,BRONZE BUTLER,attack-pattern--df8b2a25-8bdf-4856-953c-a04372b1c161,T1071.001,Web Protocols,1
intrusion-set--93f52415-0fe4-4d3d-896c-fc9b8e88ab90,BRONZE BUTLER,attack-pattern--246fd3c7-f5e3-466d-8787-4c13d9e3b61c,T1080,Taint Shared Content,1
intrusion-set--93f52415-0fe4-4d3d-896c-fc9b8e88ab90,BRONZE BUTLER,attack-pattern--7bc57495-ea59-4380-be31-a64af124ef18,T1083,File and Directory Discovery,1
intrusion-set--93f52415-0fe4-4d3d-896c-fc9b8e88ab90,BRONZE BUTLER,attack-pattern--21875073-b0ee-49e3-9077-1e2a885359af,T1087.002,Domain Account,1
intrusion-set--93f52415-0fe4-4d3d-896c-fc9b8e88ab90,BRONZE BUTLER,attack-pattern--f7827069-0bf2-4764-af4f-23fae0d181b7,T1102.001,Dead Drop Resolver,1
intrusion-set--93f52415-0fe4-4d3d-896c-fc9b8e88ab90,BRONZE BUTLER,attack-pattern--e6919abc-99f9-4c6c-95a5-14761e7b2add,T1105,Ingress Tool Transfer,1
intrusion-set--93f52415-0fe4-4d3d-896c-fc9b8e88ab90,BRONZE BUTLER,attack-pattern--0259baeb-9f63-4c69-bf10-eb038c390688,T1113,Screen Capture,1
intrusion-set--93f52415-0fe4-4d3d-896c-fc9b8e88ab90,BRONZE BUTLER,attack-pattern--f3c544dc-673c-4ef3-accb-53229f1ae077,T1124,System Time Discovery,1
intrusion-set--93f52415-0fe4-4d3d-896c-fc9b8e88ab90,BRONZE BUTLER,attack-pattern--04fd5427-79c7-44ea-ae13-11b24778ff1c,T1132.001,Standard Encoding,1
intrusion-set--93f52415-0fe4-4d3d-896c-fc9b8e88ab90,BRONZE BUTLER,attack-pattern--3ccef7ae-cb5e-48f6-8302-897105fbf55c,T1140,Deobfuscate/Decode Files or Information,1
intrusion-set--93f52415-0fe4-4d3d-896c-fc9b8e88ab90,BRONZE BUTLER,attack-pattern--d742a578-d70e-4d0e-96a6-02a9c30204e6,T1189,Drive-by Compromise,1
intrusion-set--93f52415-0fe4-4d3d-896c-fc9b8e88ab90,BRONZE BUTLER,attack-pattern--be2dcee9-a7a7-4e38-afd6-21b31ecc3d63,T1203,Exploitation for Client Execution,1
intrusion-set--93f52415-0fe4-4d3d-896c-fc9b8e88ab90,BRONZE BUTLER,attack-pattern--232b7f21-adf9-4b42-b936-b9d6f7df856e,T1204.002,Malicious File,1
intrusion-set--93f52415-0fe4-4d3d-896c-fc9b8e88ab90,BRONZE BUTLER,attack-pattern--e3b6daca-e963-4a69-aee6-ed4fd653ad58,T1518,Software Discovery,1
intrusion-set--93f52415-0fe4-4d3d-896c-fc9b8e88ab90,BRONZE BUTLER,attack-pattern--9efb1ea7-c37b-4595-9640-b7680cd84279,T1547.001,Registry Run Keys / Startup Folder,1
intrusion-set--93f52415-0fe4-4d3d-896c-fc9b8e88ab90,BRONZE BUTLER,attack-pattern--120d5519-3098-4e1c-9191-2aa61232f073,T1548.002,Bypass User Account Control,1
intrusion-set--93f52415-0fe4-4d3d-896c-fc9b8e88ab90,BRONZE BUTLER,attack-pattern--7b211ac6-c815-4189-93a9-ab415deca926,T1550.003,Pass the Ticket,1
intrusion-set--93f52415-0fe4-4d3d-896c-fc9b8e88ab90,BRONZE BUTLER,attack-pattern--00f90846-cbd1-4fc5-9233-df5c2bf2a662,T1560.001,Archive via Utility,1
intrusion-set--93f52415-0fe4-4d3d-896c-fc9b8e88ab90,BRONZE BUTLER,attack-pattern--2e34237d-8574-43f6-aace-ae2915de8597,T1566.001,Spearphishing Attachment,1
intrusion-set--93f52415-0fe4-4d3d-896c-fc9b8e88ab90,BRONZE BUTLER,attack-pattern--24bfaeba-cb0d-4525-b3dc-507c77ecec41,T1573.001,Symmetric Cryptography,1
intrusion-set--93f52415-0fe4-4d3d-896c-fc9b8e88ab90,BRONZE BUTLER,attack-pattern--2fee9321-3e71-4cf4-af24-d4d40d355b34,T1574.001,DLL,1
intrusion-set--93f52415-0fe4-4d3d-896c-fc9b8e88ab90,BRONZE BUTLER,attack-pattern--a2fdce72-04b2-409a-ac10-cc1695f4fce0,T1588.002,Tool,1
intrusion-set--93f52415-0fe4-4d3d-896c-fc9b8e88ab90,BRONZE BUTLER,attack-pattern--bbde9781-60aa-4b8a-a911-895b0c1b3872,T1685,Disable or Modify Tools,1
intrusion-set--9735c036-8ebe-47e9-9c77-b0ae656dab93,BackdoorDiplomacy,attack-pattern--b3d682b6-98f2-4fb0-aa3b-b4df007ca70a,T1027,Obfuscated Files or Information,1
intrusion-set--9735c036-8ebe-47e9-9c77-b0ae656dab93,BackdoorDiplomacy,attack-pattern--7bdca9d5-d500-4d7d-8c52-5fd47baf4c0c,T1036.004,Masquerade Task or Service,1
intrusion-set--9735c036-8ebe-47e9-9c77-b0ae656dab93,BackdoorDiplomacy,attack-pattern--1c4e5d32-1fe9-4116-9d9d-59e3925bd6a2,T1036.005,Match Legitimate Resource Name or Location,1
intrusion-set--9735c036-8ebe-47e9-9c77-b0ae656dab93,BackdoorDiplomacy,attack-pattern--e3a12395-188d-4051-9a16-ea8e14d07b88,T1046,Network Service Discovery,1
intrusion-set--9735c036-8ebe-47e9-9c77-b0ae656dab93,BackdoorDiplomacy,attack-pattern--7e150503-88e7-4861-866b-ff1ac82c4475,T1049,System Network Connections Discovery,1
intrusion-set--9735c036-8ebe-47e9-9c77-b0ae656dab93,BackdoorDiplomacy,attack-pattern--f4599aa0-4f85-4a32-80ea-fc39dc965945,T1055.001,Dynamic-link Library Injection,1
intrusion-set--9735c036-8ebe-47e9-9c77-b0ae656dab93,BackdoorDiplomacy,attack-pattern--1c34f7aa-9341-4a48-bfab-af22e51aca6c,T1074.001,Local Data Staging,1
intrusion-set--9735c036-8ebe-47e9-9c77-b0ae656dab93,BackdoorDiplomacy,attack-pattern--c21d5a77-d422-4a69-acd7-2c53c1faa34b,T1095,Non-Application Layer Protocol,1
intrusion-set--9735c036-8ebe-47e9-9c77-b0ae656dab93,BackdoorDiplomacy,attack-pattern--e6919abc-99f9-4c6c-95a5-14761e7b2add,T1105,Ingress Tool Transfer,1
intrusion-set--9735c036-8ebe-47e9-9c77-b0ae656dab93,BackdoorDiplomacy,attack-pattern--348f1eef-964b-4eb6-bb53-69b3dcb0c643,T1120,Peripheral Device Discovery,1
intrusion-set--9735c036-8ebe-47e9-9c77-b0ae656dab93,BackdoorDiplomacy,attack-pattern--3f886f2a-874f-4333-b794-aa6075009b1c,T1190,Exploit Public-Facing Application,1
intrusion-set--9735c036-8ebe-47e9-9c77-b0ae656dab93,BackdoorDiplomacy,attack-pattern--5d0d3609-d06d-49e1-b9c9-b544e0c618cb,T1505.003,Web Shell,1
intrusion-set--9735c036-8ebe-47e9-9c77-b0ae656dab93,BackdoorDiplomacy,attack-pattern--2fee9321-3e71-4cf4-af24-d4d40d355b34,T1574.001,DLL,1
intrusion-set--9735c036-8ebe-47e9-9c77-b0ae656dab93,BackdoorDiplomacy,attack-pattern--7807d3a4-a885-4639-a786-c1ed41484970,T1588.001,Malware,1
intrusion-set--9735c036-8ebe-47e9-9c77-b0ae656dab93,BackdoorDiplomacy,attack-pattern--a2fdce72-04b2-409a-ac10-cc1695f4fce0,T1588.002,Tool,1
intrusion-set--02b16bd6-ae88-417a-8a3f-02c5e166175a,BlackByte,attack-pattern--0a3ead4e-6d47-4ccb-854c-a6a4f9d96b22,T1003,OS Credential Dumping,1
intrusion-set--02b16bd6-ae88-417a-8a3f-02c5e166175a,BlackByte,attack-pattern--c32f7008-9fea-41f7-8366-5eb9b74bd896,T1012,Query Registry,1
intrusion-set--02b16bd6-ae88-417a-8a3f-02c5e166175a,BlackByte,attack-pattern--707399d6-ab3e-4963-9315-d9d3818cd6a0,T1016,System Network Configuration Discovery,1
intrusion-set--02b16bd6-ae88-417a-8a3f-02c5e166175a,BlackByte,attack-pattern--e358d692-23c0-4a31-9eb6-ecc13a8d7735,T1018,Remote System Discovery,1
intrusion-set--02b16bd6-ae88-417a-8a3f-02c5e166175a,BlackByte,attack-pattern--eb062747-2193-45de-8fa2-e62549c37ddf,T1021.001,Remote Desktop Protocol,1
intrusion-set--02b16bd6-ae88-417a-8a3f-02c5e166175a,BlackByte,attack-pattern--4f9ca633-15c5-463c-9724-bdcd54fde541,T1021.002,SMB/Windows Admin Shares,1
intrusion-set--02b16bd6-ae88-417a-8a3f-02c5e166175a,BlackByte,attack-pattern--208884f1-7b83-4473-ac22-4e1cf6c41471,T1036.008,Masquerade File Type,1
intrusion-set--02b16bd6-ae88-417a-8a3f-02c5e166175a,BlackByte,attack-pattern--92d7da27-2d91-488e-a00c-059dc162766d,T1041,Exfiltration Over C2 Channel,1
intrusion-set--02b16bd6-ae88-417a-8a3f-02c5e166175a,BlackByte,attack-pattern--e3a12395-188d-4051-9a16-ea8e14d07b88,T1046,Network Service Discovery,1
intrusion-set--02b16bd6-ae88-417a-8a3f-02c5e166175a,BlackByte,attack-pattern--01a5a209-b94c-450b-b7f9-946497d91055,T1047,Windows Management Instrumentation,1
intrusion-set--02b16bd6-ae88-417a-8a3f-02c5e166175a,BlackByte,attack-pattern--005a06c6-14bf-4118-afa0-ebcd8aebb0c9,T1053.005,Scheduled Task,1
intrusion-set--02b16bd6-ae88-417a-8a3f-02c5e166175a,BlackByte,attack-pattern--43e7dc91-05b2-474c-b9ac-2ed4fe101f4d,T1055,Process Injection,1
intrusion-set--02b16bd6-ae88-417a-8a3f-02c5e166175a,BlackByte,attack-pattern--b200542e-e877-4395-875b-cf1a44537ca4,T1055.012,Process Hollowing,1
intrusion-set--02b16bd6-ae88-417a-8a3f-02c5e166175a,BlackByte,attack-pattern--970a3432-3237-47ad-bcca-7d8cbb217736,T1059.001,PowerShell,1
intrusion-set--02b16bd6-ae88-417a-8a3f-02c5e166175a,BlackByte,attack-pattern--d1fcf083-a721-4223-aedf-bf8960798d62,T1059.003,Windows Command Shell,1
intrusion-set--02b16bd6-ae88-417a-8a3f-02c5e166175a,BlackByte,attack-pattern--b21c3b2d-02e6-45b1-980b-e69051040839,T1068,Exploitation for Privilege Escalation,1
intrusion-set--02b16bd6-ae88-417a-8a3f-02c5e166175a,BlackByte,attack-pattern--d63a3fb8-9452-4e9d-a60a-54be68d5998c,T1070.004,File Deletion,1
intrusion-set--02b16bd6-ae88-417a-8a3f-02c5e166175a,BlackByte,attack-pattern--df8b2a25-8bdf-4856-953c-a04372b1c161,T1071.001,Web Protocols,1
intrusion-set--02b16bd6-ae88-417a-8a3f-02c5e166175a,BlackByte,attack-pattern--b17a1a56-e99c-403c-8948-561df0cffe81,T1078,Valid Accounts,1
intrusion-set--02b16bd6-ae88-417a-8a3f-02c5e166175a,BlackByte,attack-pattern--c3d4bdd9-2cfe-4a80-9d0c-07a29ecdce8f,T1078.002,Domain Accounts,1
intrusion-set--02b16bd6-ae88-417a-8a3f-02c5e166175a,BlackByte,attack-pattern--354a7f88-63fb-41b5-a801-ce3b377b36f1,T1082,System Information Discovery,1
intrusion-set--02b16bd6-ae88-417a-8a3f-02c5e166175a,BlackByte,attack-pattern--21875073-b0ee-49e3-9077-1e2a885359af,T1087.002,Domain Account,1
intrusion-set--02b16bd6-ae88-417a-8a3f-02c5e166175a,BlackByte,attack-pattern--e6919abc-99f9-4c6c-95a5-14761e7b2add,T1105,Ingress Tool Transfer,1
intrusion-set--02b16bd6-ae88-417a-8a3f-02c5e166175a,BlackByte,attack-pattern--57340c81-c025-4189-8fa0-fc7ede51bae4,T1112,Modify Registry,1
intrusion-set--02b16bd6-ae88-417a-8a3f-02c5e166175a,BlackByte,attack-pattern--8cdeb020-e31e-4f88-a582-f53dcfbda819,T1134.003,Make and Impersonate Token,1
intrusion-set--02b16bd6-ae88-417a-8a3f-02c5e166175a,BlackByte,attack-pattern--3489cfc5-640f-4bb3-a103-9137b97de79f,T1135,Network Share Discovery,1
intrusion-set--02b16bd6-ae88-417a-8a3f-02c5e166175a,BlackByte,attack-pattern--7610cada-1499-41a4-b3dd-46467b68d177,T1136.002,Domain Account,1
intrusion-set--02b16bd6-ae88-417a-8a3f-02c5e166175a,BlackByte,attack-pattern--3ccef7ae-cb5e-48f6-8302-897105fbf55c,T1140,Deobfuscate/Decode Files or Information,1
intrusion-set--02b16bd6-ae88-417a-8a3f-02c5e166175a,BlackByte,attack-pattern--3f886f2a-874f-4333-b794-aa6075009b1c,T1190,Exploit Public-Facing Application,1
intrusion-set--02b16bd6-ae88-417a-8a3f-02c5e166175a,BlackByte,attack-pattern--4061e78c-1284-44b4-9116-73e4ac3912f7,T1219,Remote Access Tools,1
intrusion-set--02b16bd6-ae88-417a-8a3f-02c5e166175a,BlackByte,attack-pattern--853c4192-4311-43e1-bfbb-b11b14911852,T1480,Execution Guardrails,1
intrusion-set--02b16bd6-ae88-417a-8a3f-02c5e166175a,BlackByte,attack-pattern--767dbf9e-df3f-45cb-8998-4903ab5f80c0,T1482,Domain Trust Discovery,1
intrusion-set--02b16bd6-ae88-417a-8a3f-02c5e166175a,BlackByte,attack-pattern--b80d107d-fa0d-4b60-9684-b0433e8bdba0,T1486,Data Encrypted for Impact,1
intrusion-set--02b16bd6-ae88-417a-8a3f-02c5e166175a,BlackByte,attack-pattern--f5d8eed6-48a9-4cdf-a3d7-d1ffa99c3d2a,T1490,Inhibit System Recovery,1
intrusion-set--02b16bd6-ae88-417a-8a3f-02c5e166175a,BlackByte,attack-pattern--8c41090b-aa47-4331-986b-8c9a51a91103,T1491.001,Internal Defacement,1
intrusion-set--02b16bd6-ae88-417a-8a3f-02c5e166175a,BlackByte,attack-pattern--5d0d3609-d06d-49e1-b9c9-b544e0c618cb,T1505.003,Web Shell,1
intrusion-set--02b16bd6-ae88-417a-8a3f-02c5e166175a,BlackByte,attack-pattern--cba37adb-d6fb-4610-b069-dd04c0643384,T1518.001,Security Software Discovery,1
intrusion-set--02b16bd6-ae88-417a-8a3f-02c5e166175a,BlackByte,attack-pattern--2959d63f-73fd-46a1-abd2-109d7dcede32,T1543.003,Windows Service,1
intrusion-set--02b16bd6-ae88-417a-8a3f-02c5e166175a,BlackByte,attack-pattern--9efb1ea7-c37b-4595-9640-b7680cd84279,T1547.001,Registry Run Keys / Startup Folder,1
intrusion-set--02b16bd6-ae88-417a-8a3f-02c5e166175a,BlackByte,attack-pattern--53ac20cd-aca3-406e-9aa0-9fc7fdc60a5a,T1560,Archive Collected Data,1
intrusion-set--02b16bd6-ae88-417a-8a3f-02c5e166175a,BlackByte,attack-pattern--40597f16-0963-4249-bf4c-ac93b7fb9807,T1567,Exfiltration Over Web Service,1
intrusion-set--02b16bd6-ae88-417a-8a3f-02c5e166175a,BlackByte,attack-pattern--f1951e8a-500e-4a26-8803-76d95c4554b4,T1569.002,Service Execution,1
intrusion-set--02b16bd6-ae88-417a-8a3f-02c5e166175a,BlackByte,attack-pattern--bf90d72c-c00b-45e3-b3aa-68560560d4c5,T1570,Lateral Tool Transfer,1
intrusion-set--02b16bd6-ae88-417a-8a3f-02c5e166175a,BlackByte,attack-pattern--79da0971-3147-4af6-a4f5-e8cd447cd795,T1583.003,Virtual Private Server,1
intrusion-set--02b16bd6-ae88-417a-8a3f-02c5e166175a,BlackByte,attack-pattern--3ee16395-03f0-4690-a32e-69ce9ada0f9e,T1608.001,Upload Malware,1
intrusion-set--02b16bd6-ae88-417a-8a3f-02c5e166175a,BlackByte,attack-pattern--c1b68a96-3c48-49ea-a6c0-9b27359f9c19,T1614.001,System Language Discovery,1
intrusion-set--02b16bd6-ae88-417a-8a3f-02c5e166175a,BlackByte,attack-pattern--bbde9781-60aa-4b8a-a911-895b0c1b3872,T1685,Disable or Modify Tools,1
intrusion-set--02b16bd6-ae88-417a-8a3f-02c5e166175a,BlackByte,attack-pattern--eec096b8-c207-43df-b6c1-11523861e452,T1686,Disable or Modify System Firewall,1
intrusion-set--da49b9f1-ca99-443f-9728-0a074db66850,BlackOasis,attack-pattern--b3d682b6-98f2-4fb0-aa3b-b4df007ca70a,T1027,Obfuscated Files or Information,1
intrusion-set--6fe8a2a1-a1b0-4af8-953d-4babd329f8f8,BlackTech,attack-pattern--2db31dcd-54da-405d-acef-b9129b816ed6,T1021.004,SSH,1
intrusion-set--6fe8a2a1-a1b0-4af8-953d-4babd329f8f8,BlackTech,attack-pattern--77eae145-55db-4519-8ae5-77b0c7215d69,T1036.002,Right-to-Left Override,1
intrusion-set--6fe8a2a1-a1b0-4af8-953d-4babd329f8f8,BlackTech,attack-pattern--e3a12395-188d-4051-9a16-ea8e14d07b88,T1046,Network Service Discovery,1
intrusion-set--6fe8a2a1-a1b0-4af8-953d-4babd329f8f8,BlackTech,attack-pattern--391d824f-0ef1-47a0-b0ee-c59a75e27670,T1106,Native API,1
intrusion-set--6fe8a2a1-a1b0-4af8-953d-4babd329f8f8,BlackTech,attack-pattern--3f886f2a-874f-4333-b794-aa6075009b1c,T1190,Exploit Public-Facing Application,1
intrusion-set--6fe8a2a1-a1b0-4af8-953d-4babd329f8f8,BlackTech,attack-pattern--be2dcee9-a7a7-4e38-afd6-21b31ecc3d63,T1203,Exploitation for Client Execution,1
intrusion-set--6fe8a2a1-a1b0-4af8-953d-4babd329f8f8,BlackTech,attack-pattern--ef67e13e-5598-4adc-bdb2-998225874fa9,T1204.001,Malicious Link,1
intrusion-set--6fe8a2a1-a1b0-4af8-953d-4babd329f8f8,BlackTech,attack-pattern--232b7f21-adf9-4b42-b936-b9d6f7df856e,T1204.002,Malicious File,1
intrusion-set--6fe8a2a1-a1b0-4af8-953d-4babd329f8f8,BlackTech,attack-pattern--2e34237d-8574-43f6-aace-ae2915de8597,T1566.001,Spearphishing Attachment,1
intrusion-set--6fe8a2a1-a1b0-4af8-953d-4babd329f8f8,BlackTech,attack-pattern--2b742742-28c3-4e1b-bab7-8350d6300fa7,T1566.002,Spearphishing Link,1
intrusion-set--6fe8a2a1-a1b0-4af8-953d-4babd329f8f8,BlackTech,attack-pattern--2fee9321-3e71-4cf4-af24-d4d40d355b34,T1574.001,DLL,1
intrusion-set--6fe8a2a1-a1b0-4af8-953d-4babd329f8f8,BlackTech,attack-pattern--a2fdce72-04b2-409a-ac10-cc1695f4fce0,T1588.002,Tool,1
intrusion-set--6fe8a2a1-a1b0-4af8-953d-4babd329f8f8,BlackTech,attack-pattern--e7cbc1de-1f79-48ee-abfd-da1241c65a15,T1588.003,Code Signing Certificates,1
intrusion-set--6fe8a2a1-a1b0-4af8-953d-4babd329f8f8,BlackTech,attack-pattern--19401639-28d0-4c3c-adcc-bc2ba22f6421,T1588.004,Digital Certificates,1
intrusion-set--73a80fab-2aa3-48e0-a4d0-3a4828200aee,Blue Mockingbird,attack-pattern--65f2d882-3f41-4d48-8a06-29af77ec9f90,T1003.001,LSASS Memory,1
intrusion-set--73a80fab-2aa3-48e0-a4d0-3a4828200aee,Blue Mockingbird,attack-pattern--eb062747-2193-45de-8fa2-e62549c37ddf,T1021.001,Remote Desktop Protocol,1
intrusion-set--73a80fab-2aa3-48e0-a4d0-3a4828200aee,Blue Mockingbird,attack-pattern--4f9ca633-15c5-463c-9724-bdcd54fde541,T1021.002,SMB/Windows Admin Shares,1
intrusion-set--73a80fab-2aa3-48e0-a4d0-3a4828200aee,Blue Mockingbird,attack-pattern--0d91b3c0-5e50-47c3-949a-2a796f04d144,T1027.013,Encrypted/Encoded File,1
intrusion-set--73a80fab-2aa3-48e0-a4d0-3a4828200aee,Blue Mockingbird,attack-pattern--1c4e5d32-1fe9-4116-9d9d-59e3925bd6a2,T1036.005,Match Legitimate Resource Name or Location,1
intrusion-set--73a80fab-2aa3-48e0-a4d0-3a4828200aee,Blue Mockingbird,attack-pattern--01a5a209-b94c-450b-b7f9-946497d91055,T1047,Windows Management Instrumentation,1
intrusion-set--73a80fab-2aa3-48e0-a4d0-3a4828200aee,Blue Mockingbird,attack-pattern--005a06c6-14bf-4118-afa0-ebcd8aebb0c9,T1053.005,Scheduled Task,1
intrusion-set--73a80fab-2aa3-48e0-a4d0-3a4828200aee,Blue Mockingbird,attack-pattern--970a3432-3237-47ad-bcca-7d8cbb217736,T1059.001,PowerShell,1
intrusion-set--73a80fab-2aa3-48e0-a4d0-3a4828200aee,Blue Mockingbird,attack-pattern--d1fcf083-a721-4223-aedf-bf8960798d62,T1059.003,Windows Command Shell,1
intrusion-set--73a80fab-2aa3-48e0-a4d0-3a4828200aee,Blue Mockingbird,attack-pattern--354a7f88-63fb-41b5-a801-ce3b377b36f1,T1082,System Information Discovery,1
intrusion-set--73a80fab-2aa3-48e0-a4d0-3a4828200aee,Blue Mockingbird,attack-pattern--731f4f55-b6d0-41d1-a7a9-072a66389aea,T1090,Proxy,1
intrusion-set--73a80fab-2aa3-48e0-a4d0-3a4828200aee,Blue Mockingbird,attack-pattern--57340c81-c025-4189-8fa0-fc7ede51bae4,T1112,Modify Registry,1
intrusion-set--73a80fab-2aa3-48e0-a4d0-3a4828200aee,Blue Mockingbird,attack-pattern--dcaa092b-7de9-4a21-977f-7fcb77e89c48,T1134,Access Token Manipulation,1
intrusion-set--73a80fab-2aa3-48e0-a4d0-3a4828200aee,Blue Mockingbird,attack-pattern--3f886f2a-874f-4333-b794-aa6075009b1c,T1190,Exploit Public-Facing Application,1
intrusion-set--73a80fab-2aa3-48e0-a4d0-3a4828200aee,Blue Mockingbird,attack-pattern--b97f1d35-4249-4486-a6b5-ee60ccf24fab,T1218.010,Regsvr32,1
intrusion-set--73a80fab-2aa3-48e0-a4d0-3a4828200aee,Blue Mockingbird,attack-pattern--045d0922-2310-4e60-b5e4-3302302cb3c5,T1218.011,Rundll32,1
intrusion-set--73a80fab-2aa3-48e0-a4d0-3a4828200aee,Blue Mockingbird,attack-pattern--a718a0c8-5768-41a1-9958-a1cc3f995e99,T1496.001,Compute Hijacking,1
intrusion-set--73a80fab-2aa3-48e0-a4d0-3a4828200aee,Blue Mockingbird,attack-pattern--2959d63f-73fd-46a1-abd2-109d7dcede32,T1543.003,Windows Service,1
intrusion-set--73a80fab-2aa3-48e0-a4d0-3a4828200aee,Blue Mockingbird,attack-pattern--910906dd-8c0a-475a-9cc1-5e029e2fad58,T1546.003,Windows Management Instrumentation Event Subscription,1
intrusion-set--73a80fab-2aa3-48e0-a4d0-3a4828200aee,Blue Mockingbird,attack-pattern--f1951e8a-500e-4a26-8803-76d95c4554b4,T1569.002,Service Execution,1
intrusion-set--73a80fab-2aa3-48e0-a4d0-3a4828200aee,Blue Mockingbird,attack-pattern--ffeb0780-356e-4261-b036-cfb6bd234335,T1574.012,COR_PROFILER,1
intrusion-set--73a80fab-2aa3-48e0-a4d0-3a4828200aee,Blue Mockingbird,attack-pattern--a2fdce72-04b2-409a-ac10-cc1695f4fce0,T1588.002,Tool,1
intrusion-set--3ea7add5-5b8f-45d8-b1f1-905d2729d62a,CURIUM,attack-pattern--3c4a2599-71ee-4405-ba1e-0e28414b4bc5,T1005,Data from Local System,1
intrusion-set--3ea7add5-5b8f-45d8-b1f1-905d2729d62a,CURIUM,attack-pattern--92d7da27-2d91-488e-a00c-059dc162766d,T1041,Exfiltration Over C2 Channel,1
intrusion-set--3ea7add5-5b8f-45d8-b1f1-905d2729d62a,CURIUM,attack-pattern--8e350c1d-ac79-4b5c-bd4e-7476d7e84ec5,T1048.002,Exfiltration Over Asymmetric Encrypted Non-C2 Protocol,1
intrusion-set--3ea7add5-5b8f-45d8-b1f1-905d2729d62a,CURIUM,attack-pattern--970a3432-3237-47ad-bcca-7d8cbb217736,T1059.001,PowerShell,1
intrusion-set--3ea7add5-5b8f-45d8-b1f1-905d2729d62a,CURIUM,attack-pattern--354a7f88-63fb-41b5-a801-ce3b377b36f1,T1082,System Information Discovery,1
intrusion-set--3ea7add5-5b8f-45d8-b1f1-905d2729d62a,CURIUM,attack-pattern--f3c544dc-673c-4ef3-accb-53229f1ae077,T1124,System Time Discovery,1
intrusion-set--3ea7add5-5b8f-45d8-b1f1-905d2729d62a,CURIUM,attack-pattern--d742a578-d70e-4d0e-96a6-02a9c30204e6,T1189,Drive-by Compromise,1
intrusion-set--3ea7add5-5b8f-45d8-b1f1-905d2729d62a,CURIUM,attack-pattern--232b7f21-adf9-4b42-b936-b9d6f7df856e,T1204.002,Malicious File,1
intrusion-set--3ea7add5-5b8f-45d8-b1f1-905d2729d62a,CURIUM,attack-pattern--5d0d3609-d06d-49e1-b9c9-b544e0c618cb,T1505.003,Web Shell,1
intrusion-set--3ea7add5-5b8f-45d8-b1f1-905d2729d62a,CURIUM,attack-pattern--2e34237d-8574-43f6-aace-ae2915de8597,T1566.001,Spearphishing Attachment,1
intrusion-set--3ea7add5-5b8f-45d8-b1f1-905d2729d62a,CURIUM,attack-pattern--f6ad61ee-65f3-4bd0-a3f5-2f0accb36317,T1566.003,Spearphishing via Service,1
intrusion-set--3ea7add5-5b8f-45d8-b1f1-905d2729d62a,CURIUM,attack-pattern--40f5caa0-4cb7-4117-89fc-d421bb493df3,T1583.001,Domains,1
intrusion-set--3ea7add5-5b8f-45d8-b1f1-905d2729d62a,CURIUM,attack-pattern--79da0971-3147-4af6-a4f5-e8cd447cd795,T1583.003,Virtual Private Server,1
intrusion-set--3ea7add5-5b8f-45d8-b1f1-905d2729d62a,CURIUM,attack-pattern--60c4b628-4807-4b0b-bbf5-fdac8643c337,T1583.004,Server,1
intrusion-set--3ea7add5-5b8f-45d8-b1f1-905d2729d62a,CURIUM,attack-pattern--ae797531-3219-49a4-bccf-324ad7a4c7b2,T1584.006,Web Services,1
intrusion-set--3ea7add5-5b8f-45d8-b1f1-905d2729d62a,CURIUM,attack-pattern--b1ccd744-3f78-4a0e-9bb2-2002057f7928,T1585.001,Social Media Accounts,1
intrusion-set--3ea7add5-5b8f-45d8-b1f1-905d2729d62a,CURIUM,attack-pattern--65013dd2-bc61-43e3-afb5-a14c4fa7437a,T1585.002,Email Accounts,1
intrusion-set--3ea7add5-5b8f-45d8-b1f1-905d2729d62a,CURIUM,attack-pattern--2d3f5b3c-54ca-4f4d-bb1f-849346d31230,T1598.003,Spearphishing Link,1
intrusion-set--3ea7add5-5b8f-45d8-b1f1-905d2729d62a,CURIUM,attack-pattern--31fe0ba2-62fd-4fd9-9293-4043d84f7fe9,T1608.004,Drive-by Target,1
intrusion-set--55033a4d-3ffe-46b2-99b4-2c1541e9ce1c,Carbanak,attack-pattern--7bdca9d5-d500-4d7d-8c52-5fd47baf4c0c,T1036.004,Masquerade Task or Service,1
intrusion-set--55033a4d-3ffe-46b2-99b4-2c1541e9ce1c,Carbanak,attack-pattern--1c4e5d32-1fe9-4116-9d9d-59e3925bd6a2,T1036.005,Match Legitimate Resource Name or Location,1
intrusion-set--55033a4d-3ffe-46b2-99b4-2c1541e9ce1c,Carbanak,attack-pattern--b17a1a56-e99c-403c-8948-561df0cffe81,T1078,Valid Accounts,1
intrusion-set--55033a4d-3ffe-46b2-99b4-2c1541e9ce1c,Carbanak,attack-pattern--be055942-6e63-49d7-9fa1-9cb7d8a8f3f4,T1102.002,Bidirectional Communication,1
intrusion-set--55033a4d-3ffe-46b2-99b4-2c1541e9ce1c,Carbanak,attack-pattern--045d0922-2310-4e60-b5e4-3302302cb3c5,T1218.011,Rundll32,1
intrusion-set--55033a4d-3ffe-46b2-99b4-2c1541e9ce1c,Carbanak,attack-pattern--4061e78c-1284-44b4-9116-73e4ac3912f7,T1219,Remote Access Tools,1
intrusion-set--55033a4d-3ffe-46b2-99b4-2c1541e9ce1c,Carbanak,attack-pattern--2959d63f-73fd-46a1-abd2-109d7dcede32,T1543.003,Windows Service,1
intrusion-set--55033a4d-3ffe-46b2-99b4-2c1541e9ce1c,Carbanak,attack-pattern--a2fdce72-04b2-409a-ac10-cc1695f4fce0,T1588.002,Tool,1
intrusion-set--55033a4d-3ffe-46b2-99b4-2c1541e9ce1c,Carbanak,attack-pattern--eec096b8-c207-43df-b6c1-11523861e452,T1686,Disable or Modify System Firewall,1
intrusion-set--8c1f0187-0826-4320-bddc-5f326cfcfe2c,Chimera,attack-pattern--edf91964-b26e-4b4a-9600-ccacd7d7df24,T1003.003,NTDS,1
intrusion-set--8c1f0187-0826-4320-bddc-5f326cfcfe2c,Chimera,attack-pattern--322bad5a-1c49-4d23-ab79-76d641794afa,T1007,System Service Discovery,1
intrusion-set--8c1f0187-0826-4320-bddc-5f326cfcfe2c,Chimera,attack-pattern--c32f7008-9fea-41f7-8366-5eb9b74bd896,T1012,Query Registry,1
intrusion-set--8c1f0187-0826-4320-bddc-5f326cfcfe2c,Chimera,attack-pattern--707399d6-ab3e-4963-9315-d9d3818cd6a0,T1016,System Network Configuration Discovery,1
intrusion-set--8c1f0187-0826-4320-bddc-5f326cfcfe2c,Chimera,attack-pattern--e358d692-23c0-4a31-9eb6-ecc13a8d7735,T1018,Remote System Discovery,1
intrusion-set--8c1f0187-0826-4320-bddc-5f326cfcfe2c,Chimera,attack-pattern--eb062747-2193-45de-8fa2-e62549c37ddf,T1021.001,Remote Desktop Protocol,1
intrusion-set--8c1f0187-0826-4320-bddc-5f326cfcfe2c,Chimera,attack-pattern--4f9ca633-15c5-463c-9724-bdcd54fde541,T1021.002,SMB/Windows Admin Shares,1
intrusion-set--8c1f0187-0826-4320-bddc-5f326cfcfe2c,Chimera,attack-pattern--60d0c01d-e2bf-49dd-a453-f8a9c9fa6f65,T1021.006,Windows Remote Management,1
intrusion-set--8c1f0187-0826-4320-bddc-5f326cfcfe2c,Chimera,attack-pattern--d511a6f6-4a33-41d5-bc95-c343875d1377,T1027.010,Command Obfuscation,1
intrusion-set--8c1f0187-0826-4320-bddc-5f326cfcfe2c,Chimera,attack-pattern--03d7999c-1f4c-42cc-8373-e7690d318104,T1033,System Owner/User Discovery,1
intrusion-set--8c1f0187-0826-4320-bddc-5f326cfcfe2c,Chimera,attack-pattern--1c4e5d32-1fe9-4116-9d9d-59e3925bd6a2,T1036.005,Match Legitimate Resource Name or Location,1
intrusion-set--8c1f0187-0826-4320-bddc-5f326cfcfe2c,Chimera,attack-pattern--ae676644-d2d2-41b7-af7e-9bed1b55898c,T1039,Data from Network Shared Drive,1
intrusion-set--8c1f0187-0826-4320-bddc-5f326cfcfe2c,Chimera,attack-pattern--92d7da27-2d91-488e-a00c-059dc162766d,T1041,Exfiltration Over C2 Channel,1
intrusion-set--8c1f0187-0826-4320-bddc-5f326cfcfe2c,Chimera,attack-pattern--e3a12395-188d-4051-9a16-ea8e14d07b88,T1046,Network Service Discovery,1
intrusion-set--8c1f0187-0826-4320-bddc-5f326cfcfe2c,Chimera,attack-pattern--01a5a209-b94c-450b-b7f9-946497d91055,T1047,Windows Management Instrumentation,1
intrusion-set--8c1f0187-0826-4320-bddc-5f326cfcfe2c,Chimera,attack-pattern--7e150503-88e7-4861-866b-ff1ac82c4475,T1049,System Network Connections Discovery,1
intrusion-set--8c1f0187-0826-4320-bddc-5f326cfcfe2c,Chimera,attack-pattern--005a06c6-14bf-4118-afa0-ebcd8aebb0c9,T1053.005,Scheduled Task,1
intrusion-set--8c1f0187-0826-4320-bddc-5f326cfcfe2c,Chimera,attack-pattern--8f4a33ec-8b1f-4b80-a2f6-642b2e479580,T1057,Process Discovery,1
intrusion-set--8c1f0187-0826-4320-bddc-5f326cfcfe2c,Chimera,attack-pattern--970a3432-3237-47ad-bcca-7d8cbb217736,T1059.001,PowerShell,1
intrusion-set--8c1f0187-0826-4320-bddc-5f326cfcfe2c,Chimera,attack-pattern--d1fcf083-a721-4223-aedf-bf8960798d62,T1059.003,Windows Command Shell,1
intrusion-set--8c1f0187-0826-4320-bddc-5f326cfcfe2c,Chimera,attack-pattern--a01bf75f-00b2-4568-a58f-565ff9bf202b,T1069.001,Local Groups,1
intrusion-set--8c1f0187-0826-4320-bddc-5f326cfcfe2c,Chimera,attack-pattern--d63a3fb8-9452-4e9d-a60a-54be68d5998c,T1070.004,File Deletion,1
intrusion-set--8c1f0187-0826-4320-bddc-5f326cfcfe2c,Chimera,attack-pattern--47f2d673-ca62-47e9-929b-1b0be9657611,T1070.006,Timestomp,1
intrusion-set--8c1f0187-0826-4320-bddc-5f326cfcfe2c,Chimera,attack-pattern--df8b2a25-8bdf-4856-953c-a04372b1c161,T1071.001,Web Protocols,1
intrusion-set--8c1f0187-0826-4320-bddc-5f326cfcfe2c,Chimera,attack-pattern--1996eef1-ced3-4d7f-bf94-33298cabbf72,T1071.004,DNS,1
intrusion-set--8c1f0187-0826-4320-bddc-5f326cfcfe2c,Chimera,attack-pattern--1c34f7aa-9341-4a48-bfab-af22e51aca6c,T1074.001,Local Data Staging,1
intrusion-set--8c1f0187-0826-4320-bddc-5f326cfcfe2c,Chimera,attack-pattern--359b00ad-9425-420b-bba5-6de8d600cbc0,T1074.002,Remote Data Staging,1
intrusion-set--8c1f0187-0826-4320-bddc-5f326cfcfe2c,Chimera,attack-pattern--b17a1a56-e99c-403c-8948-561df0cffe81,T1078,Valid Accounts,1
intrusion-set--8c1f0187-0826-4320-bddc-5f326cfcfe2c,Chimera,attack-pattern--c3d4bdd9-2cfe-4a80-9d0c-07a29ecdce8f,T1078.002,Domain Accounts,1
intrusion-set--8c1f0187-0826-4320-bddc-5f326cfcfe2c,Chimera,attack-pattern--7bc57495-ea59-4380-be31-a64af124ef18,T1083,File and Directory Discovery,1
intrusion-set--8c1f0187-0826-4320-bddc-5f326cfcfe2c,Chimera,attack-pattern--25659dd6-ea12-45c4-97e6-381e3e4b593e,T1087.001,Local Account,1
intrusion-set--8c1f0187-0826-4320-bddc-5f326cfcfe2c,Chimera,attack-pattern--21875073-b0ee-49e3-9077-1e2a885359af,T1087.002,Domain Account,1
intrusion-set--8c1f0187-0826-4320-bddc-5f326cfcfe2c,Chimera,attack-pattern--e6919abc-99f9-4c6c-95a5-14761e7b2add,T1105,Ingress Tool Transfer,1
intrusion-set--8c1f0187-0826-4320-bddc-5f326cfcfe2c,Chimera,attack-pattern--391d824f-0ef1-47a0-b0ee-c59a75e27670,T1106,Native API,1
intrusion-set--8c1f0187-0826-4320-bddc-5f326cfcfe2c,Chimera,attack-pattern--692074ae-bb62-4a5e-a735-02cb6bde458c,T1110.003,Password Spraying,1
intrusion-set--8c1f0187-0826-4320-bddc-5f326cfcfe2c,Chimera,attack-pattern--b2d03cea-aec1-45ca-9744-9ee583c1e1cc,T1110.004,Credential Stuffing,1
intrusion-set--8c1f0187-0826-4320-bddc-5f326cfcfe2c,Chimera,attack-pattern--dd43c543-bb85-4a6f-aa6e-160d90d06a49,T1111,Multi-Factor Authentication Interception,1
intrusion-set--8c1f0187-0826-4320-bddc-5f326cfcfe2c,Chimera,attack-pattern--1e9eb839-294b-48cc-b0d3-c45555a2a004,T1114.001,Local Email Collection,1
intrusion-set--8c1f0187-0826-4320-bddc-5f326cfcfe2c,Chimera,attack-pattern--b4694861-542c-48ea-9eb1-10d356e7140a,T1114.002,Remote Email Collection,1
intrusion-set--8c1f0187-0826-4320-bddc-5f326cfcfe2c,Chimera,attack-pattern--30208d3e-0d6b-43c8-883e-44462a514619,T1119,Automated Collection,1
intrusion-set--8c1f0187-0826-4320-bddc-5f326cfcfe2c,Chimera,attack-pattern--f3c544dc-673c-4ef3-accb-53229f1ae077,T1124,System Time Discovery,1
intrusion-set--8c1f0187-0826-4320-bddc-5f326cfcfe2c,Chimera,attack-pattern--10d51417-ee35-4589-b1ff-b6df1c334e8d,T1133,External Remote Services,1
intrusion-set--8c1f0187-0826-4320-bddc-5f326cfcfe2c,Chimera,attack-pattern--3489cfc5-640f-4bb3-a103-9137b97de79f,T1135,Network Share Discovery,1
intrusion-set--8c1f0187-0826-4320-bddc-5f326cfcfe2c,Chimera,attack-pattern--b6075259-dba3-44e9-87c7-e954f37ec0d5,T1201,Password Policy Discovery,1
intrusion-set--8c1f0187-0826-4320-bddc-5f326cfcfe2c,Chimera,attack-pattern--0c4b4fda-9062-47da-98b9-ceae2dcf052a,T1213.002,Sharepoint,1
intrusion-set--8c1f0187-0826-4320-bddc-5f326cfcfe2c,Chimera,attack-pattern--5e4a2073-9643-44cb-a0b5-e7f4048446c7,T1217,Browser Information Discovery,1
intrusion-set--8c1f0187-0826-4320-bddc-5f326cfcfe2c,Chimera,attack-pattern--767dbf9e-df3f-45cb-8998-4903ab5f80c0,T1482,Domain Trust Discovery,1
intrusion-set--8c1f0187-0826-4320-bddc-5f326cfcfe2c,Chimera,attack-pattern--e624264c-033a-424d-9fd7-fc9c3bbdb03e,T1550.002,Pass the Hash,1
intrusion-set--8c1f0187-0826-4320-bddc-5f326cfcfe2c,Chimera,attack-pattern--d4b96d2c-1032-4b22-9235-2b5b649d0605,T1556.001,Domain Controller Authentication,1
intrusion-set--8c1f0187-0826-4320-bddc-5f326cfcfe2c,Chimera,attack-pattern--00f90846-cbd1-4fc5-9233-df5c2bf2a662,T1560.001,Archive via Utility,1
intrusion-set--8c1f0187-0826-4320-bddc-5f326cfcfe2c,Chimera,attack-pattern--bf1b6176-597c-4600-bfcd-ac989670f96b,T1567.002,Exfiltration to Cloud Storage,1
intrusion-set--8c1f0187-0826-4320-bddc-5f326cfcfe2c,Chimera,attack-pattern--f1951e8a-500e-4a26-8803-76d95c4554b4,T1569.002,Service Execution,1
intrusion-set--8c1f0187-0826-4320-bddc-5f326cfcfe2c,Chimera,attack-pattern--bf90d72c-c00b-45e3-b3aa-68560560d4c5,T1570,Lateral Tool Transfer,1
intrusion-set--8c1f0187-0826-4320-bddc-5f326cfcfe2c,Chimera,attack-pattern--4fe28b27-b13c-453e-a386-c2ef362a573b,T1572,Protocol Tunneling,1
intrusion-set--8c1f0187-0826-4320-bddc-5f326cfcfe2c,Chimera,attack-pattern--2fee9321-3e71-4cf4-af24-d4d40d355b34,T1574.001,DLL,1
intrusion-set--8c1f0187-0826-4320-bddc-5f326cfcfe2c,Chimera,attack-pattern--a2fdce72-04b2-409a-ac10-cc1695f4fce0,T1588.002,Tool,1
intrusion-set--8c1f0187-0826-4320-bddc-5f326cfcfe2c,Chimera,attack-pattern--bc76d0a4-db11-4551-9ac4-01a469cfb161,T1589.001,Credentials,1
intrusion-set--8c1f0187-0826-4320-bddc-5f326cfcfe2c,Chimera,attack-pattern--f2514ae4-4e9b-4f26-a5ba-c4ae85fe93c3,T1680,Local Storage Discovery,1
intrusion-set--8c1f0187-0826-4320-bddc-5f326cfcfe2c,Chimera,attack-pattern--75b9a4d2-d4e2-4ca1-9aab-1badd9e05fd0,T1685.005,Clear Windows Event Logs,1
intrusion-set--8b1e16f6-e7c8-4b7a-a5df-f81232c13e2f,Cinnamon Tempest,attack-pattern--4f9ca633-15c5-463c-9724-bdcd54fde541,T1021.002,SMB/Windows Admin Shares,1
intrusion-set--8b1e16f6-e7c8-4b7a-a5df-f81232c13e2f,Cinnamon Tempest,attack-pattern--01a5a209-b94c-450b-b7f9-946497d91055,T1047,Windows Management Instrumentation,1
intrusion-set--8b1e16f6-e7c8-4b7a-a5df-f81232c13e2f,Cinnamon Tempest,attack-pattern--970a3432-3237-47ad-bcca-7d8cbb217736,T1059.001,PowerShell,1
intrusion-set--8b1e16f6-e7c8-4b7a-a5df-f81232c13e2f,Cinnamon Tempest,attack-pattern--d1fcf083-a721-4223-aedf-bf8960798d62,T1059.003,Windows Command Shell,1
intrusion-set--8b1e16f6-e7c8-4b7a-a5df-f81232c13e2f,Cinnamon Tempest,attack-pattern--cc3502b5-30cc-4473-ad48-42d51a6ef6d1,T1059.006,Python,1
intrusion-set--8b1e16f6-e7c8-4b7a-a5df-f81232c13e2f,Cinnamon Tempest,attack-pattern--b17a1a56-e99c-403c-8948-561df0cffe81,T1078,Valid Accounts,1
intrusion-set--8b1e16f6-e7c8-4b7a-a5df-f81232c13e2f,Cinnamon Tempest,attack-pattern--c3d4bdd9-2cfe-4a80-9d0c-07a29ecdce8f,T1078.002,Domain Accounts,1
intrusion-set--8b1e16f6-e7c8-4b7a-a5df-f81232c13e2f,Cinnamon Tempest,attack-pattern--246fd3c7-f5e3-466d-8787-4c13d9e3b61c,T1080,Taint Shared Content,1
intrusion-set--8b1e16f6-e7c8-4b7a-a5df-f81232c13e2f,Cinnamon Tempest,attack-pattern--731f4f55-b6d0-41d1-a7a9-072a66389aea,T1090,Proxy,1
intrusion-set--8b1e16f6-e7c8-4b7a-a5df-f81232c13e2f,Cinnamon Tempest,attack-pattern--e6919abc-99f9-4c6c-95a5-14761e7b2add,T1105,Ingress Tool Transfer,1
intrusion-set--8b1e16f6-e7c8-4b7a-a5df-f81232c13e2f,Cinnamon Tempest,attack-pattern--3ccef7ae-cb5e-48f6-8302-897105fbf55c,T1140,Deobfuscate/Decode Files or Information,1
intrusion-set--8b1e16f6-e7c8-4b7a-a5df-f81232c13e2f,Cinnamon Tempest,attack-pattern--3f886f2a-874f-4333-b794-aa6075009b1c,T1190,Exploit Public-Facing Application,1
intrusion-set--8b1e16f6-e7c8-4b7a-a5df-f81232c13e2f,Cinnamon Tempest,attack-pattern--5d2be8b9-d24c-4e98-83bf-2f5f79477163,T1484.001,Group Policy Modification,1
intrusion-set--8b1e16f6-e7c8-4b7a-a5df-f81232c13e2f,Cinnamon Tempest,attack-pattern--2959d63f-73fd-46a1-abd2-109d7dcede32,T1543.003,Windows Service,1
intrusion-set--8b1e16f6-e7c8-4b7a-a5df-f81232c13e2f,Cinnamon Tempest,attack-pattern--bf1b6176-597c-4600-bfcd-ac989670f96b,T1567.002,Exfiltration to Cloud Storage,1
intrusion-set--8b1e16f6-e7c8-4b7a-a5df-f81232c13e2f,Cinnamon Tempest,attack-pattern--4fe28b27-b13c-453e-a386-c2ef362a573b,T1572,Protocol Tunneling,1
intrusion-set--8b1e16f6-e7c8-4b7a-a5df-f81232c13e2f,Cinnamon Tempest,attack-pattern--2fee9321-3e71-4cf4-af24-d4d40d355b34,T1574.001,DLL,1
intrusion-set--8b1e16f6-e7c8-4b7a-a5df-f81232c13e2f,Cinnamon Tempest,attack-pattern--a2fdce72-04b2-409a-ac10-cc1695f4fce0,T1588.002,Tool,1
intrusion-set--8b1e16f6-e7c8-4b7a-a5df-f81232c13e2f,Cinnamon Tempest,attack-pattern--851e071f-208d-4c79-adc6-5974c85c78f3,T1657,Financial Theft,1
intrusion-set--8f5e8dc7-739d-4f5e-a8a1-a66e004d7063,Cleaver,attack-pattern--65f2d882-3f41-4d48-8a06-29af77ec9f90,T1003.001,LSASS Memory,1
intrusion-set--8f5e8dc7-739d-4f5e-a8a1-a66e004d7063,Cleaver,attack-pattern--cabe189c-a0e3-4965-a473-dcff00f17213,T1557.002,ARP Cache Poisoning,1
intrusion-set--8f5e8dc7-739d-4f5e-a8a1-a66e004d7063,Cleaver,attack-pattern--b1ccd744-3f78-4a0e-9bb2-2002057f7928,T1585.001,Social Media Accounts,1
intrusion-set--8f5e8dc7-739d-4f5e-a8a1-a66e004d7063,Cleaver,attack-pattern--212306d8-efa4-44c9-8c2d-ed3d2e224aa0,T1587.001,Malware,1
intrusion-set--8f5e8dc7-739d-4f5e-a8a1-a66e004d7063,Cleaver,attack-pattern--a2fdce72-04b2-409a-ac10-cc1695f4fce0,T1588.002,Tool,1
intrusion-set--dc6fe6ee-04c2-49be-ba3d-f38d2463c02a,Cobalt Group,attack-pattern--eb062747-2193-45de-8fa2-e62549c37ddf,T1021.001,Remote Desktop Protocol,1
intrusion-set--dc6fe6ee-04c2-49be-ba3d-f38d2463c02a,Cobalt Group,attack-pattern--d511a6f6-4a33-41d5-bc95-c343875d1377,T1027.010,Command Obfuscation,1
intrusion-set--dc6fe6ee-04c2-49be-ba3d-f38d2463c02a,Cobalt Group,attack-pattern--eb125d40-0b2d-41ac-a71a-3229241c2cd3,T1037.001,Logon Script (Windows),1
intrusion-set--dc6fe6ee-04c2-49be-ba3d-f38d2463c02a,Cobalt Group,attack-pattern--e3a12395-188d-4051-9a16-ea8e14d07b88,T1046,Network Service Discovery,1
intrusion-set--dc6fe6ee-04c2-49be-ba3d-f38d2463c02a,Cobalt Group,attack-pattern--005a06c6-14bf-4118-afa0-ebcd8aebb0c9,T1053.005,Scheduled Task,1
intrusion-set--dc6fe6ee-04c2-49be-ba3d-f38d2463c02a,Cobalt Group,attack-pattern--43e7dc91-05b2-474c-b9ac-2ed4fe101f4d,T1055,Process Injection,1
intrusion-set--dc6fe6ee-04c2-49be-ba3d-f38d2463c02a,Cobalt Group,attack-pattern--970a3432-3237-47ad-bcca-7d8cbb217736,T1059.001,PowerShell,1
intrusion-set--dc6fe6ee-04c2-49be-ba3d-f38d2463c02a,Cobalt Group,attack-pattern--d1fcf083-a721-4223-aedf-bf8960798d62,T1059.003,Windows Command Shell,1
intrusion-set--dc6fe6ee-04c2-49be-ba3d-f38d2463c02a,Cobalt Group,attack-pattern--dfd7cc1d-e1d8-4394-a198-97c4cab8aa67,T1059.005,Visual Basic,1
intrusion-set--dc6fe6ee-04c2-49be-ba3d-f38d2463c02a,Cobalt Group,attack-pattern--0f4a0c76-ab2d-4cb0-85d3-3f0efb8cba0d,T1059.007,JavaScript,1
intrusion-set--dc6fe6ee-04c2-49be-ba3d-f38d2463c02a,Cobalt Group,attack-pattern--b21c3b2d-02e6-45b1-980b-e69051040839,T1068,Exploitation for Privilege Escalation,1
intrusion-set--dc6fe6ee-04c2-49be-ba3d-f38d2463c02a,Cobalt Group,attack-pattern--d63a3fb8-9452-4e9d-a60a-54be68d5998c,T1070.004,File Deletion,1
intrusion-set--dc6fe6ee-04c2-49be-ba3d-f38d2463c02a,Cobalt Group,attack-pattern--df8b2a25-8bdf-4856-953c-a04372b1c161,T1071.001,Web Protocols,1
intrusion-set--dc6fe6ee-04c2-49be-ba3d-f38d2463c02a,Cobalt Group,attack-pattern--1996eef1-ced3-4d7f-bf94-33298cabbf72,T1071.004,DNS,1
intrusion-set--dc6fe6ee-04c2-49be-ba3d-f38d2463c02a,Cobalt Group,attack-pattern--e6919abc-99f9-4c6c-95a5-14761e7b2add,T1105,Ingress Tool Transfer,1
intrusion-set--dc6fe6ee-04c2-49be-ba3d-f38d2463c02a,Cobalt Group,attack-pattern--bd369cd9-abb8-41ce-b5bb-fff23ee86c00,T1195.002,Compromise Software Supply Chain,1
intrusion-set--dc6fe6ee-04c2-49be-ba3d-f38d2463c02a,Cobalt Group,attack-pattern--be2dcee9-a7a7-4e38-afd6-21b31ecc3d63,T1203,Exploitation for Client Execution,1
intrusion-set--dc6fe6ee-04c2-49be-ba3d-f38d2463c02a,Cobalt Group,attack-pattern--ef67e13e-5598-4adc-bdb2-998225874fa9,T1204.001,Malicious Link,1
intrusion-set--dc6fe6ee-04c2-49be-ba3d-f38d2463c02a,Cobalt Group,attack-pattern--232b7f21-adf9-4b42-b936-b9d6f7df856e,T1204.002,Malicious File,1
intrusion-set--dc6fe6ee-04c2-49be-ba3d-f38d2463c02a,Cobalt Group,attack-pattern--4cbc6a62-9e34-4f94-8a19-5c1a11392a49,T1218.003,CMSTP,1
intrusion-set--dc6fe6ee-04c2-49be-ba3d-f38d2463c02a,Cobalt Group,attack-pattern--6e3bd510-6b33-41a4-af80-2d80f3ee0071,T1218.008,Odbcconf,1
intrusion-set--dc6fe6ee-04c2-49be-ba3d-f38d2463c02a,Cobalt Group,attack-pattern--b97f1d35-4249-4486-a6b5-ee60ccf24fab,T1218.010,Regsvr32,1
intrusion-set--dc6fe6ee-04c2-49be-ba3d-f38d2463c02a,Cobalt Group,attack-pattern--4061e78c-1284-44b4-9116-73e4ac3912f7,T1219,Remote Access Tools,1
intrusion-set--dc6fe6ee-04c2-49be-ba3d-f38d2463c02a,Cobalt Group,attack-pattern--ebbe170d-aa74-4946-8511-9921243415a3,T1220,XSL Script Processing,1
intrusion-set--dc6fe6ee-04c2-49be-ba3d-f38d2463c02a,Cobalt Group,attack-pattern--cba37adb-d6fb-4610-b069-dd04c0643384,T1518.001,Security Software Discovery,1
intrusion-set--dc6fe6ee-04c2-49be-ba3d-f38d2463c02a,Cobalt Group,attack-pattern--2959d63f-73fd-46a1-abd2-109d7dcede32,T1543.003,Windows Service,1
intrusion-set--dc6fe6ee-04c2-49be-ba3d-f38d2463c02a,Cobalt Group,attack-pattern--9efb1ea7-c37b-4595-9640-b7680cd84279,T1547.001,Registry Run Keys / Startup Folder,1
intrusion-set--dc6fe6ee-04c2-49be-ba3d-f38d2463c02a,Cobalt Group,attack-pattern--120d5519-3098-4e1c-9191-2aa61232f073,T1548.002,Bypass User Account Control,1
intrusion-set--dc6fe6ee-04c2-49be-ba3d-f38d2463c02a,Cobalt Group,attack-pattern--232a7e42-cd6e-4902-8fe9-2960f529dd4d,T1559.002,Dynamic Data Exchange,1
intrusion-set--dc6fe6ee-04c2-49be-ba3d-f38d2463c02a,Cobalt Group,attack-pattern--2e34237d-8574-43f6-aace-ae2915de8597,T1566.001,Spearphishing Attachment,1
intrusion-set--dc6fe6ee-04c2-49be-ba3d-f38d2463c02a,Cobalt Group,attack-pattern--2b742742-28c3-4e1b-bab7-8350d6300fa7,T1566.002,Spearphishing Link,1
intrusion-set--dc6fe6ee-04c2-49be-ba3d-f38d2463c02a,Cobalt Group,attack-pattern--4fe28b27-b13c-453e-a386-c2ef362a573b,T1572,Protocol Tunneling,1
intrusion-set--dc6fe6ee-04c2-49be-ba3d-f38d2463c02a,Cobalt Group,attack-pattern--bf176076-b789-408e-8cba-7275e81c0ada,T1573.002,Asymmetric Cryptography,1
intrusion-set--dc6fe6ee-04c2-49be-ba3d-f38d2463c02a,Cobalt Group,attack-pattern--a2fdce72-04b2-409a-ac10-cc1695f4fce0,T1588.002,Tool,1
intrusion-set--6eded342-33e5-4451-b6b2-e1c62863129f,Confucius,attack-pattern--92d7da27-2d91-488e-a00c-059dc162766d,T1041,Exfiltration Over C2 Channel,1
intrusion-set--6eded342-33e5-4451-b6b2-e1c62863129f,Confucius,attack-pattern--005a06c6-14bf-4118-afa0-ebcd8aebb0c9,T1053.005,Scheduled Task,1
intrusion-set--6eded342-33e5-4451-b6b2-e1c62863129f,Confucius,attack-pattern--970a3432-3237-47ad-bcca-7d8cbb217736,T1059.001,PowerShell,1
intrusion-set--6eded342-33e5-4451-b6b2-e1c62863129f,Confucius,attack-pattern--dfd7cc1d-e1d8-4394-a198-97c4cab8aa67,T1059.005,Visual Basic,1
intrusion-set--6eded342-33e5-4451-b6b2-e1c62863129f,Confucius,attack-pattern--df8b2a25-8bdf-4856-953c-a04372b1c161,T1071.001,Web Protocols,1
intrusion-set--6eded342-33e5-4451-b6b2-e1c62863129f,Confucius,attack-pattern--7bc57495-ea59-4380-be31-a64af124ef18,T1083,File and Directory Discovery,1
intrusion-set--6eded342-33e5-4451-b6b2-e1c62863129f,Confucius,attack-pattern--e6919abc-99f9-4c6c-95a5-14761e7b2add,T1105,Ingress Tool Transfer,1
intrusion-set--6eded342-33e5-4451-b6b2-e1c62863129f,Confucius,attack-pattern--30208d3e-0d6b-43c8-883e-44462a514619,T1119,Automated Collection,1
intrusion-set--6eded342-33e5-4451-b6b2-e1c62863129f,Confucius,attack-pattern--be2dcee9-a7a7-4e38-afd6-21b31ecc3d63,T1203,Exploitation for Client Execution,1
intrusion-set--6eded342-33e5-4451-b6b2-e1c62863129f,Confucius,attack-pattern--ef67e13e-5598-4adc-bdb2-998225874fa9,T1204.001,Malicious Link,1
intrusion-set--6eded342-33e5-4451-b6b2-e1c62863129f,Confucius,attack-pattern--232b7f21-adf9-4b42-b936-b9d6f7df856e,T1204.002,Malicious File,1
intrusion-set--6eded342-33e5-4451-b6b2-e1c62863129f,Confucius,attack-pattern--840a987a-99bd-4a80-a5c9-0cb2baa6cade,T1218.005,Mshta,1
intrusion-set--6eded342-33e5-4451-b6b2-e1c62863129f,Confucius,attack-pattern--dc31fe1e-d722-49da-8f5f-92c7b5aff534,T1221,Template Injection,1
intrusion-set--6eded342-33e5-4451-b6b2-e1c62863129f,Confucius,attack-pattern--9efb1ea7-c37b-4595-9640-b7680cd84279,T1547.001,Registry Run Keys / Startup Folder,1
intrusion-set--6eded342-33e5-4451-b6b2-e1c62863129f,Confucius,attack-pattern--2e34237d-8574-43f6-aace-ae2915de8597,T1566.001,Spearphishing Attachment,1
intrusion-set--6eded342-33e5-4451-b6b2-e1c62863129f,Confucius,attack-pattern--2b742742-28c3-4e1b-bab7-8350d6300fa7,T1566.002,Spearphishing Link,1
intrusion-set--6eded342-33e5-4451-b6b2-e1c62863129f,Confucius,attack-pattern--bf1b6176-597c-4600-bfcd-ac989670f96b,T1567.002,Exfiltration to Cloud Storage,1
intrusion-set--6eded342-33e5-4451-b6b2-e1c62863129f,Confucius,attack-pattern--88d31120-5bc7-4ce3-a9c0-7cf147be8e54,T1583.006,Web Services,1
intrusion-set--6eded342-33e5-4451-b6b2-e1c62863129f,Confucius,attack-pattern--f2514ae4-4e9b-4f26-a5ba-c4ae85fe93c3,T1680,Local Storage Discovery,1
intrusion-set--46599a4a-77ee-4697-9474-2683b6464859,Contagious Interview,attack-pattern--d511a6f6-4a33-41d5-bc95-c343875d1377,T1027.010,Command Obfuscation,1
intrusion-set--46599a4a-77ee-4697-9474-2683b6464859,Contagious Interview,attack-pattern--0d91b3c0-5e50-47c3-949a-2a796f04d144,T1027.013,Encrypted/Encoded File,1
intrusion-set--46599a4a-77ee-4697-9474-2683b6464859,Contagious Interview,attack-pattern--42e8de7b-37b2-4258-905a-6897815e58e0,T1036,Masquerading,1
intrusion-set--46599a4a-77ee-4697-9474-2683b6464859,Contagious Interview,attack-pattern--92d7da27-2d91-488e-a00c-059dc162766d,T1041,Exfiltration Over C2 Channel,1
intrusion-set--46599a4a-77ee-4697-9474-2683b6464859,Contagious Interview,attack-pattern--fb8d023d-45be-47e9-bc51-f56bcae6435b,T1048.003,Exfiltration Over Unencrypted Non-C2 Protocol,1
intrusion-set--46599a4a-77ee-4697-9474-2683b6464859,Contagious Interview,attack-pattern--d1fcf083-a721-4223-aedf-bf8960798d62,T1059.003,Windows Command Shell,1
intrusion-set--46599a4a-77ee-4697-9474-2683b6464859,Contagious Interview,attack-pattern--a9d4b653-6915-42af-98b2-5758c4ceee56,T1059.004,Unix Shell,1
intrusion-set--46599a4a-77ee-4697-9474-2683b6464859,Contagious Interview,attack-pattern--dfd7cc1d-e1d8-4394-a198-97c4cab8aa67,T1059.005,Visual Basic,1
intrusion-set--46599a4a-77ee-4697-9474-2683b6464859,Contagious Interview,attack-pattern--cc3502b5-30cc-4473-ad48-42d51a6ef6d1,T1059.006,Python,1
intrusion-set--46599a4a-77ee-4697-9474-2683b6464859,Contagious Interview,attack-pattern--0f4a0c76-ab2d-4cb0-85d3-3f0efb8cba0d,T1059.007,JavaScript,1
intrusion-set--46599a4a-77ee-4697-9474-2683b6464859,Contagious Interview,attack-pattern--d63a3fb8-9452-4e9d-a60a-54be68d5998c,T1070.004,File Deletion,1
intrusion-set--46599a4a-77ee-4697-9474-2683b6464859,Contagious Interview,attack-pattern--54b4c251-1f0e-4eba-ba6b-dbc7a6f6f06b,T1071.003,Mail Protocols,1
intrusion-set--46599a4a-77ee-4697-9474-2683b6464859,Contagious Interview,attack-pattern--354a7f88-63fb-41b5-a801-ce3b377b36f1,T1082,System Information Discovery,1
intrusion-set--46599a4a-77ee-4697-9474-2683b6464859,Contagious Interview,attack-pattern--7bc57495-ea59-4380-be31-a64af124ef18,T1083,File and Directory Discovery,1
intrusion-set--46599a4a-77ee-4697-9474-2683b6464859,Contagious Interview,attack-pattern--731f4f55-b6d0-41d1-a7a9-072a66389aea,T1090,Proxy,1
intrusion-set--46599a4a-77ee-4697-9474-2683b6464859,Contagious Interview,attack-pattern--ef67e13e-5598-4adc-bdb2-998225874fa9,T1204.001,Malicious Link,1
intrusion-set--46599a4a-77ee-4697-9474-2683b6464859,Contagious Interview,attack-pattern--232b7f21-adf9-4b42-b936-b9d6f7df856e,T1204.002,Malicious File,1
intrusion-set--46599a4a-77ee-4697-9474-2683b6464859,Contagious Interview,attack-pattern--e261a979-f354-41a8-963e-6cadac27c4bf,T1204.004,Malicious Copy and Paste,1
intrusion-set--46599a4a-77ee-4697-9474-2683b6464859,Contagious Interview,attack-pattern--73b24a10-6bf4-4af1-a81e-67b8bcb6c4e6,T1204.005,Malicious Library,1
intrusion-set--46599a4a-77ee-4697-9474-2683b6464859,Contagious Interview,attack-pattern--d4287702-e2f7-4946-bdfa-2c7f5aaa5032,T1219.002,Remote Desktop Software,1
intrusion-set--46599a4a-77ee-4697-9474-2683b6464859,Contagious Interview,attack-pattern--853c4192-4311-43e1-bfbb-b11b14911852,T1480,Execution Guardrails,1
intrusion-set--46599a4a-77ee-4697-9474-2683b6464859,Contagious Interview,attack-pattern--82caa33e-d11a-433a-94ea-9b5a5fbef81d,T1497,Virtualization/Sandbox Evasion,1
intrusion-set--46599a4a-77ee-4697-9474-2683b6464859,Contagious Interview,attack-pattern--d10cbd34-42e3-45c0-84d2-535a09849584,T1543.001,Launch Agent,1
intrusion-set--46599a4a-77ee-4697-9474-2683b6464859,Contagious Interview,attack-pattern--b63a34e8-0a61-4c97-a23b-bf8a2ed812e2,T1546.004,Unix Shell Configuration Modification,1
intrusion-set--46599a4a-77ee-4697-9474-2683b6464859,Contagious Interview,attack-pattern--9efb1ea7-c37b-4595-9640-b7680cd84279,T1547.001,Registry Run Keys / Startup Folder,1
intrusion-set--46599a4a-77ee-4697-9474-2683b6464859,Contagious Interview,attack-pattern--e0232cb0-ded5-4c2e-9dc7-2893142a5c11,T1547.013,XDG Autostart Entries,1
intrusion-set--46599a4a-77ee-4697-9474-2683b6464859,Contagious Interview,attack-pattern--1eaebf46-e361-4437-bc23-d5d65a3b92e3,T1555.001,Keychain,1
intrusion-set--46599a4a-77ee-4697-9474-2683b6464859,Contagious Interview,attack-pattern--f6ad61ee-65f3-4bd0-a3f5-2f0accb36317,T1566.003,Spearphishing via Service,1
intrusion-set--46599a4a-77ee-4697-9474-2683b6464859,Contagious Interview,attack-pattern--40597f16-0963-4249-bf4c-ac93b7fb9807,T1567,Exfiltration Over Web Service,1
intrusion-set--46599a4a-77ee-4697-9474-2683b6464859,Contagious Interview,attack-pattern--bf1b6176-597c-4600-bfcd-ac989670f96b,T1567.002,Exfiltration to Cloud Storage,1
intrusion-set--46599a4a-77ee-4697-9474-2683b6464859,Contagious Interview,attack-pattern--b18eae87-b469-4e14-b454-b171b416bc18,T1571,Non-Standard Port,1
intrusion-set--46599a4a-77ee-4697-9474-2683b6464859,Contagious Interview,attack-pattern--24bfaeba-cb0d-4525-b3dc-507c77ecec41,T1573.001,Symmetric Cryptography,1
intrusion-set--46599a4a-77ee-4697-9474-2683b6464859,Contagious Interview,attack-pattern--0458aab9-ad42-4eac-9e22-706a95bafee2,T1583,Acquire Infrastructure,1
intrusion-set--46599a4a-77ee-4697-9474-2683b6464859,Contagious Interview,attack-pattern--40f5caa0-4cb7-4117-89fc-d421bb493df3,T1583.001,Domains,1
intrusion-set--46599a4a-77ee-4697-9474-2683b6464859,Contagious Interview,attack-pattern--79da0971-3147-4af6-a4f5-e8cd447cd795,T1583.003,Virtual Private Server,1
intrusion-set--46599a4a-77ee-4697-9474-2683b6464859,Contagious Interview,attack-pattern--88d31120-5bc7-4ce3-a9c0-7cf147be8e54,T1583.006,Web Services,1
intrusion-set--46599a4a-77ee-4697-9474-2683b6464859,Contagious Interview,attack-pattern--cdfc5f0a-9bb9-4352-b896-553cfa2d8fd8,T1585,Establish Accounts,1
intrusion-set--46599a4a-77ee-4697-9474-2683b6464859,Contagious Interview,attack-pattern--b1ccd744-3f78-4a0e-9bb2-2002057f7928,T1585.001,Social Media Accounts,1
intrusion-set--46599a4a-77ee-4697-9474-2683b6464859,Contagious Interview,attack-pattern--65013dd2-bc61-43e3-afb5-a14c4fa7437a,T1585.002,Email Accounts,1
intrusion-set--46599a4a-77ee-4697-9474-2683b6464859,Contagious Interview,attack-pattern--edadea33-549c-4ed1-9783-8f5a5853cbdf,T1587,Develop Capabilities,1
intrusion-set--46599a4a-77ee-4697-9474-2683b6464859,Contagious Interview,attack-pattern--212306d8-efa4-44c9-8c2d-ed3d2e224aa0,T1587.001,Malware,1
intrusion-set--46599a4a-77ee-4697-9474-2683b6464859,Contagious Interview,attack-pattern--a2fdce72-04b2-409a-ac10-cc1695f4fce0,T1588.002,Tool,1
intrusion-set--46599a4a-77ee-4697-9474-2683b6464859,Contagious Interview,attack-pattern--0cc222f5-c3ff-48e6-9f52-3314baf9d37e,T1588.007,Artificial Intelligence,1
intrusion-set--46599a4a-77ee-4697-9474-2683b6464859,Contagious Interview,attack-pattern--5282dd9a-d26d-4e16-88b7-7c0f4553daf4,T1589,Gather Victim Identity Information,1
intrusion-set--46599a4a-77ee-4697-9474-2683b6464859,Contagious Interview,attack-pattern--a0e6614a-7740-4b24-bd65-f1bde09fc365,T1593,Search Open Websites/Domains,1
intrusion-set--46599a4a-77ee-4697-9474-2683b6464859,Contagious Interview,attack-pattern--bbe5b322-e2af-4a5e-9625-a4e62bf84ed3,T1593.001,Social Media,1
intrusion-set--46599a4a-77ee-4697-9474-2683b6464859,Contagious Interview,attack-pattern--70910fbd-58dc-4c1c-8c48-814d11fcd022,T1593.003,Code Repositories,1
intrusion-set--46599a4a-77ee-4697-9474-2683b6464859,Contagious Interview,attack-pattern--3ee16395-03f0-4690-a32e-69ce9ada0f9e,T1608.001,Upload Malware,1
intrusion-set--46599a4a-77ee-4697-9474-2683b6464859,Contagious Interview,attack-pattern--851e071f-208d-4c79-adc6-5974c85c78f3,T1657,Financial Theft,1
intrusion-set--46599a4a-77ee-4697-9474-2683b6464859,Contagious Interview,attack-pattern--63b24abc-5702-4745-b1e4-ac70b20a43f2,T1681,Search Threat Vendor Data,1
intrusion-set--46599a4a-77ee-4697-9474-2683b6464859,Contagious Interview,attack-pattern--6a6f9892-c46a-46db-b331-c09a99200fcf,T1683.001,Written Content,1
intrusion-set--46599a4a-77ee-4697-9474-2683b6464859,Contagious Interview,attack-pattern--8f452cb4-cbf4-4522-8b11-448787be95c4,T1683.002,Audio-Visual Content,1
intrusion-set--46599a4a-77ee-4697-9474-2683b6464859,Contagious Interview,attack-pattern--cd92d2b8-ce43-4666-9472-f1b4b9f4f8be,T1684.001,Impersonation,1
intrusion-set--46599a4a-77ee-4697-9474-2683b6464859,Contagious Interview,attack-pattern--bbde9781-60aa-4b8a-a911-895b0c1b3872,T1685,Disable or Modify Tools,1
intrusion-set--dcd81c6e-ebf7-4a16-93e0-9a97fa49c88a,CopyKittens,attack-pattern--970a3432-3237-47ad-bcca-7d8cbb217736,T1059.001,PowerShell,1
intrusion-set--dcd81c6e-ebf7-4a16-93e0-9a97fa49c88a,CopyKittens,attack-pattern--731f4f55-b6d0-41d1-a7a9-072a66389aea,T1090,Proxy,1
intrusion-set--dcd81c6e-ebf7-4a16-93e0-9a97fa49c88a,CopyKittens,attack-pattern--045d0922-2310-4e60-b5e4-3302302cb3c5,T1218.011,Rundll32,1
intrusion-set--dcd81c6e-ebf7-4a16-93e0-9a97fa49c88a,CopyKittens,attack-pattern--32901740-b42c-4fdd-bc02-345b5dc57082,T1553.002,Code Signing,1
intrusion-set--dcd81c6e-ebf7-4a16-93e0-9a97fa49c88a,CopyKittens,attack-pattern--00f90846-cbd1-4fc5-9233-df5c2bf2a662,T1560.001,Archive via Utility,1
intrusion-set--dcd81c6e-ebf7-4a16-93e0-9a97fa49c88a,CopyKittens,attack-pattern--143c0cbb-a297-4142-9624-87ffc778980b,T1560.003,Archive via Custom Method,1
intrusion-set--dcd81c6e-ebf7-4a16-93e0-9a97fa49c88a,CopyKittens,attack-pattern--cbb66055-0325-4111-aca0-40547b6ad5b0,T1564.003,Hidden Window,1
intrusion-set--dcd81c6e-ebf7-4a16-93e0-9a97fa49c88a,CopyKittens,attack-pattern--a2fdce72-04b2-409a-ac10-cc1695f4fce0,T1588.002,Tool,1
intrusion-set--f3be6240-f68e-47e1-90d2-ad8f3b3bb8a6,Daggerfly,attack-pattern--1644e709-12d2-41e5-a60f-3470991f5011,T1003.002,Security Account Manager,1
intrusion-set--f3be6240-f68e-47e1-90d2-ad8f3b3bb8a6,Daggerfly,attack-pattern--c32f7008-9fea-41f7-8366-5eb9b74bd896,T1012,Query Registry,1
intrusion-set--f3be6240-f68e-47e1-90d2-ad8f3b3bb8a6,Daggerfly,attack-pattern--bd5b58a4-a52d-4a29-bc0d-3f1d3968eb6b,T1036.003,Rename Legitimate Utilities,1
intrusion-set--f3be6240-f68e-47e1-90d2-ad8f3b3bb8a6,Daggerfly,attack-pattern--005a06c6-14bf-4118-afa0-ebcd8aebb0c9,T1053.005,Scheduled Task,1
intrusion-set--f3be6240-f68e-47e1-90d2-ad8f3b3bb8a6,Daggerfly,attack-pattern--970a3432-3237-47ad-bcca-7d8cbb217736,T1059.001,PowerShell,1
intrusion-set--f3be6240-f68e-47e1-90d2-ad8f3b3bb8a6,Daggerfly,attack-pattern--df8b2a25-8bdf-4856-953c-a04372b1c161,T1071.001,Web Protocols,1
intrusion-set--f3be6240-f68e-47e1-90d2-ad8f3b3bb8a6,Daggerfly,attack-pattern--354a7f88-63fb-41b5-a801-ce3b377b36f1,T1082,System Information Discovery,1
intrusion-set--f3be6240-f68e-47e1-90d2-ad8f3b3bb8a6,Daggerfly,attack-pattern--e6919abc-99f9-4c6c-95a5-14761e7b2add,T1105,Ingress Tool Transfer,1
intrusion-set--f3be6240-f68e-47e1-90d2-ad8f3b3bb8a6,Daggerfly,attack-pattern--635cbe30-392d-4e27-978e-66774357c762,T1136.001,Local Account,1
intrusion-set--f3be6240-f68e-47e1-90d2-ad8f3b3bb8a6,Daggerfly,attack-pattern--d742a578-d70e-4d0e-96a6-02a9c30204e6,T1189,Drive-by Compromise,1
intrusion-set--f3be6240-f68e-47e1-90d2-ad8f3b3bb8a6,Daggerfly,attack-pattern--bd369cd9-abb8-41ce-b5bb-fff23ee86c00,T1195.002,Compromise Software Supply Chain,1
intrusion-set--f3be6240-f68e-47e1-90d2-ad8f3b3bb8a6,Daggerfly,attack-pattern--ef67e13e-5598-4adc-bdb2-998225874fa9,T1204.001,Malicious Link,1
intrusion-set--f3be6240-f68e-47e1-90d2-ad8f3b3bb8a6,Daggerfly,attack-pattern--045d0922-2310-4e60-b5e4-3302302cb3c5,T1218.011,Rundll32,1
intrusion-set--f3be6240-f68e-47e1-90d2-ad8f3b3bb8a6,Daggerfly,attack-pattern--32901740-b42c-4fdd-bc02-345b5dc57082,T1553.002,Code Signing,1
intrusion-set--f3be6240-f68e-47e1-90d2-ad8f3b3bb8a6,Daggerfly,attack-pattern--2fee9321-3e71-4cf4-af24-d4d40d355b34,T1574.001,DLL,1
intrusion-set--f3be6240-f68e-47e1-90d2-ad8f3b3bb8a6,Daggerfly,attack-pattern--e196b5c5-8118-4a1c-ab8a-936586ce3db5,T1584.004,Server,1
intrusion-set--f3be6240-f68e-47e1-90d2-ad8f3b3bb8a6,Daggerfly,attack-pattern--34b3f738-bd64-40e5-a112-29b0542bc8bf,T1587.002,Code Signing Certificates,1
intrusion-set--8a831aaa-f3e0-47a3-bed8-a9ced744dd12,Dark Caracal,attack-pattern--3c4a2599-71ee-4405-ba1e-0e28414b4bc5,T1005,Data from Local System,1
intrusion-set--8a831aaa-f3e0-47a3-bed8-a9ced744dd12,Dark Caracal,attack-pattern--deb98323-e13f-4b0c-8d94-175379069062,T1027.002,Software Packing,1
intrusion-set--8a831aaa-f3e0-47a3-bed8-a9ced744dd12,Dark Caracal,attack-pattern--0d91b3c0-5e50-47c3-949a-2a796f04d144,T1027.013,Encrypted/Encoded File,1
intrusion-set--8a831aaa-f3e0-47a3-bed8-a9ced744dd12,Dark Caracal,attack-pattern--d1fcf083-a721-4223-aedf-bf8960798d62,T1059.003,Windows Command Shell,1
intrusion-set--8a831aaa-f3e0-47a3-bed8-a9ced744dd12,Dark Caracal,attack-pattern--df8b2a25-8bdf-4856-953c-a04372b1c161,T1071.001,Web Protocols,1
intrusion-set--8a831aaa-f3e0-47a3-bed8-a9ced744dd12,Dark Caracal,attack-pattern--7bc57495-ea59-4380-be31-a64af124ef18,T1083,File and Directory Discovery,1
intrusion-set--8a831aaa-f3e0-47a3-bed8-a9ced744dd12,Dark Caracal,attack-pattern--0259baeb-9f63-4c69-bf10-eb038c390688,T1113,Screen Capture,1
intrusion-set--8a831aaa-f3e0-47a3-bed8-a9ced744dd12,Dark Caracal,attack-pattern--d742a578-d70e-4d0e-96a6-02a9c30204e6,T1189,Drive-by Compromise,1
intrusion-set--8a831aaa-f3e0-47a3-bed8-a9ced744dd12,Dark Caracal,attack-pattern--232b7f21-adf9-4b42-b936-b9d6f7df856e,T1204.002,Malicious File,1
intrusion-set--8a831aaa-f3e0-47a3-bed8-a9ced744dd12,Dark Caracal,attack-pattern--a6937325-9321-4e2e-bb2b-3ed2d40b2a9d,T1218.001,Compiled HTML File,1
intrusion-set--8a831aaa-f3e0-47a3-bed8-a9ced744dd12,Dark Caracal,attack-pattern--9efb1ea7-c37b-4595-9640-b7680cd84279,T1547.001,Registry Run Keys / Startup Folder,1
intrusion-set--8a831aaa-f3e0-47a3-bed8-a9ced744dd12,Dark Caracal,attack-pattern--f6ad61ee-65f3-4bd0-a3f5-2f0accb36317,T1566.003,Spearphishing via Service,1
intrusion-set--6b9ebeb5-20bf-48b0-afb7-988d769a2f01,DarkHydrus,attack-pattern--970a3432-3237-47ad-bcca-7d8cbb217736,T1059.001,PowerShell,1
intrusion-set--6b9ebeb5-20bf-48b0-afb7-988d769a2f01,DarkHydrus,attack-pattern--b77cf5f3-6060-475d-bd60-40ccbf28fdc2,T1187,Forced Authentication,1
intrusion-set--6b9ebeb5-20bf-48b0-afb7-988d769a2f01,DarkHydrus,attack-pattern--232b7f21-adf9-4b42-b936-b9d6f7df856e,T1204.002,Malicious File,1
intrusion-set--6b9ebeb5-20bf-48b0-afb7-988d769a2f01,DarkHydrus,attack-pattern--dc31fe1e-d722-49da-8f5f-92c7b5aff534,T1221,Template Injection,1
intrusion-set--6b9ebeb5-20bf-48b0-afb7-988d769a2f01,DarkHydrus,attack-pattern--cbb66055-0325-4111-aca0-40547b6ad5b0,T1564.003,Hidden Window,1
intrusion-set--6b9ebeb5-20bf-48b0-afb7-988d769a2f01,DarkHydrus,attack-pattern--2e34237d-8574-43f6-aace-ae2915de8597,T1566.001,Spearphishing Attachment,1
intrusion-set--6b9ebeb5-20bf-48b0-afb7-988d769a2f01,DarkHydrus,attack-pattern--a2fdce72-04b2-409a-ac10-cc1695f4fce0,T1588.002,Tool,1
intrusion-set--813636db-3939-4a45-bea9-6113e970c029,DarkVishnya,attack-pattern--3257eb21-f9a7-4430-8de1-d8b6e288f529,T1040,Network Sniffing,1
intrusion-set--813636db-3939-4a45-bea9-6113e970c029,DarkVishnya,attack-pattern--e3a12395-188d-4051-9a16-ea8e14d07b88,T1046,Network Service Discovery,1
intrusion-set--813636db-3939-4a45-bea9-6113e970c029,DarkVishnya,attack-pattern--970a3432-3237-47ad-bcca-7d8cbb217736,T1059.001,PowerShell,1
intrusion-set--813636db-3939-4a45-bea9-6113e970c029,DarkVishnya,attack-pattern--a93494bb-4b80-4ea1-8695-3236a49916fd,T1110,Brute Force,1
intrusion-set--813636db-3939-4a45-bea9-6113e970c029,DarkVishnya,attack-pattern--3489cfc5-640f-4bb3-a103-9137b97de79f,T1135,Network Share Discovery,1
intrusion-set--813636db-3939-4a45-bea9-6113e970c029,DarkVishnya,attack-pattern--d40239b3-05ff-46d8-9bdd-b46d13463ef9,T1200,Hardware Additions,1
intrusion-set--813636db-3939-4a45-bea9-6113e970c029,DarkVishnya,attack-pattern--4061e78c-1284-44b4-9116-73e4ac3912f7,T1219,Remote Access Tools,1
intrusion-set--813636db-3939-4a45-bea9-6113e970c029,DarkVishnya,attack-pattern--2959d63f-73fd-46a1-abd2-109d7dcede32,T1543.003,Windows Service,1
intrusion-set--813636db-3939-4a45-bea9-6113e970c029,DarkVishnya,attack-pattern--b18eae87-b469-4e14-b454-b171b416bc18,T1571,Non-Standard Port,1
intrusion-set--813636db-3939-4a45-bea9-6113e970c029,DarkVishnya,attack-pattern--a2fdce72-04b2-409a-ac10-cc1695f4fce0,T1588.002,Tool,1
intrusion-set--9e729a7e-0dd6-4097-95bf-db8d64911383,Darkhotel,attack-pattern--707399d6-ab3e-4963-9315-d9d3818cd6a0,T1016,System Network Configuration Discovery,1
intrusion-set--9e729a7e-0dd6-4097-95bf-db8d64911383,Darkhotel,attack-pattern--0d91b3c0-5e50-47c3-949a-2a796f04d144,T1027.013,Encrypted/Encoded File,1
intrusion-set--9e729a7e-0dd6-4097-95bf-db8d64911383,Darkhotel,attack-pattern--1c4e5d32-1fe9-4116-9d9d-59e3925bd6a2,T1036.005,Match Legitimate Resource Name or Location,1
intrusion-set--9e729a7e-0dd6-4097-95bf-db8d64911383,Darkhotel,attack-pattern--09a60ea3-a8d1-4ae5-976e-5783248b72a4,T1056.001,Keylogging,1
intrusion-set--9e729a7e-0dd6-4097-95bf-db8d64911383,Darkhotel,attack-pattern--8f4a33ec-8b1f-4b80-a2f6-642b2e479580,T1057,Process Discovery,1
intrusion-set--9e729a7e-0dd6-4097-95bf-db8d64911383,Darkhotel,attack-pattern--d1fcf083-a721-4223-aedf-bf8960798d62,T1059.003,Windows Command Shell,1
intrusion-set--9e729a7e-0dd6-4097-95bf-db8d64911383,Darkhotel,attack-pattern--246fd3c7-f5e3-466d-8787-4c13d9e3b61c,T1080,Taint Shared Content,1
intrusion-set--9e729a7e-0dd6-4097-95bf-db8d64911383,Darkhotel,attack-pattern--354a7f88-63fb-41b5-a801-ce3b377b36f1,T1082,System Information Discovery,1
intrusion-set--9e729a7e-0dd6-4097-95bf-db8d64911383,Darkhotel,attack-pattern--7bc57495-ea59-4380-be31-a64af124ef18,T1083,File and Directory Discovery,1
intrusion-set--9e729a7e-0dd6-4097-95bf-db8d64911383,Darkhotel,attack-pattern--3b744087-9945-4a6f-91e8-9dbceda417a4,T1091,Replication Through Removable Media,1
intrusion-set--9e729a7e-0dd6-4097-95bf-db8d64911383,Darkhotel,attack-pattern--e6919abc-99f9-4c6c-95a5-14761e7b2add,T1105,Ingress Tool Transfer,1
intrusion-set--9e729a7e-0dd6-4097-95bf-db8d64911383,Darkhotel,attack-pattern--f3c544dc-673c-4ef3-accb-53229f1ae077,T1124,System Time Discovery,1
intrusion-set--9e729a7e-0dd6-4097-95bf-db8d64911383,Darkhotel,attack-pattern--3ccef7ae-cb5e-48f6-8302-897105fbf55c,T1140,Deobfuscate/Decode Files or Information,1
intrusion-set--9e729a7e-0dd6-4097-95bf-db8d64911383,Darkhotel,attack-pattern--d742a578-d70e-4d0e-96a6-02a9c30204e6,T1189,Drive-by Compromise,1
intrusion-set--9e729a7e-0dd6-4097-95bf-db8d64911383,Darkhotel,attack-pattern--be2dcee9-a7a7-4e38-afd6-21b31ecc3d63,T1203,Exploitation for Client Execution,1
intrusion-set--9e729a7e-0dd6-4097-95bf-db8d64911383,Darkhotel,attack-pattern--232b7f21-adf9-4b42-b936-b9d6f7df856e,T1204.002,Malicious File,1
intrusion-set--9e729a7e-0dd6-4097-95bf-db8d64911383,Darkhotel,attack-pattern--82caa33e-d11a-433a-94ea-9b5a5fbef81d,T1497,Virtualization/Sandbox Evasion,1
intrusion-set--9e729a7e-0dd6-4097-95bf-db8d64911383,Darkhotel,attack-pattern--29be378d-262d-4e99-b00d-852d573628e6,T1497.001,System Checks,1
intrusion-set--9e729a7e-0dd6-4097-95bf-db8d64911383,Darkhotel,attack-pattern--91541e7e-b969-40c6-bbd8-1b5352ec2938,T1497.002,User Activity Based Checks,1
intrusion-set--9e729a7e-0dd6-4097-95bf-db8d64911383,Darkhotel,attack-pattern--cba37adb-d6fb-4610-b069-dd04c0643384,T1518.001,Security Software Discovery,1
intrusion-set--9e729a7e-0dd6-4097-95bf-db8d64911383,Darkhotel,attack-pattern--9efb1ea7-c37b-4595-9640-b7680cd84279,T1547.001,Registry Run Keys / Startup Folder,1
intrusion-set--9e729a7e-0dd6-4097-95bf-db8d64911383,Darkhotel,attack-pattern--32901740-b42c-4fdd-bc02-345b5dc57082,T1553.002,Code Signing,1
intrusion-set--9e729a7e-0dd6-4097-95bf-db8d64911383,Darkhotel,attack-pattern--2e34237d-8574-43f6-aace-ae2915de8597,T1566.001,Spearphishing Attachment,1
intrusion-set--9e729a7e-0dd6-4097-95bf-db8d64911383,Darkhotel,attack-pattern--24bfaeba-cb0d-4525-b3dc-507c77ecec41,T1573.001,Symmetric Cryptography,1
intrusion-set--a653431d-6a5e-4600-8ad3-609b5af57064,Deep Panda,attack-pattern--e358d692-23c0-4a31-9eb6-ecc13a8d7735,T1018,Remote System Discovery,1
intrusion-set--a653431d-6a5e-4600-8ad3-609b5af57064,Deep Panda,attack-pattern--4f9ca633-15c5-463c-9724-bdcd54fde541,T1021.002,SMB/Windows Admin Shares,1
intrusion-set--a653431d-6a5e-4600-8ad3-609b5af57064,Deep Panda,attack-pattern--b0533c6e-8fea-4788-874f-b799cacc4b92,T1027.005,Indicator Removal from Tools,1
intrusion-set--a653431d-6a5e-4600-8ad3-609b5af57064,Deep Panda,attack-pattern--01a5a209-b94c-450b-b7f9-946497d91055,T1047,Windows Management Instrumentation,1
intrusion-set--a653431d-6a5e-4600-8ad3-609b5af57064,Deep Panda,attack-pattern--8f4a33ec-8b1f-4b80-a2f6-642b2e479580,T1057,Process Discovery,1
intrusion-set--a653431d-6a5e-4600-8ad3-609b5af57064,Deep Panda,attack-pattern--970a3432-3237-47ad-bcca-7d8cbb217736,T1059.001,PowerShell,1
intrusion-set--a653431d-6a5e-4600-8ad3-609b5af57064,Deep Panda,attack-pattern--b97f1d35-4249-4486-a6b5-ee60ccf24fab,T1218.010,Regsvr32,1
intrusion-set--a653431d-6a5e-4600-8ad3-609b5af57064,Deep Panda,attack-pattern--5d0d3609-d06d-49e1-b9c9-b544e0c618cb,T1505.003,Web Shell,1
intrusion-set--a653431d-6a5e-4600-8ad3-609b5af57064,Deep Panda,attack-pattern--70e52b04-2a0c-4cea-9d18-7149f1df9dc5,T1546.008,Accessibility Features,1
intrusion-set--a653431d-6a5e-4600-8ad3-609b5af57064,Deep Panda,attack-pattern--cbb66055-0325-4111-aca0-40547b6ad5b0,T1564.003,Hidden Window,1
intrusion-set--1c63d4ec-0a75-4daa-b1df-0d11af3d3cc1,Dragonfly,attack-pattern--1644e709-12d2-41e5-a60f-3470991f5011,T1003.002,Security Account Manager,1
intrusion-set--1c63d4ec-0a75-4daa-b1df-0d11af3d3cc1,Dragonfly,attack-pattern--edf91964-b26e-4b4a-9600-ccacd7d7df24,T1003.003,NTDS,1
intrusion-set--1c63d4ec-0a75-4daa-b1df-0d11af3d3cc1,Dragonfly,attack-pattern--1ecfdab8-7d59-4c98-95d4-dc41970f57fc,T1003.004,LSA Secrets,1
intrusion-set--1c63d4ec-0a75-4daa-b1df-0d11af3d3cc1,Dragonfly,attack-pattern--3c4a2599-71ee-4405-ba1e-0e28414b4bc5,T1005,Data from Local System,1
intrusion-set--1c63d4ec-0a75-4daa-b1df-0d11af3d3cc1,Dragonfly,attack-pattern--c32f7008-9fea-41f7-8366-5eb9b74bd896,T1012,Query Registry,1
intrusion-set--1c63d4ec-0a75-4daa-b1df-0d11af3d3cc1,Dragonfly,attack-pattern--707399d6-ab3e-4963-9315-d9d3818cd6a0,T1016,System Network Configuration Discovery,1
intrusion-set--1c63d4ec-0a75-4daa-b1df-0d11af3d3cc1,Dragonfly,attack-pattern--e358d692-23c0-4a31-9eb6-ecc13a8d7735,T1018,Remote System Discovery,1
intrusion-set--1c63d4ec-0a75-4daa-b1df-0d11af3d3cc1,Dragonfly,attack-pattern--eb062747-2193-45de-8fa2-e62549c37ddf,T1021.001,Remote Desktop Protocol,1
intrusion-set--1c63d4ec-0a75-4daa-b1df-0d11af3d3cc1,Dragonfly,attack-pattern--03d7999c-1f4c-42cc-8373-e7690d318104,T1033,System Owner/User Discovery,1
intrusion-set--1c63d4ec-0a75-4daa-b1df-0d11af3d3cc1,Dragonfly,attack-pattern--d349c66e-18e1-4d8b-a2d7-65af7cbd2ba0,T1036.010,Masquerade Account Name,1
intrusion-set--1c63d4ec-0a75-4daa-b1df-0d11af3d3cc1,Dragonfly,attack-pattern--005a06c6-14bf-4118-afa0-ebcd8aebb0c9,T1053.005,Scheduled Task,1
intrusion-set--1c63d4ec-0a75-4daa-b1df-0d11af3d3cc1,Dragonfly,attack-pattern--7385dfaf-6886-4229-9ecd-6fd678040830,T1059,Command and Scripting Interpreter,1
intrusion-set--1c63d4ec-0a75-4daa-b1df-0d11af3d3cc1,Dragonfly,attack-pattern--970a3432-3237-47ad-bcca-7d8cbb217736,T1059.001,PowerShell,1
intrusion-set--1c63d4ec-0a75-4daa-b1df-0d11af3d3cc1,Dragonfly,attack-pattern--d1fcf083-a721-4223-aedf-bf8960798d62,T1059.003,Windows Command Shell,1
intrusion-set--1c63d4ec-0a75-4daa-b1df-0d11af3d3cc1,Dragonfly,attack-pattern--cc3502b5-30cc-4473-ad48-42d51a6ef6d1,T1059.006,Python,1
intrusion-set--1c63d4ec-0a75-4daa-b1df-0d11af3d3cc1,Dragonfly,attack-pattern--2aed01ad-3df3-4410-a8cb-11ea4ded587c,T1069.002,Domain Groups,1
intrusion-set--1c63d4ec-0a75-4daa-b1df-0d11af3d3cc1,Dragonfly,attack-pattern--d63a3fb8-9452-4e9d-a60a-54be68d5998c,T1070.004,File Deletion,1
intrusion-set--1c63d4ec-0a75-4daa-b1df-0d11af3d3cc1,Dragonfly,attack-pattern--9a60a291-8960-4387-8a4a-2ab5c18bb50b,T1071.002,File Transfer Protocols,1
intrusion-set--1c63d4ec-0a75-4daa-b1df-0d11af3d3cc1,Dragonfly,attack-pattern--1c34f7aa-9341-4a48-bfab-af22e51aca6c,T1074.001,Local Data Staging,1
intrusion-set--1c63d4ec-0a75-4daa-b1df-0d11af3d3cc1,Dragonfly,attack-pattern--b17a1a56-e99c-403c-8948-561df0cffe81,T1078,Valid Accounts,1
intrusion-set--1c63d4ec-0a75-4daa-b1df-0d11af3d3cc1,Dragonfly,attack-pattern--7bc57495-ea59-4380-be31-a64af124ef18,T1083,File and Directory Discovery,1
intrusion-set--1c63d4ec-0a75-4daa-b1df-0d11af3d3cc1,Dragonfly,attack-pattern--21875073-b0ee-49e3-9077-1e2a885359af,T1087.002,Domain Account,1
intrusion-set--1c63d4ec-0a75-4daa-b1df-0d11af3d3cc1,Dragonfly,attack-pattern--3e6831b2-bf4c-4ae6-b328-2e7c6633b291,T1098.007,Additional Local or Domain Groups,1
intrusion-set--1c63d4ec-0a75-4daa-b1df-0d11af3d3cc1,Dragonfly,attack-pattern--e6919abc-99f9-4c6c-95a5-14761e7b2add,T1105,Ingress Tool Transfer,1
intrusion-set--1c63d4ec-0a75-4daa-b1df-0d11af3d3cc1,Dragonfly,attack-pattern--a93494bb-4b80-4ea1-8695-3236a49916fd,T1110,Brute Force,1
intrusion-set--1c63d4ec-0a75-4daa-b1df-0d11af3d3cc1,Dragonfly,attack-pattern--1d24cdee-9ea2-4189-b08e-af110bf2435d,T1110.002,Password Cracking,1
intrusion-set--1c63d4ec-0a75-4daa-b1df-0d11af3d3cc1,Dragonfly,attack-pattern--57340c81-c025-4189-8fa0-fc7ede51bae4,T1112,Modify Registry,1
intrusion-set--1c63d4ec-0a75-4daa-b1df-0d11af3d3cc1,Dragonfly,attack-pattern--0259baeb-9f63-4c69-bf10-eb038c390688,T1113,Screen Capture,1
intrusion-set--1c63d4ec-0a75-4daa-b1df-0d11af3d3cc1,Dragonfly,attack-pattern--b4694861-542c-48ea-9eb1-10d356e7140a,T1114.002,Remote Email Collection,1
intrusion-set--1c63d4ec-0a75-4daa-b1df-0d11af3d3cc1,Dragonfly,attack-pattern--10d51417-ee35-4589-b1ff-b6df1c334e8d,T1133,External Remote Services,1
intrusion-set--1c63d4ec-0a75-4daa-b1df-0d11af3d3cc1,Dragonfly,attack-pattern--3489cfc5-640f-4bb3-a103-9137b97de79f,T1135,Network Share Discovery,1
intrusion-set--1c63d4ec-0a75-4daa-b1df-0d11af3d3cc1,Dragonfly,attack-pattern--635cbe30-392d-4e27-978e-66774357c762,T1136.001,Local Account,1
intrusion-set--1c63d4ec-0a75-4daa-b1df-0d11af3d3cc1,Dragonfly,attack-pattern--b77cf5f3-6060-475d-bd60-40ccbf28fdc2,T1187,Forced Authentication,1
intrusion-set--1c63d4ec-0a75-4daa-b1df-0d11af3d3cc1,Dragonfly,attack-pattern--d742a578-d70e-4d0e-96a6-02a9c30204e6,T1189,Drive-by Compromise,1
intrusion-set--1c63d4ec-0a75-4daa-b1df-0d11af3d3cc1,Dragonfly,attack-pattern--3f886f2a-874f-4333-b794-aa6075009b1c,T1190,Exploit Public-Facing Application,1
intrusion-set--1c63d4ec-0a75-4daa-b1df-0d11af3d3cc1,Dragonfly,attack-pattern--bd369cd9-abb8-41ce-b5bb-fff23ee86c00,T1195.002,Compromise Software Supply Chain,1
intrusion-set--1c63d4ec-0a75-4daa-b1df-0d11af3d3cc1,Dragonfly,attack-pattern--be2dcee9-a7a7-4e38-afd6-21b31ecc3d63,T1203,Exploitation for Client Execution,1
intrusion-set--1c63d4ec-0a75-4daa-b1df-0d11af3d3cc1,Dragonfly,attack-pattern--232b7f21-adf9-4b42-b936-b9d6f7df856e,T1204.002,Malicious File,1
intrusion-set--1c63d4ec-0a75-4daa-b1df-0d11af3d3cc1,Dragonfly,attack-pattern--9db0cf3a-a3c9-4012-8268-123b9db6fd82,T1210,Exploitation of Remote Services,1
intrusion-set--1c63d4ec-0a75-4daa-b1df-0d11af3d3cc1,Dragonfly,attack-pattern--dc31fe1e-d722-49da-8f5f-92c7b5aff534,T1221,Template Injection,1
intrusion-set--1c63d4ec-0a75-4daa-b1df-0d11af3d3cc1,Dragonfly,attack-pattern--5d0d3609-d06d-49e1-b9c9-b544e0c618cb,T1505.003,Web Shell,1
intrusion-set--1c63d4ec-0a75-4daa-b1df-0d11af3d3cc1,Dragonfly,attack-pattern--9efb1ea7-c37b-4595-9640-b7680cd84279,T1547.001,Registry Run Keys / Startup Folder,1
intrusion-set--1c63d4ec-0a75-4daa-b1df-0d11af3d3cc1,Dragonfly,attack-pattern--53ac20cd-aca3-406e-9aa0-9fc7fdc60a5a,T1560,Archive Collected Data,1
intrusion-set--1c63d4ec-0a75-4daa-b1df-0d11af3d3cc1,Dragonfly,attack-pattern--8c4aef43-48d5-49aa-b2af-c0cd58d30c3d,T1564.002,Hidden Users,1
intrusion-set--1c63d4ec-0a75-4daa-b1df-0d11af3d3cc1,Dragonfly,attack-pattern--2e34237d-8574-43f6-aace-ae2915de8597,T1566.001,Spearphishing Attachment,1
intrusion-set--1c63d4ec-0a75-4daa-b1df-0d11af3d3cc1,Dragonfly,attack-pattern--40f5caa0-4cb7-4117-89fc-d421bb493df3,T1583.001,Domains,1
intrusion-set--1c63d4ec-0a75-4daa-b1df-0d11af3d3cc1,Dragonfly,attack-pattern--79da0971-3147-4af6-a4f5-e8cd447cd795,T1583.003,Virtual Private Server,1
intrusion-set--1c63d4ec-0a75-4daa-b1df-0d11af3d3cc1,Dragonfly,attack-pattern--e196b5c5-8118-4a1c-ab8a-936586ce3db5,T1584.004,Server,1
intrusion-set--1c63d4ec-0a75-4daa-b1df-0d11af3d3cc1,Dragonfly,attack-pattern--a2fdce72-04b2-409a-ac10-cc1695f4fce0,T1588.002,Tool,1
intrusion-set--1c63d4ec-0a75-4daa-b1df-0d11af3d3cc1,Dragonfly,attack-pattern--6ee2dc99-91ad-4534-a7d8-a649358c331f,T1591.002,Business Relationships,1
intrusion-set--1c63d4ec-0a75-4daa-b1df-0d11af3d3cc1,Dragonfly,attack-pattern--5502c4e9-24ef-4d5f-8ee9-9e906c2f82c4,T1595.002,Vulnerability Scanning,1
intrusion-set--1c63d4ec-0a75-4daa-b1df-0d11af3d3cc1,Dragonfly,attack-pattern--8982a661-d84c-48c0-b4ec-1db29c6cf3bc,T1598.002,Spearphishing Attachment,1
intrusion-set--1c63d4ec-0a75-4daa-b1df-0d11af3d3cc1,Dragonfly,attack-pattern--2d3f5b3c-54ca-4f4d-bb1f-849346d31230,T1598.003,Spearphishing Link,1
intrusion-set--1c63d4ec-0a75-4daa-b1df-0d11af3d3cc1,Dragonfly,attack-pattern--31fe0ba2-62fd-4fd9-9293-4043d84f7fe9,T1608.004,Drive-by Target,1
intrusion-set--1c63d4ec-0a75-4daa-b1df-0d11af3d3cc1,Dragonfly,attack-pattern--75b9a4d2-d4e2-4ca1-9aab-1badd9e05fd0,T1685.005,Clear Windows Event Logs,1
intrusion-set--1c63d4ec-0a75-4daa-b1df-0d11af3d3cc1,Dragonfly,attack-pattern--eec096b8-c207-43df-b6c1-11523861e452,T1686,Disable or Modify System Firewall,1
intrusion-set--129f2f77-1ab2-4c35-bd5e-21260cee92af,EXOTIC LILY,attack-pattern--830c9528-df21-472c-8c14-a036bf17d665,T1102,Web Service,1
intrusion-set--129f2f77-1ab2-4c35-bd5e-21260cee92af,EXOTIC LILY,attack-pattern--be2dcee9-a7a7-4e38-afd6-21b31ecc3d63,T1203,Exploitation for Client Execution,1
intrusion-set--129f2f77-1ab2-4c35-bd5e-21260cee92af,EXOTIC LILY,attack-pattern--ef67e13e-5598-4adc-bdb2-998225874fa9,T1204.001,Malicious Link,1
intrusion-set--129f2f77-1ab2-4c35-bd5e-21260cee92af,EXOTIC LILY,attack-pattern--232b7f21-adf9-4b42-b936-b9d6f7df856e,T1204.002,Malicious File,1
intrusion-set--129f2f77-1ab2-4c35-bd5e-21260cee92af,EXOTIC LILY,attack-pattern--2e34237d-8574-43f6-aace-ae2915de8597,T1566.001,Spearphishing Attachment,1
intrusion-set--129f2f77-1ab2-4c35-bd5e-21260cee92af,EXOTIC LILY,attack-pattern--2b742742-28c3-4e1b-bab7-8350d6300fa7,T1566.002,Spearphishing Link,1
intrusion-set--129f2f77-1ab2-4c35-bd5e-21260cee92af,EXOTIC LILY,attack-pattern--f6ad61ee-65f3-4bd0-a3f5-2f0accb36317,T1566.003,Spearphishing via Service,1
intrusion-set--129f2f77-1ab2-4c35-bd5e-21260cee92af,EXOTIC LILY,attack-pattern--40f5caa0-4cb7-4117-89fc-d421bb493df3,T1583.001,Domains,1
intrusion-set--129f2f77-1ab2-4c35-bd5e-21260cee92af,EXOTIC LILY,attack-pattern--b1ccd744-3f78-4a0e-9bb2-2002057f7928,T1585.001,Social Media Accounts,1
intrusion-set--129f2f77-1ab2-4c35-bd5e-21260cee92af,EXOTIC LILY,attack-pattern--65013dd2-bc61-43e3-afb5-a14c4fa7437a,T1585.002,Email Accounts,1
intrusion-set--129f2f77-1ab2-4c35-bd5e-21260cee92af,EXOTIC LILY,attack-pattern--69f897fd-12a9-4c89-ad6a-46d2f3c38262,T1589.002,Email Addresses,1
intrusion-set--129f2f77-1ab2-4c35-bd5e-21260cee92af,EXOTIC LILY,attack-pattern--bbe5b322-e2af-4a5e-9625-a4e62bf84ed3,T1593.001,Social Media,1
intrusion-set--129f2f77-1ab2-4c35-bd5e-21260cee92af,EXOTIC LILY,attack-pattern--16cdd21f-da65-4e4f-bc04-dd7d198c7b26,T1594,Search Victim-Owned Websites,1
intrusion-set--129f2f77-1ab2-4c35-bd5e-21260cee92af,EXOTIC LILY,attack-pattern--a51eb150-93b1-484b-a503-e51453b127a4,T1597,Search Closed Sources,1
intrusion-set--129f2f77-1ab2-4c35-bd5e-21260cee92af,EXOTIC LILY,attack-pattern--3ee16395-03f0-4690-a32e-69ce9ada0f9e,T1608.001,Upload Malware,1
intrusion-set--cc613a49-9bfa-4e22-98d1-15ffbb03f034,Earth Lusca,attack-pattern--65f2d882-3f41-4d48-8a06-29af77ec9f90,T1003.001,LSASS Memory,1
intrusion-set--cc613a49-9bfa-4e22-98d1-15ffbb03f034,Earth Lusca,attack-pattern--f303a39a-6255-4b89-aecc-18c4d8ca7163,T1003.006,DCSync,1
intrusion-set--cc613a49-9bfa-4e22-98d1-15ffbb03f034,Earth Lusca,attack-pattern--322bad5a-1c49-4d23-ab79-76d641794afa,T1007,System Service Discovery,1
intrusion-set--cc613a49-9bfa-4e22-98d1-15ffbb03f034,Earth Lusca,attack-pattern--707399d6-ab3e-4963-9315-d9d3818cd6a0,T1016,System Network Configuration Discovery,1
intrusion-set--cc613a49-9bfa-4e22-98d1-15ffbb03f034,Earth Lusca,attack-pattern--e358d692-23c0-4a31-9eb6-ecc13a8d7735,T1018,Remote System Discovery,1
intrusion-set--cc613a49-9bfa-4e22-98d1-15ffbb03f034,Earth Lusca,attack-pattern--b3d682b6-98f2-4fb0-aa3b-b4df007ca70a,T1027,Obfuscated Files or Information,1
intrusion-set--cc613a49-9bfa-4e22-98d1-15ffbb03f034,Earth Lusca,attack-pattern--c2e147a9-d1a8-4074-811a-d8789202d916,T1027.003,Steganography,1
intrusion-set--cc613a49-9bfa-4e22-98d1-15ffbb03f034,Earth Lusca,attack-pattern--03d7999c-1f4c-42cc-8373-e7690d318104,T1033,System Owner/User Discovery,1
intrusion-set--cc613a49-9bfa-4e22-98d1-15ffbb03f034,Earth Lusca,attack-pattern--1c4e5d32-1fe9-4116-9d9d-59e3925bd6a2,T1036.005,Match Legitimate Resource Name or Location,1
intrusion-set--cc613a49-9bfa-4e22-98d1-15ffbb03f034,Earth Lusca,attack-pattern--01a5a209-b94c-450b-b7f9-946497d91055,T1047,Windows Management Instrumentation,1
intrusion-set--cc613a49-9bfa-4e22-98d1-15ffbb03f034,Earth Lusca,attack-pattern--7e150503-88e7-4861-866b-ff1ac82c4475,T1049,System Network Connections Discovery,1
intrusion-set--cc613a49-9bfa-4e22-98d1-15ffbb03f034,Earth Lusca,attack-pattern--005a06c6-14bf-4118-afa0-ebcd8aebb0c9,T1053.005,Scheduled Task,1
intrusion-set--cc613a49-9bfa-4e22-98d1-15ffbb03f034,Earth Lusca,attack-pattern--8f4a33ec-8b1f-4b80-a2f6-642b2e479580,T1057,Process Discovery,1
intrusion-set--cc613a49-9bfa-4e22-98d1-15ffbb03f034,Earth Lusca,attack-pattern--970a3432-3237-47ad-bcca-7d8cbb217736,T1059.001,PowerShell,1
intrusion-set--cc613a49-9bfa-4e22-98d1-15ffbb03f034,Earth Lusca,attack-pattern--dfd7cc1d-e1d8-4394-a198-97c4cab8aa67,T1059.005,Visual Basic,1
intrusion-set--cc613a49-9bfa-4e22-98d1-15ffbb03f034,Earth Lusca,attack-pattern--cc3502b5-30cc-4473-ad48-42d51a6ef6d1,T1059.006,Python,1
intrusion-set--cc613a49-9bfa-4e22-98d1-15ffbb03f034,Earth Lusca,attack-pattern--0f4a0c76-ab2d-4cb0-85d3-3f0efb8cba0d,T1059.007,JavaScript,1
intrusion-set--cc613a49-9bfa-4e22-98d1-15ffbb03f034,Earth Lusca,attack-pattern--731f4f55-b6d0-41d1-a7a9-072a66389aea,T1090,Proxy,1
intrusion-set--cc613a49-9bfa-4e22-98d1-15ffbb03f034,Earth Lusca,attack-pattern--6b57dc31-b814-4a03-8706-28bc20d739c4,T1098.004,SSH Authorized Keys,1
intrusion-set--cc613a49-9bfa-4e22-98d1-15ffbb03f034,Earth Lusca,attack-pattern--57340c81-c025-4189-8fa0-fc7ede51bae4,T1112,Modify Registry,1
intrusion-set--cc613a49-9bfa-4e22-98d1-15ffbb03f034,Earth Lusca,attack-pattern--3ccef7ae-cb5e-48f6-8302-897105fbf55c,T1140,Deobfuscate/Decode Files or Information,1
intrusion-set--cc613a49-9bfa-4e22-98d1-15ffbb03f034,Earth Lusca,attack-pattern--d742a578-d70e-4d0e-96a6-02a9c30204e6,T1189,Drive-by Compromise,1
intrusion-set--cc613a49-9bfa-4e22-98d1-15ffbb03f034,Earth Lusca,attack-pattern--3f886f2a-874f-4333-b794-aa6075009b1c,T1190,Exploit Public-Facing Application,1
intrusion-set--cc613a49-9bfa-4e22-98d1-15ffbb03f034,Earth Lusca,attack-pattern--ef67e13e-5598-4adc-bdb2-998225874fa9,T1204.001,Malicious Link,1
intrusion-set--cc613a49-9bfa-4e22-98d1-15ffbb03f034,Earth Lusca,attack-pattern--232b7f21-adf9-4b42-b936-b9d6f7df856e,T1204.002,Malicious File,1
intrusion-set--cc613a49-9bfa-4e22-98d1-15ffbb03f034,Earth Lusca,attack-pattern--9db0cf3a-a3c9-4012-8268-123b9db6fd82,T1210,Exploitation of Remote Services,1
intrusion-set--cc613a49-9bfa-4e22-98d1-15ffbb03f034,Earth Lusca,attack-pattern--840a987a-99bd-4a80-a5c9-0cb2baa6cade,T1218.005,Mshta,1
intrusion-set--cc613a49-9bfa-4e22-98d1-15ffbb03f034,Earth Lusca,attack-pattern--767dbf9e-df3f-45cb-8998-4903ab5f80c0,T1482,Domain Trust Discovery,1
intrusion-set--cc613a49-9bfa-4e22-98d1-15ffbb03f034,Earth Lusca,attack-pattern--2959d63f-73fd-46a1-abd2-109d7dcede32,T1543.003,Windows Service,1
intrusion-set--cc613a49-9bfa-4e22-98d1-15ffbb03f034,Earth Lusca,attack-pattern--2de47683-f398-448f-b947-9abcc3e32fad,T1547.012,Print Processors,1
intrusion-set--cc613a49-9bfa-4e22-98d1-15ffbb03f034,Earth Lusca,attack-pattern--120d5519-3098-4e1c-9191-2aa61232f073,T1548.002,Bypass User Account Control,1
intrusion-set--cc613a49-9bfa-4e22-98d1-15ffbb03f034,Earth Lusca,attack-pattern--00f90846-cbd1-4fc5-9233-df5c2bf2a662,T1560.001,Archive via Utility,1
intrusion-set--cc613a49-9bfa-4e22-98d1-15ffbb03f034,Earth Lusca,attack-pattern--2b742742-28c3-4e1b-bab7-8350d6300fa7,T1566.002,Spearphishing Link,1
intrusion-set--cc613a49-9bfa-4e22-98d1-15ffbb03f034,Earth Lusca,attack-pattern--bf1b6176-597c-4600-bfcd-ac989670f96b,T1567.002,Exfiltration to Cloud Storage,1
intrusion-set--cc613a49-9bfa-4e22-98d1-15ffbb03f034,Earth Lusca,attack-pattern--2fee9321-3e71-4cf4-af24-d4d40d355b34,T1574.001,DLL,1
intrusion-set--cc613a49-9bfa-4e22-98d1-15ffbb03f034,Earth Lusca,attack-pattern--40f5caa0-4cb7-4117-89fc-d421bb493df3,T1583.001,Domains,1
intrusion-set--cc613a49-9bfa-4e22-98d1-15ffbb03f034,Earth Lusca,attack-pattern--60c4b628-4807-4b0b-bbf5-fdac8643c337,T1583.004,Server,1
intrusion-set--cc613a49-9bfa-4e22-98d1-15ffbb03f034,Earth Lusca,attack-pattern--88d31120-5bc7-4ce3-a9c0-7cf147be8e54,T1583.006,Web Services,1
intrusion-set--cc613a49-9bfa-4e22-98d1-15ffbb03f034,Earth Lusca,attack-pattern--e196b5c5-8118-4a1c-ab8a-936586ce3db5,T1584.004,Server,1
intrusion-set--cc613a49-9bfa-4e22-98d1-15ffbb03f034,Earth Lusca,attack-pattern--ae797531-3219-49a4-bccf-324ad7a4c7b2,T1584.006,Web Services,1
intrusion-set--cc613a49-9bfa-4e22-98d1-15ffbb03f034,Earth Lusca,attack-pattern--7807d3a4-a885-4639-a786-c1ed41484970,T1588.001,Malware,1
intrusion-set--cc613a49-9bfa-4e22-98d1-15ffbb03f034,Earth Lusca,attack-pattern--a2fdce72-04b2-409a-ac10-cc1695f4fce0,T1588.002,Tool,1
intrusion-set--cc613a49-9bfa-4e22-98d1-15ffbb03f034,Earth Lusca,attack-pattern--5502c4e9-24ef-4d5f-8ee9-9e906c2f82c4,T1595.002,Vulnerability Scanning,1
intrusion-set--cc613a49-9bfa-4e22-98d1-15ffbb03f034,Earth Lusca,attack-pattern--3ee16395-03f0-4690-a32e-69ce9ada0f9e,T1608.001,Upload Malware,1
intrusion-set--03506554-5f37-4f8f-9ce4-0e9f01a1b484,Elderwood,attack-pattern--deb98323-e13f-4b0c-8d94-175379069062,T1027.002,Software Packing,1
intrusion-set--03506554-5f37-4f8f-9ce4-0e9f01a1b484,Elderwood,attack-pattern--0d91b3c0-5e50-47c3-949a-2a796f04d144,T1027.013,Encrypted/Encoded File,1
intrusion-set--03506554-5f37-4f8f-9ce4-0e9f01a1b484,Elderwood,attack-pattern--e6919abc-99f9-4c6c-95a5-14761e7b2add,T1105,Ingress Tool Transfer,1
intrusion-set--03506554-5f37-4f8f-9ce4-0e9f01a1b484,Elderwood,attack-pattern--d742a578-d70e-4d0e-96a6-02a9c30204e6,T1189,Drive-by Compromise,1
intrusion-set--03506554-5f37-4f8f-9ce4-0e9f01a1b484,Elderwood,attack-pattern--be2dcee9-a7a7-4e38-afd6-21b31ecc3d63,T1203,Exploitation for Client Execution,1
intrusion-set--03506554-5f37-4f8f-9ce4-0e9f01a1b484,Elderwood,attack-pattern--ef67e13e-5598-4adc-bdb2-998225874fa9,T1204.001,Malicious Link,1
intrusion-set--03506554-5f37-4f8f-9ce4-0e9f01a1b484,Elderwood,attack-pattern--232b7f21-adf9-4b42-b936-b9d6f7df856e,T1204.002,Malicious File,1
intrusion-set--03506554-5f37-4f8f-9ce4-0e9f01a1b484,Elderwood,attack-pattern--2e34237d-8574-43f6-aace-ae2915de8597,T1566.001,Spearphishing Attachment,1
intrusion-set--03506554-5f37-4f8f-9ce4-0e9f01a1b484,Elderwood,attack-pattern--2b742742-28c3-4e1b-bab7-8350d6300fa7,T1566.002,Spearphishing Link,1
intrusion-set--a7f57cc1-4540-4429-823f-f4e56b8473c9,Ember Bear,attack-pattern--0a3ead4e-6d47-4ccb-854c-a6a4f9d96b22,T1003,OS Credential Dumping,1
intrusion-set--a7f57cc1-4540-4429-823f-f4e56b8473c9,Ember Bear,attack-pattern--65f2d882-3f41-4d48-8a06-29af77ec9f90,T1003.001,LSASS Memory,1
intrusion-set--a7f57cc1-4540-4429-823f-f4e56b8473c9,Ember Bear,attack-pattern--1644e709-12d2-41e5-a60f-3470991f5011,T1003.002,Security Account Manager,1
intrusion-set--a7f57cc1-4540-4429-823f-f4e56b8473c9,Ember Bear,attack-pattern--1ecfdab8-7d59-4c98-95d4-dc41970f57fc,T1003.004,LSA Secrets,1
intrusion-set--a7f57cc1-4540-4429-823f-f4e56b8473c9,Ember Bear,attack-pattern--3c4a2599-71ee-4405-ba1e-0e28414b4bc5,T1005,Data from Local System,1
intrusion-set--a7f57cc1-4540-4429-823f-f4e56b8473c9,Ember Bear,attack-pattern--e358d692-23c0-4a31-9eb6-ecc13a8d7735,T1018,Remote System Discovery,1
intrusion-set--a7f57cc1-4540-4429-823f-f4e56b8473c9,Ember Bear,attack-pattern--54a649ff-439a-41a4-9856-8d144a2551ba,T1021,Remote Services,1
intrusion-set--a7f57cc1-4540-4429-823f-f4e56b8473c9,Ember Bear,attack-pattern--42e8de7b-37b2-4258-905a-6897815e58e0,T1036,Masquerading,1
intrusion-set--a7f57cc1-4540-4429-823f-f4e56b8473c9,Ember Bear,attack-pattern--1c4e5d32-1fe9-4116-9d9d-59e3925bd6a2,T1036.005,Match Legitimate Resource Name or Location,1
intrusion-set--a7f57cc1-4540-4429-823f-f4e56b8473c9,Ember Bear,attack-pattern--e3a12395-188d-4051-9a16-ea8e14d07b88,T1046,Network Service Discovery,1
intrusion-set--a7f57cc1-4540-4429-823f-f4e56b8473c9,Ember Bear,attack-pattern--01a5a209-b94c-450b-b7f9-946497d91055,T1047,Windows Management Instrumentation,1
intrusion-set--a7f57cc1-4540-4429-823f-f4e56b8473c9,Ember Bear,attack-pattern--005a06c6-14bf-4118-afa0-ebcd8aebb0c9,T1053.005,Scheduled Task,1
intrusion-set--a7f57cc1-4540-4429-823f-f4e56b8473c9,Ember Bear,attack-pattern--970a3432-3237-47ad-bcca-7d8cbb217736,T1059.001,PowerShell,1
intrusion-set--a7f57cc1-4540-4429-823f-f4e56b8473c9,Ember Bear,attack-pattern--d63a3fb8-9452-4e9d-a60a-54be68d5998c,T1070.004,File Deletion,1
intrusion-set--a7f57cc1-4540-4429-823f-f4e56b8473c9,Ember Bear,attack-pattern--1996eef1-ced3-4d7f-bf94-33298cabbf72,T1071.004,DNS,1
intrusion-set--a7f57cc1-4540-4429-823f-f4e56b8473c9,Ember Bear,attack-pattern--6151cbea-819b-455a-9fa6-99a1cc58797d,T1078.001,Default Accounts,1
intrusion-set--a7f57cc1-4540-4429-823f-f4e56b8473c9,Ember Bear,attack-pattern--a782ebe2-daba-42c7-bc82-e8e9d923162d,T1090.003,Multi-hop Proxy,1
intrusion-set--a7f57cc1-4540-4429-823f-f4e56b8473c9,Ember Bear,attack-pattern--c21d5a77-d422-4a69-acd7-2c53c1faa34b,T1095,Non-Application Layer Protocol,1
intrusion-set--a7f57cc1-4540-4429-823f-f4e56b8473c9,Ember Bear,attack-pattern--a93494bb-4b80-4ea1-8695-3236a49916fd,T1110,Brute Force,1
intrusion-set--a7f57cc1-4540-4429-823f-f4e56b8473c9,Ember Bear,attack-pattern--692074ae-bb62-4a5e-a735-02cb6bde458c,T1110.003,Password Spraying,1
intrusion-set--a7f57cc1-4540-4429-823f-f4e56b8473c9,Ember Bear,attack-pattern--57340c81-c025-4189-8fa0-fc7ede51bae4,T1112,Modify Registry,1
intrusion-set--a7f57cc1-4540-4429-823f-f4e56b8473c9,Ember Bear,attack-pattern--1608f3e1-598a-42f4-a01a-2e252e81728f,T1114,Email Collection,1
intrusion-set--a7f57cc1-4540-4429-823f-f4e56b8473c9,Ember Bear,attack-pattern--30208d3e-0d6b-43c8-883e-44462a514619,T1119,Automated Collection,1
intrusion-set--a7f57cc1-4540-4429-823f-f4e56b8473c9,Ember Bear,attack-pattern--6faf650d-bf31-4eb4-802d-1000cf38efaf,T1125,Video Capture,1
intrusion-set--a7f57cc1-4540-4429-823f-f4e56b8473c9,Ember Bear,attack-pattern--10d51417-ee35-4589-b1ff-b6df1c334e8d,T1133,External Remote Services,1
intrusion-set--a7f57cc1-4540-4429-823f-f4e56b8473c9,Ember Bear,attack-pattern--3f886f2a-874f-4333-b794-aa6075009b1c,T1190,Exploit Public-Facing Application,1
intrusion-set--a7f57cc1-4540-4429-823f-f4e56b8473c9,Ember Bear,attack-pattern--3f18edba-28f4-4bb9-82c3-8aa60dcac5f7,T1195,Supply Chain Compromise,1
intrusion-set--a7f57cc1-4540-4429-823f-f4e56b8473c9,Ember Bear,attack-pattern--be2dcee9-a7a7-4e38-afd6-21b31ecc3d63,T1203,Exploitation for Client Execution,1
intrusion-set--a7f57cc1-4540-4429-823f-f4e56b8473c9,Ember Bear,attack-pattern--9db0cf3a-a3c9-4012-8268-123b9db6fd82,T1210,Exploitation of Remote Services,1
intrusion-set--a7f57cc1-4540-4429-823f-f4e56b8473c9,Ember Bear,attack-pattern--0cfe31a7-81fc-472c-bc45-e2808d1066a3,T1491.002,External Defacement,1
intrusion-set--a7f57cc1-4540-4429-823f-f4e56b8473c9,Ember Bear,attack-pattern--5d0d3609-d06d-49e1-b9c9-b544e0c618cb,T1505.003,Web Shell,1
intrusion-set--a7f57cc1-4540-4429-823f-f4e56b8473c9,Ember Bear,attack-pattern--e624264c-033a-424d-9fd7-fc9c3bbdb03e,T1550.002,Pass the Hash,1
intrusion-set--a7f57cc1-4540-4429-823f-f4e56b8473c9,Ember Bear,attack-pattern--837f9164-50af-4ac0-8219-379d8a74cefc,T1552.001,Credentials In Files,1
intrusion-set--a7f57cc1-4540-4429-823f-f4e56b8473c9,Ember Bear,attack-pattern--53ac20cd-aca3-406e-9aa0-9fc7fdc60a5a,T1560,Archive Collected Data,1
intrusion-set--a7f57cc1-4540-4429-823f-f4e56b8473c9,Ember Bear,attack-pattern--0af0ca99-357d-4ba1-805f-674fdfb7bef9,T1561.002,Disk Structure Wipe,1
intrusion-set--a7f57cc1-4540-4429-823f-f4e56b8473c9,Ember Bear,attack-pattern--bf1b6176-597c-4600-bfcd-ac989670f96b,T1567.002,Exfiltration to Cloud Storage,1
intrusion-set--a7f57cc1-4540-4429-823f-f4e56b8473c9,Ember Bear,attack-pattern--bf90d72c-c00b-45e3-b3aa-68560560d4c5,T1570,Lateral Tool Transfer,1
intrusion-set--a7f57cc1-4540-4429-823f-f4e56b8473c9,Ember Bear,attack-pattern--b18eae87-b469-4e14-b454-b171b416bc18,T1571,Non-Standard Port,1
intrusion-set--a7f57cc1-4540-4429-823f-f4e56b8473c9,Ember Bear,attack-pattern--4fe28b27-b13c-453e-a386-c2ef362a573b,T1572,Protocol Tunneling,1
intrusion-set--a7f57cc1-4540-4429-823f-f4e56b8473c9,Ember Bear,attack-pattern--0458aab9-ad42-4eac-9e22-706a95bafee2,T1583,Acquire Infrastructure,1
intrusion-set--a7f57cc1-4540-4429-823f-f4e56b8473c9,Ember Bear,attack-pattern--79da0971-3147-4af6-a4f5-e8cd447cd795,T1583.003,Virtual Private Server,1
intrusion-set--a7f57cc1-4540-4429-823f-f4e56b8473c9,Ember Bear,attack-pattern--cdfc5f0a-9bb9-4352-b896-553cfa2d8fd8,T1585,Establish Accounts,1
intrusion-set--a7f57cc1-4540-4429-823f-f4e56b8473c9,Ember Bear,attack-pattern--7807d3a4-a885-4639-a786-c1ed41484970,T1588.001,Malware,1
intrusion-set--a7f57cc1-4540-4429-823f-f4e56b8473c9,Ember Bear,attack-pattern--f4b843c1-7e92-4701-8fed-ce82f8be2636,T1588.005,Exploits,1
intrusion-set--a7f57cc1-4540-4429-823f-f4e56b8473c9,Ember Bear,attack-pattern--db8f5003-3b20-48f0-9b76-123e44208120,T1595.001,Scanning IP Blocks,1
intrusion-set--a7f57cc1-4540-4429-823f-f4e56b8473c9,Ember Bear,attack-pattern--5502c4e9-24ef-4d5f-8ee9-9e906c2f82c4,T1595.002,Vulnerability Scanning,1
intrusion-set--a7f57cc1-4540-4429-823f-f4e56b8473c9,Ember Bear,attack-pattern--866d0d6d-02c6-42bd-aa2f-02907fdc0969,T1654,Log Enumeration,1
intrusion-set--96e239be-ad99-49eb-b127-3007b8c1bec9,Equation,attack-pattern--348f1eef-964b-4eb6-bb53-69b3dcb0c643,T1120,Peripheral Device Discovery,1
intrusion-set--96e239be-ad99-49eb-b127-3007b8c1bec9,Equation,attack-pattern--f244b8dd-af6c-4391-a497-fc03627ce995,T1480.001,Environmental Keying,1
intrusion-set--96e239be-ad99-49eb-b127-3007b8c1bec9,Equation,attack-pattern--791481f8-e96a-41be-b089-a088763083d4,T1542.002,Component Firmware,1
intrusion-set--96e239be-ad99-49eb-b127-3007b8c1bec9,Equation,attack-pattern--dfebc3b7-d19d-450b-81c7-6dafe4184c04,T1564.005,Hidden File System,1
intrusion-set--1f0f9a14-11aa-49aa-9174-bcd0eaa979de,Evilnum,attack-pattern--0f4a0c76-ab2d-4cb0-85d3-3f0efb8cba0d,T1059.007,JavaScript,1
intrusion-set--1f0f9a14-11aa-49aa-9174-bcd0eaa979de,Evilnum,attack-pattern--d63a3fb8-9452-4e9d-a60a-54be68d5998c,T1070.004,File Deletion,1
intrusion-set--1f0f9a14-11aa-49aa-9174-bcd0eaa979de,Evilnum,attack-pattern--e6919abc-99f9-4c6c-95a5-14761e7b2add,T1105,Ingress Tool Transfer,1
intrusion-set--1f0f9a14-11aa-49aa-9174-bcd0eaa979de,Evilnum,attack-pattern--ef67e13e-5598-4adc-bdb2-998225874fa9,T1204.001,Malicious Link,1
intrusion-set--1f0f9a14-11aa-49aa-9174-bcd0eaa979de,Evilnum,attack-pattern--d4287702-e2f7-4946-bdfa-2c7f5aaa5032,T1219.002,Remote Desktop Software,1
intrusion-set--1f0f9a14-11aa-49aa-9174-bcd0eaa979de,Evilnum,attack-pattern--29be378d-262d-4e99-b00d-852d573628e6,T1497.001,System Checks,1
intrusion-set--1f0f9a14-11aa-49aa-9174-bcd0eaa979de,Evilnum,attack-pattern--10ffac09-e42d-4f56-ab20-db94c67d76ff,T1539,Steal Web Session Cookie,1
intrusion-set--1f0f9a14-11aa-49aa-9174-bcd0eaa979de,Evilnum,attack-pattern--120d5519-3098-4e1c-9191-2aa61232f073,T1548.002,Bypass User Account Control,1
intrusion-set--1f0f9a14-11aa-49aa-9174-bcd0eaa979de,Evilnum,attack-pattern--3fc9b85a-2862-4363-a64d-d692e3ffbee0,T1555,Credentials from Password Stores,1
intrusion-set--1f0f9a14-11aa-49aa-9174-bcd0eaa979de,Evilnum,attack-pattern--2b742742-28c3-4e1b-bab7-8350d6300fa7,T1566.002,Spearphishing Link,1
intrusion-set--1f0f9a14-11aa-49aa-9174-bcd0eaa979de,Evilnum,attack-pattern--2fee9321-3e71-4cf4-af24-d4d40d355b34,T1574.001,DLL,1
intrusion-set--fbe9387f-34e6-4828-ac28-3080020c597b,FIN10,attack-pattern--eb062747-2193-45de-8fa2-e62549c37ddf,T1021.001,Remote Desktop Protocol,1
intrusion-set--fbe9387f-34e6-4828-ac28-3080020c597b,FIN10,attack-pattern--03d7999c-1f4c-42cc-8373-e7690d318104,T1033,System Owner/User Discovery,1
intrusion-set--fbe9387f-34e6-4828-ac28-3080020c597b,FIN10,attack-pattern--005a06c6-14bf-4118-afa0-ebcd8aebb0c9,T1053.005,Scheduled Task,1
intrusion-set--fbe9387f-34e6-4828-ac28-3080020c597b,FIN10,attack-pattern--970a3432-3237-47ad-bcca-7d8cbb217736,T1059.001,PowerShell,1
intrusion-set--fbe9387f-34e6-4828-ac28-3080020c597b,FIN10,attack-pattern--d1fcf083-a721-4223-aedf-bf8960798d62,T1059.003,Windows Command Shell,1
intrusion-set--fbe9387f-34e6-4828-ac28-3080020c597b,FIN10,attack-pattern--d63a3fb8-9452-4e9d-a60a-54be68d5998c,T1070.004,File Deletion,1
intrusion-set--fbe9387f-34e6-4828-ac28-3080020c597b,FIN10,attack-pattern--b17a1a56-e99c-403c-8948-561df0cffe81,T1078,Valid Accounts,1
intrusion-set--fbe9387f-34e6-4828-ac28-3080020c597b,FIN10,attack-pattern--fdc47f44-dd32-4b99-af5f-209f556f63c2,T1078.003,Local Accounts,1
intrusion-set--fbe9387f-34e6-4828-ac28-3080020c597b,FIN10,attack-pattern--9efb1ea7-c37b-4595-9640-b7680cd84279,T1547.001,Registry Run Keys / Startup Folder,1
intrusion-set--fbe9387f-34e6-4828-ac28-3080020c597b,FIN10,attack-pattern--bf90d72c-c00b-45e3-b3aa-68560560d4c5,T1570,Lateral Tool Transfer,1
intrusion-set--fbe9387f-34e6-4828-ac28-3080020c597b,FIN10,attack-pattern--a2fdce72-04b2-409a-ac10-cc1695f4fce0,T1588.002,Tool,1
intrusion-set--fd66436e-4d33-450e-ac4c-f7810f1c85f4,FIN13,attack-pattern--65f2d882-3f41-4d48-8a06-29af77ec9f90,T1003.001,LSASS Memory,1
intrusion-set--fd66436e-4d33-450e-ac4c-f7810f1c85f4,FIN13,attack-pattern--1644e709-12d2-41e5-a60f-3470991f5011,T1003.002,Security Account Manager,1
intrusion-set--fd66436e-4d33-450e-ac4c-f7810f1c85f4,FIN13,attack-pattern--edf91964-b26e-4b4a-9600-ccacd7d7df24,T1003.003,NTDS,1
intrusion-set--fd66436e-4d33-450e-ac4c-f7810f1c85f4,FIN13,attack-pattern--3c4a2599-71ee-4405-ba1e-0e28414b4bc5,T1005,Data from Local System,1
intrusion-set--fd66436e-4d33-450e-ac4c-f7810f1c85f4,FIN13,attack-pattern--707399d6-ab3e-4963-9315-d9d3818cd6a0,T1016,System Network Configuration Discovery,1
intrusion-set--fd66436e-4d33-450e-ac4c-f7810f1c85f4,FIN13,attack-pattern--132d5b37-aac5-4378-a8dc-3127b18a73dc,T1016.001,Internet Connection Discovery,1
intrusion-set--fd66436e-4d33-450e-ac4c-f7810f1c85f4,FIN13,attack-pattern--eb062747-2193-45de-8fa2-e62549c37ddf,T1021.001,Remote Desktop Protocol,1
intrusion-set--fd66436e-4d33-450e-ac4c-f7810f1c85f4,FIN13,attack-pattern--4f9ca633-15c5-463c-9724-bdcd54fde541,T1021.002,SMB/Windows Admin Shares,1
intrusion-set--fd66436e-4d33-450e-ac4c-f7810f1c85f4,FIN13,attack-pattern--2db31dcd-54da-405d-acef-b9129b816ed6,T1021.004,SSH,1
intrusion-set--fd66436e-4d33-450e-ac4c-f7810f1c85f4,FIN13,attack-pattern--60d0c01d-e2bf-49dd-a453-f8a9c9fa6f65,T1021.006,Windows Remote Management,1
intrusion-set--fd66436e-4d33-450e-ac4c-f7810f1c85f4,FIN13,attack-pattern--42e8de7b-37b2-4258-905a-6897815e58e0,T1036,Masquerading,1
intrusion-set--fd66436e-4d33-450e-ac4c-f7810f1c85f4,FIN13,attack-pattern--7bdca9d5-d500-4d7d-8c52-5fd47baf4c0c,T1036.004,Masquerade Task or Service,1
intrusion-set--fd66436e-4d33-450e-ac4c-f7810f1c85f4,FIN13,attack-pattern--1c4e5d32-1fe9-4116-9d9d-59e3925bd6a2,T1036.005,Match Legitimate Resource Name or Location,1
intrusion-set--fd66436e-4d33-450e-ac4c-f7810f1c85f4,FIN13,attack-pattern--e3a12395-188d-4051-9a16-ea8e14d07b88,T1046,Network Service Discovery,1
intrusion-set--fd66436e-4d33-450e-ac4c-f7810f1c85f4,FIN13,attack-pattern--01a5a209-b94c-450b-b7f9-946497d91055,T1047,Windows Management Instrumentation,1
intrusion-set--fd66436e-4d33-450e-ac4c-f7810f1c85f4,FIN13,attack-pattern--7e150503-88e7-4861-866b-ff1ac82c4475,T1049,System Network Connections Discovery,1
intrusion-set--fd66436e-4d33-450e-ac4c-f7810f1c85f4,FIN13,attack-pattern--005a06c6-14bf-4118-afa0-ebcd8aebb0c9,T1053.005,Scheduled Task,1
intrusion-set--fd66436e-4d33-450e-ac4c-f7810f1c85f4,FIN13,attack-pattern--09a60ea3-a8d1-4ae5-976e-5783248b72a4,T1056.001,Keylogging,1
intrusion-set--fd66436e-4d33-450e-ac4c-f7810f1c85f4,FIN13,attack-pattern--970a3432-3237-47ad-bcca-7d8cbb217736,T1059.001,PowerShell,1
intrusion-set--fd66436e-4d33-450e-ac4c-f7810f1c85f4,FIN13,attack-pattern--d1fcf083-a721-4223-aedf-bf8960798d62,T1059.003,Windows Command Shell,1
intrusion-set--fd66436e-4d33-450e-ac4c-f7810f1c85f4,FIN13,attack-pattern--dfd7cc1d-e1d8-4394-a198-97c4cab8aa67,T1059.005,Visual Basic,1
intrusion-set--fd66436e-4d33-450e-ac4c-f7810f1c85f4,FIN13,attack-pattern--15dbf668-795c-41e6-8219-f0447c0e64ce,T1069,Permission Groups Discovery,1
intrusion-set--fd66436e-4d33-450e-ac4c-f7810f1c85f4,FIN13,attack-pattern--df8b2a25-8bdf-4856-953c-a04372b1c161,T1071.001,Web Protocols,1
intrusion-set--fd66436e-4d33-450e-ac4c-f7810f1c85f4,FIN13,attack-pattern--1c34f7aa-9341-4a48-bfab-af22e51aca6c,T1074.001,Local Data Staging,1
intrusion-set--fd66436e-4d33-450e-ac4c-f7810f1c85f4,FIN13,attack-pattern--6151cbea-819b-455a-9fa6-99a1cc58797d,T1078.001,Default Accounts,1
intrusion-set--fd66436e-4d33-450e-ac4c-f7810f1c85f4,FIN13,attack-pattern--354a7f88-63fb-41b5-a801-ce3b377b36f1,T1082,System Information Discovery,1
intrusion-set--fd66436e-4d33-450e-ac4c-f7810f1c85f4,FIN13,attack-pattern--7bc57495-ea59-4380-be31-a64af124ef18,T1083,File and Directory Discovery,1
intrusion-set--fd66436e-4d33-450e-ac4c-f7810f1c85f4,FIN13,attack-pattern--72b74d71-8169-42aa-92e0-e7b04b9f5a08,T1087,Account Discovery,1
intrusion-set--fd66436e-4d33-450e-ac4c-f7810f1c85f4,FIN13,attack-pattern--21875073-b0ee-49e3-9077-1e2a885359af,T1087.002,Domain Account,1
intrusion-set--fd66436e-4d33-450e-ac4c-f7810f1c85f4,FIN13,attack-pattern--f6dacc85-b37d-458e-b58d-74fc4bbf5755,T1090.001,Internal Proxy,1
intrusion-set--fd66436e-4d33-450e-ac4c-f7810f1c85f4,FIN13,attack-pattern--3e6831b2-bf4c-4ae6-b328-2e7c6633b291,T1098.007,Additional Local or Domain Groups,1
intrusion-set--fd66436e-4d33-450e-ac4c-f7810f1c85f4,FIN13,attack-pattern--e6919abc-99f9-4c6c-95a5-14761e7b2add,T1105,Ingress Tool Transfer,1
intrusion-set--fd66436e-4d33-450e-ac4c-f7810f1c85f4,FIN13,attack-pattern--10d51417-ee35-4589-b1ff-b6df1c334e8d,T1133,External Remote Services,1
intrusion-set--fd66436e-4d33-450e-ac4c-f7810f1c85f4,FIN13,attack-pattern--8cdeb020-e31e-4f88-a582-f53dcfbda819,T1134.003,Make and Impersonate Token,1
intrusion-set--fd66436e-4d33-450e-ac4c-f7810f1c85f4,FIN13,attack-pattern--3489cfc5-640f-4bb3-a103-9137b97de79f,T1135,Network Share Discovery,1
intrusion-set--fd66436e-4d33-450e-ac4c-f7810f1c85f4,FIN13,attack-pattern--635cbe30-392d-4e27-978e-66774357c762,T1136.001,Local Account,1
intrusion-set--fd66436e-4d33-450e-ac4c-f7810f1c85f4,FIN13,attack-pattern--3ccef7ae-cb5e-48f6-8302-897105fbf55c,T1140,Deobfuscate/Decode Files or Information,1
intrusion-set--fd66436e-4d33-450e-ac4c-f7810f1c85f4,FIN13,attack-pattern--3f886f2a-874f-4333-b794-aa6075009b1c,T1190,Exploit Public-Facing Application,1
intrusion-set--fd66436e-4d33-450e-ac4c-f7810f1c85f4,FIN13,attack-pattern--5d0d3609-d06d-49e1-b9c9-b544e0c618cb,T1505.003,Web Shell,1
intrusion-set--fd66436e-4d33-450e-ac4c-f7810f1c85f4,FIN13,attack-pattern--9efb1ea7-c37b-4595-9640-b7680cd84279,T1547.001,Registry Run Keys / Startup Folder,1
intrusion-set--fd66436e-4d33-450e-ac4c-f7810f1c85f4,FIN13,attack-pattern--e624264c-033a-424d-9fd7-fc9c3bbdb03e,T1550.002,Pass the Hash,1
intrusion-set--fd66436e-4d33-450e-ac4c-f7810f1c85f4,FIN13,attack-pattern--837f9164-50af-4ac0-8219-379d8a74cefc,T1552.001,Credentials In Files,1
intrusion-set--fd66436e-4d33-450e-ac4c-f7810f1c85f4,FIN13,attack-pattern--f4c1826f-a322-41cd-9557-562100848c84,T1556,Modify Authentication Process,1
intrusion-set--fd66436e-4d33-450e-ac4c-f7810f1c85f4,FIN13,attack-pattern--00f90846-cbd1-4fc5-9233-df5c2bf2a662,T1560.001,Archive via Utility,1
intrusion-set--fd66436e-4d33-450e-ac4c-f7810f1c85f4,FIN13,attack-pattern--ec8fc7e2-b356-455c-8db5-2e37be158e7d,T1564.001,Hidden Files and Directories,1
intrusion-set--fd66436e-4d33-450e-ac4c-f7810f1c85f4,FIN13,attack-pattern--ac9e6b22-11bf-45d7-9181-c1cb08360931,T1565,Data Manipulation,1
intrusion-set--fd66436e-4d33-450e-ac4c-f7810f1c85f4,FIN13,attack-pattern--4fe28b27-b13c-453e-a386-c2ef362a573b,T1572,Protocol Tunneling,1
intrusion-set--fd66436e-4d33-450e-ac4c-f7810f1c85f4,FIN13,attack-pattern--2fee9321-3e71-4cf4-af24-d4d40d355b34,T1574.001,DLL,1
intrusion-set--fd66436e-4d33-450e-ac4c-f7810f1c85f4,FIN13,attack-pattern--212306d8-efa4-44c9-8c2d-ed3d2e224aa0,T1587.001,Malware,1
intrusion-set--fd66436e-4d33-450e-ac4c-f7810f1c85f4,FIN13,attack-pattern--a2fdce72-04b2-409a-ac10-cc1695f4fce0,T1588.002,Tool,1
intrusion-set--fd66436e-4d33-450e-ac4c-f7810f1c85f4,FIN13,attack-pattern--5282dd9a-d26d-4e16-88b7-7c0f4553daf4,T1589,Gather Victim Identity Information,1
intrusion-set--fd66436e-4d33-450e-ac4c-f7810f1c85f4,FIN13,attack-pattern--34ab90a3-05f6-4259-8f21-621081fdaba5,T1590.004,Network Topology,1
intrusion-set--fd66436e-4d33-450e-ac4c-f7810f1c85f4,FIN13,attack-pattern--851e071f-208d-4c79-adc6-5974c85c78f3,T1657,Financial Theft,1
intrusion-set--d0b3393b-3bec-4ba3-bda9-199d30db47b6,FIN4,attack-pattern--09a60ea3-a8d1-4ae5-976e-5783248b72a4,T1056.001,Keylogging,1
intrusion-set--d0b3393b-3bec-4ba3-bda9-199d30db47b6,FIN4,attack-pattern--a2029942-0a85-4947-b23c-ca434698171d,T1056.002,GUI Input Capture,1
intrusion-set--d0b3393b-3bec-4ba3-bda9-199d30db47b6,FIN4,attack-pattern--dfd7cc1d-e1d8-4394-a198-97c4cab8aa67,T1059.005,Visual Basic,1
intrusion-set--d0b3393b-3bec-4ba3-bda9-199d30db47b6,FIN4,attack-pattern--df8b2a25-8bdf-4856-953c-a04372b1c161,T1071.001,Web Protocols,1
intrusion-set--d0b3393b-3bec-4ba3-bda9-199d30db47b6,FIN4,attack-pattern--b17a1a56-e99c-403c-8948-561df0cffe81,T1078,Valid Accounts,1
intrusion-set--d0b3393b-3bec-4ba3-bda9-199d30db47b6,FIN4,attack-pattern--a782ebe2-daba-42c7-bc82-e8e9d923162d,T1090.003,Multi-hop Proxy,1
intrusion-set--d0b3393b-3bec-4ba3-bda9-199d30db47b6,FIN4,attack-pattern--b4694861-542c-48ea-9eb1-10d356e7140a,T1114.002,Remote Email Collection,1
intrusion-set--d0b3393b-3bec-4ba3-bda9-199d30db47b6,FIN4,attack-pattern--ef67e13e-5598-4adc-bdb2-998225874fa9,T1204.001,Malicious Link,1
intrusion-set--d0b3393b-3bec-4ba3-bda9-199d30db47b6,FIN4,attack-pattern--232b7f21-adf9-4b42-b936-b9d6f7df856e,T1204.002,Malicious File,1
intrusion-set--d0b3393b-3bec-4ba3-bda9-199d30db47b6,FIN4,attack-pattern--0cf55441-b176-4332-89e7-2c4c7799d0ff,T1564.008,Email Hiding Rules,1
intrusion-set--d0b3393b-3bec-4ba3-bda9-199d30db47b6,FIN4,attack-pattern--2e34237d-8574-43f6-aace-ae2915de8597,T1566.001,Spearphishing Attachment,1
intrusion-set--d0b3393b-3bec-4ba3-bda9-199d30db47b6,FIN4,attack-pattern--2b742742-28c3-4e1b-bab7-8350d6300fa7,T1566.002,Spearphishing Link,1
intrusion-set--85403903-15e0-4f9f-9be4-a259ecad4022,FIN5,attack-pattern--e358d692-23c0-4a31-9eb6-ecc13a8d7735,T1018,Remote System Discovery,1
intrusion-set--85403903-15e0-4f9f-9be4-a259ecad4022,FIN5,attack-pattern--7385dfaf-6886-4229-9ecd-6fd678040830,T1059,Command and Scripting Interpreter,1
intrusion-set--85403903-15e0-4f9f-9be4-a259ecad4022,FIN5,attack-pattern--d63a3fb8-9452-4e9d-a60a-54be68d5998c,T1070.004,File Deletion,1
intrusion-set--85403903-15e0-4f9f-9be4-a259ecad4022,FIN5,attack-pattern--1c34f7aa-9341-4a48-bfab-af22e51aca6c,T1074.001,Local Data Staging,1
intrusion-set--85403903-15e0-4f9f-9be4-a259ecad4022,FIN5,attack-pattern--b17a1a56-e99c-403c-8948-561df0cffe81,T1078,Valid Accounts,1
intrusion-set--85403903-15e0-4f9f-9be4-a259ecad4022,FIN5,attack-pattern--69b8fd78-40e8-4600-ae4d-662c9d7afdb3,T1090.002,External Proxy,1
intrusion-set--85403903-15e0-4f9f-9be4-a259ecad4022,FIN5,attack-pattern--a93494bb-4b80-4ea1-8695-3236a49916fd,T1110,Brute Force,1
intrusion-set--85403903-15e0-4f9f-9be4-a259ecad4022,FIN5,attack-pattern--30208d3e-0d6b-43c8-883e-44462a514619,T1119,Automated Collection,1
intrusion-set--85403903-15e0-4f9f-9be4-a259ecad4022,FIN5,attack-pattern--10d51417-ee35-4589-b1ff-b6df1c334e8d,T1133,External Remote Services,1
intrusion-set--85403903-15e0-4f9f-9be4-a259ecad4022,FIN5,attack-pattern--a2fdce72-04b2-409a-ac10-cc1695f4fce0,T1588.002,Tool,1
intrusion-set--85403903-15e0-4f9f-9be4-a259ecad4022,FIN5,attack-pattern--75b9a4d2-d4e2-4ca1-9aab-1badd9e05fd0,T1685.005,Clear Windows Event Logs,1
intrusion-set--2a7914cf-dff3-428d-ab0f-1014d1c28aeb,FIN6,attack-pattern--65f2d882-3f41-4d48-8a06-29af77ec9f90,T1003.001,LSASS Memory,1
intrusion-set--2a7914cf-dff3-428d-ab0f-1014d1c28aeb,FIN6,attack-pattern--edf91964-b26e-4b4a-9600-ccacd7d7df24,T1003.003,NTDS,1
intrusion-set--2a7914cf-dff3-428d-ab0f-1014d1c28aeb,FIN6,attack-pattern--3c4a2599-71ee-4405-ba1e-0e28414b4bc5,T1005,Data from Local System,1
intrusion-set--2a7914cf-dff3-428d-ab0f-1014d1c28aeb,FIN6,attack-pattern--e358d692-23c0-4a31-9eb6-ecc13a8d7735,T1018,Remote System Discovery,1
intrusion-set--2a7914cf-dff3-428d-ab0f-1014d1c28aeb,FIN6,attack-pattern--eb062747-2193-45de-8fa2-e62549c37ddf,T1021.001,Remote Desktop Protocol,1
intrusion-set--2a7914cf-dff3-428d-ab0f-1014d1c28aeb,FIN6,attack-pattern--d511a6f6-4a33-41d5-bc95-c343875d1377,T1027.010,Command Obfuscation,1
intrusion-set--2a7914cf-dff3-428d-ab0f-1014d1c28aeb,FIN6,attack-pattern--7bdca9d5-d500-4d7d-8c52-5fd47baf4c0c,T1036.004,Masquerade Task or Service,1
intrusion-set--2a7914cf-dff3-428d-ab0f-1014d1c28aeb,FIN6,attack-pattern--e3a12395-188d-4051-9a16-ea8e14d07b88,T1046,Network Service Discovery,1
intrusion-set--2a7914cf-dff3-428d-ab0f-1014d1c28aeb,FIN6,attack-pattern--01a5a209-b94c-450b-b7f9-946497d91055,T1047,Windows Management Instrumentation,1
intrusion-set--2a7914cf-dff3-428d-ab0f-1014d1c28aeb,FIN6,attack-pattern--fb8d023d-45be-47e9-bc51-f56bcae6435b,T1048.003,Exfiltration Over Unencrypted Non-C2 Protocol,1
intrusion-set--2a7914cf-dff3-428d-ab0f-1014d1c28aeb,FIN6,attack-pattern--005a06c6-14bf-4118-afa0-ebcd8aebb0c9,T1053.005,Scheduled Task,1
intrusion-set--2a7914cf-dff3-428d-ab0f-1014d1c28aeb,FIN6,attack-pattern--7385dfaf-6886-4229-9ecd-6fd678040830,T1059,Command and Scripting Interpreter,1
intrusion-set--2a7914cf-dff3-428d-ab0f-1014d1c28aeb,FIN6,attack-pattern--970a3432-3237-47ad-bcca-7d8cbb217736,T1059.001,PowerShell,1
intrusion-set--2a7914cf-dff3-428d-ab0f-1014d1c28aeb,FIN6,attack-pattern--d1fcf083-a721-4223-aedf-bf8960798d62,T1059.003,Windows Command Shell,1
intrusion-set--2a7914cf-dff3-428d-ab0f-1014d1c28aeb,FIN6,attack-pattern--0f4a0c76-ab2d-4cb0-85d3-3f0efb8cba0d,T1059.007,JavaScript,1
intrusion-set--2a7914cf-dff3-428d-ab0f-1014d1c28aeb,FIN6,attack-pattern--b21c3b2d-02e6-45b1-980b-e69051040839,T1068,Exploitation for Privilege Escalation,1
intrusion-set--2a7914cf-dff3-428d-ab0f-1014d1c28aeb,FIN6,attack-pattern--d63a3fb8-9452-4e9d-a60a-54be68d5998c,T1070.004,File Deletion,1
intrusion-set--2a7914cf-dff3-428d-ab0f-1014d1c28aeb,FIN6,attack-pattern--359b00ad-9425-420b-bba5-6de8d600cbc0,T1074.002,Remote Data Staging,1
intrusion-set--2a7914cf-dff3-428d-ab0f-1014d1c28aeb,FIN6,attack-pattern--b17a1a56-e99c-403c-8948-561df0cffe81,T1078,Valid Accounts,1
intrusion-set--2a7914cf-dff3-428d-ab0f-1014d1c28aeb,FIN6,attack-pattern--21875073-b0ee-49e3-9077-1e2a885359af,T1087.002,Domain Account,1
intrusion-set--2a7914cf-dff3-428d-ab0f-1014d1c28aeb,FIN6,attack-pattern--c21d5a77-d422-4a69-acd7-2c53c1faa34b,T1095,Non-Application Layer Protocol,1
intrusion-set--2a7914cf-dff3-428d-ab0f-1014d1c28aeb,FIN6,attack-pattern--830c9528-df21-472c-8c14-a036bf17d665,T1102,Web Service,1
intrusion-set--2a7914cf-dff3-428d-ab0f-1014d1c28aeb,FIN6,attack-pattern--1d24cdee-9ea2-4189-b08e-af110bf2435d,T1110.002,Password Cracking,1
intrusion-set--2a7914cf-dff3-428d-ab0f-1014d1c28aeb,FIN6,attack-pattern--30208d3e-0d6b-43c8-883e-44462a514619,T1119,Automated Collection,1
intrusion-set--2a7914cf-dff3-428d-ab0f-1014d1c28aeb,FIN6,attack-pattern--dcaa092b-7de9-4a21-977f-7fcb77e89c48,T1134,Access Token Manipulation,1
intrusion-set--2a7914cf-dff3-428d-ab0f-1014d1c28aeb,FIN6,attack-pattern--232b7f21-adf9-4b42-b936-b9d6f7df856e,T1204.002,Malicious File,1
intrusion-set--2a7914cf-dff3-428d-ab0f-1014d1c28aeb,FIN6,attack-pattern--248d3fe1-7fe1-4d71-91c7-8bb7ef35cad3,T1213.006,Databases,1
intrusion-set--2a7914cf-dff3-428d-ab0f-1014d1c28aeb,FIN6,attack-pattern--9efb1ea7-c37b-4595-9640-b7680cd84279,T1547.001,Registry Run Keys / Startup Folder,1
intrusion-set--2a7914cf-dff3-428d-ab0f-1014d1c28aeb,FIN6,attack-pattern--32901740-b42c-4fdd-bc02-345b5dc57082,T1553.002,Code Signing,1
intrusion-set--2a7914cf-dff3-428d-ab0f-1014d1c28aeb,FIN6,attack-pattern--3fc9b85a-2862-4363-a64d-d692e3ffbee0,T1555,Credentials from Password Stores,1
intrusion-set--2a7914cf-dff3-428d-ab0f-1014d1c28aeb,FIN6,attack-pattern--58a3e6aa-4453-4cc8-a51f-4befe80b31a8,T1555.003,Credentials from Web Browsers,1
intrusion-set--2a7914cf-dff3-428d-ab0f-1014d1c28aeb,FIN6,attack-pattern--53ac20cd-aca3-406e-9aa0-9fc7fdc60a5a,T1560,Archive Collected Data,1
intrusion-set--2a7914cf-dff3-428d-ab0f-1014d1c28aeb,FIN6,attack-pattern--143c0cbb-a297-4142-9624-87ffc778980b,T1560.003,Archive via Custom Method,1
intrusion-set--2a7914cf-dff3-428d-ab0f-1014d1c28aeb,FIN6,attack-pattern--2e34237d-8574-43f6-aace-ae2915de8597,T1566.001,Spearphishing Attachment,1
intrusion-set--2a7914cf-dff3-428d-ab0f-1014d1c28aeb,FIN6,attack-pattern--f6ad61ee-65f3-4bd0-a3f5-2f0accb36317,T1566.003,Spearphishing via Service,1
intrusion-set--2a7914cf-dff3-428d-ab0f-1014d1c28aeb,FIN6,attack-pattern--f1951e8a-500e-4a26-8803-76d95c4554b4,T1569.002,Service Execution,1
intrusion-set--2a7914cf-dff3-428d-ab0f-1014d1c28aeb,FIN6,attack-pattern--4fe28b27-b13c-453e-a386-c2ef362a573b,T1572,Protocol Tunneling,1
intrusion-set--2a7914cf-dff3-428d-ab0f-1014d1c28aeb,FIN6,attack-pattern--bf176076-b789-408e-8cba-7275e81c0ada,T1573.002,Asymmetric Cryptography,1
intrusion-set--2a7914cf-dff3-428d-ab0f-1014d1c28aeb,FIN6,attack-pattern--a2fdce72-04b2-409a-ac10-cc1695f4fce0,T1588.002,Tool,1
intrusion-set--2a7914cf-dff3-428d-ab0f-1014d1c28aeb,FIN6,attack-pattern--bbde9781-60aa-4b8a-a911-895b0c1b3872,T1685,Disable or Modify Tools,1
intrusion-set--3753cc21-2dae-4dfb-8481-d004e74502cc,FIN7,attack-pattern--3c4a2599-71ee-4405-ba1e-0e28414b4bc5,T1005,Data from Local System,1
intrusion-set--3753cc21-2dae-4dfb-8481-d004e74502cc,FIN7,attack-pattern--f24faf46-3b26-4dbb-98f2-63460498e433,T1008,Fallback Channels,1
intrusion-set--3753cc21-2dae-4dfb-8481-d004e74502cc,FIN7,attack-pattern--eb062747-2193-45de-8fa2-e62549c37ddf,T1021.001,Remote Desktop Protocol,1
intrusion-set--3753cc21-2dae-4dfb-8481-d004e74502cc,FIN7,attack-pattern--2db31dcd-54da-405d-acef-b9129b816ed6,T1021.004,SSH,1
intrusion-set--3753cc21-2dae-4dfb-8481-d004e74502cc,FIN7,attack-pattern--01327cde-66c4-4123-bf34-5f258d59457b,T1021.005,VNC,1
intrusion-set--3753cc21-2dae-4dfb-8481-d004e74502cc,FIN7,attack-pattern--d511a6f6-4a33-41d5-bc95-c343875d1377,T1027.010,Command Obfuscation,1
intrusion-set--3753cc21-2dae-4dfb-8481-d004e74502cc,FIN7,attack-pattern--671cd17f-a765-48fd-adc4-dad1941b1ae3,T1027.016,Junk Code Insertion,1
intrusion-set--3753cc21-2dae-4dfb-8481-d004e74502cc,FIN7,attack-pattern--03d7999c-1f4c-42cc-8373-e7690d318104,T1033,System Owner/User Discovery,1
intrusion-set--3753cc21-2dae-4dfb-8481-d004e74502cc,FIN7,attack-pattern--7bdca9d5-d500-4d7d-8c52-5fd47baf4c0c,T1036.004,Masquerade Task or Service,1
intrusion-set--3753cc21-2dae-4dfb-8481-d004e74502cc,FIN7,attack-pattern--1c4e5d32-1fe9-4116-9d9d-59e3925bd6a2,T1036.005,Match Legitimate Resource Name or Location,1
intrusion-set--3753cc21-2dae-4dfb-8481-d004e74502cc,FIN7,attack-pattern--01a5a209-b94c-450b-b7f9-946497d91055,T1047,Windows Management Instrumentation,1
intrusion-set--3753cc21-2dae-4dfb-8481-d004e74502cc,FIN7,attack-pattern--005a06c6-14bf-4118-afa0-ebcd8aebb0c9,T1053.005,Scheduled Task,1
intrusion-set--3753cc21-2dae-4dfb-8481-d004e74502cc,FIN7,attack-pattern--8f4a33ec-8b1f-4b80-a2f6-642b2e479580,T1057,Process Discovery,1
intrusion-set--3753cc21-2dae-4dfb-8481-d004e74502cc,FIN7,attack-pattern--7385dfaf-6886-4229-9ecd-6fd678040830,T1059,Command and Scripting Interpreter,1
intrusion-set--3753cc21-2dae-4dfb-8481-d004e74502cc,FIN7,attack-pattern--970a3432-3237-47ad-bcca-7d8cbb217736,T1059.001,PowerShell,1
intrusion-set--3753cc21-2dae-4dfb-8481-d004e74502cc,FIN7,attack-pattern--d1fcf083-a721-4223-aedf-bf8960798d62,T1059.003,Windows Command Shell,1
intrusion-set--3753cc21-2dae-4dfb-8481-d004e74502cc,FIN7,attack-pattern--dfd7cc1d-e1d8-4394-a198-97c4cab8aa67,T1059.005,Visual Basic,1
intrusion-set--3753cc21-2dae-4dfb-8481-d004e74502cc,FIN7,attack-pattern--0f4a0c76-ab2d-4cb0-85d3-3f0efb8cba0d,T1059.007,JavaScript,1
intrusion-set--3753cc21-2dae-4dfb-8481-d004e74502cc,FIN7,attack-pattern--2aed01ad-3df3-4410-a8cb-11ea4ded587c,T1069.002,Domain Groups,1
intrusion-set--3753cc21-2dae-4dfb-8481-d004e74502cc,FIN7,attack-pattern--1996eef1-ced3-4d7f-bf94-33298cabbf72,T1071.004,DNS,1
intrusion-set--3753cc21-2dae-4dfb-8481-d004e74502cc,FIN7,attack-pattern--b17a1a56-e99c-403c-8948-561df0cffe81,T1078,Valid Accounts,1
intrusion-set--3753cc21-2dae-4dfb-8481-d004e74502cc,FIN7,attack-pattern--fdc47f44-dd32-4b99-af5f-209f556f63c2,T1078.003,Local Accounts,1
intrusion-set--3753cc21-2dae-4dfb-8481-d004e74502cc,FIN7,attack-pattern--354a7f88-63fb-41b5-a801-ce3b377b36f1,T1082,System Information Discovery,1
intrusion-set--3753cc21-2dae-4dfb-8481-d004e74502cc,FIN7,attack-pattern--21875073-b0ee-49e3-9077-1e2a885359af,T1087.002,Domain Account,1
intrusion-set--3753cc21-2dae-4dfb-8481-d004e74502cc,FIN7,attack-pattern--3b744087-9945-4a6f-91e8-9dbceda417a4,T1091,Replication Through Removable Media,1
intrusion-set--3753cc21-2dae-4dfb-8481-d004e74502cc,FIN7,attack-pattern--be055942-6e63-49d7-9fa1-9cb7d8a8f3f4,T1102.002,Bidirectional Communication,1
intrusion-set--3753cc21-2dae-4dfb-8481-d004e74502cc,FIN7,attack-pattern--e6919abc-99f9-4c6c-95a5-14761e7b2add,T1105,Ingress Tool Transfer,1
intrusion-set--3753cc21-2dae-4dfb-8481-d004e74502cc,FIN7,attack-pattern--0259baeb-9f63-4c69-bf10-eb038c390688,T1113,Screen Capture,1
intrusion-set--3753cc21-2dae-4dfb-8481-d004e74502cc,FIN7,attack-pattern--f3c544dc-673c-4ef3-accb-53229f1ae077,T1124,System Time Discovery,1
intrusion-set--3753cc21-2dae-4dfb-8481-d004e74502cc,FIN7,attack-pattern--6faf650d-bf31-4eb4-802d-1000cf38efaf,T1125,Video Capture,1
intrusion-set--3753cc21-2dae-4dfb-8481-d004e74502cc,FIN7,attack-pattern--3ccef7ae-cb5e-48f6-8302-897105fbf55c,T1140,Deobfuscate/Decode Files or Information,1
intrusion-set--3753cc21-2dae-4dfb-8481-d004e74502cc,FIN7,attack-pattern--3f886f2a-874f-4333-b794-aa6075009b1c,T1190,Exploit Public-Facing Application,1
intrusion-set--3753cc21-2dae-4dfb-8481-d004e74502cc,FIN7,attack-pattern--bd369cd9-abb8-41ce-b5bb-fff23ee86c00,T1195.002,Compromise Software Supply Chain,1
intrusion-set--3753cc21-2dae-4dfb-8481-d004e74502cc,FIN7,attack-pattern--ef67e13e-5598-4adc-bdb2-998225874fa9,T1204.001,Malicious Link,1
intrusion-set--3753cc21-2dae-4dfb-8481-d004e74502cc,FIN7,attack-pattern--232b7f21-adf9-4b42-b936-b9d6f7df856e,T1204.002,Malicious File,1
intrusion-set--3753cc21-2dae-4dfb-8481-d004e74502cc,FIN7,attack-pattern--9db0cf3a-a3c9-4012-8268-123b9db6fd82,T1210,Exploitation of Remote Services,1
intrusion-set--3753cc21-2dae-4dfb-8481-d004e74502cc,FIN7,attack-pattern--840a987a-99bd-4a80-a5c9-0cb2baa6cade,T1218.005,Mshta,1
intrusion-set--3753cc21-2dae-4dfb-8481-d004e74502cc,FIN7,attack-pattern--045d0922-2310-4e60-b5e4-3302302cb3c5,T1218.011,Rundll32,1
intrusion-set--3753cc21-2dae-4dfb-8481-d004e74502cc,FIN7,attack-pattern--4061e78c-1284-44b4-9116-73e4ac3912f7,T1219,Remote Access Tools,1
intrusion-set--3753cc21-2dae-4dfb-8481-d004e74502cc,FIN7,attack-pattern--b80d107d-fa0d-4b60-9684-b0433e8bdba0,T1486,Data Encrypted for Impact,1
intrusion-set--3753cc21-2dae-4dfb-8481-d004e74502cc,FIN7,attack-pattern--91541e7e-b969-40c6-bbd8-1b5352ec2938,T1497.002,User Activity Based Checks,1
intrusion-set--3753cc21-2dae-4dfb-8481-d004e74502cc,FIN7,attack-pattern--2959d63f-73fd-46a1-abd2-109d7dcede32,T1543.003,Windows Service,1
intrusion-set--3753cc21-2dae-4dfb-8481-d004e74502cc,FIN7,attack-pattern--42fe883a-21ea-4cfb-b94a-78b6476dcc83,T1546.011,Application Shimming,1
intrusion-set--3753cc21-2dae-4dfb-8481-d004e74502cc,FIN7,attack-pattern--9efb1ea7-c37b-4595-9640-b7680cd84279,T1547.001,Registry Run Keys / Startup Folder,1
intrusion-set--3753cc21-2dae-4dfb-8481-d004e74502cc,FIN7,attack-pattern--32901740-b42c-4fdd-bc02-345b5dc57082,T1553.002,Code Signing,1
intrusion-set--3753cc21-2dae-4dfb-8481-d004e74502cc,FIN7,attack-pattern--f2877f7f-9a4c-4251-879f-1224e3006bee,T1558.003,Kerberoasting,1
intrusion-set--3753cc21-2dae-4dfb-8481-d004e74502cc,FIN7,attack-pattern--232a7e42-cd6e-4902-8fe9-2960f529dd4d,T1559.002,Dynamic Data Exchange,1
intrusion-set--3753cc21-2dae-4dfb-8481-d004e74502cc,FIN7,attack-pattern--ec8fc7e2-b356-455c-8db5-2e37be158e7d,T1564.001,Hidden Files and Directories,1
intrusion-set--3753cc21-2dae-4dfb-8481-d004e74502cc,FIN7,attack-pattern--cbb66055-0325-4111-aca0-40547b6ad5b0,T1564.003,Hidden Window,1
intrusion-set--3753cc21-2dae-4dfb-8481-d004e74502cc,FIN7,attack-pattern--2e34237d-8574-43f6-aace-ae2915de8597,T1566.001,Spearphishing Attachment,1
intrusion-set--3753cc21-2dae-4dfb-8481-d004e74502cc,FIN7,attack-pattern--2b742742-28c3-4e1b-bab7-8350d6300fa7,T1566.002,Spearphishing Link,1
intrusion-set--3753cc21-2dae-4dfb-8481-d004e74502cc,FIN7,attack-pattern--bf1b6176-597c-4600-bfcd-ac989670f96b,T1567.002,Exfiltration to Cloud Storage,1
intrusion-set--3753cc21-2dae-4dfb-8481-d004e74502cc,FIN7,attack-pattern--f1951e8a-500e-4a26-8803-76d95c4554b4,T1569.002,Service Execution,1
intrusion-set--3753cc21-2dae-4dfb-8481-d004e74502cc,FIN7,attack-pattern--b18eae87-b469-4e14-b454-b171b416bc18,T1571,Non-Standard Port,1
intrusion-set--3753cc21-2dae-4dfb-8481-d004e74502cc,FIN7,attack-pattern--4fe28b27-b13c-453e-a386-c2ef362a573b,T1572,Protocol Tunneling,1
intrusion-set--3753cc21-2dae-4dfb-8481-d004e74502cc,FIN7,attack-pattern--40f5caa0-4cb7-4117-89fc-d421bb493df3,T1583.001,Domains,1
intrusion-set--3753cc21-2dae-4dfb-8481-d004e74502cc,FIN7,attack-pattern--88d31120-5bc7-4ce3-a9c0-7cf147be8e54,T1583.006,Web Services,1
intrusion-set--3753cc21-2dae-4dfb-8481-d004e74502cc,FIN7,attack-pattern--212306d8-efa4-44c9-8c2d-ed3d2e224aa0,T1587.001,Malware,1
intrusion-set--3753cc21-2dae-4dfb-8481-d004e74502cc,FIN7,attack-pattern--a2fdce72-04b2-409a-ac10-cc1695f4fce0,T1588.002,Tool,1
intrusion-set--3753cc21-2dae-4dfb-8481-d004e74502cc,FIN7,attack-pattern--937e4772-8441-4e4a-8bf0-8d447d667e23,T1591,Gather Victim Org Information,1
intrusion-set--3753cc21-2dae-4dfb-8481-d004e74502cc,FIN7,attack-pattern--cc723aff-ec88-40e3-a224-5af9fd983cc4,T1591.004,Identify Roles,1
intrusion-set--3753cc21-2dae-4dfb-8481-d004e74502cc,FIN7,attack-pattern--3ee16395-03f0-4690-a32e-69ce9ada0f9e,T1608.001,Upload Malware,1
intrusion-set--3753cc21-2dae-4dfb-8481-d004e74502cc,FIN7,attack-pattern--31fe0ba2-62fd-4fd9-9293-4043d84f7fe9,T1608.004,Drive-by Target,1
intrusion-set--3753cc21-2dae-4dfb-8481-d004e74502cc,FIN7,attack-pattern--84ae8255-b4f4-4237-b5c5-e717405a9701,T1608.005,Link Target,1
intrusion-set--3753cc21-2dae-4dfb-8481-d004e74502cc,FIN7,attack-pattern--4933e63b-9b77-476e-ab29-761bc5b7d15a,T1620,Reflective Code Loading,1
intrusion-set--3753cc21-2dae-4dfb-8481-d004e74502cc,FIN7,attack-pattern--63e3d25c-d57d-407d-8e6a-2cecd71f90be,T1674,Input Injection,1
intrusion-set--3753cc21-2dae-4dfb-8481-d004e74502cc,FIN7,attack-pattern--eec096b8-c207-43df-b6c1-11523861e452,T1686,Disable or Modify System Firewall,1
intrusion-set--fd19bd82-1b14-49a1-a176-6cdc46b8a826,FIN8,attack-pattern--65f2d882-3f41-4d48-8a06-29af77ec9f90,T1003.001,LSASS Memory,1
intrusion-set--fd19bd82-1b14-49a1-a176-6cdc46b8a826,FIN8,attack-pattern--132d5b37-aac5-4378-a8dc-3127b18a73dc,T1016.001,Internet Connection Discovery,1
intrusion-set--fd19bd82-1b14-49a1-a176-6cdc46b8a826,FIN8,attack-pattern--e358d692-23c0-4a31-9eb6-ecc13a8d7735,T1018,Remote System Discovery,1
intrusion-set--fd19bd82-1b14-49a1-a176-6cdc46b8a826,FIN8,attack-pattern--eb062747-2193-45de-8fa2-e62549c37ddf,T1021.001,Remote Desktop Protocol,1
intrusion-set--fd19bd82-1b14-49a1-a176-6cdc46b8a826,FIN8,attack-pattern--4f9ca633-15c5-463c-9724-bdcd54fde541,T1021.002,SMB/Windows Admin Shares,1
intrusion-set--fd19bd82-1b14-49a1-a176-6cdc46b8a826,FIN8,attack-pattern--d511a6f6-4a33-41d5-bc95-c343875d1377,T1027.010,Command Obfuscation,1
intrusion-set--fd19bd82-1b14-49a1-a176-6cdc46b8a826,FIN8,attack-pattern--03d7999c-1f4c-42cc-8373-e7690d318104,T1033,System Owner/User Discovery,1
intrusion-set--fd19bd82-1b14-49a1-a176-6cdc46b8a826,FIN8,attack-pattern--01a5a209-b94c-450b-b7f9-946497d91055,T1047,Windows Management Instrumentation,1
intrusion-set--fd19bd82-1b14-49a1-a176-6cdc46b8a826,FIN8,attack-pattern--fb8d023d-45be-47e9-bc51-f56bcae6435b,T1048.003,Exfiltration Over Unencrypted Non-C2 Protocol,1
intrusion-set--fd19bd82-1b14-49a1-a176-6cdc46b8a826,FIN8,attack-pattern--005a06c6-14bf-4118-afa0-ebcd8aebb0c9,T1053.005,Scheduled Task,1
intrusion-set--fd19bd82-1b14-49a1-a176-6cdc46b8a826,FIN8,attack-pattern--7c0f17c9-1af6-4628-9cbd-9e45482dd605,T1055.004,Asynchronous Procedure Call,1
intrusion-set--fd19bd82-1b14-49a1-a176-6cdc46b8a826,FIN8,attack-pattern--970a3432-3237-47ad-bcca-7d8cbb217736,T1059.001,PowerShell,1
intrusion-set--fd19bd82-1b14-49a1-a176-6cdc46b8a826,FIN8,attack-pattern--d1fcf083-a721-4223-aedf-bf8960798d62,T1059.003,Windows Command Shell,1
intrusion-set--fd19bd82-1b14-49a1-a176-6cdc46b8a826,FIN8,attack-pattern--b21c3b2d-02e6-45b1-980b-e69051040839,T1068,Exploitation for Privilege Escalation,1
intrusion-set--fd19bd82-1b14-49a1-a176-6cdc46b8a826,FIN8,attack-pattern--d63a3fb8-9452-4e9d-a60a-54be68d5998c,T1070.004,File Deletion,1
intrusion-set--fd19bd82-1b14-49a1-a176-6cdc46b8a826,FIN8,attack-pattern--df8b2a25-8bdf-4856-953c-a04372b1c161,T1071.001,Web Protocols,1
intrusion-set--fd19bd82-1b14-49a1-a176-6cdc46b8a826,FIN8,attack-pattern--359b00ad-9425-420b-bba5-6de8d600cbc0,T1074.002,Remote Data Staging,1
intrusion-set--fd19bd82-1b14-49a1-a176-6cdc46b8a826,FIN8,attack-pattern--b17a1a56-e99c-403c-8948-561df0cffe81,T1078,Valid Accounts,1
intrusion-set--fd19bd82-1b14-49a1-a176-6cdc46b8a826,FIN8,attack-pattern--354a7f88-63fb-41b5-a801-ce3b377b36f1,T1082,System Information Discovery,1
intrusion-set--fd19bd82-1b14-49a1-a176-6cdc46b8a826,FIN8,attack-pattern--830c9528-df21-472c-8c14-a036bf17d665,T1102,Web Service,1
intrusion-set--fd19bd82-1b14-49a1-a176-6cdc46b8a826,FIN8,attack-pattern--e6919abc-99f9-4c6c-95a5-14761e7b2add,T1105,Ingress Tool Transfer,1
intrusion-set--fd19bd82-1b14-49a1-a176-6cdc46b8a826,FIN8,attack-pattern--57340c81-c025-4189-8fa0-fc7ede51bae4,T1112,Modify Registry,1
intrusion-set--fd19bd82-1b14-49a1-a176-6cdc46b8a826,FIN8,attack-pattern--86850eff-2729-40c3-b85e-c4af26da4a2d,T1134.001,Token Impersonation/Theft,1
intrusion-set--fd19bd82-1b14-49a1-a176-6cdc46b8a826,FIN8,attack-pattern--ef67e13e-5598-4adc-bdb2-998225874fa9,T1204.001,Malicious Link,1
intrusion-set--fd19bd82-1b14-49a1-a176-6cdc46b8a826,FIN8,attack-pattern--232b7f21-adf9-4b42-b936-b9d6f7df856e,T1204.002,Malicious File,1
intrusion-set--fd19bd82-1b14-49a1-a176-6cdc46b8a826,FIN8,attack-pattern--767dbf9e-df3f-45cb-8998-4903ab5f80c0,T1482,Domain Trust Discovery,1
intrusion-set--fd19bd82-1b14-49a1-a176-6cdc46b8a826,FIN8,attack-pattern--b80d107d-fa0d-4b60-9684-b0433e8bdba0,T1486,Data Encrypted for Impact,1
intrusion-set--fd19bd82-1b14-49a1-a176-6cdc46b8a826,FIN8,attack-pattern--cba37adb-d6fb-4610-b069-dd04c0643384,T1518.001,Security Software Discovery,1
intrusion-set--fd19bd82-1b14-49a1-a176-6cdc46b8a826,FIN8,attack-pattern--910906dd-8c0a-475a-9cc1-5e029e2fad58,T1546.003,Windows Management Instrumentation Event Subscription,1
intrusion-set--fd19bd82-1b14-49a1-a176-6cdc46b8a826,FIN8,attack-pattern--00f90846-cbd1-4fc5-9233-df5c2bf2a662,T1560.001,Archive via Utility,1
intrusion-set--fd19bd82-1b14-49a1-a176-6cdc46b8a826,FIN8,attack-pattern--2e34237d-8574-43f6-aace-ae2915de8597,T1566.001,Spearphishing Attachment,1
intrusion-set--fd19bd82-1b14-49a1-a176-6cdc46b8a826,FIN8,attack-pattern--2b742742-28c3-4e1b-bab7-8350d6300fa7,T1566.002,Spearphishing Link,1
intrusion-set--fd19bd82-1b14-49a1-a176-6cdc46b8a826,FIN8,attack-pattern--bf176076-b789-408e-8cba-7275e81c0ada,T1573.002,Asymmetric Cryptography,1
intrusion-set--fd19bd82-1b14-49a1-a176-6cdc46b8a826,FIN8,attack-pattern--a2fdce72-04b2-409a-ac10-cc1695f4fce0,T1588.002,Tool,1
intrusion-set--fd19bd82-1b14-49a1-a176-6cdc46b8a826,FIN8,attack-pattern--e7cbc1de-1f79-48ee-abfd-da1241c65a15,T1588.003,Code Signing Certificates,1
intrusion-set--fd19bd82-1b14-49a1-a176-6cdc46b8a826,FIN8,attack-pattern--75b9a4d2-d4e2-4ca1-9aab-1badd9e05fd0,T1685.005,Clear Windows Event Logs,1
intrusion-set--6566aac9-dad8-4332-ae73-20c23bad7f02,Ferocious Kitten,attack-pattern--77eae145-55db-4519-8ae5-77b0c7215d69,T1036.002,Right-to-Left Override,1
intrusion-set--6566aac9-dad8-4332-ae73-20c23bad7f02,Ferocious Kitten,attack-pattern--1c4e5d32-1fe9-4116-9d9d-59e3925bd6a2,T1036.005,Match Legitimate Resource Name or Location,1
intrusion-set--6566aac9-dad8-4332-ae73-20c23bad7f02,Ferocious Kitten,attack-pattern--232b7f21-adf9-4b42-b936-b9d6f7df856e,T1204.002,Malicious File,1
intrusion-set--6566aac9-dad8-4332-ae73-20c23bad7f02,Ferocious Kitten,attack-pattern--2e34237d-8574-43f6-aace-ae2915de8597,T1566.001,Spearphishing Attachment,1
intrusion-set--6566aac9-dad8-4332-ae73-20c23bad7f02,Ferocious Kitten,attack-pattern--40f5caa0-4cb7-4117-89fc-d421bb493df3,T1583.001,Domains,1
intrusion-set--6566aac9-dad8-4332-ae73-20c23bad7f02,Ferocious Kitten,attack-pattern--a2fdce72-04b2-409a-ac10-cc1695f4fce0,T1588.002,Tool,1
intrusion-set--c21dd6f1-1364-4a70-a1f7-783080ec34ee,Fox Kitten,attack-pattern--65f2d882-3f41-4d48-8a06-29af77ec9f90,T1003.001,LSASS Memory,1
intrusion-set--c21dd6f1-1364-4a70-a1f7-783080ec34ee,Fox Kitten,attack-pattern--edf91964-b26e-4b4a-9600-ccacd7d7df24,T1003.003,NTDS,1
intrusion-set--c21dd6f1-1364-4a70-a1f7-783080ec34ee,Fox Kitten,attack-pattern--3c4a2599-71ee-4405-ba1e-0e28414b4bc5,T1005,Data from Local System,1
intrusion-set--c21dd6f1-1364-4a70-a1f7-783080ec34ee,Fox Kitten,attack-pattern--c32f7008-9fea-41f7-8366-5eb9b74bd896,T1012,Query Registry,1
intrusion-set--c21dd6f1-1364-4a70-a1f7-783080ec34ee,Fox Kitten,attack-pattern--e358d692-23c0-4a31-9eb6-ecc13a8d7735,T1018,Remote System Discovery,1
intrusion-set--c21dd6f1-1364-4a70-a1f7-783080ec34ee,Fox Kitten,attack-pattern--eb062747-2193-45de-8fa2-e62549c37ddf,T1021.001,Remote Desktop Protocol,1
intrusion-set--c21dd6f1-1364-4a70-a1f7-783080ec34ee,Fox Kitten,attack-pattern--4f9ca633-15c5-463c-9724-bdcd54fde541,T1021.002,SMB/Windows Admin Shares,1
intrusion-set--c21dd6f1-1364-4a70-a1f7-783080ec34ee,Fox Kitten,attack-pattern--2db31dcd-54da-405d-acef-b9129b816ed6,T1021.004,SSH,1
intrusion-set--c21dd6f1-1364-4a70-a1f7-783080ec34ee,Fox Kitten,attack-pattern--01327cde-66c4-4123-bf34-5f258d59457b,T1021.005,VNC,1
intrusion-set--c21dd6f1-1364-4a70-a1f7-783080ec34ee,Fox Kitten,attack-pattern--d511a6f6-4a33-41d5-bc95-c343875d1377,T1027.010,Command Obfuscation,1
intrusion-set--c21dd6f1-1364-4a70-a1f7-783080ec34ee,Fox Kitten,attack-pattern--0d91b3c0-5e50-47c3-949a-2a796f04d144,T1027.013,Encrypted/Encoded File,1
intrusion-set--c21dd6f1-1364-4a70-a1f7-783080ec34ee,Fox Kitten,attack-pattern--7bdca9d5-d500-4d7d-8c52-5fd47baf4c0c,T1036.004,Masquerade Task or Service,1
intrusion-set--c21dd6f1-1364-4a70-a1f7-783080ec34ee,Fox Kitten,attack-pattern--1c4e5d32-1fe9-4116-9d9d-59e3925bd6a2,T1036.005,Match Legitimate Resource Name or Location,1
intrusion-set--c21dd6f1-1364-4a70-a1f7-783080ec34ee,Fox Kitten,attack-pattern--ae676644-d2d2-41b7-af7e-9bed1b55898c,T1039,Data from Network Shared Drive,1
intrusion-set--c21dd6f1-1364-4a70-a1f7-783080ec34ee,Fox Kitten,attack-pattern--e3a12395-188d-4051-9a16-ea8e14d07b88,T1046,Network Service Discovery,1
intrusion-set--c21dd6f1-1364-4a70-a1f7-783080ec34ee,Fox Kitten,attack-pattern--005a06c6-14bf-4118-afa0-ebcd8aebb0c9,T1053.005,Scheduled Task,1
intrusion-set--c21dd6f1-1364-4a70-a1f7-783080ec34ee,Fox Kitten,attack-pattern--7385dfaf-6886-4229-9ecd-6fd678040830,T1059,Command and Scripting Interpreter,1
intrusion-set--c21dd6f1-1364-4a70-a1f7-783080ec34ee,Fox Kitten,attack-pattern--970a3432-3237-47ad-bcca-7d8cbb217736,T1059.001,PowerShell,1
intrusion-set--c21dd6f1-1364-4a70-a1f7-783080ec34ee,Fox Kitten,attack-pattern--d1fcf083-a721-4223-aedf-bf8960798d62,T1059.003,Windows Command Shell,1
intrusion-set--c21dd6f1-1364-4a70-a1f7-783080ec34ee,Fox Kitten,attack-pattern--b17a1a56-e99c-403c-8948-561df0cffe81,T1078,Valid Accounts,1
intrusion-set--c21dd6f1-1364-4a70-a1f7-783080ec34ee,Fox Kitten,attack-pattern--7bc57495-ea59-4380-be31-a64af124ef18,T1083,File and Directory Discovery,1
intrusion-set--c21dd6f1-1364-4a70-a1f7-783080ec34ee,Fox Kitten,attack-pattern--25659dd6-ea12-45c4-97e6-381e3e4b593e,T1087.001,Local Account,1
intrusion-set--c21dd6f1-1364-4a70-a1f7-783080ec34ee,Fox Kitten,attack-pattern--21875073-b0ee-49e3-9077-1e2a885359af,T1087.002,Domain Account,1
intrusion-set--c21dd6f1-1364-4a70-a1f7-783080ec34ee,Fox Kitten,attack-pattern--731f4f55-b6d0-41d1-a7a9-072a66389aea,T1090,Proxy,1
intrusion-set--c21dd6f1-1364-4a70-a1f7-783080ec34ee,Fox Kitten,attack-pattern--830c9528-df21-472c-8c14-a036bf17d665,T1102,Web Service,1
intrusion-set--c21dd6f1-1364-4a70-a1f7-783080ec34ee,Fox Kitten,attack-pattern--e6919abc-99f9-4c6c-95a5-14761e7b2add,T1105,Ingress Tool Transfer,1
intrusion-set--c21dd6f1-1364-4a70-a1f7-783080ec34ee,Fox Kitten,attack-pattern--a93494bb-4b80-4ea1-8695-3236a49916fd,T1110,Brute Force,1
intrusion-set--c21dd6f1-1364-4a70-a1f7-783080ec34ee,Fox Kitten,attack-pattern--635cbe30-392d-4e27-978e-66774357c762,T1136.001,Local Account,1
intrusion-set--c21dd6f1-1364-4a70-a1f7-783080ec34ee,Fox Kitten,attack-pattern--3f886f2a-874f-4333-b794-aa6075009b1c,T1190,Exploit Public-Facing Application,1
intrusion-set--c21dd6f1-1364-4a70-a1f7-783080ec34ee,Fox Kitten,attack-pattern--9db0cf3a-a3c9-4012-8268-123b9db6fd82,T1210,Exploitation of Remote Services,1
intrusion-set--c21dd6f1-1364-4a70-a1f7-783080ec34ee,Fox Kitten,attack-pattern--fb75213f-cfb0-40bf-a02f-3bad93d6601e,T1213.005,Messaging Applications,1
intrusion-set--c21dd6f1-1364-4a70-a1f7-783080ec34ee,Fox Kitten,attack-pattern--5e4a2073-9643-44cb-a0b5-e7f4048446c7,T1217,Browser Information Discovery,1
intrusion-set--c21dd6f1-1364-4a70-a1f7-783080ec34ee,Fox Kitten,attack-pattern--5d0d3609-d06d-49e1-b9c9-b544e0c618cb,T1505.003,Web Shell,1
intrusion-set--c21dd6f1-1364-4a70-a1f7-783080ec34ee,Fox Kitten,attack-pattern--3298ce88-1628-43b1-87d9-0b5336b193d7,T1530,Data from Cloud Storage,1
intrusion-set--c21dd6f1-1364-4a70-a1f7-783080ec34ee,Fox Kitten,attack-pattern--70e52b04-2a0c-4cea-9d18-7149f1df9dc5,T1546.008,Accessibility Features,1
intrusion-set--c21dd6f1-1364-4a70-a1f7-783080ec34ee,Fox Kitten,attack-pattern--837f9164-50af-4ac0-8219-379d8a74cefc,T1552.001,Credentials In Files,1
intrusion-set--c21dd6f1-1364-4a70-a1f7-783080ec34ee,Fox Kitten,attack-pattern--315f51f0-6b03-4c1e-bfb2-84740afb8e21,T1555.005,Password Managers,1
intrusion-set--c21dd6f1-1364-4a70-a1f7-783080ec34ee,Fox Kitten,attack-pattern--00f90846-cbd1-4fc5-9233-df5c2bf2a662,T1560.001,Archive via Utility,1
intrusion-set--c21dd6f1-1364-4a70-a1f7-783080ec34ee,Fox Kitten,attack-pattern--4fe28b27-b13c-453e-a386-c2ef362a573b,T1572,Protocol Tunneling,1
intrusion-set--c21dd6f1-1364-4a70-a1f7-783080ec34ee,Fox Kitten,attack-pattern--cdfc5f0a-9bb9-4352-b896-553cfa2d8fd8,T1585,Establish Accounts,1
intrusion-set--c21dd6f1-1364-4a70-a1f7-783080ec34ee,Fox Kitten,attack-pattern--b1ccd744-3f78-4a0e-9bb2-2002057f7928,T1585.001,Social Media Accounts,1
intrusion-set--06a11b7e-2a36-47fe-8d3e-82c265df3258,GALLIUM,attack-pattern--65f2d882-3f41-4d48-8a06-29af77ec9f90,T1003.001,LSASS Memory,1
intrusion-set--06a11b7e-2a36-47fe-8d3e-82c265df3258,GALLIUM,attack-pattern--1644e709-12d2-41e5-a60f-3470991f5011,T1003.002,Security Account Manager,1
intrusion-set--06a11b7e-2a36-47fe-8d3e-82c265df3258,GALLIUM,attack-pattern--3c4a2599-71ee-4405-ba1e-0e28414b4bc5,T1005,Data from Local System,1
intrusion-set--06a11b7e-2a36-47fe-8d3e-82c265df3258,GALLIUM,attack-pattern--707399d6-ab3e-4963-9315-d9d3818cd6a0,T1016,System Network Configuration Discovery,1
intrusion-set--06a11b7e-2a36-47fe-8d3e-82c265df3258,GALLIUM,attack-pattern--e358d692-23c0-4a31-9eb6-ecc13a8d7735,T1018,Remote System Discovery,1
intrusion-set--06a11b7e-2a36-47fe-8d3e-82c265df3258,GALLIUM,attack-pattern--b3d682b6-98f2-4fb0-aa3b-b4df007ca70a,T1027,Obfuscated Files or Information,1
intrusion-set--06a11b7e-2a36-47fe-8d3e-82c265df3258,GALLIUM,attack-pattern--deb98323-e13f-4b0c-8d94-175379069062,T1027.002,Software Packing,1
intrusion-set--06a11b7e-2a36-47fe-8d3e-82c265df3258,GALLIUM,attack-pattern--b0533c6e-8fea-4788-874f-b799cacc4b92,T1027.005,Indicator Removal from Tools,1
intrusion-set--06a11b7e-2a36-47fe-8d3e-82c265df3258,GALLIUM,attack-pattern--03d7999c-1f4c-42cc-8373-e7690d318104,T1033,System Owner/User Discovery,1
intrusion-set--06a11b7e-2a36-47fe-8d3e-82c265df3258,GALLIUM,attack-pattern--bd5b58a4-a52d-4a29-bc0d-3f1d3968eb6b,T1036.003,Rename Legitimate Utilities,1
intrusion-set--06a11b7e-2a36-47fe-8d3e-82c265df3258,GALLIUM,attack-pattern--92d7da27-2d91-488e-a00c-059dc162766d,T1041,Exfiltration Over C2 Channel,1
intrusion-set--06a11b7e-2a36-47fe-8d3e-82c265df3258,GALLIUM,attack-pattern--01a5a209-b94c-450b-b7f9-946497d91055,T1047,Windows Management Instrumentation,1
intrusion-set--06a11b7e-2a36-47fe-8d3e-82c265df3258,GALLIUM,attack-pattern--7e150503-88e7-4861-866b-ff1ac82c4475,T1049,System Network Connections Discovery,1
intrusion-set--06a11b7e-2a36-47fe-8d3e-82c265df3258,GALLIUM,attack-pattern--005a06c6-14bf-4118-afa0-ebcd8aebb0c9,T1053.005,Scheduled Task,1
intrusion-set--06a11b7e-2a36-47fe-8d3e-82c265df3258,GALLIUM,attack-pattern--970a3432-3237-47ad-bcca-7d8cbb217736,T1059.001,PowerShell,1
intrusion-set--06a11b7e-2a36-47fe-8d3e-82c265df3258,GALLIUM,attack-pattern--d1fcf083-a721-4223-aedf-bf8960798d62,T1059.003,Windows Command Shell,1
intrusion-set--06a11b7e-2a36-47fe-8d3e-82c265df3258,GALLIUM,attack-pattern--1c34f7aa-9341-4a48-bfab-af22e51aca6c,T1074.001,Local Data Staging,1
intrusion-set--06a11b7e-2a36-47fe-8d3e-82c265df3258,GALLIUM,attack-pattern--b17a1a56-e99c-403c-8948-561df0cffe81,T1078,Valid Accounts,1
intrusion-set--06a11b7e-2a36-47fe-8d3e-82c265df3258,GALLIUM,attack-pattern--69b8fd78-40e8-4600-ae4d-662c9d7afdb3,T1090.002,External Proxy,1
intrusion-set--06a11b7e-2a36-47fe-8d3e-82c265df3258,GALLIUM,attack-pattern--e6919abc-99f9-4c6c-95a5-14761e7b2add,T1105,Ingress Tool Transfer,1
intrusion-set--06a11b7e-2a36-47fe-8d3e-82c265df3258,GALLIUM,attack-pattern--10d51417-ee35-4589-b1ff-b6df1c334e8d,T1133,External Remote Services,1
intrusion-set--06a11b7e-2a36-47fe-8d3e-82c265df3258,GALLIUM,attack-pattern--7610cada-1499-41a4-b3dd-46467b68d177,T1136.002,Domain Account,1
intrusion-set--06a11b7e-2a36-47fe-8d3e-82c265df3258,GALLIUM,attack-pattern--3f886f2a-874f-4333-b794-aa6075009b1c,T1190,Exploit Public-Facing Application,1
intrusion-set--06a11b7e-2a36-47fe-8d3e-82c265df3258,GALLIUM,attack-pattern--5d0d3609-d06d-49e1-b9c9-b544e0c618cb,T1505.003,Web Shell,1
intrusion-set--06a11b7e-2a36-47fe-8d3e-82c265df3258,GALLIUM,attack-pattern--e624264c-033a-424d-9fd7-fc9c3bbdb03e,T1550.002,Pass the Hash,1
intrusion-set--06a11b7e-2a36-47fe-8d3e-82c265df3258,GALLIUM,attack-pattern--32901740-b42c-4fdd-bc02-345b5dc57082,T1553.002,Code Signing,1
intrusion-set--06a11b7e-2a36-47fe-8d3e-82c265df3258,GALLIUM,attack-pattern--00f90846-cbd1-4fc5-9233-df5c2bf2a662,T1560.001,Archive via Utility,1
intrusion-set--06a11b7e-2a36-47fe-8d3e-82c265df3258,GALLIUM,attack-pattern--bf90d72c-c00b-45e3-b3aa-68560560d4c5,T1570,Lateral Tool Transfer,1
intrusion-set--06a11b7e-2a36-47fe-8d3e-82c265df3258,GALLIUM,attack-pattern--2fee9321-3e71-4cf4-af24-d4d40d355b34,T1574.001,DLL,1
intrusion-set--06a11b7e-2a36-47fe-8d3e-82c265df3258,GALLIUM,attack-pattern--60c4b628-4807-4b0b-bbf5-fdac8643c337,T1583.004,Server,1
intrusion-set--06a11b7e-2a36-47fe-8d3e-82c265df3258,GALLIUM,attack-pattern--a2fdce72-04b2-409a-ac10-cc1695f4fce0,T1588.002,Tool,1
intrusion-set--0ea72cd5-ca30-46ba-bc04-378f701c658f,GCMAN,attack-pattern--2db31dcd-54da-405d-acef-b9129b816ed6,T1021.004,SSH,1
intrusion-set--0ea72cd5-ca30-46ba-bc04-378f701c658f,GCMAN,attack-pattern--01327cde-66c4-4123-bf34-5f258d59457b,T1021.005,VNC,1
intrusion-set--c77c5576-ca19-42ed-a36f-4b4486a84133,GOLD SOUTHFIELD,attack-pattern--d511a6f6-4a33-41d5-bc95-c343875d1377,T1027.010,Command Obfuscation,1
intrusion-set--c77c5576-ca19-42ed-a36f-4b4486a84133,GOLD SOUTHFIELD,attack-pattern--970a3432-3237-47ad-bcca-7d8cbb217736,T1059.001,PowerShell,1
intrusion-set--c77c5576-ca19-42ed-a36f-4b4486a84133,GOLD SOUTHFIELD,attack-pattern--0259baeb-9f63-4c69-bf10-eb038c390688,T1113,Screen Capture,1
intrusion-set--c77c5576-ca19-42ed-a36f-4b4486a84133,GOLD SOUTHFIELD,attack-pattern--10d51417-ee35-4589-b1ff-b6df1c334e8d,T1133,External Remote Services,1
intrusion-set--c77c5576-ca19-42ed-a36f-4b4486a84133,GOLD SOUTHFIELD,attack-pattern--3f886f2a-874f-4333-b794-aa6075009b1c,T1190,Exploit Public-Facing Application,1
intrusion-set--c77c5576-ca19-42ed-a36f-4b4486a84133,GOLD SOUTHFIELD,attack-pattern--bd369cd9-abb8-41ce-b5bb-fff23ee86c00,T1195.002,Compromise Software Supply Chain,1
intrusion-set--c77c5576-ca19-42ed-a36f-4b4486a84133,GOLD SOUTHFIELD,attack-pattern--9fa07bef-9c81-421e-a8e5-ad4366c5a925,T1199,Trusted Relationship,1
intrusion-set--c77c5576-ca19-42ed-a36f-4b4486a84133,GOLD SOUTHFIELD,attack-pattern--4061e78c-1284-44b4-9116-73e4ac3912f7,T1219,Remote Access Tools,1
intrusion-set--c77c5576-ca19-42ed-a36f-4b4486a84133,GOLD SOUTHFIELD,attack-pattern--a62a8db3-f23a-4d8f-afd6-9dbc77e7813b,T1566,Phishing,1
intrusion-set--2fd2be6a-d3a2-4a65-b499-05ea2693abee,Gallmaker,attack-pattern--b3d682b6-98f2-4fb0-aa3b-b4df007ca70a,T1027,Obfuscated Files or Information,1
intrusion-set--2fd2be6a-d3a2-4a65-b499-05ea2693abee,Gallmaker,attack-pattern--970a3432-3237-47ad-bcca-7d8cbb217736,T1059.001,PowerShell,1
intrusion-set--2fd2be6a-d3a2-4a65-b499-05ea2693abee,Gallmaker,attack-pattern--232b7f21-adf9-4b42-b936-b9d6f7df856e,T1204.002,Malicious File,1
intrusion-set--2fd2be6a-d3a2-4a65-b499-05ea2693abee,Gallmaker,attack-pattern--232a7e42-cd6e-4902-8fe9-2960f529dd4d,T1559.002,Dynamic Data Exchange,1
intrusion-set--2fd2be6a-d3a2-4a65-b499-05ea2693abee,Gallmaker,attack-pattern--00f90846-cbd1-4fc5-9233-df5c2bf2a662,T1560.001,Archive via Utility,1
intrusion-set--2fd2be6a-d3a2-4a65-b499-05ea2693abee,Gallmaker,attack-pattern--2e34237d-8574-43f6-aace-ae2915de8597,T1566.001,Spearphishing Attachment,1
intrusion-set--2e290bfe-93b5-48ce-97d6-edcd6d32b7cf,Gamaredon Group,attack-pattern--ad255bfe-a9e6-4b52-a258-8d3462abe842,T1001,Data Obfuscation,1
intrusion-set--2e290bfe-93b5-48ce-97d6-edcd6d32b7cf,Gamaredon Group,attack-pattern--3c4a2599-71ee-4405-ba1e-0e28414b4bc5,T1005,Data from Local System,1
intrusion-set--2e290bfe-93b5-48ce-97d6-edcd6d32b7cf,Gamaredon Group,attack-pattern--c32f7008-9fea-41f7-8366-5eb9b74bd896,T1012,Query Registry,1
intrusion-set--2e290bfe-93b5-48ce-97d6-edcd6d32b7cf,Gamaredon Group,attack-pattern--132d5b37-aac5-4378-a8dc-3127b18a73dc,T1016.001,Internet Connection Discovery,1
intrusion-set--2e290bfe-93b5-48ce-97d6-edcd6d32b7cf,Gamaredon Group,attack-pattern--774a3188-6ba9-4dc4-879d-d54ee48a5ce9,T1020,Automated Exfiltration,1
intrusion-set--2e290bfe-93b5-48ce-97d6-edcd6d32b7cf,Gamaredon Group,attack-pattern--01327cde-66c4-4123-bf34-5f258d59457b,T1021.005,VNC,1
intrusion-set--2e290bfe-93b5-48ce-97d6-edcd6d32b7cf,Gamaredon Group,attack-pattern--1b7ba276-eedc-4951-a762-0ceea2c030ec,T1025,Data from Removable Media,1
intrusion-set--2e290bfe-93b5-48ce-97d6-edcd6d32b7cf,Gamaredon Group,attack-pattern--b3d682b6-98f2-4fb0-aa3b-b4df007ca70a,T1027,Obfuscated Files or Information,1
intrusion-set--2e290bfe-93b5-48ce-97d6-edcd6d32b7cf,Gamaredon Group,attack-pattern--c726e0a2-a57a-4b7b-a973-d0f013246617,T1027.004,Compile After Delivery,1
intrusion-set--2e290bfe-93b5-48ce-97d6-edcd6d32b7cf,Gamaredon Group,attack-pattern--d511a6f6-4a33-41d5-bc95-c343875d1377,T1027.010,Command Obfuscation,1
intrusion-set--2e290bfe-93b5-48ce-97d6-edcd6d32b7cf,Gamaredon Group,attack-pattern--887274fc-2d63-4bdc-82f3-fae56d1d5fdc,T1027.012,LNK Icon Smuggling,1
intrusion-set--2e290bfe-93b5-48ce-97d6-edcd6d32b7cf,Gamaredon Group,attack-pattern--fbd91bfc-75c2-4f0c-8116-3b4e722906b3,T1027.015,Compression,1
intrusion-set--2e290bfe-93b5-48ce-97d6-edcd6d32b7cf,Gamaredon Group,attack-pattern--671cd17f-a765-48fd-adc4-dad1941b1ae3,T1027.016,Junk Code Insertion,1
intrusion-set--2e290bfe-93b5-48ce-97d6-edcd6d32b7cf,Gamaredon Group,attack-pattern--03d7999c-1f4c-42cc-8373-e7690d318104,T1033,System Owner/User Discovery,1
intrusion-set--2e290bfe-93b5-48ce-97d6-edcd6d32b7cf,Gamaredon Group,attack-pattern--1c4e5d32-1fe9-4116-9d9d-59e3925bd6a2,T1036.005,Match Legitimate Resource Name or Location,1
intrusion-set--2e290bfe-93b5-48ce-97d6-edcd6d32b7cf,Gamaredon Group,attack-pattern--ae676644-d2d2-41b7-af7e-9bed1b55898c,T1039,Data from Network Shared Drive,1
intrusion-set--2e290bfe-93b5-48ce-97d6-edcd6d32b7cf,Gamaredon Group,attack-pattern--92d7da27-2d91-488e-a00c-059dc162766d,T1041,Exfiltration Over C2 Channel,1
intrusion-set--2e290bfe-93b5-48ce-97d6-edcd6d32b7cf,Gamaredon Group,attack-pattern--01a5a209-b94c-450b-b7f9-946497d91055,T1047,Windows Management Instrumentation,1
intrusion-set--2e290bfe-93b5-48ce-97d6-edcd6d32b7cf,Gamaredon Group,attack-pattern--005a06c6-14bf-4118-afa0-ebcd8aebb0c9,T1053.005,Scheduled Task,1
intrusion-set--2e290bfe-93b5-48ce-97d6-edcd6d32b7cf,Gamaredon Group,attack-pattern--43e7dc91-05b2-474c-b9ac-2ed4fe101f4d,T1055,Process Injection,1
intrusion-set--2e290bfe-93b5-48ce-97d6-edcd6d32b7cf,Gamaredon Group,attack-pattern--8f4a33ec-8b1f-4b80-a2f6-642b2e479580,T1057,Process Discovery,1
intrusion-set--2e290bfe-93b5-48ce-97d6-edcd6d32b7cf,Gamaredon Group,attack-pattern--970a3432-3237-47ad-bcca-7d8cbb217736,T1059.001,PowerShell,1
intrusion-set--2e290bfe-93b5-48ce-97d6-edcd6d32b7cf,Gamaredon Group,attack-pattern--d1fcf083-a721-4223-aedf-bf8960798d62,T1059.003,Windows Command Shell,1
intrusion-set--2e290bfe-93b5-48ce-97d6-edcd6d32b7cf,Gamaredon Group,attack-pattern--dfd7cc1d-e1d8-4394-a198-97c4cab8aa67,T1059.005,Visual Basic,1
intrusion-set--2e290bfe-93b5-48ce-97d6-edcd6d32b7cf,Gamaredon Group,attack-pattern--d63a3fb8-9452-4e9d-a60a-54be68d5998c,T1070.004,File Deletion,1
intrusion-set--2e290bfe-93b5-48ce-97d6-edcd6d32b7cf,Gamaredon Group,attack-pattern--df8b2a25-8bdf-4856-953c-a04372b1c161,T1071.001,Web Protocols,1
intrusion-set--2e290bfe-93b5-48ce-97d6-edcd6d32b7cf,Gamaredon Group,attack-pattern--246fd3c7-f5e3-466d-8787-4c13d9e3b61c,T1080,Taint Shared Content,1
intrusion-set--2e290bfe-93b5-48ce-97d6-edcd6d32b7cf,Gamaredon Group,attack-pattern--354a7f88-63fb-41b5-a801-ce3b377b36f1,T1082,System Information Discovery,1
intrusion-set--2e290bfe-93b5-48ce-97d6-edcd6d32b7cf,Gamaredon Group,attack-pattern--7bc57495-ea59-4380-be31-a64af124ef18,T1083,File and Directory Discovery,1
intrusion-set--2e290bfe-93b5-48ce-97d6-edcd6d32b7cf,Gamaredon Group,attack-pattern--731f4f55-b6d0-41d1-a7a9-072a66389aea,T1090,Proxy,1
intrusion-set--2e290bfe-93b5-48ce-97d6-edcd6d32b7cf,Gamaredon Group,attack-pattern--a782ebe2-daba-42c7-bc82-e8e9d923162d,T1090.003,Multi-hop Proxy,1
intrusion-set--2e290bfe-93b5-48ce-97d6-edcd6d32b7cf,Gamaredon Group,attack-pattern--3b744087-9945-4a6f-91e8-9dbceda417a4,T1091,Replication Through Removable Media,1
intrusion-set--2e290bfe-93b5-48ce-97d6-edcd6d32b7cf,Gamaredon Group,attack-pattern--c21d5a77-d422-4a69-acd7-2c53c1faa34b,T1095,Non-Application Layer Protocol,1
intrusion-set--2e290bfe-93b5-48ce-97d6-edcd6d32b7cf,Gamaredon Group,attack-pattern--830c9528-df21-472c-8c14-a036bf17d665,T1102,Web Service,1
intrusion-set--2e290bfe-93b5-48ce-97d6-edcd6d32b7cf,Gamaredon Group,attack-pattern--be055942-6e63-49d7-9fa1-9cb7d8a8f3f4,T1102.002,Bidirectional Communication,1
intrusion-set--2e290bfe-93b5-48ce-97d6-edcd6d32b7cf,Gamaredon Group,attack-pattern--9c99724c-a483-4d60-ad9d-7f004e42e8e8,T1102.003,One-Way Communication,1
intrusion-set--2e290bfe-93b5-48ce-97d6-edcd6d32b7cf,Gamaredon Group,attack-pattern--e6919abc-99f9-4c6c-95a5-14761e7b2add,T1105,Ingress Tool Transfer,1
intrusion-set--2e290bfe-93b5-48ce-97d6-edcd6d32b7cf,Gamaredon Group,attack-pattern--391d824f-0ef1-47a0-b0ee-c59a75e27670,T1106,Native API,1
intrusion-set--2e290bfe-93b5-48ce-97d6-edcd6d32b7cf,Gamaredon Group,attack-pattern--57340c81-c025-4189-8fa0-fc7ede51bae4,T1112,Modify Registry,1
intrusion-set--2e290bfe-93b5-48ce-97d6-edcd6d32b7cf,Gamaredon Group,attack-pattern--0259baeb-9f63-4c69-bf10-eb038c390688,T1113,Screen Capture,1
intrusion-set--2e290bfe-93b5-48ce-97d6-edcd6d32b7cf,Gamaredon Group,attack-pattern--30208d3e-0d6b-43c8-883e-44462a514619,T1119,Automated Collection,1
intrusion-set--2e290bfe-93b5-48ce-97d6-edcd6d32b7cf,Gamaredon Group,attack-pattern--348f1eef-964b-4eb6-bb53-69b3dcb0c643,T1120,Peripheral Device Discovery,1
intrusion-set--2e290bfe-93b5-48ce-97d6-edcd6d32b7cf,Gamaredon Group,attack-pattern--2c4d4e92-0ccf-4a97-b54c-86d662988a53,T1137,Office Application Startup,1
intrusion-set--2e290bfe-93b5-48ce-97d6-edcd6d32b7cf,Gamaredon Group,attack-pattern--3ccef7ae-cb5e-48f6-8302-897105fbf55c,T1140,Deobfuscate/Decode Files or Information,1
intrusion-set--2e290bfe-93b5-48ce-97d6-edcd6d32b7cf,Gamaredon Group,attack-pattern--ef67e13e-5598-4adc-bdb2-998225874fa9,T1204.001,Malicious Link,1
intrusion-set--2e290bfe-93b5-48ce-97d6-edcd6d32b7cf,Gamaredon Group,attack-pattern--232b7f21-adf9-4b42-b936-b9d6f7df856e,T1204.002,Malicious File,1
intrusion-set--2e290bfe-93b5-48ce-97d6-edcd6d32b7cf,Gamaredon Group,attack-pattern--840a987a-99bd-4a80-a5c9-0cb2baa6cade,T1218.005,Mshta,1
intrusion-set--2e290bfe-93b5-48ce-97d6-edcd6d32b7cf,Gamaredon Group,attack-pattern--045d0922-2310-4e60-b5e4-3302302cb3c5,T1218.011,Rundll32,1
intrusion-set--2e290bfe-93b5-48ce-97d6-edcd6d32b7cf,Gamaredon Group,attack-pattern--dc31fe1e-d722-49da-8f5f-92c7b5aff534,T1221,Template Injection,1
intrusion-set--2e290bfe-93b5-48ce-97d6-edcd6d32b7cf,Gamaredon Group,attack-pattern--853c4192-4311-43e1-bfbb-b11b14911852,T1480,Execution Guardrails,1
intrusion-set--2e290bfe-93b5-48ce-97d6-edcd6d32b7cf,Gamaredon Group,attack-pattern--8c41090b-aa47-4331-986b-8c9a51a91103,T1491.001,Internal Defacement,1
intrusion-set--2e290bfe-93b5-48ce-97d6-edcd6d32b7cf,Gamaredon Group,attack-pattern--29be378d-262d-4e99-b00d-852d573628e6,T1497.001,System Checks,1
intrusion-set--2e290bfe-93b5-48ce-97d6-edcd6d32b7cf,Gamaredon Group,attack-pattern--cba37adb-d6fb-4610-b069-dd04c0643384,T1518.001,Security Software Discovery,1
intrusion-set--2e290bfe-93b5-48ce-97d6-edcd6d32b7cf,Gamaredon Group,attack-pattern--9e7452df-5144-4b6e-b04a-b66dd4016747,T1534,Internal Spearphishing,1
intrusion-set--2e290bfe-93b5-48ce-97d6-edcd6d32b7cf,Gamaredon Group,attack-pattern--9efb1ea7-c37b-4595-9640-b7680cd84279,T1547.001,Registry Run Keys / Startup Folder,1
intrusion-set--2e290bfe-93b5-48ce-97d6-edcd6d32b7cf,Gamaredon Group,attack-pattern--2f6b4ed7-fef1-44ba-bcb8-1b4beb610b64,T1559.001,Component Object Model,1
intrusion-set--2e290bfe-93b5-48ce-97d6-edcd6d32b7cf,Gamaredon Group,attack-pattern--fb640c43-aa6b-431e-a961-a279010424ac,T1561.001,Disk Content Wipe,1
intrusion-set--2e290bfe-93b5-48ce-97d6-edcd6d32b7cf,Gamaredon Group,attack-pattern--cbb66055-0325-4111-aca0-40547b6ad5b0,T1564.003,Hidden Window,1
intrusion-set--2e290bfe-93b5-48ce-97d6-edcd6d32b7cf,Gamaredon Group,attack-pattern--2e34237d-8574-43f6-aace-ae2915de8597,T1566.001,Spearphishing Attachment,1
intrusion-set--2e290bfe-93b5-48ce-97d6-edcd6d32b7cf,Gamaredon Group,attack-pattern--7bd9c723-2f78-4309-82c5-47cad406572b,T1568,Dynamic Resolution,1
intrusion-set--2e290bfe-93b5-48ce-97d6-edcd6d32b7cf,Gamaredon Group,attack-pattern--29ba5a15-3b7b-4732-b817-65ea8f6468e6,T1568.001,Fast Flux DNS,1
intrusion-set--2e290bfe-93b5-48ce-97d6-edcd6d32b7cf,Gamaredon Group,attack-pattern--b18eae87-b469-4e14-b454-b171b416bc18,T1571,Non-Standard Port,1
intrusion-set--2e290bfe-93b5-48ce-97d6-edcd6d32b7cf,Gamaredon Group,attack-pattern--40f5caa0-4cb7-4117-89fc-d421bb493df3,T1583.001,Domains,1
intrusion-set--2e290bfe-93b5-48ce-97d6-edcd6d32b7cf,Gamaredon Group,attack-pattern--79da0971-3147-4af6-a4f5-e8cd447cd795,T1583.003,Virtual Private Server,1
intrusion-set--2e290bfe-93b5-48ce-97d6-edcd6d32b7cf,Gamaredon Group,attack-pattern--88d31120-5bc7-4ce3-a9c0-7cf147be8e54,T1583.006,Web Services,1
intrusion-set--2e290bfe-93b5-48ce-97d6-edcd6d32b7cf,Gamaredon Group,attack-pattern--1cec9319-743b-4840-bb65-431547bce82a,T1587.003,Digital Certificates,1
intrusion-set--2e290bfe-93b5-48ce-97d6-edcd6d32b7cf,Gamaredon Group,attack-pattern--a2fdce72-04b2-409a-ac10-cc1695f4fce0,T1588.002,Tool,1
intrusion-set--2e290bfe-93b5-48ce-97d6-edcd6d32b7cf,Gamaredon Group,attack-pattern--3ee16395-03f0-4690-a32e-69ce9ada0f9e,T1608.001,Upload Malware,1
intrusion-set--2e290bfe-93b5-48ce-97d6-edcd6d32b7cf,Gamaredon Group,attack-pattern--4933e63b-9b77-476e-ab29-761bc5b7d15a,T1620,Reflective Code Loading,1
intrusion-set--2e290bfe-93b5-48ce-97d6-edcd6d32b7cf,Gamaredon Group,attack-pattern--bbde9781-60aa-4b8a-a911-895b0c1b3872,T1685,Disable or Modify Tools,1
intrusion-set--1f21da59-6a13-455b-afd0-d58d0a5a7d27,Gorgon Group,attack-pattern--806a49c4-970d-43f9-9acc-ac0ee11e6662,T1055.002,Portable Executable Injection,1
intrusion-set--1f21da59-6a13-455b-afd0-d58d0a5a7d27,Gorgon Group,attack-pattern--b200542e-e877-4395-875b-cf1a44537ca4,T1055.012,Process Hollowing,1
intrusion-set--1f21da59-6a13-455b-afd0-d58d0a5a7d27,Gorgon Group,attack-pattern--970a3432-3237-47ad-bcca-7d8cbb217736,T1059.001,PowerShell,1
intrusion-set--1f21da59-6a13-455b-afd0-d58d0a5a7d27,Gorgon Group,attack-pattern--d1fcf083-a721-4223-aedf-bf8960798d62,T1059.003,Windows Command Shell,1
intrusion-set--1f21da59-6a13-455b-afd0-d58d0a5a7d27,Gorgon Group,attack-pattern--dfd7cc1d-e1d8-4394-a198-97c4cab8aa67,T1059.005,Visual Basic,1
intrusion-set--1f21da59-6a13-455b-afd0-d58d0a5a7d27,Gorgon Group,attack-pattern--e6919abc-99f9-4c6c-95a5-14761e7b2add,T1105,Ingress Tool Transfer,1
intrusion-set--1f21da59-6a13-455b-afd0-d58d0a5a7d27,Gorgon Group,attack-pattern--391d824f-0ef1-47a0-b0ee-c59a75e27670,T1106,Native API,1
intrusion-set--1f21da59-6a13-455b-afd0-d58d0a5a7d27,Gorgon Group,attack-pattern--57340c81-c025-4189-8fa0-fc7ede51bae4,T1112,Modify Registry,1
intrusion-set--1f21da59-6a13-455b-afd0-d58d0a5a7d27,Gorgon Group,attack-pattern--3ccef7ae-cb5e-48f6-8302-897105fbf55c,T1140,Deobfuscate/Decode Files or Information,1
intrusion-set--1f21da59-6a13-455b-afd0-d58d0a5a7d27,Gorgon Group,attack-pattern--232b7f21-adf9-4b42-b936-b9d6f7df856e,T1204.002,Malicious File,1
intrusion-set--1f21da59-6a13-455b-afd0-d58d0a5a7d27,Gorgon Group,attack-pattern--9efb1ea7-c37b-4595-9640-b7680cd84279,T1547.001,Registry Run Keys / Startup Folder,1
intrusion-set--1f21da59-6a13-455b-afd0-d58d0a5a7d27,Gorgon Group,attack-pattern--4ab929c6-ee2d-4fb5-aab4-b14be2ed7179,T1547.009,Shortcut Modification,1
intrusion-set--1f21da59-6a13-455b-afd0-d58d0a5a7d27,Gorgon Group,attack-pattern--cbb66055-0325-4111-aca0-40547b6ad5b0,T1564.003,Hidden Window,1
intrusion-set--1f21da59-6a13-455b-afd0-d58d0a5a7d27,Gorgon Group,attack-pattern--2e34237d-8574-43f6-aace-ae2915de8597,T1566.001,Spearphishing Attachment,1
intrusion-set--1f21da59-6a13-455b-afd0-d58d0a5a7d27,Gorgon Group,attack-pattern--a2fdce72-04b2-409a-ac10-cc1695f4fce0,T1588.002,Tool,1
intrusion-set--1f21da59-6a13-455b-afd0-d58d0a5a7d27,Gorgon Group,attack-pattern--bbde9781-60aa-4b8a-a911-895b0c1b3872,T1685,Disable or Modify Tools,1
intrusion-set--7331c66a-5601-4d3f-acf6-ad9e3035eb40,Group5,attack-pattern--0d91b3c0-5e50-47c3-949a-2a796f04d144,T1027.013,Encrypted/Encoded File,1
intrusion-set--7331c66a-5601-4d3f-acf6-ad9e3035eb40,Group5,attack-pattern--09a60ea3-a8d1-4ae5-976e-5783248b72a4,T1056.001,Keylogging,1
intrusion-set--7331c66a-5601-4d3f-acf6-ad9e3035eb40,Group5,attack-pattern--d63a3fb8-9452-4e9d-a60a-54be68d5998c,T1070.004,File Deletion,1
intrusion-set--7331c66a-5601-4d3f-acf6-ad9e3035eb40,Group5,attack-pattern--0259baeb-9f63-4c69-bf10-eb038c390688,T1113,Screen Capture,1
intrusion-set--2688b13e-8e71-405a-9c40-0dee94bddf87,HAFNIUM,attack-pattern--65f2d882-3f41-4d48-8a06-29af77ec9f90,T1003.001,LSASS Memory,1
intrusion-set--2688b13e-8e71-405a-9c40-0dee94bddf87,HAFNIUM,attack-pattern--edf91964-b26e-4b4a-9600-ccacd7d7df24,T1003.003,NTDS,1
intrusion-set--2688b13e-8e71-405a-9c40-0dee94bddf87,HAFNIUM,attack-pattern--3c4a2599-71ee-4405-ba1e-0e28414b4bc5,T1005,Data from Local System,1
intrusion-set--2688b13e-8e71-405a-9c40-0dee94bddf87,HAFNIUM,attack-pattern--707399d6-ab3e-4963-9315-d9d3818cd6a0,T1016,System Network Configuration Discovery,1
intrusion-set--2688b13e-8e71-405a-9c40-0dee94bddf87,HAFNIUM,attack-pattern--132d5b37-aac5-4378-a8dc-3127b18a73dc,T1016.001,Internet Connection Discovery,1
intrusion-set--2688b13e-8e71-405a-9c40-0dee94bddf87,HAFNIUM,attack-pattern--e358d692-23c0-4a31-9eb6-ecc13a8d7735,T1018,Remote System Discovery,1
intrusion-set--2688b13e-8e71-405a-9c40-0dee94bddf87,HAFNIUM,attack-pattern--03d7999c-1f4c-42cc-8373-e7690d318104,T1033,System Owner/User Discovery,1
intrusion-set--2688b13e-8e71-405a-9c40-0dee94bddf87,HAFNIUM,attack-pattern--8f4a33ec-8b1f-4b80-a2f6-642b2e479580,T1057,Process Discovery,1
intrusion-set--2688b13e-8e71-405a-9c40-0dee94bddf87,HAFNIUM,attack-pattern--970a3432-3237-47ad-bcca-7d8cbb217736,T1059.001,PowerShell,1
intrusion-set--2688b13e-8e71-405a-9c40-0dee94bddf87,HAFNIUM,attack-pattern--d1fcf083-a721-4223-aedf-bf8960798d62,T1059.003,Windows Command Shell,1
intrusion-set--2688b13e-8e71-405a-9c40-0dee94bddf87,HAFNIUM,attack-pattern--b21c3b2d-02e6-45b1-980b-e69051040839,T1068,Exploitation for Privilege Escalation,1
intrusion-set--2688b13e-8e71-405a-9c40-0dee94bddf87,HAFNIUM,attack-pattern--df8b2a25-8bdf-4856-953c-a04372b1c161,T1071.001,Web Protocols,1
intrusion-set--2688b13e-8e71-405a-9c40-0dee94bddf87,HAFNIUM,attack-pattern--fdc47f44-dd32-4b99-af5f-209f556f63c2,T1078.003,Local Accounts,1
intrusion-set--2688b13e-8e71-405a-9c40-0dee94bddf87,HAFNIUM,attack-pattern--f232fa7a-025c-4d43-abc7-318e81a73d65,T1078.004,Cloud Accounts,1
intrusion-set--2688b13e-8e71-405a-9c40-0dee94bddf87,HAFNIUM,attack-pattern--7bc57495-ea59-4380-be31-a64af124ef18,T1083,File and Directory Discovery,1
intrusion-set--2688b13e-8e71-405a-9c40-0dee94bddf87,HAFNIUM,attack-pattern--c21d5a77-d422-4a69-acd7-2c53c1faa34b,T1095,Non-Application Layer Protocol,1
intrusion-set--2688b13e-8e71-405a-9c40-0dee94bddf87,HAFNIUM,attack-pattern--a10641f4-87b4-45a3-a906-92a149cb2c27,T1098,Account Manipulation,1
intrusion-set--2688b13e-8e71-405a-9c40-0dee94bddf87,HAFNIUM,attack-pattern--e6919abc-99f9-4c6c-95a5-14761e7b2add,T1105,Ingress Tool Transfer,1
intrusion-set--2688b13e-8e71-405a-9c40-0dee94bddf87,HAFNIUM,attack-pattern--692074ae-bb62-4a5e-a735-02cb6bde458c,T1110.003,Password Spraying,1
intrusion-set--2688b13e-8e71-405a-9c40-0dee94bddf87,HAFNIUM,attack-pattern--b4694861-542c-48ea-9eb1-10d356e7140a,T1114.002,Remote Email Collection,1
intrusion-set--2688b13e-8e71-405a-9c40-0dee94bddf87,HAFNIUM,attack-pattern--30208d3e-0d6b-43c8-883e-44462a514619,T1119,Automated Collection,1
intrusion-set--2688b13e-8e71-405a-9c40-0dee94bddf87,HAFNIUM,attack-pattern--04fd5427-79c7-44ea-ae13-11b24778ff1c,T1132.001,Standard Encoding,1
intrusion-set--2688b13e-8e71-405a-9c40-0dee94bddf87,HAFNIUM,attack-pattern--7610cada-1499-41a4-b3dd-46467b68d177,T1136.002,Domain Account,1
intrusion-set--2688b13e-8e71-405a-9c40-0dee94bddf87,HAFNIUM,attack-pattern--3f886f2a-874f-4333-b794-aa6075009b1c,T1190,Exploit Public-Facing Application,1
intrusion-set--2688b13e-8e71-405a-9c40-0dee94bddf87,HAFNIUM,attack-pattern--9fa07bef-9c81-421e-a8e5-ad4366c5a925,T1199,Trusted Relationship,1
intrusion-set--2688b13e-8e71-405a-9c40-0dee94bddf87,HAFNIUM,attack-pattern--0c4b4fda-9062-47da-98b9-ceae2dcf052a,T1213.002,Sharepoint,1
intrusion-set--2688b13e-8e71-405a-9c40-0dee94bddf87,HAFNIUM,attack-pattern--045d0922-2310-4e60-b5e4-3302302cb3c5,T1218.011,Rundll32,1
intrusion-set--2688b13e-8e71-405a-9c40-0dee94bddf87,HAFNIUM,attack-pattern--5d0d3609-d06d-49e1-b9c9-b544e0c618cb,T1505.003,Web Shell,1
intrusion-set--2688b13e-8e71-405a-9c40-0dee94bddf87,HAFNIUM,attack-pattern--3298ce88-1628-43b1-87d9-0b5336b193d7,T1530,Data from Cloud Storage,1
intrusion-set--2688b13e-8e71-405a-9c40-0dee94bddf87,HAFNIUM,attack-pattern--f005e783-57d4-4837-88ad-dbe7faee1c51,T1550.001,Application Access Token,1
intrusion-set--2688b13e-8e71-405a-9c40-0dee94bddf87,HAFNIUM,attack-pattern--cfb525cc-5494-401d-a82b-2539ca46a561,T1555.006,Cloud Secrets Management Stores,1
intrusion-set--2688b13e-8e71-405a-9c40-0dee94bddf87,HAFNIUM,attack-pattern--00f90846-cbd1-4fc5-9233-df5c2bf2a662,T1560.001,Archive via Utility,1
intrusion-set--2688b13e-8e71-405a-9c40-0dee94bddf87,HAFNIUM,attack-pattern--ec8fc7e2-b356-455c-8db5-2e37be158e7d,T1564.001,Hidden Files and Directories,1
intrusion-set--2688b13e-8e71-405a-9c40-0dee94bddf87,HAFNIUM,attack-pattern--bf1b6176-597c-4600-bfcd-ac989670f96b,T1567.002,Exfiltration to Cloud Storage,1
intrusion-set--2688b13e-8e71-405a-9c40-0dee94bddf87,HAFNIUM,attack-pattern--79da0971-3147-4af6-a4f5-e8cd447cd795,T1583.003,Virtual Private Server,1
intrusion-set--2688b13e-8e71-405a-9c40-0dee94bddf87,HAFNIUM,attack-pattern--31225cd3-cd46-4575-b287-c2c14011c074,T1583.005,Botnet,1
intrusion-set--2688b13e-8e71-405a-9c40-0dee94bddf87,HAFNIUM,attack-pattern--88d31120-5bc7-4ce3-a9c0-7cf147be8e54,T1583.006,Web Services,1
intrusion-set--2688b13e-8e71-405a-9c40-0dee94bddf87,HAFNIUM,attack-pattern--810d8072-afb6-4a56-9ee7-86379ac4a6f3,T1584.005,Botnet,1
intrusion-set--2688b13e-8e71-405a-9c40-0dee94bddf87,HAFNIUM,attack-pattern--69f897fd-12a9-4c89-ad6a-46d2f3c38262,T1589.002,Email Addresses,1
intrusion-set--2688b13e-8e71-405a-9c40-0dee94bddf87,HAFNIUM,attack-pattern--9d48cab2-7929-4812-ad22-f536665f0109,T1590,Gather Victim Network Information,1
intrusion-set--2688b13e-8e71-405a-9c40-0dee94bddf87,HAFNIUM,attack-pattern--0dda99f0-4701-48ca-9774-8504922e92d3,T1590.005,IP Addresses,1
intrusion-set--2688b13e-8e71-405a-9c40-0dee94bddf87,HAFNIUM,attack-pattern--774ad5bb-2366-4c13-a8a9-65e50b292e7c,T1592.004,Client Configurations,1
intrusion-set--2688b13e-8e71-405a-9c40-0dee94bddf87,HAFNIUM,attack-pattern--70910fbd-58dc-4c1c-8c48-814d11fcd022,T1593.003,Code Repositories,1
intrusion-set--2688b13e-8e71-405a-9c40-0dee94bddf87,HAFNIUM,attack-pattern--75b9a4d2-d4e2-4ca1-9aab-1badd9e05fd0,T1685.005,Clear Windows Event Logs,1
intrusion-set--f29b7c5e-2439-42ad-a86f-9f8984fafae3,HEXANE,attack-pattern--4ae4f953-fe58-4cc8-a327-33257e30a830,T1010,Application Window Discovery,1
intrusion-set--f29b7c5e-2439-42ad-a86f-9f8984fafae3,HEXANE,attack-pattern--707399d6-ab3e-4963-9315-d9d3818cd6a0,T1016,System Network Configuration Discovery,1
intrusion-set--f29b7c5e-2439-42ad-a86f-9f8984fafae3,HEXANE,attack-pattern--132d5b37-aac5-4378-a8dc-3127b18a73dc,T1016.001,Internet Connection Discovery,1
intrusion-set--f29b7c5e-2439-42ad-a86f-9f8984fafae3,HEXANE,attack-pattern--e358d692-23c0-4a31-9eb6-ecc13a8d7735,T1018,Remote System Discovery,1
intrusion-set--f29b7c5e-2439-42ad-a86f-9f8984fafae3,HEXANE,attack-pattern--eb062747-2193-45de-8fa2-e62549c37ddf,T1021.001,Remote Desktop Protocol,1
intrusion-set--f29b7c5e-2439-42ad-a86f-9f8984fafae3,HEXANE,attack-pattern--d511a6f6-4a33-41d5-bc95-c343875d1377,T1027.010,Command Obfuscation,1
intrusion-set--f29b7c5e-2439-42ad-a86f-9f8984fafae3,HEXANE,attack-pattern--03d7999c-1f4c-42cc-8373-e7690d318104,T1033,System Owner/User Discovery,1
intrusion-set--f29b7c5e-2439-42ad-a86f-9f8984fafae3,HEXANE,attack-pattern--7e150503-88e7-4861-866b-ff1ac82c4475,T1049,System Network Connections Discovery,1
intrusion-set--f29b7c5e-2439-42ad-a86f-9f8984fafae3,HEXANE,attack-pattern--005a06c6-14bf-4118-afa0-ebcd8aebb0c9,T1053.005,Scheduled Task,1
intrusion-set--f29b7c5e-2439-42ad-a86f-9f8984fafae3,HEXANE,attack-pattern--09a60ea3-a8d1-4ae5-976e-5783248b72a4,T1056.001,Keylogging,1
intrusion-set--f29b7c5e-2439-42ad-a86f-9f8984fafae3,HEXANE,attack-pattern--8f4a33ec-8b1f-4b80-a2f6-642b2e479580,T1057,Process Discovery,1
intrusion-set--f29b7c5e-2439-42ad-a86f-9f8984fafae3,HEXANE,attack-pattern--970a3432-3237-47ad-bcca-7d8cbb217736,T1059.001,PowerShell,1
intrusion-set--f29b7c5e-2439-42ad-a86f-9f8984fafae3,HEXANE,attack-pattern--dfd7cc1d-e1d8-4394-a198-97c4cab8aa67,T1059.005,Visual Basic,1
intrusion-set--f29b7c5e-2439-42ad-a86f-9f8984fafae3,HEXANE,attack-pattern--a01bf75f-00b2-4568-a58f-565ff9bf202b,T1069.001,Local Groups,1
intrusion-set--f29b7c5e-2439-42ad-a86f-9f8984fafae3,HEXANE,attack-pattern--354a7f88-63fb-41b5-a801-ce3b377b36f1,T1082,System Information Discovery,1
intrusion-set--f29b7c5e-2439-42ad-a86f-9f8984fafae3,HEXANE,attack-pattern--be055942-6e63-49d7-9fa1-9cb7d8a8f3f4,T1102.002,Bidirectional Communication,1
intrusion-set--f29b7c5e-2439-42ad-a86f-9f8984fafae3,HEXANE,attack-pattern--e6919abc-99f9-4c6c-95a5-14761e7b2add,T1105,Ingress Tool Transfer,1
intrusion-set--f29b7c5e-2439-42ad-a86f-9f8984fafae3,HEXANE,attack-pattern--a93494bb-4b80-4ea1-8695-3236a49916fd,T1110,Brute Force,1
intrusion-set--f29b7c5e-2439-42ad-a86f-9f8984fafae3,HEXANE,attack-pattern--692074ae-bb62-4a5e-a735-02cb6bde458c,T1110.003,Password Spraying,1
intrusion-set--f29b7c5e-2439-42ad-a86f-9f8984fafae3,HEXANE,attack-pattern--232b7f21-adf9-4b42-b936-b9d6f7df856e,T1204.002,Malicious File,1
intrusion-set--f29b7c5e-2439-42ad-a86f-9f8984fafae3,HEXANE,attack-pattern--e3b6daca-e963-4a69-aee6-ed4fd653ad58,T1518,Software Discovery,1
intrusion-set--f29b7c5e-2439-42ad-a86f-9f8984fafae3,HEXANE,attack-pattern--9e7452df-5144-4b6e-b04a-b66dd4016747,T1534,Internal Spearphishing,1
intrusion-set--f29b7c5e-2439-42ad-a86f-9f8984fafae3,HEXANE,attack-pattern--910906dd-8c0a-475a-9cc1-5e029e2fad58,T1546.003,Windows Management Instrumentation Event Subscription,1
intrusion-set--f29b7c5e-2439-42ad-a86f-9f8984fafae3,HEXANE,attack-pattern--3fc9b85a-2862-4363-a64d-d692e3ffbee0,T1555,Credentials from Password Stores,1
intrusion-set--f29b7c5e-2439-42ad-a86f-9f8984fafae3,HEXANE,attack-pattern--58a3e6aa-4453-4cc8-a51f-4befe80b31a8,T1555.003,Credentials from Web Browsers,1
intrusion-set--f29b7c5e-2439-42ad-a86f-9f8984fafae3,HEXANE,attack-pattern--bf1b6176-597c-4600-bfcd-ac989670f96b,T1567.002,Exfiltration to Cloud Storage,1
intrusion-set--f29b7c5e-2439-42ad-a86f-9f8984fafae3,HEXANE,attack-pattern--40f5caa0-4cb7-4117-89fc-d421bb493df3,T1583.001,Domains,1
intrusion-set--f29b7c5e-2439-42ad-a86f-9f8984fafae3,HEXANE,attack-pattern--197ef1b9-e764-46c3-b96c-23f77985dc81,T1583.002,DNS Server,1
intrusion-set--f29b7c5e-2439-42ad-a86f-9f8984fafae3,HEXANE,attack-pattern--b1ccd744-3f78-4a0e-9bb2-2002057f7928,T1585.001,Social Media Accounts,1
intrusion-set--f29b7c5e-2439-42ad-a86f-9f8984fafae3,HEXANE,attack-pattern--65013dd2-bc61-43e3-afb5-a14c4fa7437a,T1585.002,Email Accounts,1
intrusion-set--f29b7c5e-2439-42ad-a86f-9f8984fafae3,HEXANE,attack-pattern--3dc8c101-d4db-4f4d-8150-1b5a76ca5f1b,T1586.002,Email Accounts,1
intrusion-set--f29b7c5e-2439-42ad-a86f-9f8984fafae3,HEXANE,attack-pattern--a2fdce72-04b2-409a-ac10-cc1695f4fce0,T1588.002,Tool,1
intrusion-set--f29b7c5e-2439-42ad-a86f-9f8984fafae3,HEXANE,attack-pattern--5282dd9a-d26d-4e16-88b7-7c0f4553daf4,T1589,Gather Victim Identity Information,1
intrusion-set--f29b7c5e-2439-42ad-a86f-9f8984fafae3,HEXANE,attack-pattern--69f897fd-12a9-4c89-ad6a-46d2f3c38262,T1589.002,Email Addresses,1
intrusion-set--f29b7c5e-2439-42ad-a86f-9f8984fafae3,HEXANE,attack-pattern--cc723aff-ec88-40e3-a224-5af9fd983cc4,T1591.004,Identify Roles,1
intrusion-set--f29b7c5e-2439-42ad-a86f-9f8984fafae3,HEXANE,attack-pattern--3ee16395-03f0-4690-a32e-69ce9ada0f9e,T1608.001,Upload Malware,1
intrusion-set--54dfec3e-6464-4f74-9d69-b7c817b7e5a3,Higaisa,attack-pattern--c325b232-d5bc-4dde-a3ec-71f3db9e8adc,T1001.003,Protocol or Service Impersonation,1
intrusion-set--54dfec3e-6464-4f74-9d69-b7c817b7e5a3,Higaisa,attack-pattern--707399d6-ab3e-4963-9315-d9d3818cd6a0,T1016,System Network Configuration Discovery,1
intrusion-set--54dfec3e-6464-4f74-9d69-b7c817b7e5a3,Higaisa,attack-pattern--5bfccc3f-2326-4112-86cc-c1ece9d8a2b5,T1027.001,Binary Padding,1
intrusion-set--54dfec3e-6464-4f74-9d69-b7c817b7e5a3,Higaisa,attack-pattern--0d91b3c0-5e50-47c3-949a-2a796f04d144,T1027.013,Encrypted/Encoded File,1
intrusion-set--54dfec3e-6464-4f74-9d69-b7c817b7e5a3,Higaisa,attack-pattern--fbd91bfc-75c2-4f0c-8116-3b4e722906b3,T1027.015,Compression,1
intrusion-set--54dfec3e-6464-4f74-9d69-b7c817b7e5a3,Higaisa,attack-pattern--4eeaf8a9-c86b-4954-a663-9555fb406466,T1029,Scheduled Transfer,1
intrusion-set--54dfec3e-6464-4f74-9d69-b7c817b7e5a3,Higaisa,attack-pattern--7bdca9d5-d500-4d7d-8c52-5fd47baf4c0c,T1036.004,Masquerade Task or Service,1
intrusion-set--54dfec3e-6464-4f74-9d69-b7c817b7e5a3,Higaisa,attack-pattern--92d7da27-2d91-488e-a00c-059dc162766d,T1041,Exfiltration Over C2 Channel,1
intrusion-set--54dfec3e-6464-4f74-9d69-b7c817b7e5a3,Higaisa,attack-pattern--005a06c6-14bf-4118-afa0-ebcd8aebb0c9,T1053.005,Scheduled Task,1
intrusion-set--54dfec3e-6464-4f74-9d69-b7c817b7e5a3,Higaisa,attack-pattern--8f4a33ec-8b1f-4b80-a2f6-642b2e479580,T1057,Process Discovery,1
intrusion-set--54dfec3e-6464-4f74-9d69-b7c817b7e5a3,Higaisa,attack-pattern--d1fcf083-a721-4223-aedf-bf8960798d62,T1059.003,Windows Command Shell,1
intrusion-set--54dfec3e-6464-4f74-9d69-b7c817b7e5a3,Higaisa,attack-pattern--dfd7cc1d-e1d8-4394-a198-97c4cab8aa67,T1059.005,Visual Basic,1
intrusion-set--54dfec3e-6464-4f74-9d69-b7c817b7e5a3,Higaisa,attack-pattern--0f4a0c76-ab2d-4cb0-85d3-3f0efb8cba0d,T1059.007,JavaScript,1
intrusion-set--54dfec3e-6464-4f74-9d69-b7c817b7e5a3,Higaisa,attack-pattern--df8b2a25-8bdf-4856-953c-a04372b1c161,T1071.001,Web Protocols,1
intrusion-set--54dfec3e-6464-4f74-9d69-b7c817b7e5a3,Higaisa,attack-pattern--354a7f88-63fb-41b5-a801-ce3b377b36f1,T1082,System Information Discovery,1
intrusion-set--54dfec3e-6464-4f74-9d69-b7c817b7e5a3,Higaisa,attack-pattern--f6dacc85-b37d-458e-b58d-74fc4bbf5755,T1090.001,Internal Proxy,1
intrusion-set--54dfec3e-6464-4f74-9d69-b7c817b7e5a3,Higaisa,attack-pattern--391d824f-0ef1-47a0-b0ee-c59a75e27670,T1106,Native API,1
intrusion-set--54dfec3e-6464-4f74-9d69-b7c817b7e5a3,Higaisa,attack-pattern--f3c544dc-673c-4ef3-accb-53229f1ae077,T1124,System Time Discovery,1
intrusion-set--54dfec3e-6464-4f74-9d69-b7c817b7e5a3,Higaisa,attack-pattern--3ccef7ae-cb5e-48f6-8302-897105fbf55c,T1140,Deobfuscate/Decode Files or Information,1
intrusion-set--54dfec3e-6464-4f74-9d69-b7c817b7e5a3,Higaisa,attack-pattern--be2dcee9-a7a7-4e38-afd6-21b31ecc3d63,T1203,Exploitation for Client Execution,1
intrusion-set--54dfec3e-6464-4f74-9d69-b7c817b7e5a3,Higaisa,attack-pattern--232b7f21-adf9-4b42-b936-b9d6f7df856e,T1204.002,Malicious File,1
intrusion-set--54dfec3e-6464-4f74-9d69-b7c817b7e5a3,Higaisa,attack-pattern--ebbe170d-aa74-4946-8511-9921243415a3,T1220,XSL Script Processing,1
intrusion-set--54dfec3e-6464-4f74-9d69-b7c817b7e5a3,Higaisa,attack-pattern--9efb1ea7-c37b-4595-9640-b7680cd84279,T1547.001,Registry Run Keys / Startup Folder,1
intrusion-set--54dfec3e-6464-4f74-9d69-b7c817b7e5a3,Higaisa,attack-pattern--cbb66055-0325-4111-aca0-40547b6ad5b0,T1564.003,Hidden Window,1
intrusion-set--54dfec3e-6464-4f74-9d69-b7c817b7e5a3,Higaisa,attack-pattern--2e34237d-8574-43f6-aace-ae2915de8597,T1566.001,Spearphishing Attachment,1
intrusion-set--54dfec3e-6464-4f74-9d69-b7c817b7e5a3,Higaisa,attack-pattern--24bfaeba-cb0d-4525-b3dc-507c77ecec41,T1573.001,Symmetric Cryptography,1
intrusion-set--54dfec3e-6464-4f74-9d69-b7c817b7e5a3,Higaisa,attack-pattern--2fee9321-3e71-4cf4-af24-d4d40d355b34,T1574.001,DLL,1
intrusion-set--54dfec3e-6464-4f74-9d69-b7c817b7e5a3,Higaisa,attack-pattern--f2514ae4-4e9b-4f26-a5ba-c4ae85fe93c3,T1680,Local Storage Discovery,1
intrusion-set--cb41e991-65f4-4668-a65f-f4200545b5a1,INC Ransom,attack-pattern--eb062747-2193-45de-8fa2-e62549c37ddf,T1021.001,Remote Desktop Protocol,1
intrusion-set--cb41e991-65f4-4668-a65f-f4200545b5a1,INC Ransom,attack-pattern--1c4e5d32-1fe9-4116-9d9d-59e3925bd6a2,T1036.005,Match Legitimate Resource Name or Location,1
intrusion-set--cb41e991-65f4-4668-a65f-f4200545b5a1,INC Ransom,attack-pattern--e3a12395-188d-4051-9a16-ea8e14d07b88,T1046,Network Service Discovery,1
intrusion-set--cb41e991-65f4-4668-a65f-f4200545b5a1,INC Ransom,attack-pattern--01a5a209-b94c-450b-b7f9-946497d91055,T1047,Windows Management Instrumentation,1
intrusion-set--cb41e991-65f4-4668-a65f-f4200545b5a1,INC Ransom,attack-pattern--7e150503-88e7-4861-866b-ff1ac82c4475,T1049,System Network Connections Discovery,1
intrusion-set--cb41e991-65f4-4668-a65f-f4200545b5a1,INC Ransom,attack-pattern--d1fcf083-a721-4223-aedf-bf8960798d62,T1059.003,Windows Command Shell,1
intrusion-set--cb41e991-65f4-4668-a65f-f4200545b5a1,INC Ransom,attack-pattern--2aed01ad-3df3-4410-a8cb-11ea4ded587c,T1069.002,Domain Groups,1
intrusion-set--cb41e991-65f4-4668-a65f-f4200545b5a1,INC Ransom,attack-pattern--d63a3fb8-9452-4e9d-a60a-54be68d5998c,T1070.004,File Deletion,1
intrusion-set--cb41e991-65f4-4668-a65f-f4200545b5a1,INC Ransom,attack-pattern--355be19c-ffc9-46d5-8d50-d6a036c675b6,T1071,Application Layer Protocol,1
intrusion-set--cb41e991-65f4-4668-a65f-f4200545b5a1,INC Ransom,attack-pattern--7dd95ff6-712e-4056-9626-312ea4ab4c5e,T1074,Data Staged,1
intrusion-set--cb41e991-65f4-4668-a65f-f4200545b5a1,INC Ransom,attack-pattern--b17a1a56-e99c-403c-8948-561df0cffe81,T1078,Valid Accounts,1
intrusion-set--cb41e991-65f4-4668-a65f-f4200545b5a1,INC Ransom,attack-pattern--21875073-b0ee-49e3-9077-1e2a885359af,T1087.002,Domain Account,1
intrusion-set--cb41e991-65f4-4668-a65f-f4200545b5a1,INC Ransom,attack-pattern--e6919abc-99f9-4c6c-95a5-14761e7b2add,T1105,Ingress Tool Transfer,1
intrusion-set--cb41e991-65f4-4668-a65f-f4200545b5a1,INC Ransom,attack-pattern--3489cfc5-640f-4bb3-a103-9137b97de79f,T1135,Network Share Discovery,1
intrusion-set--cb41e991-65f4-4668-a65f-f4200545b5a1,INC Ransom,attack-pattern--3f886f2a-874f-4333-b794-aa6075009b1c,T1190,Exploit Public-Facing Application,1
intrusion-set--cb41e991-65f4-4668-a65f-f4200545b5a1,INC Ransom,attack-pattern--4061e78c-1284-44b4-9116-73e4ac3912f7,T1219,Remote Access Tools,1
intrusion-set--cb41e991-65f4-4668-a65f-f4200545b5a1,INC Ransom,attack-pattern--b80d107d-fa0d-4b60-9684-b0433e8bdba0,T1486,Data Encrypted for Impact,1
intrusion-set--cb41e991-65f4-4668-a65f-f4200545b5a1,INC Ransom,attack-pattern--d4bdbdea-eaec-4071-b4f9-5105e12ea4b6,T1537,Transfer Data to Cloud Account,1
intrusion-set--cb41e991-65f4-4668-a65f-f4200545b5a1,INC Ransom,attack-pattern--00f90846-cbd1-4fc5-9233-df5c2bf2a662,T1560.001,Archive via Utility,1
intrusion-set--cb41e991-65f4-4668-a65f-f4200545b5a1,INC Ransom,attack-pattern--a62a8db3-f23a-4d8f-afd6-9dbc77e7813b,T1566,Phishing,1
intrusion-set--cb41e991-65f4-4668-a65f-f4200545b5a1,INC Ransom,attack-pattern--f1951e8a-500e-4a26-8803-76d95c4554b4,T1569.002,Service Execution,1
intrusion-set--cb41e991-65f4-4668-a65f-f4200545b5a1,INC Ransom,attack-pattern--bf90d72c-c00b-45e3-b3aa-68560560d4c5,T1570,Lateral Tool Transfer,1
intrusion-set--cb41e991-65f4-4668-a65f-f4200545b5a1,INC Ransom,attack-pattern--a2fdce72-04b2-409a-ac10-cc1695f4fce0,T1588.002,Tool,1
intrusion-set--cb41e991-65f4-4668-a65f-f4200545b5a1,INC Ransom,attack-pattern--851e071f-208d-4c79-adc6-5974c85c78f3,T1657,Financial Theft,1
intrusion-set--cb41e991-65f4-4668-a65f-f4200545b5a1,INC Ransom,attack-pattern--bbde9781-60aa-4b8a-a911-895b0c1b3872,T1685,Disable or Modify Tools,1
intrusion-set--ead23196-d7b6-4ce6-a124-4ab4b67d81bd,Inception,attack-pattern--3c4a2599-71ee-4405-ba1e-0e28414b4bc5,T1005,Data from Local System,1
intrusion-set--ead23196-d7b6-4ce6-a124-4ab4b67d81bd,Inception,attack-pattern--0d91b3c0-5e50-47c3-949a-2a796f04d144,T1027.013,Encrypted/Encoded File,1
intrusion-set--ead23196-d7b6-4ce6-a124-4ab4b67d81bd,Inception,attack-pattern--8f4a33ec-8b1f-4b80-a2f6-642b2e479580,T1057,Process Discovery,1
intrusion-set--ead23196-d7b6-4ce6-a124-4ab4b67d81bd,Inception,attack-pattern--970a3432-3237-47ad-bcca-7d8cbb217736,T1059.001,PowerShell,1
intrusion-set--ead23196-d7b6-4ce6-a124-4ab4b67d81bd,Inception,attack-pattern--dfd7cc1d-e1d8-4394-a198-97c4cab8aa67,T1059.005,Visual Basic,1
intrusion-set--ead23196-d7b6-4ce6-a124-4ab4b67d81bd,Inception,attack-pattern--2aed01ad-3df3-4410-a8cb-11ea4ded587c,T1069.002,Domain Groups,1
intrusion-set--ead23196-d7b6-4ce6-a124-4ab4b67d81bd,Inception,attack-pattern--df8b2a25-8bdf-4856-953c-a04372b1c161,T1071.001,Web Protocols,1
intrusion-set--ead23196-d7b6-4ce6-a124-4ab4b67d81bd,Inception,attack-pattern--354a7f88-63fb-41b5-a801-ce3b377b36f1,T1082,System Information Discovery,1
intrusion-set--ead23196-d7b6-4ce6-a124-4ab4b67d81bd,Inception,attack-pattern--7bc57495-ea59-4380-be31-a64af124ef18,T1083,File and Directory Discovery,1
intrusion-set--ead23196-d7b6-4ce6-a124-4ab4b67d81bd,Inception,attack-pattern--a782ebe2-daba-42c7-bc82-e8e9d923162d,T1090.003,Multi-hop Proxy,1
intrusion-set--ead23196-d7b6-4ce6-a124-4ab4b67d81bd,Inception,attack-pattern--830c9528-df21-472c-8c14-a036bf17d665,T1102,Web Service,1
intrusion-set--ead23196-d7b6-4ce6-a124-4ab4b67d81bd,Inception,attack-pattern--be2dcee9-a7a7-4e38-afd6-21b31ecc3d63,T1203,Exploitation for Client Execution,1
intrusion-set--ead23196-d7b6-4ce6-a124-4ab4b67d81bd,Inception,attack-pattern--232b7f21-adf9-4b42-b936-b9d6f7df856e,T1204.002,Malicious File,1
intrusion-set--ead23196-d7b6-4ce6-a124-4ab4b67d81bd,Inception,attack-pattern--840a987a-99bd-4a80-a5c9-0cb2baa6cade,T1218.005,Mshta,1
intrusion-set--ead23196-d7b6-4ce6-a124-4ab4b67d81bd,Inception,attack-pattern--b97f1d35-4249-4486-a6b5-ee60ccf24fab,T1218.010,Regsvr32,1
intrusion-set--ead23196-d7b6-4ce6-a124-4ab4b67d81bd,Inception,attack-pattern--dc31fe1e-d722-49da-8f5f-92c7b5aff534,T1221,Template Injection,1
intrusion-set--ead23196-d7b6-4ce6-a124-4ab4b67d81bd,Inception,attack-pattern--e3b6daca-e963-4a69-aee6-ed4fd653ad58,T1518,Software Discovery,1
intrusion-set--ead23196-d7b6-4ce6-a124-4ab4b67d81bd,Inception,attack-pattern--9efb1ea7-c37b-4595-9640-b7680cd84279,T1547.001,Registry Run Keys / Startup Folder,1
intrusion-set--ead23196-d7b6-4ce6-a124-4ab4b67d81bd,Inception,attack-pattern--58a3e6aa-4453-4cc8-a51f-4befe80b31a8,T1555.003,Credentials from Web Browsers,1
intrusion-set--ead23196-d7b6-4ce6-a124-4ab4b67d81bd,Inception,attack-pattern--2e34237d-8574-43f6-aace-ae2915de8597,T1566.001,Spearphishing Attachment,1
intrusion-set--ead23196-d7b6-4ce6-a124-4ab4b67d81bd,Inception,attack-pattern--24bfaeba-cb0d-4525-b3dc-507c77ecec41,T1573.001,Symmetric Cryptography,1
intrusion-set--ead23196-d7b6-4ce6-a124-4ab4b67d81bd,Inception,attack-pattern--a2fdce72-04b2-409a-ac10-cc1695f4fce0,T1588.002,Tool,1
intrusion-set--e5603ea8-4c36-40e7-b7af-a077d24fedc1,IndigoZebra,attack-pattern--e6919abc-99f9-4c6c-95a5-14761e7b2add,T1105,Ingress Tool Transfer,1
intrusion-set--e5603ea8-4c36-40e7-b7af-a077d24fedc1,IndigoZebra,attack-pattern--232b7f21-adf9-4b42-b936-b9d6f7df856e,T1204.002,Malicious File,1
intrusion-set--e5603ea8-4c36-40e7-b7af-a077d24fedc1,IndigoZebra,attack-pattern--2e34237d-8574-43f6-aace-ae2915de8597,T1566.001,Spearphishing Attachment,1
intrusion-set--e5603ea8-4c36-40e7-b7af-a077d24fedc1,IndigoZebra,attack-pattern--40f5caa0-4cb7-4117-89fc-d421bb493df3,T1583.001,Domains,1
intrusion-set--e5603ea8-4c36-40e7-b7af-a077d24fedc1,IndigoZebra,attack-pattern--88d31120-5bc7-4ce3-a9c0-7cf147be8e54,T1583.006,Web Services,1
intrusion-set--e5603ea8-4c36-40e7-b7af-a077d24fedc1,IndigoZebra,attack-pattern--3dc8c101-d4db-4f4d-8150-1b5a76ca5f1b,T1586.002,Email Accounts,1
intrusion-set--e5603ea8-4c36-40e7-b7af-a077d24fedc1,IndigoZebra,attack-pattern--a2fdce72-04b2-409a-ac10-cc1695f4fce0,T1588.002,Tool,1
intrusion-set--01e28736-2ffc-455b-9880-ed4d1407ae07,Indrik Spider,attack-pattern--65f2d882-3f41-4d48-8a06-29af77ec9f90,T1003.001,LSASS Memory,1
intrusion-set--01e28736-2ffc-455b-9880-ed4d1407ae07,Indrik Spider,attack-pattern--322bad5a-1c49-4d23-ab79-76d641794afa,T1007,System Service Discovery,1
intrusion-set--01e28736-2ffc-455b-9880-ed4d1407ae07,Indrik Spider,attack-pattern--c32f7008-9fea-41f7-8366-5eb9b74bd896,T1012,Query Registry,1
intrusion-set--01e28736-2ffc-455b-9880-ed4d1407ae07,Indrik Spider,attack-pattern--e358d692-23c0-4a31-9eb6-ecc13a8d7735,T1018,Remote System Discovery,1
intrusion-set--01e28736-2ffc-455b-9880-ed4d1407ae07,Indrik Spider,attack-pattern--eb062747-2193-45de-8fa2-e62549c37ddf,T1021.001,Remote Desktop Protocol,1
intrusion-set--01e28736-2ffc-455b-9880-ed4d1407ae07,Indrik Spider,attack-pattern--2db31dcd-54da-405d-acef-b9129b816ed6,T1021.004,SSH,1
intrusion-set--01e28736-2ffc-455b-9880-ed4d1407ae07,Indrik Spider,attack-pattern--1c4e5d32-1fe9-4116-9d9d-59e3925bd6a2,T1036.005,Match Legitimate Resource Name or Location,1
intrusion-set--01e28736-2ffc-455b-9880-ed4d1407ae07,Indrik Spider,attack-pattern--01a5a209-b94c-450b-b7f9-946497d91055,T1047,Windows Management Instrumentation,1
intrusion-set--01e28736-2ffc-455b-9880-ed4d1407ae07,Indrik Spider,attack-pattern--970a3432-3237-47ad-bcca-7d8cbb217736,T1059.001,PowerShell,1
intrusion-set--01e28736-2ffc-455b-9880-ed4d1407ae07,Indrik Spider,attack-pattern--d1fcf083-a721-4223-aedf-bf8960798d62,T1059.003,Windows Command Shell,1
intrusion-set--01e28736-2ffc-455b-9880-ed4d1407ae07,Indrik Spider,attack-pattern--0f4a0c76-ab2d-4cb0-85d3-3f0efb8cba0d,T1059.007,JavaScript,1
intrusion-set--01e28736-2ffc-455b-9880-ed4d1407ae07,Indrik Spider,attack-pattern--1c34f7aa-9341-4a48-bfab-af22e51aca6c,T1074.001,Local Data Staging,1
intrusion-set--01e28736-2ffc-455b-9880-ed4d1407ae07,Indrik Spider,attack-pattern--b17a1a56-e99c-403c-8948-561df0cffe81,T1078,Valid Accounts,1
intrusion-set--01e28736-2ffc-455b-9880-ed4d1407ae07,Indrik Spider,attack-pattern--c3d4bdd9-2cfe-4a80-9d0c-07a29ecdce8f,T1078.002,Domain Accounts,1
intrusion-set--01e28736-2ffc-455b-9880-ed4d1407ae07,Indrik Spider,attack-pattern--e6919abc-99f9-4c6c-95a5-14761e7b2add,T1105,Ingress Tool Transfer,1
intrusion-set--01e28736-2ffc-455b-9880-ed4d1407ae07,Indrik Spider,attack-pattern--57340c81-c025-4189-8fa0-fc7ede51bae4,T1112,Modify Registry,1
intrusion-set--01e28736-2ffc-455b-9880-ed4d1407ae07,Indrik Spider,attack-pattern--e01be9c5-e763-4caf-aeb7-000b416aef67,T1136,Create Account,1
intrusion-set--01e28736-2ffc-455b-9880-ed4d1407ae07,Indrik Spider,attack-pattern--635cbe30-392d-4e27-978e-66774357c762,T1136.001,Local Account,1
intrusion-set--01e28736-2ffc-455b-9880-ed4d1407ae07,Indrik Spider,attack-pattern--232b7f21-adf9-4b42-b936-b9d6f7df856e,T1204.002,Malicious File,1
intrusion-set--01e28736-2ffc-455b-9880-ed4d1407ae07,Indrik Spider,attack-pattern--5d2be8b9-d24c-4e98-83bf-2f5f79477163,T1484.001,Group Policy Modification,1
intrusion-set--01e28736-2ffc-455b-9880-ed4d1407ae07,Indrik Spider,attack-pattern--b80d107d-fa0d-4b60-9684-b0433e8bdba0,T1486,Data Encrypted for Impact,1
intrusion-set--01e28736-2ffc-455b-9880-ed4d1407ae07,Indrik Spider,attack-pattern--20fb2507-d71c-455d-9b6d-6104461cf26b,T1489,Service Stop,1
intrusion-set--01e28736-2ffc-455b-9880-ed4d1407ae07,Indrik Spider,attack-pattern--837f9164-50af-4ac0-8219-379d8a74cefc,T1552.001,Credentials In Files,1
intrusion-set--01e28736-2ffc-455b-9880-ed4d1407ae07,Indrik Spider,attack-pattern--315f51f0-6b03-4c1e-bfb2-84740afb8e21,T1555.005,Password Managers,1
intrusion-set--01e28736-2ffc-455b-9880-ed4d1407ae07,Indrik Spider,attack-pattern--f2877f7f-9a4c-4251-879f-1224e3006bee,T1558.003,Kerberoasting,1
intrusion-set--01e28736-2ffc-455b-9880-ed4d1407ae07,Indrik Spider,attack-pattern--bf1b6176-597c-4600-bfcd-ac989670f96b,T1567.002,Exfiltration to Cloud Storage,1
intrusion-set--01e28736-2ffc-455b-9880-ed4d1407ae07,Indrik Spider,attack-pattern--0458aab9-ad42-4eac-9e22-706a95bafee2,T1583,Acquire Infrastructure,1
intrusion-set--01e28736-2ffc-455b-9880-ed4d1407ae07,Indrik Spider,attack-pattern--e196b5c5-8118-4a1c-ab8a-936586ce3db5,T1584.004,Server,1
intrusion-set--01e28736-2ffc-455b-9880-ed4d1407ae07,Indrik Spider,attack-pattern--65013dd2-bc61-43e3-afb5-a14c4fa7437a,T1585.002,Email Accounts,1
intrusion-set--01e28736-2ffc-455b-9880-ed4d1407ae07,Indrik Spider,attack-pattern--212306d8-efa4-44c9-8c2d-ed3d2e224aa0,T1587.001,Malware,1
intrusion-set--01e28736-2ffc-455b-9880-ed4d1407ae07,Indrik Spider,attack-pattern--9d48cab2-7929-4812-ad22-f536665f0109,T1590,Gather Victim Network Information,1
intrusion-set--01e28736-2ffc-455b-9880-ed4d1407ae07,Indrik Spider,attack-pattern--bbde9781-60aa-4b8a-a911-895b0c1b3872,T1685,Disable or Modify Tools,1
intrusion-set--01e28736-2ffc-455b-9880-ed4d1407ae07,Indrik Spider,attack-pattern--75b9a4d2-d4e2-4ca1-9aab-1badd9e05fd0,T1685.005,Clear Windows Event Logs,1
intrusion-set--6713ab67-e25b-49cc-808d-2b36d4fbc35c,Ke3chang,attack-pattern--65f2d882-3f41-4d48-8a06-29af77ec9f90,T1003.001,LSASS Memory,1
intrusion-set--6713ab67-e25b-49cc-808d-2b36d4fbc35c,Ke3chang,attack-pattern--1644e709-12d2-41e5-a60f-3470991f5011,T1003.002,Security Account Manager,1
intrusion-set--6713ab67-e25b-49cc-808d-2b36d4fbc35c,Ke3chang,attack-pattern--edf91964-b26e-4b4a-9600-ccacd7d7df24,T1003.003,NTDS,1
intrusion-set--6713ab67-e25b-49cc-808d-2b36d4fbc35c,Ke3chang,attack-pattern--1ecfdab8-7d59-4c98-95d4-dc41970f57fc,T1003.004,LSA Secrets,1
intrusion-set--6713ab67-e25b-49cc-808d-2b36d4fbc35c,Ke3chang,attack-pattern--3c4a2599-71ee-4405-ba1e-0e28414b4bc5,T1005,Data from Local System,1
intrusion-set--6713ab67-e25b-49cc-808d-2b36d4fbc35c,Ke3chang,attack-pattern--322bad5a-1c49-4d23-ab79-76d641794afa,T1007,System Service Discovery,1
intrusion-set--6713ab67-e25b-49cc-808d-2b36d4fbc35c,Ke3chang,attack-pattern--707399d6-ab3e-4963-9315-d9d3818cd6a0,T1016,System Network Configuration Discovery,1
intrusion-set--6713ab67-e25b-49cc-808d-2b36d4fbc35c,Ke3chang,attack-pattern--e358d692-23c0-4a31-9eb6-ecc13a8d7735,T1018,Remote System Discovery,1
intrusion-set--6713ab67-e25b-49cc-808d-2b36d4fbc35c,Ke3chang,attack-pattern--774a3188-6ba9-4dc4-879d-d54ee48a5ce9,T1020,Automated Exfiltration,1
intrusion-set--6713ab67-e25b-49cc-808d-2b36d4fbc35c,Ke3chang,attack-pattern--4f9ca633-15c5-463c-9724-bdcd54fde541,T1021.002,SMB/Windows Admin Shares,1
intrusion-set--6713ab67-e25b-49cc-808d-2b36d4fbc35c,Ke3chang,attack-pattern--b3d682b6-98f2-4fb0-aa3b-b4df007ca70a,T1027,Obfuscated Files or Information,1
intrusion-set--6713ab67-e25b-49cc-808d-2b36d4fbc35c,Ke3chang,attack-pattern--03d7999c-1f4c-42cc-8373-e7690d318104,T1033,System Owner/User Discovery,1
intrusion-set--6713ab67-e25b-49cc-808d-2b36d4fbc35c,Ke3chang,attack-pattern--77eae145-55db-4519-8ae5-77b0c7215d69,T1036.002,Right-to-Left Override,1
intrusion-set--6713ab67-e25b-49cc-808d-2b36d4fbc35c,Ke3chang,attack-pattern--1c4e5d32-1fe9-4116-9d9d-59e3925bd6a2,T1036.005,Match Legitimate Resource Name or Location,1
intrusion-set--6713ab67-e25b-49cc-808d-2b36d4fbc35c,Ke3chang,attack-pattern--92d7da27-2d91-488e-a00c-059dc162766d,T1041,Exfiltration Over C2 Channel,1
intrusion-set--6713ab67-e25b-49cc-808d-2b36d4fbc35c,Ke3chang,attack-pattern--7e150503-88e7-4861-866b-ff1ac82c4475,T1049,System Network Connections Discovery,1
intrusion-set--6713ab67-e25b-49cc-808d-2b36d4fbc35c,Ke3chang,attack-pattern--09a60ea3-a8d1-4ae5-976e-5783248b72a4,T1056.001,Keylogging,1
intrusion-set--6713ab67-e25b-49cc-808d-2b36d4fbc35c,Ke3chang,attack-pattern--8f4a33ec-8b1f-4b80-a2f6-642b2e479580,T1057,Process Discovery,1
intrusion-set--6713ab67-e25b-49cc-808d-2b36d4fbc35c,Ke3chang,attack-pattern--7385dfaf-6886-4229-9ecd-6fd678040830,T1059,Command and Scripting Interpreter,1
intrusion-set--6713ab67-e25b-49cc-808d-2b36d4fbc35c,Ke3chang,attack-pattern--d1fcf083-a721-4223-aedf-bf8960798d62,T1059.003,Windows Command Shell,1
intrusion-set--6713ab67-e25b-49cc-808d-2b36d4fbc35c,Ke3chang,attack-pattern--2aed01ad-3df3-4410-a8cb-11ea4ded587c,T1069.002,Domain Groups,1
intrusion-set--6713ab67-e25b-49cc-808d-2b36d4fbc35c,Ke3chang,attack-pattern--df8b2a25-8bdf-4856-953c-a04372b1c161,T1071.001,Web Protocols,1
intrusion-set--6713ab67-e25b-49cc-808d-2b36d4fbc35c,Ke3chang,attack-pattern--1996eef1-ced3-4d7f-bf94-33298cabbf72,T1071.004,DNS,1
intrusion-set--6713ab67-e25b-49cc-808d-2b36d4fbc35c,Ke3chang,attack-pattern--b17a1a56-e99c-403c-8948-561df0cffe81,T1078,Valid Accounts,1
intrusion-set--6713ab67-e25b-49cc-808d-2b36d4fbc35c,Ke3chang,attack-pattern--f232fa7a-025c-4d43-abc7-318e81a73d65,T1078.004,Cloud Accounts,1
intrusion-set--6713ab67-e25b-49cc-808d-2b36d4fbc35c,Ke3chang,attack-pattern--354a7f88-63fb-41b5-a801-ce3b377b36f1,T1082,System Information Discovery,1
intrusion-set--6713ab67-e25b-49cc-808d-2b36d4fbc35c,Ke3chang,attack-pattern--7bc57495-ea59-4380-be31-a64af124ef18,T1083,File and Directory Discovery,1
intrusion-set--6713ab67-e25b-49cc-808d-2b36d4fbc35c,Ke3chang,attack-pattern--25659dd6-ea12-45c4-97e6-381e3e4b593e,T1087.001,Local Account,1
intrusion-set--6713ab67-e25b-49cc-808d-2b36d4fbc35c,Ke3chang,attack-pattern--21875073-b0ee-49e3-9077-1e2a885359af,T1087.002,Domain Account,1
intrusion-set--6713ab67-e25b-49cc-808d-2b36d4fbc35c,Ke3chang,attack-pattern--e6919abc-99f9-4c6c-95a5-14761e7b2add,T1105,Ingress Tool Transfer,1
intrusion-set--6713ab67-e25b-49cc-808d-2b36d4fbc35c,Ke3chang,attack-pattern--b4694861-542c-48ea-9eb1-10d356e7140a,T1114.002,Remote Email Collection,1
intrusion-set--6713ab67-e25b-49cc-808d-2b36d4fbc35c,Ke3chang,attack-pattern--30208d3e-0d6b-43c8-883e-44462a514619,T1119,Automated Collection,1
intrusion-set--6713ab67-e25b-49cc-808d-2b36d4fbc35c,Ke3chang,attack-pattern--10d51417-ee35-4589-b1ff-b6df1c334e8d,T1133,External Remote Services,1
intrusion-set--6713ab67-e25b-49cc-808d-2b36d4fbc35c,Ke3chang,attack-pattern--3ccef7ae-cb5e-48f6-8302-897105fbf55c,T1140,Deobfuscate/Decode Files or Information,1
intrusion-set--6713ab67-e25b-49cc-808d-2b36d4fbc35c,Ke3chang,attack-pattern--3f886f2a-874f-4333-b794-aa6075009b1c,T1190,Exploit Public-Facing Application,1
intrusion-set--6713ab67-e25b-49cc-808d-2b36d4fbc35c,Ke3chang,attack-pattern--0c4b4fda-9062-47da-98b9-ceae2dcf052a,T1213.002,Sharepoint,1
intrusion-set--6713ab67-e25b-49cc-808d-2b36d4fbc35c,Ke3chang,attack-pattern--2959d63f-73fd-46a1-abd2-109d7dcede32,T1543.003,Windows Service,1
intrusion-set--6713ab67-e25b-49cc-808d-2b36d4fbc35c,Ke3chang,attack-pattern--9efb1ea7-c37b-4595-9640-b7680cd84279,T1547.001,Registry Run Keys / Startup Folder,1
intrusion-set--6713ab67-e25b-49cc-808d-2b36d4fbc35c,Ke3chang,attack-pattern--768dce68-8d0d-477a-b01d-0eea98b963a1,T1558.001,Golden Ticket,1
intrusion-set--6713ab67-e25b-49cc-808d-2b36d4fbc35c,Ke3chang,attack-pattern--53ac20cd-aca3-406e-9aa0-9fc7fdc60a5a,T1560,Archive Collected Data,1
intrusion-set--6713ab67-e25b-49cc-808d-2b36d4fbc35c,Ke3chang,attack-pattern--00f90846-cbd1-4fc5-9233-df5c2bf2a662,T1560.001,Archive via Utility,1
intrusion-set--6713ab67-e25b-49cc-808d-2b36d4fbc35c,Ke3chang,attack-pattern--f1951e8a-500e-4a26-8803-76d95c4554b4,T1569.002,Service Execution,1
intrusion-set--6713ab67-e25b-49cc-808d-2b36d4fbc35c,Ke3chang,attack-pattern--31225cd3-cd46-4575-b287-c2c14011c074,T1583.005,Botnet,1
intrusion-set--6713ab67-e25b-49cc-808d-2b36d4fbc35c,Ke3chang,attack-pattern--212306d8-efa4-44c9-8c2d-ed3d2e224aa0,T1587.001,Malware,1
intrusion-set--6713ab67-e25b-49cc-808d-2b36d4fbc35c,Ke3chang,attack-pattern--a2fdce72-04b2-409a-ac10-cc1695f4fce0,T1588.002,Tool,1
intrusion-set--6713ab67-e25b-49cc-808d-2b36d4fbc35c,Ke3chang,attack-pattern--c1b68a96-3c48-49ea-a6c0-9b27359f9c19,T1614.001,System Language Discovery,1
intrusion-set--0ec2f388-bf0f-4b5c-97b1-fc736d26c25f,Kimsuky,attack-pattern--65f2d882-3f41-4d48-8a06-29af77ec9f90,T1003.001,LSASS Memory,1
intrusion-set--0ec2f388-bf0f-4b5c-97b1-fc736d26c25f,Kimsuky,attack-pattern--3c4a2599-71ee-4405-ba1e-0e28414b4bc5,T1005,Data from Local System,1
intrusion-set--0ec2f388-bf0f-4b5c-97b1-fc736d26c25f,Kimsuky,attack-pattern--322bad5a-1c49-4d23-ab79-76d641794afa,T1007,System Service Discovery,1
intrusion-set--0ec2f388-bf0f-4b5c-97b1-fc736d26c25f,Kimsuky,attack-pattern--c32f7008-9fea-41f7-8366-5eb9b74bd896,T1012,Query Registry,1
intrusion-set--0ec2f388-bf0f-4b5c-97b1-fc736d26c25f,Kimsuky,attack-pattern--707399d6-ab3e-4963-9315-d9d3818cd6a0,T1016,System Network Configuration Discovery,1
intrusion-set--0ec2f388-bf0f-4b5c-97b1-fc736d26c25f,Kimsuky,attack-pattern--774a3188-6ba9-4dc4-879d-d54ee48a5ce9,T1020,Automated Exfiltration,1
intrusion-set--0ec2f388-bf0f-4b5c-97b1-fc736d26c25f,Kimsuky,attack-pattern--eb062747-2193-45de-8fa2-e62549c37ddf,T1021.001,Remote Desktop Protocol,1
intrusion-set--0ec2f388-bf0f-4b5c-97b1-fc736d26c25f,Kimsuky,attack-pattern--b3d682b6-98f2-4fb0-aa3b-b4df007ca70a,T1027,Obfuscated Files or Information,1
intrusion-set--0ec2f388-bf0f-4b5c-97b1-fc736d26c25f,Kimsuky,attack-pattern--5bfccc3f-2326-4112-86cc-c1ece9d8a2b5,T1027.001,Binary Padding,1
intrusion-set--0ec2f388-bf0f-4b5c-97b1-fc736d26c25f,Kimsuky,attack-pattern--deb98323-e13f-4b0c-8d94-175379069062,T1027.002,Software Packing,1
intrusion-set--0ec2f388-bf0f-4b5c-97b1-fc736d26c25f,Kimsuky,attack-pattern--ea4c2f9c-9df1-477c-8c42-6da1118f2ac4,T1027.007,Dynamic API Resolution,1
intrusion-set--0ec2f388-bf0f-4b5c-97b1-fc736d26c25f,Kimsuky,attack-pattern--d511a6f6-4a33-41d5-bc95-c343875d1377,T1027.010,Command Obfuscation,1
intrusion-set--0ec2f388-bf0f-4b5c-97b1-fc736d26c25f,Kimsuky,attack-pattern--887274fc-2d63-4bdc-82f3-fae56d1d5fdc,T1027.012,LNK Icon Smuggling,1
intrusion-set--0ec2f388-bf0f-4b5c-97b1-fc736d26c25f,Kimsuky,attack-pattern--0d91b3c0-5e50-47c3-949a-2a796f04d144,T1027.013,Encrypted/Encoded File,1
intrusion-set--0ec2f388-bf0f-4b5c-97b1-fc736d26c25f,Kimsuky,attack-pattern--fbd91bfc-75c2-4f0c-8116-3b4e722906b3,T1027.015,Compression,1
intrusion-set--0ec2f388-bf0f-4b5c-97b1-fc736d26c25f,Kimsuky,attack-pattern--671cd17f-a765-48fd-adc4-dad1941b1ae3,T1027.016,Junk Code Insertion,1
intrusion-set--0ec2f388-bf0f-4b5c-97b1-fc736d26c25f,Kimsuky,attack-pattern--03d7999c-1f4c-42cc-8373-e7690d318104,T1033,System Owner/User Discovery,1
intrusion-set--0ec2f388-bf0f-4b5c-97b1-fc736d26c25f,Kimsuky,attack-pattern--7bdca9d5-d500-4d7d-8c52-5fd47baf4c0c,T1036.004,Masquerade Task or Service,1
intrusion-set--0ec2f388-bf0f-4b5c-97b1-fc736d26c25f,Kimsuky,attack-pattern--1c4e5d32-1fe9-4116-9d9d-59e3925bd6a2,T1036.005,Match Legitimate Resource Name or Location,1
intrusion-set--0ec2f388-bf0f-4b5c-97b1-fc736d26c25f,Kimsuky,attack-pattern--11f29a39-0942-4d62-92b6-fe236cf3066e,T1036.007,Double File Extension,1
intrusion-set--0ec2f388-bf0f-4b5c-97b1-fc736d26c25f,Kimsuky,attack-pattern--3257eb21-f9a7-4430-8de1-d8b6e288f529,T1040,Network Sniffing,1
intrusion-set--0ec2f388-bf0f-4b5c-97b1-fc736d26c25f,Kimsuky,attack-pattern--92d7da27-2d91-488e-a00c-059dc162766d,T1041,Exfiltration Over C2 Channel,1
intrusion-set--0ec2f388-bf0f-4b5c-97b1-fc736d26c25f,Kimsuky,attack-pattern--005a06c6-14bf-4118-afa0-ebcd8aebb0c9,T1053.005,Scheduled Task,1
intrusion-set--0ec2f388-bf0f-4b5c-97b1-fc736d26c25f,Kimsuky,attack-pattern--43e7dc91-05b2-474c-b9ac-2ed4fe101f4d,T1055,Process Injection,1
intrusion-set--0ec2f388-bf0f-4b5c-97b1-fc736d26c25f,Kimsuky,attack-pattern--f4599aa0-4f85-4a32-80ea-fc39dc965945,T1055.001,Dynamic-link Library Injection,1
intrusion-set--0ec2f388-bf0f-4b5c-97b1-fc736d26c25f,Kimsuky,attack-pattern--b200542e-e877-4395-875b-cf1a44537ca4,T1055.012,Process Hollowing,1
intrusion-set--0ec2f388-bf0f-4b5c-97b1-fc736d26c25f,Kimsuky,attack-pattern--09a60ea3-a8d1-4ae5-976e-5783248b72a4,T1056.001,Keylogging,1
intrusion-set--0ec2f388-bf0f-4b5c-97b1-fc736d26c25f,Kimsuky,attack-pattern--69e5226d-05dc-4f15-95d7-44f5ed78d06e,T1056.003,Web Portal Capture,1
intrusion-set--0ec2f388-bf0f-4b5c-97b1-fc736d26c25f,Kimsuky,attack-pattern--8f4a33ec-8b1f-4b80-a2f6-642b2e479580,T1057,Process Discovery,1
intrusion-set--0ec2f388-bf0f-4b5c-97b1-fc736d26c25f,Kimsuky,attack-pattern--970a3432-3237-47ad-bcca-7d8cbb217736,T1059.001,PowerShell,1
intrusion-set--0ec2f388-bf0f-4b5c-97b1-fc736d26c25f,Kimsuky,attack-pattern--d1fcf083-a721-4223-aedf-bf8960798d62,T1059.003,Windows Command Shell,1
intrusion-set--0ec2f388-bf0f-4b5c-97b1-fc736d26c25f,Kimsuky,attack-pattern--dfd7cc1d-e1d8-4394-a198-97c4cab8aa67,T1059.005,Visual Basic,1
intrusion-set--0ec2f388-bf0f-4b5c-97b1-fc736d26c25f,Kimsuky,attack-pattern--cc3502b5-30cc-4473-ad48-42d51a6ef6d1,T1059.006,Python,1
intrusion-set--0ec2f388-bf0f-4b5c-97b1-fc736d26c25f,Kimsuky,attack-pattern--0f4a0c76-ab2d-4cb0-85d3-3f0efb8cba0d,T1059.007,JavaScript,1
intrusion-set--0ec2f388-bf0f-4b5c-97b1-fc736d26c25f,Kimsuky,attack-pattern--d63a3fb8-9452-4e9d-a60a-54be68d5998c,T1070.004,File Deletion,1
intrusion-set--0ec2f388-bf0f-4b5c-97b1-fc736d26c25f,Kimsuky,attack-pattern--47f2d673-ca62-47e9-929b-1b0be9657611,T1070.006,Timestomp,1
intrusion-set--0ec2f388-bf0f-4b5c-97b1-fc736d26c25f,Kimsuky,attack-pattern--df8b2a25-8bdf-4856-953c-a04372b1c161,T1071.001,Web Protocols,1
intrusion-set--0ec2f388-bf0f-4b5c-97b1-fc736d26c25f,Kimsuky,attack-pattern--9a60a291-8960-4387-8a4a-2ab5c18bb50b,T1071.002,File Transfer Protocols,1
intrusion-set--0ec2f388-bf0f-4b5c-97b1-fc736d26c25f,Kimsuky,attack-pattern--54b4c251-1f0e-4eba-ba6b-dbc7a6f6f06b,T1071.003,Mail Protocols,1
intrusion-set--0ec2f388-bf0f-4b5c-97b1-fc736d26c25f,Kimsuky,attack-pattern--1c34f7aa-9341-4a48-bfab-af22e51aca6c,T1074.001,Local Data Staging,1
intrusion-set--0ec2f388-bf0f-4b5c-97b1-fc736d26c25f,Kimsuky,attack-pattern--fdc47f44-dd32-4b99-af5f-209f556f63c2,T1078.003,Local Accounts,1
intrusion-set--0ec2f388-bf0f-4b5c-97b1-fc736d26c25f,Kimsuky,attack-pattern--354a7f88-63fb-41b5-a801-ce3b377b36f1,T1082,System Information Discovery,1
intrusion-set--0ec2f388-bf0f-4b5c-97b1-fc736d26c25f,Kimsuky,attack-pattern--7bc57495-ea59-4380-be31-a64af124ef18,T1083,File and Directory Discovery,1
intrusion-set--0ec2f388-bf0f-4b5c-97b1-fc736d26c25f,Kimsuky,attack-pattern--3e6831b2-bf4c-4ae6-b328-2e7c6633b291,T1098.007,Additional Local or Domain Groups,1
intrusion-set--0ec2f388-bf0f-4b5c-97b1-fc736d26c25f,Kimsuky,attack-pattern--f7827069-0bf2-4764-af4f-23fae0d181b7,T1102.001,Dead Drop Resolver,1
intrusion-set--0ec2f388-bf0f-4b5c-97b1-fc736d26c25f,Kimsuky,attack-pattern--be055942-6e63-49d7-9fa1-9cb7d8a8f3f4,T1102.002,Bidirectional Communication,1
intrusion-set--0ec2f388-bf0f-4b5c-97b1-fc736d26c25f,Kimsuky,attack-pattern--e6919abc-99f9-4c6c-95a5-14761e7b2add,T1105,Ingress Tool Transfer,1
intrusion-set--0ec2f388-bf0f-4b5c-97b1-fc736d26c25f,Kimsuky,attack-pattern--391d824f-0ef1-47a0-b0ee-c59a75e27670,T1106,Native API,1
intrusion-set--0ec2f388-bf0f-4b5c-97b1-fc736d26c25f,Kimsuky,attack-pattern--dd43c543-bb85-4a6f-aa6e-160d90d06a49,T1111,Multi-Factor Authentication Interception,1
intrusion-set--0ec2f388-bf0f-4b5c-97b1-fc736d26c25f,Kimsuky,attack-pattern--57340c81-c025-4189-8fa0-fc7ede51bae4,T1112,Modify Registry,1
intrusion-set--0ec2f388-bf0f-4b5c-97b1-fc736d26c25f,Kimsuky,attack-pattern--0259baeb-9f63-4c69-bf10-eb038c390688,T1113,Screen Capture,1
intrusion-set--0ec2f388-bf0f-4b5c-97b1-fc736d26c25f,Kimsuky,attack-pattern--b4694861-542c-48ea-9eb1-10d356e7140a,T1114.002,Remote Email Collection,1
intrusion-set--0ec2f388-bf0f-4b5c-97b1-fc736d26c25f,Kimsuky,attack-pattern--7d77a07d-02fe-4e88-8bd9-e9c008c01bf0,T1114.003,Email Forwarding Rule,1
intrusion-set--0ec2f388-bf0f-4b5c-97b1-fc736d26c25f,Kimsuky,attack-pattern--30973a08-aed9-4edf-8604-9084ce1b5c4f,T1115,Clipboard Data,1
intrusion-set--0ec2f388-bf0f-4b5c-97b1-fc736d26c25f,Kimsuky,attack-pattern--f3c544dc-673c-4ef3-accb-53229f1ae077,T1124,System Time Discovery,1
intrusion-set--0ec2f388-bf0f-4b5c-97b1-fc736d26c25f,Kimsuky,attack-pattern--d467bc38-284b-4a00-96ac-125f447799fc,T1132.002,Non-Standard Encoding,1
intrusion-set--0ec2f388-bf0f-4b5c-97b1-fc736d26c25f,Kimsuky,attack-pattern--10d51417-ee35-4589-b1ff-b6df1c334e8d,T1133,External Remote Services,1
intrusion-set--0ec2f388-bf0f-4b5c-97b1-fc736d26c25f,Kimsuky,attack-pattern--635cbe30-392d-4e27-978e-66774357c762,T1136.001,Local Account,1
intrusion-set--0ec2f388-bf0f-4b5c-97b1-fc736d26c25f,Kimsuky,attack-pattern--3ccef7ae-cb5e-48f6-8302-897105fbf55c,T1140,Deobfuscate/Decode Files or Information,1
intrusion-set--0ec2f388-bf0f-4b5c-97b1-fc736d26c25f,Kimsuky,attack-pattern--278716b1-61ce-4a74-8d17-891d0c494101,T1176.001,Browser Extensions,1
intrusion-set--0ec2f388-bf0f-4b5c-97b1-fc736d26c25f,Kimsuky,attack-pattern--544b0346-29ad-41e1-a808-501bb4193f47,T1185,Browser Session Hijacking,1
intrusion-set--0ec2f388-bf0f-4b5c-97b1-fc736d26c25f,Kimsuky,attack-pattern--3f886f2a-874f-4333-b794-aa6075009b1c,T1190,Exploit Public-Facing Application,1
intrusion-set--0ec2f388-bf0f-4b5c-97b1-fc736d26c25f,Kimsuky,attack-pattern--ef67e13e-5598-4adc-bdb2-998225874fa9,T1204.001,Malicious Link,1
intrusion-set--0ec2f388-bf0f-4b5c-97b1-fc736d26c25f,Kimsuky,attack-pattern--232b7f21-adf9-4b42-b936-b9d6f7df856e,T1204.002,Malicious File,1
intrusion-set--0ec2f388-bf0f-4b5c-97b1-fc736d26c25f,Kimsuky,attack-pattern--e261a979-f354-41a8-963e-6cadac27c4bf,T1204.004,Malicious Copy and Paste,1
intrusion-set--0ec2f388-bf0f-4b5c-97b1-fc736d26c25f,Kimsuky,attack-pattern--451a9977-d255-43c9-b431-66de80130c8c,T1205,Traffic Signaling,1
intrusion-set--0ec2f388-bf0f-4b5c-97b1-fc736d26c25f,Kimsuky,attack-pattern--5e4a2073-9643-44cb-a0b5-e7f4048446c7,T1217,Browser Information Discovery,1
intrusion-set--0ec2f388-bf0f-4b5c-97b1-fc736d26c25f,Kimsuky,attack-pattern--840a987a-99bd-4a80-a5c9-0cb2baa6cade,T1218.005,Mshta,1
intrusion-set--0ec2f388-bf0f-4b5c-97b1-fc736d26c25f,Kimsuky,attack-pattern--b97f1d35-4249-4486-a6b5-ee60ccf24fab,T1218.010,Regsvr32,1
intrusion-set--0ec2f388-bf0f-4b5c-97b1-fc736d26c25f,Kimsuky,attack-pattern--045d0922-2310-4e60-b5e4-3302302cb3c5,T1218.011,Rundll32,1
intrusion-set--0ec2f388-bf0f-4b5c-97b1-fc736d26c25f,Kimsuky,attack-pattern--d4287702-e2f7-4946-bdfa-2c7f5aaa5032,T1219.002,Remote Desktop Software,1
intrusion-set--0ec2f388-bf0f-4b5c-97b1-fc736d26c25f,Kimsuky,attack-pattern--49fca0d2-685d-41eb-8bd4-05451cc3a742,T1480.002,Mutual Exclusion,1
intrusion-set--0ec2f388-bf0f-4b5c-97b1-fc736d26c25f,Kimsuky,attack-pattern--20fb2507-d71c-455d-9b6d-6104461cf26b,T1489,Service Stop,1
intrusion-set--0ec2f388-bf0f-4b5c-97b1-fc736d26c25f,Kimsuky,attack-pattern--29be378d-262d-4e99-b00d-852d573628e6,T1497.001,System Checks,1
intrusion-set--0ec2f388-bf0f-4b5c-97b1-fc736d26c25f,Kimsuky,attack-pattern--5d0d3609-d06d-49e1-b9c9-b544e0c618cb,T1505.003,Web Shell,1
intrusion-set--0ec2f388-bf0f-4b5c-97b1-fc736d26c25f,Kimsuky,attack-pattern--cba37adb-d6fb-4610-b069-dd04c0643384,T1518.001,Security Software Discovery,1
intrusion-set--0ec2f388-bf0f-4b5c-97b1-fc736d26c25f,Kimsuky,attack-pattern--9e7452df-5144-4b6e-b04a-b66dd4016747,T1534,Internal Spearphishing,1
intrusion-set--0ec2f388-bf0f-4b5c-97b1-fc736d26c25f,Kimsuky,attack-pattern--10ffac09-e42d-4f56-ab20-db94c67d76ff,T1539,Steal Web Session Cookie,1
intrusion-set--0ec2f388-bf0f-4b5c-97b1-fc736d26c25f,Kimsuky,attack-pattern--2959d63f-73fd-46a1-abd2-109d7dcede32,T1543.003,Windows Service,1
intrusion-set--0ec2f388-bf0f-4b5c-97b1-fc736d26c25f,Kimsuky,attack-pattern--98034fef-d9fb-4667-8dc4-2eab6231724c,T1546.001,Change Default File Association,1
intrusion-set--0ec2f388-bf0f-4b5c-97b1-fc736d26c25f,Kimsuky,attack-pattern--9efb1ea7-c37b-4595-9640-b7680cd84279,T1547.001,Registry Run Keys / Startup Folder,1
intrusion-set--0ec2f388-bf0f-4b5c-97b1-fc736d26c25f,Kimsuky,attack-pattern--e624264c-033a-424d-9fd7-fc9c3bbdb03e,T1550.002,Pass the Hash,1
intrusion-set--0ec2f388-bf0f-4b5c-97b1-fc736d26c25f,Kimsuky,attack-pattern--837f9164-50af-4ac0-8219-379d8a74cefc,T1552.001,Credentials In Files,1
intrusion-set--0ec2f388-bf0f-4b5c-97b1-fc736d26c25f,Kimsuky,attack-pattern--60b508a1-6a5e-46b1-821a-9f7b78752abf,T1552.004,Private Keys,1
intrusion-set--0ec2f388-bf0f-4b5c-97b1-fc736d26c25f,Kimsuky,attack-pattern--32901740-b42c-4fdd-bc02-345b5dc57082,T1553.002,Code Signing,1
intrusion-set--0ec2f388-bf0f-4b5c-97b1-fc736d26c25f,Kimsuky,attack-pattern--58a3e6aa-4453-4cc8-a51f-4befe80b31a8,T1555.003,Credentials from Web Browsers,1
intrusion-set--0ec2f388-bf0f-4b5c-97b1-fc736d26c25f,Kimsuky,attack-pattern--035bb001-ab69-4a0b-9f6c-2de8b09e1b9d,T1557,Adversary-in-the-Middle,1
intrusion-set--0ec2f388-bf0f-4b5c-97b1-fc736d26c25f,Kimsuky,attack-pattern--2f6b4ed7-fef1-44ba-bcb8-1b4beb610b64,T1559.001,Component Object Model,1
intrusion-set--0ec2f388-bf0f-4b5c-97b1-fc736d26c25f,Kimsuky,attack-pattern--00f90846-cbd1-4fc5-9233-df5c2bf2a662,T1560.001,Archive via Utility,1
intrusion-set--0ec2f388-bf0f-4b5c-97b1-fc736d26c25f,Kimsuky,attack-pattern--143c0cbb-a297-4142-9624-87ffc778980b,T1560.003,Archive via Custom Method,1
intrusion-set--0ec2f388-bf0f-4b5c-97b1-fc736d26c25f,Kimsuky,attack-pattern--8c4aef43-48d5-49aa-b2af-c0cd58d30c3d,T1564.002,Hidden Users,1
intrusion-set--0ec2f388-bf0f-4b5c-97b1-fc736d26c25f,Kimsuky,attack-pattern--cbb66055-0325-4111-aca0-40547b6ad5b0,T1564.003,Hidden Window,1
intrusion-set--0ec2f388-bf0f-4b5c-97b1-fc736d26c25f,Kimsuky,attack-pattern--4a2975db-414e-4c0c-bd92-775987514b4b,T1564.011,Ignore Process Interrupts,1
intrusion-set--0ec2f388-bf0f-4b5c-97b1-fc736d26c25f,Kimsuky,attack-pattern--a62a8db3-f23a-4d8f-afd6-9dbc77e7813b,T1566,Phishing,1
intrusion-set--0ec2f388-bf0f-4b5c-97b1-fc736d26c25f,Kimsuky,attack-pattern--2e34237d-8574-43f6-aace-ae2915de8597,T1566.001,Spearphishing Attachment,1
intrusion-set--0ec2f388-bf0f-4b5c-97b1-fc736d26c25f,Kimsuky,attack-pattern--2b742742-28c3-4e1b-bab7-8350d6300fa7,T1566.002,Spearphishing Link,1
intrusion-set--0ec2f388-bf0f-4b5c-97b1-fc736d26c25f,Kimsuky,attack-pattern--bf1b6176-597c-4600-bfcd-ac989670f96b,T1567.002,Exfiltration to Cloud Storage,1
intrusion-set--0ec2f388-bf0f-4b5c-97b1-fc736d26c25f,Kimsuky,attack-pattern--7bd9c723-2f78-4309-82c5-47cad406572b,T1568,Dynamic Resolution,1
intrusion-set--0ec2f388-bf0f-4b5c-97b1-fc736d26c25f,Kimsuky,attack-pattern--0458aab9-ad42-4eac-9e22-706a95bafee2,T1583,Acquire Infrastructure,1
intrusion-set--0ec2f388-bf0f-4b5c-97b1-fc736d26c25f,Kimsuky,attack-pattern--40f5caa0-4cb7-4117-89fc-d421bb493df3,T1583.001,Domains,1
intrusion-set--0ec2f388-bf0f-4b5c-97b1-fc736d26c25f,Kimsuky,attack-pattern--60c4b628-4807-4b0b-bbf5-fdac8643c337,T1583.004,Server,1
intrusion-set--0ec2f388-bf0f-4b5c-97b1-fc736d26c25f,Kimsuky,attack-pattern--88d31120-5bc7-4ce3-a9c0-7cf147be8e54,T1583.006,Web Services,1
intrusion-set--0ec2f388-bf0f-4b5c-97b1-fc736d26c25f,Kimsuky,attack-pattern--f9cc4d06-775f-4ee1-b401-4e2cc0da30ba,T1584.001,Domains,1
intrusion-set--0ec2f388-bf0f-4b5c-97b1-fc736d26c25f,Kimsuky,attack-pattern--cdfc5f0a-9bb9-4352-b896-553cfa2d8fd8,T1585,Establish Accounts,1
intrusion-set--0ec2f388-bf0f-4b5c-97b1-fc736d26c25f,Kimsuky,attack-pattern--b1ccd744-3f78-4a0e-9bb2-2002057f7928,T1585.001,Social Media Accounts,1
intrusion-set--0ec2f388-bf0f-4b5c-97b1-fc736d26c25f,Kimsuky,attack-pattern--65013dd2-bc61-43e3-afb5-a14c4fa7437a,T1585.002,Email Accounts,1
intrusion-set--0ec2f388-bf0f-4b5c-97b1-fc736d26c25f,Kimsuky,attack-pattern--3dc8c101-d4db-4f4d-8150-1b5a76ca5f1b,T1586.002,Email Accounts,1
intrusion-set--0ec2f388-bf0f-4b5c-97b1-fc736d26c25f,Kimsuky,attack-pattern--edadea33-549c-4ed1-9783-8f5a5853cbdf,T1587,Develop Capabilities,1
intrusion-set--0ec2f388-bf0f-4b5c-97b1-fc736d26c25f,Kimsuky,attack-pattern--212306d8-efa4-44c9-8c2d-ed3d2e224aa0,T1587.001,Malware,1
intrusion-set--0ec2f388-bf0f-4b5c-97b1-fc736d26c25f,Kimsuky,attack-pattern--a2fdce72-04b2-409a-ac10-cc1695f4fce0,T1588.002,Tool,1
intrusion-set--0ec2f388-bf0f-4b5c-97b1-fc736d26c25f,Kimsuky,attack-pattern--e7cbc1de-1f79-48ee-abfd-da1241c65a15,T1588.003,Code Signing Certificates,1
intrusion-set--0ec2f388-bf0f-4b5c-97b1-fc736d26c25f,Kimsuky,attack-pattern--f4b843c1-7e92-4701-8fed-ce82f8be2636,T1588.005,Exploits,1
intrusion-set--0ec2f388-bf0f-4b5c-97b1-fc736d26c25f,Kimsuky,attack-pattern--69f897fd-12a9-4c89-ad6a-46d2f3c38262,T1589.002,Email Addresses,1
intrusion-set--0ec2f388-bf0f-4b5c-97b1-fc736d26c25f,Kimsuky,attack-pattern--76551c52-b111-4884-bc47-ff3e728f0156,T1589.003,Employee Names,1
intrusion-set--0ec2f388-bf0f-4b5c-97b1-fc736d26c25f,Kimsuky,attack-pattern--937e4772-8441-4e4a-8bf0-8d447d667e23,T1591,Gather Victim Org Information,1
intrusion-set--0ec2f388-bf0f-4b5c-97b1-fc736d26c25f,Kimsuky,attack-pattern--bbe5b322-e2af-4a5e-9625-a4e62bf84ed3,T1593.001,Social Media,1
intrusion-set--0ec2f388-bf0f-4b5c-97b1-fc736d26c25f,Kimsuky,attack-pattern--6e561441-8431-4773-a9b8-ccf28ef6a968,T1593.002,Search Engines,1
intrusion-set--0ec2f388-bf0f-4b5c-97b1-fc736d26c25f,Kimsuky,attack-pattern--16cdd21f-da65-4e4f-bc04-dd7d198c7b26,T1594,Search Victim-Owned Websites,1
intrusion-set--0ec2f388-bf0f-4b5c-97b1-fc736d26c25f,Kimsuky,attack-pattern--55fc4df0-b42c-479a-b860-7a6761bcaad0,T1596,Search Open Technical Databases,1
intrusion-set--0ec2f388-bf0f-4b5c-97b1-fc736d26c25f,Kimsuky,attack-pattern--cca0ccb6-a068-4574-a722-b1556f86833a,T1598,Phishing for Information,1
intrusion-set--0ec2f388-bf0f-4b5c-97b1-fc736d26c25f,Kimsuky,attack-pattern--2d3f5b3c-54ca-4f4d-bb1f-849346d31230,T1598.003,Spearphishing Link,1
intrusion-set--0ec2f388-bf0f-4b5c-97b1-fc736d26c25f,Kimsuky,attack-pattern--3ee16395-03f0-4690-a32e-69ce9ada0f9e,T1608.001,Upload Malware,1
intrusion-set--0ec2f388-bf0f-4b5c-97b1-fc736d26c25f,Kimsuky,attack-pattern--4933e63b-9b77-476e-ab29-761bc5b7d15a,T1620,Reflective Code Loading,1
intrusion-set--0ec2f388-bf0f-4b5c-97b1-fc736d26c25f,Kimsuky,attack-pattern--851e071f-208d-4c79-adc6-5974c85c78f3,T1657,Financial Theft,1
intrusion-set--0ec2f388-bf0f-4b5c-97b1-fc736d26c25f,Kimsuky,attack-pattern--a1df809c-7d0e-459f-8fe5-25474bab770b,T1678,Delay Execution,1
intrusion-set--0ec2f388-bf0f-4b5c-97b1-fc736d26c25f,Kimsuky,attack-pattern--f2514ae4-4e9b-4f26-a5ba-c4ae85fe93c3,T1680,Local Storage Discovery,1
intrusion-set--0ec2f388-bf0f-4b5c-97b1-fc736d26c25f,Kimsuky,attack-pattern--143122a8-fcda-4dd7-aded-5b9387d9c2d6,T1682,Query Public AI Services,1
intrusion-set--0ec2f388-bf0f-4b5c-97b1-fc736d26c25f,Kimsuky,attack-pattern--cd92d2b8-ce43-4666-9472-f1b4b9f4f8be,T1684.001,Impersonation,1
intrusion-set--0ec2f388-bf0f-4b5c-97b1-fc736d26c25f,Kimsuky,attack-pattern--bbde9781-60aa-4b8a-a911-895b0c1b3872,T1685,Disable or Modify Tools,1
intrusion-set--0ec2f388-bf0f-4b5c-97b1-fc736d26c25f,Kimsuky,attack-pattern--eec096b8-c207-43df-b6c1-11523861e452,T1686,Disable or Modify System Firewall,1
intrusion-set--d8bc9788-4f7d-41a9-9e9d-ee1ea18a8cf7,LAPSUS$,attack-pattern--edf91964-b26e-4b4a-9600-ccacd7d7df24,T1003.003,NTDS,1
intrusion-set--d8bc9788-4f7d-41a9-9e9d-ee1ea18a8cf7,LAPSUS$,attack-pattern--f303a39a-6255-4b89-aecc-18c4d8ca7163,T1003.006,DCSync,1
intrusion-set--d8bc9788-4f7d-41a9-9e9d-ee1ea18a8cf7,LAPSUS$,attack-pattern--3c4a2599-71ee-4405-ba1e-0e28414b4bc5,T1005,Data from Local System,1
intrusion-set--d8bc9788-4f7d-41a9-9e9d-ee1ea18a8cf7,LAPSUS$,attack-pattern--b21c3b2d-02e6-45b1-980b-e69051040839,T1068,Exploitation for Privilege Escalation,1
intrusion-set--d8bc9788-4f7d-41a9-9e9d-ee1ea18a8cf7,LAPSUS$,attack-pattern--2aed01ad-3df3-4410-a8cb-11ea4ded587c,T1069.002,Domain Groups,1
intrusion-set--d8bc9788-4f7d-41a9-9e9d-ee1ea18a8cf7,LAPSUS$,attack-pattern--b17a1a56-e99c-403c-8948-561df0cffe81,T1078,Valid Accounts,1
intrusion-set--d8bc9788-4f7d-41a9-9e9d-ee1ea18a8cf7,LAPSUS$,attack-pattern--f232fa7a-025c-4d43-abc7-318e81a73d65,T1078.004,Cloud Accounts,1
intrusion-set--d8bc9788-4f7d-41a9-9e9d-ee1ea18a8cf7,LAPSUS$,attack-pattern--21875073-b0ee-49e3-9077-1e2a885359af,T1087.002,Domain Account,1
intrusion-set--d8bc9788-4f7d-41a9-9e9d-ee1ea18a8cf7,LAPSUS$,attack-pattern--731f4f55-b6d0-41d1-a7a9-072a66389aea,T1090,Proxy,1
intrusion-set--d8bc9788-4f7d-41a9-9e9d-ee1ea18a8cf7,LAPSUS$,attack-pattern--2dbbdcd5-92cf-44c0-aea2-fe24783a6bc3,T1098.003,Additional Cloud Roles,1
intrusion-set--d8bc9788-4f7d-41a9-9e9d-ee1ea18a8cf7,LAPSUS$,attack-pattern--dd43c543-bb85-4a6f-aa6e-160d90d06a49,T1111,Multi-Factor Authentication Interception,1
intrusion-set--d8bc9788-4f7d-41a9-9e9d-ee1ea18a8cf7,LAPSUS$,attack-pattern--7d77a07d-02fe-4e88-8bd9-e9c008c01bf0,T1114.003,Email Forwarding Rule,1
intrusion-set--d8bc9788-4f7d-41a9-9e9d-ee1ea18a8cf7,LAPSUS$,attack-pattern--10d51417-ee35-4589-b1ff-b6df1c334e8d,T1133,External Remote Services,1
intrusion-set--d8bc9788-4f7d-41a9-9e9d-ee1ea18a8cf7,LAPSUS$,attack-pattern--a009cb25-4801-4116-9105-80a91cf15c1b,T1136.003,Cloud Account,1
intrusion-set--d8bc9788-4f7d-41a9-9e9d-ee1ea18a8cf7,LAPSUS$,attack-pattern--9fa07bef-9c81-421e-a8e5-ad4366c5a925,T1199,Trusted Relationship,1
intrusion-set--d8bc9788-4f7d-41a9-9e9d-ee1ea18a8cf7,LAPSUS$,attack-pattern--8c32eb4d-805f-4fc5-bf60-c4d476c131b5,T1204,User Execution,1
intrusion-set--d8bc9788-4f7d-41a9-9e9d-ee1ea18a8cf7,LAPSUS$,attack-pattern--7ad38ef1-381a-406d-872a-38b136eb5ecc,T1213.001,Confluence,1
intrusion-set--d8bc9788-4f7d-41a9-9e9d-ee1ea18a8cf7,LAPSUS$,attack-pattern--0c4b4fda-9062-47da-98b9-ceae2dcf052a,T1213.002,Sharepoint,1
intrusion-set--d8bc9788-4f7d-41a9-9e9d-ee1ea18a8cf7,LAPSUS$,attack-pattern--cff94884-3b1c-4987-a70b-6d5643c621c3,T1213.003,Code Repositories,1
intrusion-set--d8bc9788-4f7d-41a9-9e9d-ee1ea18a8cf7,LAPSUS$,attack-pattern--fb75213f-cfb0-40bf-a02f-3bad93d6601e,T1213.005,Messaging Applications,1
intrusion-set--d8bc9788-4f7d-41a9-9e9d-ee1ea18a8cf7,LAPSUS$,attack-pattern--d45a3d09-b3cf-48f4-9f0f-f521ee5cb05c,T1485,Data Destruction,1
intrusion-set--d8bc9788-4f7d-41a9-9e9d-ee1ea18a8cf7,LAPSUS$,attack-pattern--20fb2507-d71c-455d-9b6d-6104461cf26b,T1489,Service Stop,1
intrusion-set--d8bc9788-4f7d-41a9-9e9d-ee1ea18a8cf7,LAPSUS$,attack-pattern--b24e2a20-3b3d-4bf0-823b-1ed765398fb0,T1531,Account Access Removal,1
intrusion-set--d8bc9788-4f7d-41a9-9e9d-ee1ea18a8cf7,LAPSUS$,attack-pattern--9664ad0e-789e-40ac-82e2-d7b17fbe8fb3,T1552.008,Chat Messages,1
intrusion-set--d8bc9788-4f7d-41a9-9e9d-ee1ea18a8cf7,LAPSUS$,attack-pattern--58a3e6aa-4453-4cc8-a51f-4befe80b31a8,T1555.003,Credentials from Web Browsers,1
intrusion-set--d8bc9788-4f7d-41a9-9e9d-ee1ea18a8cf7,LAPSUS$,attack-pattern--315f51f0-6b03-4c1e-bfb2-84740afb8e21,T1555.005,Password Managers,1
intrusion-set--d8bc9788-4f7d-41a9-9e9d-ee1ea18a8cf7,LAPSUS$,attack-pattern--cf1c2504-433f-4c4e-a1f8-91de45a0318c,T1578.002,Create Cloud Instance,1
intrusion-set--d8bc9788-4f7d-41a9-9e9d-ee1ea18a8cf7,LAPSUS$,attack-pattern--70857657-bd0b-4695-ad3e-b13f92cac1b4,T1578.003,Delete Cloud Instance,1
intrusion-set--d8bc9788-4f7d-41a9-9e9d-ee1ea18a8cf7,LAPSUS$,attack-pattern--79da0971-3147-4af6-a4f5-e8cd447cd795,T1583.003,Virtual Private Server,1
intrusion-set--d8bc9788-4f7d-41a9-9e9d-ee1ea18a8cf7,LAPSUS$,attack-pattern--c2f59d25-87fe-44aa-8f83-e8e59d077bf5,T1584.002,DNS Server,1
intrusion-set--d8bc9788-4f7d-41a9-9e9d-ee1ea18a8cf7,LAPSUS$,attack-pattern--3dc8c101-d4db-4f4d-8150-1b5a76ca5f1b,T1586.002,Email Accounts,1
intrusion-set--d8bc9788-4f7d-41a9-9e9d-ee1ea18a8cf7,LAPSUS$,attack-pattern--7807d3a4-a885-4639-a786-c1ed41484970,T1588.001,Malware,1
intrusion-set--d8bc9788-4f7d-41a9-9e9d-ee1ea18a8cf7,LAPSUS$,attack-pattern--a2fdce72-04b2-409a-ac10-cc1695f4fce0,T1588.002,Tool,1
intrusion-set--d8bc9788-4f7d-41a9-9e9d-ee1ea18a8cf7,LAPSUS$,attack-pattern--5282dd9a-d26d-4e16-88b7-7c0f4553daf4,T1589,Gather Victim Identity Information,1
intrusion-set--d8bc9788-4f7d-41a9-9e9d-ee1ea18a8cf7,LAPSUS$,attack-pattern--bc76d0a4-db11-4551-9ac4-01a469cfb161,T1589.001,Credentials,1
intrusion-set--d8bc9788-4f7d-41a9-9e9d-ee1ea18a8cf7,LAPSUS$,attack-pattern--69f897fd-12a9-4c89-ad6a-46d2f3c38262,T1589.002,Email Addresses,1
intrusion-set--d8bc9788-4f7d-41a9-9e9d-ee1ea18a8cf7,LAPSUS$,attack-pattern--6ee2dc99-91ad-4534-a7d8-a649358c331f,T1591.002,Business Relationships,1
intrusion-set--d8bc9788-4f7d-41a9-9e9d-ee1ea18a8cf7,LAPSUS$,attack-pattern--cc723aff-ec88-40e3-a224-5af9fd983cc4,T1591.004,Identify Roles,1
intrusion-set--d8bc9788-4f7d-41a9-9e9d-ee1ea18a8cf7,LAPSUS$,attack-pattern--70910fbd-58dc-4c1c-8c48-814d11fcd022,T1593.003,Code Repositories,1
intrusion-set--d8bc9788-4f7d-41a9-9e9d-ee1ea18a8cf7,LAPSUS$,attack-pattern--0a241b6c-7bb2-48f9-98f7-128145b4d27f,T1597.002,Purchase Technical Data,1
intrusion-set--d8bc9788-4f7d-41a9-9e9d-ee1ea18a8cf7,LAPSUS$,attack-pattern--6a5d222a-a7e0-4656-b110-782c33098289,T1598.004,Spearphishing Voice,1
intrusion-set--d8bc9788-4f7d-41a9-9e9d-ee1ea18a8cf7,LAPSUS$,attack-pattern--954a1639-f2d6-407d-aef3-4917622ca493,T1621,Multi-Factor Authentication Request Generation,1
intrusion-set--d8bc9788-4f7d-41a9-9e9d-ee1ea18a8cf7,LAPSUS$,attack-pattern--cd92d2b8-ce43-4666-9472-f1b4b9f4f8be,T1684.001,Impersonation,1
intrusion-set--c93fccb1-e8e8-42cf-ae33-2ad1d183913a,Lazarus Group,attack-pattern--c325b232-d5bc-4dde-a3ec-71f3db9e8adc,T1001.003,Protocol or Service Impersonation,1
intrusion-set--c93fccb1-e8e8-42cf-ae33-2ad1d183913a,Lazarus Group,attack-pattern--3c4a2599-71ee-4405-ba1e-0e28414b4bc5,T1005,Data from Local System,1
intrusion-set--c93fccb1-e8e8-42cf-ae33-2ad1d183913a,Lazarus Group,attack-pattern--f24faf46-3b26-4dbb-98f2-63460498e433,T1008,Fallback Channels,1
intrusion-set--c93fccb1-e8e8-42cf-ae33-2ad1d183913a,Lazarus Group,attack-pattern--4ae4f953-fe58-4cc8-a327-33257e30a830,T1010,Application Window Discovery,1
intrusion-set--c93fccb1-e8e8-42cf-ae33-2ad1d183913a,Lazarus Group,attack-pattern--c32f7008-9fea-41f7-8366-5eb9b74bd896,T1012,Query Registry,1
intrusion-set--c93fccb1-e8e8-42cf-ae33-2ad1d183913a,Lazarus Group,attack-pattern--707399d6-ab3e-4963-9315-d9d3818cd6a0,T1016,System Network Configuration Discovery,1
intrusion-set--c93fccb1-e8e8-42cf-ae33-2ad1d183913a,Lazarus Group,attack-pattern--eb062747-2193-45de-8fa2-e62549c37ddf,T1021.001,Remote Desktop Protocol,1
intrusion-set--c93fccb1-e8e8-42cf-ae33-2ad1d183913a,Lazarus Group,attack-pattern--4f9ca633-15c5-463c-9724-bdcd54fde541,T1021.002,SMB/Windows Admin Shares,1
intrusion-set--c93fccb1-e8e8-42cf-ae33-2ad1d183913a,Lazarus Group,attack-pattern--2db31dcd-54da-405d-acef-b9129b816ed6,T1021.004,SSH,1
intrusion-set--c93fccb1-e8e8-42cf-ae33-2ad1d183913a,Lazarus Group,attack-pattern--ea4c2f9c-9df1-477c-8c42-6da1118f2ac4,T1027.007,Dynamic API Resolution,1
intrusion-set--c93fccb1-e8e8-42cf-ae33-2ad1d183913a,Lazarus Group,attack-pattern--0533ab23-3f7d-463f-9bd8-634d27e4dee1,T1027.009,Embedded Payloads,1
intrusion-set--c93fccb1-e8e8-42cf-ae33-2ad1d183913a,Lazarus Group,attack-pattern--0d91b3c0-5e50-47c3-949a-2a796f04d144,T1027.013,Encrypted/Encoded File,1
intrusion-set--c93fccb1-e8e8-42cf-ae33-2ad1d183913a,Lazarus Group,attack-pattern--03d7999c-1f4c-42cc-8373-e7690d318104,T1033,System Owner/User Discovery,1
intrusion-set--c93fccb1-e8e8-42cf-ae33-2ad1d183913a,Lazarus Group,attack-pattern--bd5b58a4-a52d-4a29-bc0d-3f1d3968eb6b,T1036.003,Rename Legitimate Utilities,1
intrusion-set--c93fccb1-e8e8-42cf-ae33-2ad1d183913a,Lazarus Group,attack-pattern--7bdca9d5-d500-4d7d-8c52-5fd47baf4c0c,T1036.004,Masquerade Task or Service,1
intrusion-set--c93fccb1-e8e8-42cf-ae33-2ad1d183913a,Lazarus Group,attack-pattern--1c4e5d32-1fe9-4116-9d9d-59e3925bd6a2,T1036.005,Match Legitimate Resource Name or Location,1
intrusion-set--c93fccb1-e8e8-42cf-ae33-2ad1d183913a,Lazarus Group,attack-pattern--92d7da27-2d91-488e-a00c-059dc162766d,T1041,Exfiltration Over C2 Channel,1
intrusion-set--c93fccb1-e8e8-42cf-ae33-2ad1d183913a,Lazarus Group,attack-pattern--e3a12395-188d-4051-9a16-ea8e14d07b88,T1046,Network Service Discovery,1
intrusion-set--c93fccb1-e8e8-42cf-ae33-2ad1d183913a,Lazarus Group,attack-pattern--01a5a209-b94c-450b-b7f9-946497d91055,T1047,Windows Management Instrumentation,1
intrusion-set--c93fccb1-e8e8-42cf-ae33-2ad1d183913a,Lazarus Group,attack-pattern--fb8d023d-45be-47e9-bc51-f56bcae6435b,T1048.003,Exfiltration Over Unencrypted Non-C2 Protocol,1
intrusion-set--c93fccb1-e8e8-42cf-ae33-2ad1d183913a,Lazarus Group,attack-pattern--7e150503-88e7-4861-866b-ff1ac82c4475,T1049,System Network Connections Discovery,1
intrusion-set--c93fccb1-e8e8-42cf-ae33-2ad1d183913a,Lazarus Group,attack-pattern--005a06c6-14bf-4118-afa0-ebcd8aebb0c9,T1053.005,Scheduled Task,1
intrusion-set--c93fccb1-e8e8-42cf-ae33-2ad1d183913a,Lazarus Group,attack-pattern--f4599aa0-4f85-4a32-80ea-fc39dc965945,T1055.001,Dynamic-link Library Injection,1
intrusion-set--c93fccb1-e8e8-42cf-ae33-2ad1d183913a,Lazarus Group,attack-pattern--09a60ea3-a8d1-4ae5-976e-5783248b72a4,T1056.001,Keylogging,1
intrusion-set--c93fccb1-e8e8-42cf-ae33-2ad1d183913a,Lazarus Group,attack-pattern--8f4a33ec-8b1f-4b80-a2f6-642b2e479580,T1057,Process Discovery,1
intrusion-set--c93fccb1-e8e8-42cf-ae33-2ad1d183913a,Lazarus Group,attack-pattern--970a3432-3237-47ad-bcca-7d8cbb217736,T1059.001,PowerShell,1
intrusion-set--c93fccb1-e8e8-42cf-ae33-2ad1d183913a,Lazarus Group,attack-pattern--d1fcf083-a721-4223-aedf-bf8960798d62,T1059.003,Windows Command Shell,1
intrusion-set--c93fccb1-e8e8-42cf-ae33-2ad1d183913a,Lazarus Group,attack-pattern--dfd7cc1d-e1d8-4394-a198-97c4cab8aa67,T1059.005,Visual Basic,1
intrusion-set--c93fccb1-e8e8-42cf-ae33-2ad1d183913a,Lazarus Group,attack-pattern--799ace7f-e227-4411-baa0-8868704f2a69,T1070,Indicator Removal,1
intrusion-set--c93fccb1-e8e8-42cf-ae33-2ad1d183913a,Lazarus Group,attack-pattern--3aef9463-9a7a-43ba-8957-a867e07c1e6a,T1070.003,Clear Command History,1
intrusion-set--c93fccb1-e8e8-42cf-ae33-2ad1d183913a,Lazarus Group,attack-pattern--d63a3fb8-9452-4e9d-a60a-54be68d5998c,T1070.004,File Deletion,1
intrusion-set--c93fccb1-e8e8-42cf-ae33-2ad1d183913a,Lazarus Group,attack-pattern--47f2d673-ca62-47e9-929b-1b0be9657611,T1070.006,Timestomp,1
intrusion-set--c93fccb1-e8e8-42cf-ae33-2ad1d183913a,Lazarus Group,attack-pattern--df8b2a25-8bdf-4856-953c-a04372b1c161,T1071.001,Web Protocols,1
intrusion-set--c93fccb1-e8e8-42cf-ae33-2ad1d183913a,Lazarus Group,attack-pattern--1c34f7aa-9341-4a48-bfab-af22e51aca6c,T1074.001,Local Data Staging,1
intrusion-set--c93fccb1-e8e8-42cf-ae33-2ad1d183913a,Lazarus Group,attack-pattern--b17a1a56-e99c-403c-8948-561df0cffe81,T1078,Valid Accounts,1
intrusion-set--c93fccb1-e8e8-42cf-ae33-2ad1d183913a,Lazarus Group,attack-pattern--354a7f88-63fb-41b5-a801-ce3b377b36f1,T1082,System Information Discovery,1
intrusion-set--c93fccb1-e8e8-42cf-ae33-2ad1d183913a,Lazarus Group,attack-pattern--7bc57495-ea59-4380-be31-a64af124ef18,T1083,File and Directory Discovery,1
intrusion-set--c93fccb1-e8e8-42cf-ae33-2ad1d183913a,Lazarus Group,attack-pattern--f6dacc85-b37d-458e-b58d-74fc4bbf5755,T1090.001,Internal Proxy,1
intrusion-set--c93fccb1-e8e8-42cf-ae33-2ad1d183913a,Lazarus Group,attack-pattern--69b8fd78-40e8-4600-ae4d-662c9d7afdb3,T1090.002,External Proxy,1
intrusion-set--c93fccb1-e8e8-42cf-ae33-2ad1d183913a,Lazarus Group,attack-pattern--a10641f4-87b4-45a3-a906-92a149cb2c27,T1098,Account Manipulation,1
intrusion-set--c93fccb1-e8e8-42cf-ae33-2ad1d183913a,Lazarus Group,attack-pattern--be055942-6e63-49d7-9fa1-9cb7d8a8f3f4,T1102.002,Bidirectional Communication,1
intrusion-set--c93fccb1-e8e8-42cf-ae33-2ad1d183913a,Lazarus Group,attack-pattern--84e02621-8fdf-470f-bd58-993bb6a89d91,T1104,Multi-Stage Channels,1
intrusion-set--c93fccb1-e8e8-42cf-ae33-2ad1d183913a,Lazarus Group,attack-pattern--e6919abc-99f9-4c6c-95a5-14761e7b2add,T1105,Ingress Tool Transfer,1
intrusion-set--c93fccb1-e8e8-42cf-ae33-2ad1d183913a,Lazarus Group,attack-pattern--391d824f-0ef1-47a0-b0ee-c59a75e27670,T1106,Native API,1
intrusion-set--c93fccb1-e8e8-42cf-ae33-2ad1d183913a,Lazarus Group,attack-pattern--692074ae-bb62-4a5e-a735-02cb6bde458c,T1110.003,Password Spraying,1
intrusion-set--c93fccb1-e8e8-42cf-ae33-2ad1d183913a,Lazarus Group,attack-pattern--f3c544dc-673c-4ef3-accb-53229f1ae077,T1124,System Time Discovery,1
intrusion-set--c93fccb1-e8e8-42cf-ae33-2ad1d183913a,Lazarus Group,attack-pattern--04fd5427-79c7-44ea-ae13-11b24778ff1c,T1132.001,Standard Encoding,1
intrusion-set--c93fccb1-e8e8-42cf-ae33-2ad1d183913a,Lazarus Group,attack-pattern--677569f9-a8b0-459e-ab24-7f18091fa7bf,T1134.002,Create Process with Token,1
intrusion-set--c93fccb1-e8e8-42cf-ae33-2ad1d183913a,Lazarus Group,attack-pattern--3ccef7ae-cb5e-48f6-8302-897105fbf55c,T1140,Deobfuscate/Decode Files or Information,1
intrusion-set--c93fccb1-e8e8-42cf-ae33-2ad1d183913a,Lazarus Group,attack-pattern--d742a578-d70e-4d0e-96a6-02a9c30204e6,T1189,Drive-by Compromise,1
intrusion-set--c93fccb1-e8e8-42cf-ae33-2ad1d183913a,Lazarus Group,attack-pattern--3b0e52ce-517a-4614-a523-1bd5deef6c5e,T1202,Indirect Command Execution,1
intrusion-set--c93fccb1-e8e8-42cf-ae33-2ad1d183913a,Lazarus Group,attack-pattern--be2dcee9-a7a7-4e38-afd6-21b31ecc3d63,T1203,Exploitation for Client Execution,1
intrusion-set--c93fccb1-e8e8-42cf-ae33-2ad1d183913a,Lazarus Group,attack-pattern--232b7f21-adf9-4b42-b936-b9d6f7df856e,T1204.002,Malicious File,1
intrusion-set--c93fccb1-e8e8-42cf-ae33-2ad1d183913a,Lazarus Group,attack-pattern--457c7820-d331-465a-915e-42f85500ccc4,T1218,System Binary Proxy Execution,1
intrusion-set--c93fccb1-e8e8-42cf-ae33-2ad1d183913a,Lazarus Group,attack-pattern--840a987a-99bd-4a80-a5c9-0cb2baa6cade,T1218.005,Mshta,1
intrusion-set--c93fccb1-e8e8-42cf-ae33-2ad1d183913a,Lazarus Group,attack-pattern--045d0922-2310-4e60-b5e4-3302302cb3c5,T1218.011,Rundll32,1
intrusion-set--c93fccb1-e8e8-42cf-ae33-2ad1d183913a,Lazarus Group,attack-pattern--d45a3d09-b3cf-48f4-9f0f-f521ee5cb05c,T1485,Data Destruction,1
intrusion-set--c93fccb1-e8e8-42cf-ae33-2ad1d183913a,Lazarus Group,attack-pattern--20fb2507-d71c-455d-9b6d-6104461cf26b,T1489,Service Stop,1
intrusion-set--c93fccb1-e8e8-42cf-ae33-2ad1d183913a,Lazarus Group,attack-pattern--8c41090b-aa47-4331-986b-8c9a51a91103,T1491.001,Internal Defacement,1
intrusion-set--c93fccb1-e8e8-42cf-ae33-2ad1d183913a,Lazarus Group,attack-pattern--ff73aa03-0090-4464-83ac-f89e233c02bc,T1529,System Shutdown/Reboot,1
intrusion-set--c93fccb1-e8e8-42cf-ae33-2ad1d183913a,Lazarus Group,attack-pattern--1b7b1806-7746-41a1-a35d-e48dae25ddba,T1542.003,Bootkit,1
intrusion-set--c93fccb1-e8e8-42cf-ae33-2ad1d183913a,Lazarus Group,attack-pattern--2959d63f-73fd-46a1-abd2-109d7dcede32,T1543.003,Windows Service,1
intrusion-set--c93fccb1-e8e8-42cf-ae33-2ad1d183913a,Lazarus Group,attack-pattern--9efb1ea7-c37b-4595-9640-b7680cd84279,T1547.001,Registry Run Keys / Startup Folder,1
intrusion-set--c93fccb1-e8e8-42cf-ae33-2ad1d183913a,Lazarus Group,attack-pattern--4ab929c6-ee2d-4fb5-aab4-b14be2ed7179,T1547.009,Shortcut Modification,1
intrusion-set--c93fccb1-e8e8-42cf-ae33-2ad1d183913a,Lazarus Group,attack-pattern--32901740-b42c-4fdd-bc02-345b5dc57082,T1553.002,Code Signing,1
intrusion-set--c93fccb1-e8e8-42cf-ae33-2ad1d183913a,Lazarus Group,attack-pattern--650c784b-7504-4df7-ab2c-4ea882384d1e,T1557.001,Name Resolution Poisoning and SMB Relay,1
intrusion-set--c93fccb1-e8e8-42cf-ae33-2ad1d183913a,Lazarus Group,attack-pattern--53ac20cd-aca3-406e-9aa0-9fc7fdc60a5a,T1560,Archive Collected Data,1
intrusion-set--c93fccb1-e8e8-42cf-ae33-2ad1d183913a,Lazarus Group,attack-pattern--41868330-6ee2-4d0f-b743-9f2294c3c9b6,T1560.002,Archive via Library,1
intrusion-set--c93fccb1-e8e8-42cf-ae33-2ad1d183913a,Lazarus Group,attack-pattern--143c0cbb-a297-4142-9624-87ffc778980b,T1560.003,Archive via Custom Method,1
intrusion-set--c93fccb1-e8e8-42cf-ae33-2ad1d183913a,Lazarus Group,attack-pattern--fb640c43-aa6b-431e-a961-a279010424ac,T1561.001,Disk Content Wipe,1
intrusion-set--c93fccb1-e8e8-42cf-ae33-2ad1d183913a,Lazarus Group,attack-pattern--0af0ca99-357d-4ba1-805f-674fdfb7bef9,T1561.002,Disk Structure Wipe,1
intrusion-set--c93fccb1-e8e8-42cf-ae33-2ad1d183913a,Lazarus Group,attack-pattern--ec8fc7e2-b356-455c-8db5-2e37be158e7d,T1564.001,Hidden Files and Directories,1
intrusion-set--c93fccb1-e8e8-42cf-ae33-2ad1d183913a,Lazarus Group,attack-pattern--2e34237d-8574-43f6-aace-ae2915de8597,T1566.001,Spearphishing Attachment,1
intrusion-set--c93fccb1-e8e8-42cf-ae33-2ad1d183913a,Lazarus Group,attack-pattern--2b742742-28c3-4e1b-bab7-8350d6300fa7,T1566.002,Spearphishing Link,1
intrusion-set--c93fccb1-e8e8-42cf-ae33-2ad1d183913a,Lazarus Group,attack-pattern--f6ad61ee-65f3-4bd0-a3f5-2f0accb36317,T1566.003,Spearphishing via Service,1
intrusion-set--c93fccb1-e8e8-42cf-ae33-2ad1d183913a,Lazarus Group,attack-pattern--b18eae87-b469-4e14-b454-b171b416bc18,T1571,Non-Standard Port,1
intrusion-set--c93fccb1-e8e8-42cf-ae33-2ad1d183913a,Lazarus Group,attack-pattern--24bfaeba-cb0d-4525-b3dc-507c77ecec41,T1573.001,Symmetric Cryptography,1
intrusion-set--c93fccb1-e8e8-42cf-ae33-2ad1d183913a,Lazarus Group,attack-pattern--2fee9321-3e71-4cf4-af24-d4d40d355b34,T1574.001,DLL,1
intrusion-set--c93fccb1-e8e8-42cf-ae33-2ad1d183913a,Lazarus Group,attack-pattern--a4657bc9-d22f-47d2-a7b7-dd6ec33f3dde,T1574.013,KernelCallbackTable,1
intrusion-set--c93fccb1-e8e8-42cf-ae33-2ad1d183913a,Lazarus Group,attack-pattern--40f5caa0-4cb7-4117-89fc-d421bb493df3,T1583.001,Domains,1
intrusion-set--c93fccb1-e8e8-42cf-ae33-2ad1d183913a,Lazarus Group,attack-pattern--88d31120-5bc7-4ce3-a9c0-7cf147be8e54,T1583.006,Web Services,1
intrusion-set--c93fccb1-e8e8-42cf-ae33-2ad1d183913a,Lazarus Group,attack-pattern--e196b5c5-8118-4a1c-ab8a-936586ce3db5,T1584.004,Server,1
intrusion-set--c93fccb1-e8e8-42cf-ae33-2ad1d183913a,Lazarus Group,attack-pattern--b1ccd744-3f78-4a0e-9bb2-2002057f7928,T1585.001,Social Media Accounts,1
intrusion-set--c93fccb1-e8e8-42cf-ae33-2ad1d183913a,Lazarus Group,attack-pattern--65013dd2-bc61-43e3-afb5-a14c4fa7437a,T1585.002,Email Accounts,1
intrusion-set--c93fccb1-e8e8-42cf-ae33-2ad1d183913a,Lazarus Group,attack-pattern--212306d8-efa4-44c9-8c2d-ed3d2e224aa0,T1587.001,Malware,1
intrusion-set--c93fccb1-e8e8-42cf-ae33-2ad1d183913a,Lazarus Group,attack-pattern--a2fdce72-04b2-409a-ac10-cc1695f4fce0,T1588.002,Tool,1
intrusion-set--c93fccb1-e8e8-42cf-ae33-2ad1d183913a,Lazarus Group,attack-pattern--19401639-28d0-4c3c-adcc-bc2ba22f6421,T1588.004,Digital Certificates,1
intrusion-set--c93fccb1-e8e8-42cf-ae33-2ad1d183913a,Lazarus Group,attack-pattern--69f897fd-12a9-4c89-ad6a-46d2f3c38262,T1589.002,Email Addresses,1
intrusion-set--c93fccb1-e8e8-42cf-ae33-2ad1d183913a,Lazarus Group,attack-pattern--937e4772-8441-4e4a-8bf0-8d447d667e23,T1591,Gather Victim Org Information,1
intrusion-set--c93fccb1-e8e8-42cf-ae33-2ad1d183913a,Lazarus Group,attack-pattern--4933e63b-9b77-476e-ab29-761bc5b7d15a,T1620,Reflective Code Loading,1
intrusion-set--c93fccb1-e8e8-42cf-ae33-2ad1d183913a,Lazarus Group,attack-pattern--f2514ae4-4e9b-4f26-a5ba-c4ae85fe93c3,T1680,Local Storage Discovery,1
intrusion-set--c93fccb1-e8e8-42cf-ae33-2ad1d183913a,Lazarus Group,attack-pattern--bbde9781-60aa-4b8a-a911-895b0c1b3872,T1685,Disable or Modify Tools,1
intrusion-set--c93fccb1-e8e8-42cf-ae33-2ad1d183913a,Lazarus Group,attack-pattern--291ede6c-1473-454c-b614-5ac5ea63c987,T1686.003,Windows Host Firewall,1
intrusion-set--abc5a1d4-f0dc-49d1-88a1-4a80e478bb03,LazyScripter,attack-pattern--d511a6f6-4a33-41d5-bc95-c343875d1377,T1027.010,Command Obfuscation,1
intrusion-set--abc5a1d4-f0dc-49d1-88a1-4a80e478bb03,LazyScripter,attack-pattern--42e8de7b-37b2-4258-905a-6897815e58e0,T1036,Masquerading,1
intrusion-set--abc5a1d4-f0dc-49d1-88a1-4a80e478bb03,LazyScripter,attack-pattern--970a3432-3237-47ad-bcca-7d8cbb217736,T1059.001,PowerShell,1
intrusion-set--abc5a1d4-f0dc-49d1-88a1-4a80e478bb03,LazyScripter,attack-pattern--d1fcf083-a721-4223-aedf-bf8960798d62,T1059.003,Windows Command Shell,1
intrusion-set--abc5a1d4-f0dc-49d1-88a1-4a80e478bb03,LazyScripter,attack-pattern--dfd7cc1d-e1d8-4394-a198-97c4cab8aa67,T1059.005,Visual Basic,1
intrusion-set--abc5a1d4-f0dc-49d1-88a1-4a80e478bb03,LazyScripter,attack-pattern--0f4a0c76-ab2d-4cb0-85d3-3f0efb8cba0d,T1059.007,JavaScript,1
intrusion-set--abc5a1d4-f0dc-49d1-88a1-4a80e478bb03,LazyScripter,attack-pattern--1996eef1-ced3-4d7f-bf94-33298cabbf72,T1071.004,DNS,1
intrusion-set--abc5a1d4-f0dc-49d1-88a1-4a80e478bb03,LazyScripter,attack-pattern--830c9528-df21-472c-8c14-a036bf17d665,T1102,Web Service,1
intrusion-set--abc5a1d4-f0dc-49d1-88a1-4a80e478bb03,LazyScripter,attack-pattern--e6919abc-99f9-4c6c-95a5-14761e7b2add,T1105,Ingress Tool Transfer,1
intrusion-set--abc5a1d4-f0dc-49d1-88a1-4a80e478bb03,LazyScripter,attack-pattern--ef67e13e-5598-4adc-bdb2-998225874fa9,T1204.001,Malicious Link,1
intrusion-set--abc5a1d4-f0dc-49d1-88a1-4a80e478bb03,LazyScripter,attack-pattern--232b7f21-adf9-4b42-b936-b9d6f7df856e,T1204.002,Malicious File,1
intrusion-set--abc5a1d4-f0dc-49d1-88a1-4a80e478bb03,LazyScripter,attack-pattern--840a987a-99bd-4a80-a5c9-0cb2baa6cade,T1218.005,Mshta,1
intrusion-set--abc5a1d4-f0dc-49d1-88a1-4a80e478bb03,LazyScripter,attack-pattern--045d0922-2310-4e60-b5e4-3302302cb3c5,T1218.011,Rundll32,1
intrusion-set--abc5a1d4-f0dc-49d1-88a1-4a80e478bb03,LazyScripter,attack-pattern--9efb1ea7-c37b-4595-9640-b7680cd84279,T1547.001,Registry Run Keys / Startup Folder,1
intrusion-set--abc5a1d4-f0dc-49d1-88a1-4a80e478bb03,LazyScripter,attack-pattern--2e34237d-8574-43f6-aace-ae2915de8597,T1566.001,Spearphishing Attachment,1
intrusion-set--abc5a1d4-f0dc-49d1-88a1-4a80e478bb03,LazyScripter,attack-pattern--2b742742-28c3-4e1b-bab7-8350d6300fa7,T1566.002,Spearphishing Link,1
intrusion-set--abc5a1d4-f0dc-49d1-88a1-4a80e478bb03,LazyScripter,attack-pattern--40f5caa0-4cb7-4117-89fc-d421bb493df3,T1583.001,Domains,1
intrusion-set--abc5a1d4-f0dc-49d1-88a1-4a80e478bb03,LazyScripter,attack-pattern--88d31120-5bc7-4ce3-a9c0-7cf147be8e54,T1583.006,Web Services,1
intrusion-set--abc5a1d4-f0dc-49d1-88a1-4a80e478bb03,LazyScripter,attack-pattern--7807d3a4-a885-4639-a786-c1ed41484970,T1588.001,Malware,1
intrusion-set--abc5a1d4-f0dc-49d1-88a1-4a80e478bb03,LazyScripter,attack-pattern--3ee16395-03f0-4690-a32e-69ce9ada0f9e,T1608.001,Upload Malware,1
intrusion-set--32bca8ff-d900-4877-aa65-d70baa041b74,Leafminer,attack-pattern--65f2d882-3f41-4d48-8a06-29af77ec9f90,T1003.001,LSASS Memory,1
intrusion-set--32bca8ff-d900-4877-aa65-d70baa041b74,Leafminer,attack-pattern--1ecfdab8-7d59-4c98-95d4-dc41970f57fc,T1003.004,LSA Secrets,1
intrusion-set--32bca8ff-d900-4877-aa65-d70baa041b74,Leafminer,attack-pattern--6add2ab5-2711-4e9d-87c8-7a0be8531530,T1003.005,Cached Domain Credentials,1
intrusion-set--32bca8ff-d900-4877-aa65-d70baa041b74,Leafminer,attack-pattern--e358d692-23c0-4a31-9eb6-ecc13a8d7735,T1018,Remote System Discovery,1
intrusion-set--32bca8ff-d900-4877-aa65-d70baa041b74,Leafminer,attack-pattern--d511a6f6-4a33-41d5-bc95-c343875d1377,T1027.010,Command Obfuscation,1
intrusion-set--32bca8ff-d900-4877-aa65-d70baa041b74,Leafminer,attack-pattern--e3a12395-188d-4051-9a16-ea8e14d07b88,T1046,Network Service Discovery,1
intrusion-set--32bca8ff-d900-4877-aa65-d70baa041b74,Leafminer,attack-pattern--7007935a-a8a7-4c0b-bd98-4e85be8ed197,T1055.013,Process Doppelgänging,1
intrusion-set--32bca8ff-d900-4877-aa65-d70baa041b74,Leafminer,attack-pattern--0f4a0c76-ab2d-4cb0-85d3-3f0efb8cba0d,T1059.007,JavaScript,1
intrusion-set--32bca8ff-d900-4877-aa65-d70baa041b74,Leafminer,attack-pattern--7bc57495-ea59-4380-be31-a64af124ef18,T1083,File and Directory Discovery,1
intrusion-set--32bca8ff-d900-4877-aa65-d70baa041b74,Leafminer,attack-pattern--692074ae-bb62-4a5e-a735-02cb6bde458c,T1110.003,Password Spraying,1
intrusion-set--32bca8ff-d900-4877-aa65-d70baa041b74,Leafminer,attack-pattern--b4694861-542c-48ea-9eb1-10d356e7140a,T1114.002,Remote Email Collection,1
intrusion-set--32bca8ff-d900-4877-aa65-d70baa041b74,Leafminer,attack-pattern--635cbe30-392d-4e27-978e-66774357c762,T1136.001,Local Account,1
intrusion-set--32bca8ff-d900-4877-aa65-d70baa041b74,Leafminer,attack-pattern--d742a578-d70e-4d0e-96a6-02a9c30204e6,T1189,Drive-by Compromise,1
intrusion-set--32bca8ff-d900-4877-aa65-d70baa041b74,Leafminer,attack-pattern--837f9164-50af-4ac0-8219-379d8a74cefc,T1552.001,Credentials In Files,1
intrusion-set--32bca8ff-d900-4877-aa65-d70baa041b74,Leafminer,attack-pattern--3fc9b85a-2862-4363-a64d-d692e3ffbee0,T1555,Credentials from Password Stores,1
intrusion-set--32bca8ff-d900-4877-aa65-d70baa041b74,Leafminer,attack-pattern--58a3e6aa-4453-4cc8-a51f-4befe80b31a8,T1555.003,Credentials from Web Browsers,1
intrusion-set--32bca8ff-d900-4877-aa65-d70baa041b74,Leafminer,attack-pattern--a2fdce72-04b2-409a-ac10-cc1695f4fce0,T1588.002,Tool,1
intrusion-set--7113eaa5-ba79-4fb3-b68a-398ee9cd698e,Leviathan,attack-pattern--0a3ead4e-6d47-4ccb-854c-a6a4f9d96b22,T1003,OS Credential Dumping,1
intrusion-set--7113eaa5-ba79-4fb3-b68a-398ee9cd698e,Leviathan,attack-pattern--65f2d882-3f41-4d48-8a06-29af77ec9f90,T1003.001,LSASS Memory,1
intrusion-set--7113eaa5-ba79-4fb3-b68a-398ee9cd698e,Leviathan,attack-pattern--eb062747-2193-45de-8fa2-e62549c37ddf,T1021.001,Remote Desktop Protocol,1
intrusion-set--7113eaa5-ba79-4fb3-b68a-398ee9cd698e,Leviathan,attack-pattern--2db31dcd-54da-405d-acef-b9129b816ed6,T1021.004,SSH,1
intrusion-set--7113eaa5-ba79-4fb3-b68a-398ee9cd698e,Leviathan,attack-pattern--5bfccc3f-2326-4112-86cc-c1ece9d8a2b5,T1027.001,Binary Padding,1
intrusion-set--7113eaa5-ba79-4fb3-b68a-398ee9cd698e,Leviathan,attack-pattern--c2e147a9-d1a8-4074-811a-d8789202d916,T1027.003,Steganography,1
intrusion-set--7113eaa5-ba79-4fb3-b68a-398ee9cd698e,Leviathan,attack-pattern--0d91b3c0-5e50-47c3-949a-2a796f04d144,T1027.013,Encrypted/Encoded File,1
intrusion-set--7113eaa5-ba79-4fb3-b68a-398ee9cd698e,Leviathan,attack-pattern--fbd91bfc-75c2-4f0c-8116-3b4e722906b3,T1027.015,Compression,1
intrusion-set--7113eaa5-ba79-4fb3-b68a-398ee9cd698e,Leviathan,attack-pattern--92d7da27-2d91-488e-a00c-059dc162766d,T1041,Exfiltration Over C2 Channel,1
intrusion-set--7113eaa5-ba79-4fb3-b68a-398ee9cd698e,Leviathan,attack-pattern--01a5a209-b94c-450b-b7f9-946497d91055,T1047,Windows Management Instrumentation,1
intrusion-set--7113eaa5-ba79-4fb3-b68a-398ee9cd698e,Leviathan,attack-pattern--f4599aa0-4f85-4a32-80ea-fc39dc965945,T1055.001,Dynamic-link Library Injection,1
intrusion-set--7113eaa5-ba79-4fb3-b68a-398ee9cd698e,Leviathan,attack-pattern--970a3432-3237-47ad-bcca-7d8cbb217736,T1059.001,PowerShell,1
intrusion-set--7113eaa5-ba79-4fb3-b68a-398ee9cd698e,Leviathan,attack-pattern--dfd7cc1d-e1d8-4394-a198-97c4cab8aa67,T1059.005,Visual Basic,1
intrusion-set--7113eaa5-ba79-4fb3-b68a-398ee9cd698e,Leviathan,attack-pattern--1c34f7aa-9341-4a48-bfab-af22e51aca6c,T1074.001,Local Data Staging,1
intrusion-set--7113eaa5-ba79-4fb3-b68a-398ee9cd698e,Leviathan,attack-pattern--359b00ad-9425-420b-bba5-6de8d600cbc0,T1074.002,Remote Data Staging,1
intrusion-set--7113eaa5-ba79-4fb3-b68a-398ee9cd698e,Leviathan,attack-pattern--b17a1a56-e99c-403c-8948-561df0cffe81,T1078,Valid Accounts,1
intrusion-set--7113eaa5-ba79-4fb3-b68a-398ee9cd698e,Leviathan,attack-pattern--a782ebe2-daba-42c7-bc82-e8e9d923162d,T1090.003,Multi-hop Proxy,1
intrusion-set--7113eaa5-ba79-4fb3-b68a-398ee9cd698e,Leviathan,attack-pattern--9c99724c-a483-4d60-ad9d-7f004e42e8e8,T1102.003,One-Way Communication,1
intrusion-set--7113eaa5-ba79-4fb3-b68a-398ee9cd698e,Leviathan,attack-pattern--e6919abc-99f9-4c6c-95a5-14761e7b2add,T1105,Ingress Tool Transfer,1
intrusion-set--7113eaa5-ba79-4fb3-b68a-398ee9cd698e,Leviathan,attack-pattern--10d51417-ee35-4589-b1ff-b6df1c334e8d,T1133,External Remote Services,1
intrusion-set--7113eaa5-ba79-4fb3-b68a-398ee9cd698e,Leviathan,attack-pattern--3ccef7ae-cb5e-48f6-8302-897105fbf55c,T1140,Deobfuscate/Decode Files or Information,1
intrusion-set--7113eaa5-ba79-4fb3-b68a-398ee9cd698e,Leviathan,attack-pattern--d742a578-d70e-4d0e-96a6-02a9c30204e6,T1189,Drive-by Compromise,1
intrusion-set--7113eaa5-ba79-4fb3-b68a-398ee9cd698e,Leviathan,attack-pattern--3f886f2a-874f-4333-b794-aa6075009b1c,T1190,Exploit Public-Facing Application,1
intrusion-set--7113eaa5-ba79-4fb3-b68a-398ee9cd698e,Leviathan,attack-pattern--c8e87b83-edbb-48d4-9295-4974897525b7,T1197,BITS Jobs,1
intrusion-set--7113eaa5-ba79-4fb3-b68a-398ee9cd698e,Leviathan,attack-pattern--be2dcee9-a7a7-4e38-afd6-21b31ecc3d63,T1203,Exploitation for Client Execution,1
intrusion-set--7113eaa5-ba79-4fb3-b68a-398ee9cd698e,Leviathan,attack-pattern--ef67e13e-5598-4adc-bdb2-998225874fa9,T1204.001,Malicious Link,1
intrusion-set--7113eaa5-ba79-4fb3-b68a-398ee9cd698e,Leviathan,attack-pattern--232b7f21-adf9-4b42-b936-b9d6f7df856e,T1204.002,Malicious File,1
intrusion-set--7113eaa5-ba79-4fb3-b68a-398ee9cd698e,Leviathan,attack-pattern--b97f1d35-4249-4486-a6b5-ee60ccf24fab,T1218.010,Regsvr32,1
intrusion-set--7113eaa5-ba79-4fb3-b68a-398ee9cd698e,Leviathan,attack-pattern--5d0d3609-d06d-49e1-b9c9-b544e0c618cb,T1505.003,Web Shell,1
intrusion-set--7113eaa5-ba79-4fb3-b68a-398ee9cd698e,Leviathan,attack-pattern--9e7452df-5144-4b6e-b04a-b66dd4016747,T1534,Internal Spearphishing,1
intrusion-set--7113eaa5-ba79-4fb3-b68a-398ee9cd698e,Leviathan,attack-pattern--910906dd-8c0a-475a-9cc1-5e029e2fad58,T1546.003,Windows Management Instrumentation Event Subscription,1
intrusion-set--7113eaa5-ba79-4fb3-b68a-398ee9cd698e,Leviathan,attack-pattern--9efb1ea7-c37b-4595-9640-b7680cd84279,T1547.001,Registry Run Keys / Startup Folder,1
intrusion-set--7113eaa5-ba79-4fb3-b68a-398ee9cd698e,Leviathan,attack-pattern--4ab929c6-ee2d-4fb5-aab4-b14be2ed7179,T1547.009,Shortcut Modification,1
intrusion-set--7113eaa5-ba79-4fb3-b68a-398ee9cd698e,Leviathan,attack-pattern--32901740-b42c-4fdd-bc02-345b5dc57082,T1553.002,Code Signing,1
intrusion-set--7113eaa5-ba79-4fb3-b68a-398ee9cd698e,Leviathan,attack-pattern--232a7e42-cd6e-4902-8fe9-2960f529dd4d,T1559.002,Dynamic Data Exchange,1
intrusion-set--7113eaa5-ba79-4fb3-b68a-398ee9cd698e,Leviathan,attack-pattern--53ac20cd-aca3-406e-9aa0-9fc7fdc60a5a,T1560,Archive Collected Data,1
intrusion-set--7113eaa5-ba79-4fb3-b68a-398ee9cd698e,Leviathan,attack-pattern--2e34237d-8574-43f6-aace-ae2915de8597,T1566.001,Spearphishing Attachment,1
intrusion-set--7113eaa5-ba79-4fb3-b68a-398ee9cd698e,Leviathan,attack-pattern--2b742742-28c3-4e1b-bab7-8350d6300fa7,T1566.002,Spearphishing Link,1
intrusion-set--7113eaa5-ba79-4fb3-b68a-398ee9cd698e,Leviathan,attack-pattern--bf1b6176-597c-4600-bfcd-ac989670f96b,T1567.002,Exfiltration to Cloud Storage,1
intrusion-set--7113eaa5-ba79-4fb3-b68a-398ee9cd698e,Leviathan,attack-pattern--4fe28b27-b13c-453e-a386-c2ef362a573b,T1572,Protocol Tunneling,1
intrusion-set--7113eaa5-ba79-4fb3-b68a-398ee9cd698e,Leviathan,attack-pattern--40f5caa0-4cb7-4117-89fc-d421bb493df3,T1583.001,Domains,1
intrusion-set--7113eaa5-ba79-4fb3-b68a-398ee9cd698e,Leviathan,attack-pattern--e196b5c5-8118-4a1c-ab8a-936586ce3db5,T1584.004,Server,1
intrusion-set--7113eaa5-ba79-4fb3-b68a-398ee9cd698e,Leviathan,attack-pattern--149b477f-f364-4824-b1b5-aa1d56115869,T1584.008,Network Devices,1
intrusion-set--7113eaa5-ba79-4fb3-b68a-398ee9cd698e,Leviathan,attack-pattern--b1ccd744-3f78-4a0e-9bb2-2002057f7928,T1585.001,Social Media Accounts,1
intrusion-set--7113eaa5-ba79-4fb3-b68a-398ee9cd698e,Leviathan,attack-pattern--65013dd2-bc61-43e3-afb5-a14c4fa7437a,T1585.002,Email Accounts,1
intrusion-set--7113eaa5-ba79-4fb3-b68a-398ee9cd698e,Leviathan,attack-pattern--274770e0-2612-4ccf-a678-ef8e7bad365d,T1586.001,Social Media Accounts,1
intrusion-set--7113eaa5-ba79-4fb3-b68a-398ee9cd698e,Leviathan,attack-pattern--3dc8c101-d4db-4f4d-8150-1b5a76ca5f1b,T1586.002,Email Accounts,1
intrusion-set--7113eaa5-ba79-4fb3-b68a-398ee9cd698e,Leviathan,attack-pattern--bbc3cba7-84ae-410d-b18b-16750731dfa2,T1587.004,Exploits,1
intrusion-set--7113eaa5-ba79-4fb3-b68a-398ee9cd698e,Leviathan,attack-pattern--bc76d0a4-db11-4551-9ac4-01a469cfb161,T1589.001,Credentials,1
intrusion-set--7113eaa5-ba79-4fb3-b68a-398ee9cd698e,Leviathan,attack-pattern--5502c4e9-24ef-4d5f-8ee9-9e906c2f82c4,T1595.002,Vulnerability Scanning,1
intrusion-set--88b7dbc2-32d3-4e31-af2f-3fc24e1582d7,Lotus Blossom,attack-pattern--c32f7008-9fea-41f7-8366-5eb9b74bd896,T1012,Query Registry,1
intrusion-set--88b7dbc2-32d3-4e31-af2f-3fc24e1582d7,Lotus Blossom,attack-pattern--707399d6-ab3e-4963-9315-d9d3818cd6a0,T1016,System Network Configuration Discovery,1
intrusion-set--88b7dbc2-32d3-4e31-af2f-3fc24e1582d7,Lotus Blossom,attack-pattern--132d5b37-aac5-4378-a8dc-3127b18a73dc,T1016.001,Internet Connection Discovery,1
intrusion-set--88b7dbc2-32d3-4e31-af2f-3fc24e1582d7,Lotus Blossom,attack-pattern--e358d692-23c0-4a31-9eb6-ecc13a8d7735,T1018,Remote System Discovery,1
intrusion-set--88b7dbc2-32d3-4e31-af2f-3fc24e1582d7,Lotus Blossom,attack-pattern--e3a12395-188d-4051-9a16-ea8e14d07b88,T1046,Network Service Discovery,1
intrusion-set--88b7dbc2-32d3-4e31-af2f-3fc24e1582d7,Lotus Blossom,attack-pattern--01a5a209-b94c-450b-b7f9-946497d91055,T1047,Windows Management Instrumentation,1
intrusion-set--88b7dbc2-32d3-4e31-af2f-3fc24e1582d7,Lotus Blossom,attack-pattern--7e150503-88e7-4861-866b-ff1ac82c4475,T1049,System Network Connections Discovery,1
intrusion-set--88b7dbc2-32d3-4e31-af2f-3fc24e1582d7,Lotus Blossom,attack-pattern--1c34f7aa-9341-4a48-bfab-af22e51aca6c,T1074.001,Local Data Staging,1
intrusion-set--88b7dbc2-32d3-4e31-af2f-3fc24e1582d7,Lotus Blossom,attack-pattern--7bc57495-ea59-4380-be31-a64af124ef18,T1083,File and Directory Discovery,1
intrusion-set--88b7dbc2-32d3-4e31-af2f-3fc24e1582d7,Lotus Blossom,attack-pattern--25659dd6-ea12-45c4-97e6-381e3e4b593e,T1087.001,Local Account,1
intrusion-set--88b7dbc2-32d3-4e31-af2f-3fc24e1582d7,Lotus Blossom,attack-pattern--21875073-b0ee-49e3-9077-1e2a885359af,T1087.002,Domain Account,1
intrusion-set--88b7dbc2-32d3-4e31-af2f-3fc24e1582d7,Lotus Blossom,attack-pattern--f6dacc85-b37d-458e-b58d-74fc4bbf5755,T1090.001,Internal Proxy,1
intrusion-set--88b7dbc2-32d3-4e31-af2f-3fc24e1582d7,Lotus Blossom,attack-pattern--a782ebe2-daba-42c7-bc82-e8e9d923162d,T1090.003,Multi-hop Proxy,1
intrusion-set--88b7dbc2-32d3-4e31-af2f-3fc24e1582d7,Lotus Blossom,attack-pattern--57340c81-c025-4189-8fa0-fc7ede51bae4,T1112,Modify Registry,1
intrusion-set--88b7dbc2-32d3-4e31-af2f-3fc24e1582d7,Lotus Blossom,attack-pattern--dcaa092b-7de9-4a21-977f-7fcb77e89c48,T1134,Access Token Manipulation,1
intrusion-set--88b7dbc2-32d3-4e31-af2f-3fc24e1582d7,Lotus Blossom,attack-pattern--767dbf9e-df3f-45cb-8998-4903ab5f80c0,T1482,Domain Trust Discovery,1
intrusion-set--88b7dbc2-32d3-4e31-af2f-3fc24e1582d7,Lotus Blossom,attack-pattern--10ffac09-e42d-4f56-ab20-db94c67d76ff,T1539,Steal Web Session Cookie,1
intrusion-set--88b7dbc2-32d3-4e31-af2f-3fc24e1582d7,Lotus Blossom,attack-pattern--2959d63f-73fd-46a1-abd2-109d7dcede32,T1543.003,Windows Service,1
intrusion-set--88b7dbc2-32d3-4e31-af2f-3fc24e1582d7,Lotus Blossom,attack-pattern--00f90846-cbd1-4fc5-9233-df5c2bf2a662,T1560.001,Archive via Utility,1
intrusion-set--88b7dbc2-32d3-4e31-af2f-3fc24e1582d7,Lotus Blossom,attack-pattern--143c0cbb-a297-4142-9624-87ffc778980b,T1560.003,Archive via Custom Method,1
intrusion-set--88b7dbc2-32d3-4e31-af2f-3fc24e1582d7,Lotus Blossom,attack-pattern--a2fdce72-04b2-409a-ac10-cc1695f4fce0,T1588.002,Tool,1
intrusion-set--b7f627e2-0817-4cd5-8d50-e75f8aa85cc6,LuminousMoth,attack-pattern--3c4a2599-71ee-4405-ba1e-0e28414b4bc5,T1005,Data from Local System,1
intrusion-set--b7f627e2-0817-4cd5-8d50-e75f8aa85cc6,LuminousMoth,attack-pattern--c3888c54-775d-4b2f-b759-75a2ececcbfd,T1030,Data Transfer Size Limits,1
intrusion-set--b7f627e2-0817-4cd5-8d50-e75f8aa85cc6,LuminousMoth,attack-pattern--03d7999c-1f4c-42cc-8373-e7690d318104,T1033,System Owner/User Discovery,1
intrusion-set--b7f627e2-0817-4cd5-8d50-e75f8aa85cc6,LuminousMoth,attack-pattern--1c4e5d32-1fe9-4116-9d9d-59e3925bd6a2,T1036.005,Match Legitimate Resource Name or Location,1
intrusion-set--b7f627e2-0817-4cd5-8d50-e75f8aa85cc6,LuminousMoth,attack-pattern--92d7da27-2d91-488e-a00c-059dc162766d,T1041,Exfiltration Over C2 Channel,1
intrusion-set--b7f627e2-0817-4cd5-8d50-e75f8aa85cc6,LuminousMoth,attack-pattern--005a06c6-14bf-4118-afa0-ebcd8aebb0c9,T1053.005,Scheduled Task,1
intrusion-set--b7f627e2-0817-4cd5-8d50-e75f8aa85cc6,LuminousMoth,attack-pattern--df8b2a25-8bdf-4856-953c-a04372b1c161,T1071.001,Web Protocols,1
intrusion-set--b7f627e2-0817-4cd5-8d50-e75f8aa85cc6,LuminousMoth,attack-pattern--7bc57495-ea59-4380-be31-a64af124ef18,T1083,File and Directory Discovery,1
intrusion-set--b7f627e2-0817-4cd5-8d50-e75f8aa85cc6,LuminousMoth,attack-pattern--3b744087-9945-4a6f-91e8-9dbceda417a4,T1091,Replication Through Removable Media,1
intrusion-set--b7f627e2-0817-4cd5-8d50-e75f8aa85cc6,LuminousMoth,attack-pattern--e6919abc-99f9-4c6c-95a5-14761e7b2add,T1105,Ingress Tool Transfer,1
intrusion-set--b7f627e2-0817-4cd5-8d50-e75f8aa85cc6,LuminousMoth,attack-pattern--57340c81-c025-4189-8fa0-fc7ede51bae4,T1112,Modify Registry,1
intrusion-set--b7f627e2-0817-4cd5-8d50-e75f8aa85cc6,LuminousMoth,attack-pattern--ef67e13e-5598-4adc-bdb2-998225874fa9,T1204.001,Malicious Link,1
intrusion-set--b7f627e2-0817-4cd5-8d50-e75f8aa85cc6,LuminousMoth,attack-pattern--10ffac09-e42d-4f56-ab20-db94c67d76ff,T1539,Steal Web Session Cookie,1
intrusion-set--b7f627e2-0817-4cd5-8d50-e75f8aa85cc6,LuminousMoth,attack-pattern--9efb1ea7-c37b-4595-9640-b7680cd84279,T1547.001,Registry Run Keys / Startup Folder,1
intrusion-set--b7f627e2-0817-4cd5-8d50-e75f8aa85cc6,LuminousMoth,attack-pattern--32901740-b42c-4fdd-bc02-345b5dc57082,T1553.002,Code Signing,1
intrusion-set--b7f627e2-0817-4cd5-8d50-e75f8aa85cc6,LuminousMoth,attack-pattern--cabe189c-a0e3-4965-a473-dcff00f17213,T1557.002,ARP Cache Poisoning,1
intrusion-set--b7f627e2-0817-4cd5-8d50-e75f8aa85cc6,LuminousMoth,attack-pattern--53ac20cd-aca3-406e-9aa0-9fc7fdc60a5a,T1560,Archive Collected Data,1
intrusion-set--b7f627e2-0817-4cd5-8d50-e75f8aa85cc6,LuminousMoth,attack-pattern--ec8fc7e2-b356-455c-8db5-2e37be158e7d,T1564.001,Hidden Files and Directories,1
intrusion-set--b7f627e2-0817-4cd5-8d50-e75f8aa85cc6,LuminousMoth,attack-pattern--2b742742-28c3-4e1b-bab7-8350d6300fa7,T1566.002,Spearphishing Link,1
intrusion-set--b7f627e2-0817-4cd5-8d50-e75f8aa85cc6,LuminousMoth,attack-pattern--bf1b6176-597c-4600-bfcd-ac989670f96b,T1567.002,Exfiltration to Cloud Storage,1
intrusion-set--b7f627e2-0817-4cd5-8d50-e75f8aa85cc6,LuminousMoth,attack-pattern--2fee9321-3e71-4cf4-af24-d4d40d355b34,T1574.001,DLL,1
intrusion-set--b7f627e2-0817-4cd5-8d50-e75f8aa85cc6,LuminousMoth,attack-pattern--212306d8-efa4-44c9-8c2d-ed3d2e224aa0,T1587.001,Malware,1
intrusion-set--b7f627e2-0817-4cd5-8d50-e75f8aa85cc6,LuminousMoth,attack-pattern--7807d3a4-a885-4639-a786-c1ed41484970,T1588.001,Malware,1
intrusion-set--b7f627e2-0817-4cd5-8d50-e75f8aa85cc6,LuminousMoth,attack-pattern--a2fdce72-04b2-409a-ac10-cc1695f4fce0,T1588.002,Tool,1
intrusion-set--b7f627e2-0817-4cd5-8d50-e75f8aa85cc6,LuminousMoth,attack-pattern--19401639-28d0-4c3c-adcc-bc2ba22f6421,T1588.004,Digital Certificates,1
intrusion-set--b7f627e2-0817-4cd5-8d50-e75f8aa85cc6,LuminousMoth,attack-pattern--3ee16395-03f0-4690-a32e-69ce9ada0f9e,T1608.001,Upload Malware,1
intrusion-set--b7f627e2-0817-4cd5-8d50-e75f8aa85cc6,LuminousMoth,attack-pattern--31fe0ba2-62fd-4fd9-9293-4043d84f7fe9,T1608.004,Drive-by Target,1
intrusion-set--b7f627e2-0817-4cd5-8d50-e75f8aa85cc6,LuminousMoth,attack-pattern--84ae8255-b4f4-4237-b5c5-e717405a9701,T1608.005,Link Target,1
intrusion-set--38863958-a201-4ce1-9dbe-539b0b6804e0,Machete,attack-pattern--1c4e5d32-1fe9-4116-9d9d-59e3925bd6a2,T1036.005,Match Legitimate Resource Name or Location,1
intrusion-set--38863958-a201-4ce1-9dbe-539b0b6804e0,Machete,attack-pattern--005a06c6-14bf-4118-afa0-ebcd8aebb0c9,T1053.005,Scheduled Task,1
intrusion-set--38863958-a201-4ce1-9dbe-539b0b6804e0,Machete,attack-pattern--d1fcf083-a721-4223-aedf-bf8960798d62,T1059.003,Windows Command Shell,1
intrusion-set--38863958-a201-4ce1-9dbe-539b0b6804e0,Machete,attack-pattern--dfd7cc1d-e1d8-4394-a198-97c4cab8aa67,T1059.005,Visual Basic,1
intrusion-set--38863958-a201-4ce1-9dbe-539b0b6804e0,Machete,attack-pattern--cc3502b5-30cc-4473-ad48-42d51a6ef6d1,T1059.006,Python,1
intrusion-set--38863958-a201-4ce1-9dbe-539b0b6804e0,Machete,attack-pattern--d742a578-d70e-4d0e-96a6-02a9c30204e6,T1189,Drive-by Compromise,1
intrusion-set--38863958-a201-4ce1-9dbe-539b0b6804e0,Machete,attack-pattern--ef67e13e-5598-4adc-bdb2-998225874fa9,T1204.001,Malicious Link,1
intrusion-set--38863958-a201-4ce1-9dbe-539b0b6804e0,Machete,attack-pattern--232b7f21-adf9-4b42-b936-b9d6f7df856e,T1204.002,Malicious File,1
intrusion-set--38863958-a201-4ce1-9dbe-539b0b6804e0,Machete,attack-pattern--365be77f-fc0e-42ee-bac8-4faf806d9336,T1218.007,Msiexec,1
intrusion-set--38863958-a201-4ce1-9dbe-539b0b6804e0,Machete,attack-pattern--2e34237d-8574-43f6-aace-ae2915de8597,T1566.001,Spearphishing Attachment,1
intrusion-set--38863958-a201-4ce1-9dbe-539b0b6804e0,Machete,attack-pattern--2b742742-28c3-4e1b-bab7-8350d6300fa7,T1566.002,Spearphishing Link,1
intrusion-set--f9d6633a-55e6-4adc-9263-6ae080421a13,Magic Hound,attack-pattern--65f2d882-3f41-4d48-8a06-29af77ec9f90,T1003.001,LSASS Memory,1
intrusion-set--f9d6633a-55e6-4adc-9263-6ae080421a13,Magic Hound,attack-pattern--3c4a2599-71ee-4405-ba1e-0e28414b4bc5,T1005,Data from Local System,1
intrusion-set--f9d6633a-55e6-4adc-9263-6ae080421a13,Magic Hound,attack-pattern--707399d6-ab3e-4963-9315-d9d3818cd6a0,T1016,System Network Configuration Discovery,1
intrusion-set--f9d6633a-55e6-4adc-9263-6ae080421a13,Magic Hound,attack-pattern--132d5b37-aac5-4378-a8dc-3127b18a73dc,T1016.001,Internet Connection Discovery,1
intrusion-set--f9d6633a-55e6-4adc-9263-6ae080421a13,Magic Hound,attack-pattern--494ab9f0-36e0-4b06-b10d-57285b040a06,T1016.002,Wi-Fi Discovery,1
intrusion-set--f9d6633a-55e6-4adc-9263-6ae080421a13,Magic Hound,attack-pattern--e358d692-23c0-4a31-9eb6-ecc13a8d7735,T1018,Remote System Discovery,1
intrusion-set--f9d6633a-55e6-4adc-9263-6ae080421a13,Magic Hound,attack-pattern--eb062747-2193-45de-8fa2-e62549c37ddf,T1021.001,Remote Desktop Protocol,1
intrusion-set--f9d6633a-55e6-4adc-9263-6ae080421a13,Magic Hound,attack-pattern--d511a6f6-4a33-41d5-bc95-c343875d1377,T1027.010,Command Obfuscation,1
intrusion-set--f9d6633a-55e6-4adc-9263-6ae080421a13,Magic Hound,attack-pattern--0d91b3c0-5e50-47c3-949a-2a796f04d144,T1027.013,Encrypted/Encoded File,1
intrusion-set--f9d6633a-55e6-4adc-9263-6ae080421a13,Magic Hound,attack-pattern--03d7999c-1f4c-42cc-8373-e7690d318104,T1033,System Owner/User Discovery,1
intrusion-set--f9d6633a-55e6-4adc-9263-6ae080421a13,Magic Hound,attack-pattern--7bdca9d5-d500-4d7d-8c52-5fd47baf4c0c,T1036.004,Masquerade Task or Service,1
intrusion-set--f9d6633a-55e6-4adc-9263-6ae080421a13,Magic Hound,attack-pattern--1c4e5d32-1fe9-4116-9d9d-59e3925bd6a2,T1036.005,Match Legitimate Resource Name or Location,1
intrusion-set--f9d6633a-55e6-4adc-9263-6ae080421a13,Magic Hound,attack-pattern--d349c66e-18e1-4d8b-a2d7-65af7cbd2ba0,T1036.010,Masquerade Account Name,1
intrusion-set--f9d6633a-55e6-4adc-9263-6ae080421a13,Magic Hound,attack-pattern--e3a12395-188d-4051-9a16-ea8e14d07b88,T1046,Network Service Discovery,1
intrusion-set--f9d6633a-55e6-4adc-9263-6ae080421a13,Magic Hound,attack-pattern--01a5a209-b94c-450b-b7f9-946497d91055,T1047,Windows Management Instrumentation,1
intrusion-set--f9d6633a-55e6-4adc-9263-6ae080421a13,Magic Hound,attack-pattern--7e150503-88e7-4861-866b-ff1ac82c4475,T1049,System Network Connections Discovery,1
intrusion-set--f9d6633a-55e6-4adc-9263-6ae080421a13,Magic Hound,attack-pattern--005a06c6-14bf-4118-afa0-ebcd8aebb0c9,T1053.005,Scheduled Task,1
intrusion-set--f9d6633a-55e6-4adc-9263-6ae080421a13,Magic Hound,attack-pattern--09a60ea3-a8d1-4ae5-976e-5783248b72a4,T1056.001,Keylogging,1
intrusion-set--f9d6633a-55e6-4adc-9263-6ae080421a13,Magic Hound,attack-pattern--8f4a33ec-8b1f-4b80-a2f6-642b2e479580,T1057,Process Discovery,1
intrusion-set--f9d6633a-55e6-4adc-9263-6ae080421a13,Magic Hound,attack-pattern--970a3432-3237-47ad-bcca-7d8cbb217736,T1059.001,PowerShell,1
intrusion-set--f9d6633a-55e6-4adc-9263-6ae080421a13,Magic Hound,attack-pattern--d1fcf083-a721-4223-aedf-bf8960798d62,T1059.003,Windows Command Shell,1
intrusion-set--f9d6633a-55e6-4adc-9263-6ae080421a13,Magic Hound,attack-pattern--dfd7cc1d-e1d8-4394-a198-97c4cab8aa67,T1059.005,Visual Basic,1
intrusion-set--f9d6633a-55e6-4adc-9263-6ae080421a13,Magic Hound,attack-pattern--3aef9463-9a7a-43ba-8957-a867e07c1e6a,T1070.003,Clear Command History,1
intrusion-set--f9d6633a-55e6-4adc-9263-6ae080421a13,Magic Hound,attack-pattern--d63a3fb8-9452-4e9d-a60a-54be68d5998c,T1070.004,File Deletion,1
intrusion-set--f9d6633a-55e6-4adc-9263-6ae080421a13,Magic Hound,attack-pattern--355be19c-ffc9-46d5-8d50-d6a036c675b6,T1071,Application Layer Protocol,1
intrusion-set--f9d6633a-55e6-4adc-9263-6ae080421a13,Magic Hound,attack-pattern--df8b2a25-8bdf-4856-953c-a04372b1c161,T1071.001,Web Protocols,1
intrusion-set--f9d6633a-55e6-4adc-9263-6ae080421a13,Magic Hound,attack-pattern--6151cbea-819b-455a-9fa6-99a1cc58797d,T1078.001,Default Accounts,1
intrusion-set--f9d6633a-55e6-4adc-9263-6ae080421a13,Magic Hound,attack-pattern--c3d4bdd9-2cfe-4a80-9d0c-07a29ecdce8f,T1078.002,Domain Accounts,1
intrusion-set--f9d6633a-55e6-4adc-9263-6ae080421a13,Magic Hound,attack-pattern--354a7f88-63fb-41b5-a801-ce3b377b36f1,T1082,System Information Discovery,1
intrusion-set--f9d6633a-55e6-4adc-9263-6ae080421a13,Magic Hound,attack-pattern--7bc57495-ea59-4380-be31-a64af124ef18,T1083,File and Directory Discovery,1
intrusion-set--f9d6633a-55e6-4adc-9263-6ae080421a13,Magic Hound,attack-pattern--4bc31b94-045b-4752-8920-aebaebdb6470,T1087.003,Email Account,1
intrusion-set--f9d6633a-55e6-4adc-9263-6ae080421a13,Magic Hound,attack-pattern--731f4f55-b6d0-41d1-a7a9-072a66389aea,T1090,Proxy,1
intrusion-set--f9d6633a-55e6-4adc-9263-6ae080421a13,Magic Hound,attack-pattern--e74de37c-a829-446c-937d-56a44f0e9306,T1098.002,Additional Email Delegate Permissions,1
intrusion-set--f9d6633a-55e6-4adc-9263-6ae080421a13,Magic Hound,attack-pattern--3e6831b2-bf4c-4ae6-b328-2e7c6633b291,T1098.007,Additional Local or Domain Groups,1
intrusion-set--f9d6633a-55e6-4adc-9263-6ae080421a13,Magic Hound,attack-pattern--be055942-6e63-49d7-9fa1-9cb7d8a8f3f4,T1102.002,Bidirectional Communication,1
intrusion-set--f9d6633a-55e6-4adc-9263-6ae080421a13,Magic Hound,attack-pattern--e6919abc-99f9-4c6c-95a5-14761e7b2add,T1105,Ingress Tool Transfer,1
intrusion-set--f9d6633a-55e6-4adc-9263-6ae080421a13,Magic Hound,attack-pattern--57340c81-c025-4189-8fa0-fc7ede51bae4,T1112,Modify Registry,1
intrusion-set--f9d6633a-55e6-4adc-9263-6ae080421a13,Magic Hound,attack-pattern--0259baeb-9f63-4c69-bf10-eb038c390688,T1113,Screen Capture,1
intrusion-set--f9d6633a-55e6-4adc-9263-6ae080421a13,Magic Hound,attack-pattern--1608f3e1-598a-42f4-a01a-2e252e81728f,T1114,Email Collection,1
intrusion-set--f9d6633a-55e6-4adc-9263-6ae080421a13,Magic Hound,attack-pattern--1e9eb839-294b-48cc-b0d3-c45555a2a004,T1114.001,Local Email Collection,1
intrusion-set--f9d6633a-55e6-4adc-9263-6ae080421a13,Magic Hound,attack-pattern--b4694861-542c-48ea-9eb1-10d356e7140a,T1114.002,Remote Email Collection,1
intrusion-set--f9d6633a-55e6-4adc-9263-6ae080421a13,Magic Hound,attack-pattern--635cbe30-392d-4e27-978e-66774357c762,T1136.001,Local Account,1
intrusion-set--f9d6633a-55e6-4adc-9263-6ae080421a13,Magic Hound,attack-pattern--d742a578-d70e-4d0e-96a6-02a9c30204e6,T1189,Drive-by Compromise,1
intrusion-set--f9d6633a-55e6-4adc-9263-6ae080421a13,Magic Hound,attack-pattern--3f886f2a-874f-4333-b794-aa6075009b1c,T1190,Exploit Public-Facing Application,1
intrusion-set--f9d6633a-55e6-4adc-9263-6ae080421a13,Magic Hound,attack-pattern--ef67e13e-5598-4adc-bdb2-998225874fa9,T1204.001,Malicious Link,1
intrusion-set--f9d6633a-55e6-4adc-9263-6ae080421a13,Magic Hound,attack-pattern--232b7f21-adf9-4b42-b936-b9d6f7df856e,T1204.002,Malicious File,1
intrusion-set--f9d6633a-55e6-4adc-9263-6ae080421a13,Magic Hound,attack-pattern--045d0922-2310-4e60-b5e4-3302302cb3c5,T1218.011,Rundll32,1
intrusion-set--f9d6633a-55e6-4adc-9263-6ae080421a13,Magic Hound,attack-pattern--767dbf9e-df3f-45cb-8998-4903ab5f80c0,T1482,Domain Trust Discovery,1
intrusion-set--f9d6633a-55e6-4adc-9263-6ae080421a13,Magic Hound,attack-pattern--b80d107d-fa0d-4b60-9684-b0433e8bdba0,T1486,Data Encrypted for Impact,1
intrusion-set--f9d6633a-55e6-4adc-9263-6ae080421a13,Magic Hound,attack-pattern--5d0d3609-d06d-49e1-b9c9-b544e0c618cb,T1505.003,Web Shell,1
intrusion-set--f9d6633a-55e6-4adc-9263-6ae080421a13,Magic Hound,attack-pattern--9efb1ea7-c37b-4595-9640-b7680cd84279,T1547.001,Registry Run Keys / Startup Folder,1
intrusion-set--f9d6633a-55e6-4adc-9263-6ae080421a13,Magic Hound,attack-pattern--00f90846-cbd1-4fc5-9233-df5c2bf2a662,T1560.001,Archive via Utility,1
intrusion-set--f9d6633a-55e6-4adc-9263-6ae080421a13,Magic Hound,attack-pattern--cbb66055-0325-4111-aca0-40547b6ad5b0,T1564.003,Hidden Window,1
intrusion-set--f9d6633a-55e6-4adc-9263-6ae080421a13,Magic Hound,attack-pattern--2b742742-28c3-4e1b-bab7-8350d6300fa7,T1566.002,Spearphishing Link,1
intrusion-set--f9d6633a-55e6-4adc-9263-6ae080421a13,Magic Hound,attack-pattern--f6ad61ee-65f3-4bd0-a3f5-2f0accb36317,T1566.003,Spearphishing via Service,1
intrusion-set--f9d6633a-55e6-4adc-9263-6ae080421a13,Magic Hound,attack-pattern--40597f16-0963-4249-bf4c-ac93b7fb9807,T1567,Exfiltration Over Web Service,1
intrusion-set--f9d6633a-55e6-4adc-9263-6ae080421a13,Magic Hound,attack-pattern--bf90d72c-c00b-45e3-b3aa-68560560d4c5,T1570,Lateral Tool Transfer,1
intrusion-set--f9d6633a-55e6-4adc-9263-6ae080421a13,Magic Hound,attack-pattern--b18eae87-b469-4e14-b454-b171b416bc18,T1571,Non-Standard Port,1
intrusion-set--f9d6633a-55e6-4adc-9263-6ae080421a13,Magic Hound,attack-pattern--4fe28b27-b13c-453e-a386-c2ef362a573b,T1572,Protocol Tunneling,1
intrusion-set--f9d6633a-55e6-4adc-9263-6ae080421a13,Magic Hound,attack-pattern--b8902400-e6c5-4ba2-95aa-2d35b442b118,T1573,Encrypted Channel,1
intrusion-set--f9d6633a-55e6-4adc-9263-6ae080421a13,Magic Hound,attack-pattern--40f5caa0-4cb7-4117-89fc-d421bb493df3,T1583.001,Domains,1
intrusion-set--f9d6633a-55e6-4adc-9263-6ae080421a13,Magic Hound,attack-pattern--88d31120-5bc7-4ce3-a9c0-7cf147be8e54,T1583.006,Web Services,1
intrusion-set--f9d6633a-55e6-4adc-9263-6ae080421a13,Magic Hound,attack-pattern--f9cc4d06-775f-4ee1-b401-4e2cc0da30ba,T1584.001,Domains,1
intrusion-set--f9d6633a-55e6-4adc-9263-6ae080421a13,Magic Hound,attack-pattern--b1ccd744-3f78-4a0e-9bb2-2002057f7928,T1585.001,Social Media Accounts,1
intrusion-set--f9d6633a-55e6-4adc-9263-6ae080421a13,Magic Hound,attack-pattern--65013dd2-bc61-43e3-afb5-a14c4fa7437a,T1585.002,Email Accounts,1
intrusion-set--f9d6633a-55e6-4adc-9263-6ae080421a13,Magic Hound,attack-pattern--3dc8c101-d4db-4f4d-8150-1b5a76ca5f1b,T1586.002,Email Accounts,1
intrusion-set--f9d6633a-55e6-4adc-9263-6ae080421a13,Magic Hound,attack-pattern--a2fdce72-04b2-409a-ac10-cc1695f4fce0,T1588.002,Tool,1
intrusion-set--f9d6633a-55e6-4adc-9263-6ae080421a13,Magic Hound,attack-pattern--5282dd9a-d26d-4e16-88b7-7c0f4553daf4,T1589,Gather Victim Identity Information,1
intrusion-set--f9d6633a-55e6-4adc-9263-6ae080421a13,Magic Hound,attack-pattern--bc76d0a4-db11-4551-9ac4-01a469cfb161,T1589.001,Credentials,1
intrusion-set--f9d6633a-55e6-4adc-9263-6ae080421a13,Magic Hound,attack-pattern--69f897fd-12a9-4c89-ad6a-46d2f3c38262,T1589.002,Email Addresses,1
intrusion-set--f9d6633a-55e6-4adc-9263-6ae080421a13,Magic Hound,attack-pattern--0dda99f0-4701-48ca-9774-8504922e92d3,T1590.005,IP Addresses,1
intrusion-set--f9d6633a-55e6-4adc-9263-6ae080421a13,Magic Hound,attack-pattern--ed730f20-0e44-48b9-85f8-0e2adeb76867,T1591.001,Determine Physical Locations,1
intrusion-set--f9d6633a-55e6-4adc-9263-6ae080421a13,Magic Hound,attack-pattern--baf60e1a-afe5-4d31-830f-1b1ba2351884,T1592.002,Software,1
intrusion-set--f9d6633a-55e6-4adc-9263-6ae080421a13,Magic Hound,attack-pattern--5502c4e9-24ef-4d5f-8ee9-9e906c2f82c4,T1595.002,Vulnerability Scanning,1
intrusion-set--f9d6633a-55e6-4adc-9263-6ae080421a13,Magic Hound,attack-pattern--2d3f5b3c-54ca-4f4d-bb1f-849346d31230,T1598.003,Spearphishing Link,1
intrusion-set--f9d6633a-55e6-4adc-9263-6ae080421a13,Magic Hound,attack-pattern--bbde9781-60aa-4b8a-a911-895b0c1b3872,T1685,Disable or Modify Tools,1
intrusion-set--f9d6633a-55e6-4adc-9263-6ae080421a13,Magic Hound,attack-pattern--1411e6b8-80a6-4465-9909-54eaa9c67ce0,T1685.001,Disable or Modify Windows Event Log,1
intrusion-set--f9d6633a-55e6-4adc-9263-6ae080421a13,Magic Hound,attack-pattern--291ede6c-1473-454c-b614-5ac5ea63c987,T1686.003,Windows Host Firewall,1
intrusion-set--bf668120-e9a6-4017-a014-bfc0f5232656,Malteiro,attack-pattern--0d91b3c0-5e50-47c3-949a-2a796f04d144,T1027.013,Encrypted/Encoded File,1
intrusion-set--bf668120-e9a6-4017-a014-bfc0f5232656,Malteiro,attack-pattern--f4599aa0-4f85-4a32-80ea-fc39dc965945,T1055.001,Dynamic-link Library Injection,1
intrusion-set--bf668120-e9a6-4017-a014-bfc0f5232656,Malteiro,attack-pattern--dfd7cc1d-e1d8-4394-a198-97c4cab8aa67,T1059.005,Visual Basic,1
intrusion-set--bf668120-e9a6-4017-a014-bfc0f5232656,Malteiro,attack-pattern--354a7f88-63fb-41b5-a801-ce3b377b36f1,T1082,System Information Discovery,1
intrusion-set--bf668120-e9a6-4017-a014-bfc0f5232656,Malteiro,attack-pattern--3ccef7ae-cb5e-48f6-8302-897105fbf55c,T1140,Deobfuscate/Decode Files or Information,1
intrusion-set--bf668120-e9a6-4017-a014-bfc0f5232656,Malteiro,attack-pattern--232b7f21-adf9-4b42-b936-b9d6f7df856e,T1204.002,Malicious File,1
intrusion-set--bf668120-e9a6-4017-a014-bfc0f5232656,Malteiro,attack-pattern--cba37adb-d6fb-4610-b069-dd04c0643384,T1518.001,Security Software Discovery,1
intrusion-set--bf668120-e9a6-4017-a014-bfc0f5232656,Malteiro,attack-pattern--3fc9b85a-2862-4363-a64d-d692e3ffbee0,T1555,Credentials from Password Stores,1
intrusion-set--bf668120-e9a6-4017-a014-bfc0f5232656,Malteiro,attack-pattern--58a3e6aa-4453-4cc8-a51f-4befe80b31a8,T1555.003,Credentials from Web Browsers,1
intrusion-set--bf668120-e9a6-4017-a014-bfc0f5232656,Malteiro,attack-pattern--2e34237d-8574-43f6-aace-ae2915de8597,T1566.001,Spearphishing Attachment,1
intrusion-set--bf668120-e9a6-4017-a014-bfc0f5232656,Malteiro,attack-pattern--c1b68a96-3c48-49ea-a6c0-9b27359f9c19,T1614.001,System Language Discovery,1
intrusion-set--bf668120-e9a6-4017-a014-bfc0f5232656,Malteiro,attack-pattern--851e071f-208d-4c79-adc6-5974c85c78f3,T1657,Financial Theft,1
intrusion-set--918da025-04bd-48af-b6c4-f3e4d1b915eb,Medusa Group,attack-pattern--65f2d882-3f41-4d48-8a06-29af77ec9f90,T1003.001,LSASS Memory,1
intrusion-set--918da025-04bd-48af-b6c4-f3e4d1b915eb,Medusa Group,attack-pattern--edf91964-b26e-4b4a-9600-ccacd7d7df24,T1003.003,NTDS,1
intrusion-set--918da025-04bd-48af-b6c4-f3e4d1b915eb,Medusa Group,attack-pattern--707399d6-ab3e-4963-9315-d9d3818cd6a0,T1016,System Network Configuration Discovery,1
intrusion-set--918da025-04bd-48af-b6c4-f3e4d1b915eb,Medusa Group,attack-pattern--e358d692-23c0-4a31-9eb6-ecc13a8d7735,T1018,Remote System Discovery,1
intrusion-set--918da025-04bd-48af-b6c4-f3e4d1b915eb,Medusa Group,attack-pattern--eb062747-2193-45de-8fa2-e62549c37ddf,T1021.001,Remote Desktop Protocol,1
intrusion-set--918da025-04bd-48af-b6c4-f3e4d1b915eb,Medusa Group,attack-pattern--deb98323-e13f-4b0c-8d94-175379069062,T1027.002,Software Packing,1
intrusion-set--918da025-04bd-48af-b6c4-f3e4d1b915eb,Medusa Group,attack-pattern--d511a6f6-4a33-41d5-bc95-c343875d1377,T1027.010,Command Obfuscation,1
intrusion-set--918da025-04bd-48af-b6c4-f3e4d1b915eb,Medusa Group,attack-pattern--03d7999c-1f4c-42cc-8373-e7690d318104,T1033,System Owner/User Discovery,1
intrusion-set--918da025-04bd-48af-b6c4-f3e4d1b915eb,Medusa Group,attack-pattern--e3a12395-188d-4051-9a16-ea8e14d07b88,T1046,Network Service Discovery,1
intrusion-set--918da025-04bd-48af-b6c4-f3e4d1b915eb,Medusa Group,attack-pattern--01a5a209-b94c-450b-b7f9-946497d91055,T1047,Windows Management Instrumentation,1
intrusion-set--918da025-04bd-48af-b6c4-f3e4d1b915eb,Medusa Group,attack-pattern--8f4a33ec-8b1f-4b80-a2f6-642b2e479580,T1057,Process Discovery,1
intrusion-set--918da025-04bd-48af-b6c4-f3e4d1b915eb,Medusa Group,attack-pattern--970a3432-3237-47ad-bcca-7d8cbb217736,T1059.001,PowerShell,1
intrusion-set--918da025-04bd-48af-b6c4-f3e4d1b915eb,Medusa Group,attack-pattern--d1fcf083-a721-4223-aedf-bf8960798d62,T1059.003,Windows Command Shell,1
intrusion-set--918da025-04bd-48af-b6c4-f3e4d1b915eb,Medusa Group,attack-pattern--2aed01ad-3df3-4410-a8cb-11ea4ded587c,T1069.002,Domain Groups,1
intrusion-set--918da025-04bd-48af-b6c4-f3e4d1b915eb,Medusa Group,attack-pattern--3aef9463-9a7a-43ba-8957-a867e07c1e6a,T1070.003,Clear Command History,1
intrusion-set--918da025-04bd-48af-b6c4-f3e4d1b915eb,Medusa Group,attack-pattern--d63a3fb8-9452-4e9d-a60a-54be68d5998c,T1070.004,File Deletion,1
intrusion-set--918da025-04bd-48af-b6c4-f3e4d1b915eb,Medusa Group,attack-pattern--df8b2a25-8bdf-4856-953c-a04372b1c161,T1071.001,Web Protocols,1
intrusion-set--918da025-04bd-48af-b6c4-f3e4d1b915eb,Medusa Group,attack-pattern--92a78814-b191-47ca-909c-1ccfe3777414,T1072,Software Deployment Tools,1
intrusion-set--918da025-04bd-48af-b6c4-f3e4d1b915eb,Medusa Group,attack-pattern--b17a1a56-e99c-403c-8948-561df0cffe81,T1078,Valid Accounts,1
intrusion-set--918da025-04bd-48af-b6c4-f3e4d1b915eb,Medusa Group,attack-pattern--354a7f88-63fb-41b5-a801-ce3b377b36f1,T1082,System Information Discovery,1
intrusion-set--918da025-04bd-48af-b6c4-f3e4d1b915eb,Medusa Group,attack-pattern--7bc57495-ea59-4380-be31-a64af124ef18,T1083,File and Directory Discovery,1
intrusion-set--918da025-04bd-48af-b6c4-f3e4d1b915eb,Medusa Group,attack-pattern--25659dd6-ea12-45c4-97e6-381e3e4b593e,T1087.001,Local Account,1
intrusion-set--918da025-04bd-48af-b6c4-f3e4d1b915eb,Medusa Group,attack-pattern--a782ebe2-daba-42c7-bc82-e8e9d923162d,T1090.003,Multi-hop Proxy,1
intrusion-set--918da025-04bd-48af-b6c4-f3e4d1b915eb,Medusa Group,attack-pattern--e6919abc-99f9-4c6c-95a5-14761e7b2add,T1105,Ingress Tool Transfer,1
intrusion-set--918da025-04bd-48af-b6c4-f3e4d1b915eb,Medusa Group,attack-pattern--391d824f-0ef1-47a0-b0ee-c59a75e27670,T1106,Native API,1
intrusion-set--918da025-04bd-48af-b6c4-f3e4d1b915eb,Medusa Group,attack-pattern--57340c81-c025-4189-8fa0-fc7ede51bae4,T1112,Modify Registry,1
intrusion-set--918da025-04bd-48af-b6c4-f3e4d1b915eb,Medusa Group,attack-pattern--3489cfc5-640f-4bb3-a103-9137b97de79f,T1135,Network Share Discovery,1
intrusion-set--918da025-04bd-48af-b6c4-f3e4d1b915eb,Medusa Group,attack-pattern--7610cada-1499-41a4-b3dd-46467b68d177,T1136.002,Domain Account,1
intrusion-set--918da025-04bd-48af-b6c4-f3e4d1b915eb,Medusa Group,attack-pattern--3f886f2a-874f-4333-b794-aa6075009b1c,T1190,Exploit Public-Facing Application,1
intrusion-set--918da025-04bd-48af-b6c4-f3e4d1b915eb,Medusa Group,attack-pattern--ffbcfdb0-de22-4106-9ed3-fc23c8a01407,T1218.014,MMC,1
intrusion-set--918da025-04bd-48af-b6c4-f3e4d1b915eb,Medusa Group,attack-pattern--4061e78c-1284-44b4-9116-73e4ac3912f7,T1219,Remote Access Tools,1
intrusion-set--918da025-04bd-48af-b6c4-f3e4d1b915eb,Medusa Group,attack-pattern--b80d107d-fa0d-4b60-9684-b0433e8bdba0,T1486,Data Encrypted for Impact,1
intrusion-set--918da025-04bd-48af-b6c4-f3e4d1b915eb,Medusa Group,attack-pattern--20fb2507-d71c-455d-9b6d-6104461cf26b,T1489,Service Stop,1
intrusion-set--918da025-04bd-48af-b6c4-f3e4d1b915eb,Medusa Group,attack-pattern--f5d8eed6-48a9-4cdf-a3d7-d1ffa99c3d2a,T1490,Inhibit System Recovery,1
intrusion-set--918da025-04bd-48af-b6c4-f3e4d1b915eb,Medusa Group,attack-pattern--5d0d3609-d06d-49e1-b9c9-b544e0c618cb,T1505.003,Web Shell,1
intrusion-set--918da025-04bd-48af-b6c4-f3e4d1b915eb,Medusa Group,attack-pattern--cba37adb-d6fb-4610-b069-dd04c0643384,T1518.001,Security Software Discovery,1
intrusion-set--918da025-04bd-48af-b6c4-f3e4d1b915eb,Medusa Group,attack-pattern--ff73aa03-0090-4464-83ac-f89e233c02bc,T1529,System Shutdown/Reboot,1
intrusion-set--918da025-04bd-48af-b6c4-f3e4d1b915eb,Medusa Group,attack-pattern--2959d63f-73fd-46a1-abd2-109d7dcede32,T1543.003,Windows Service,1
intrusion-set--918da025-04bd-48af-b6c4-f3e4d1b915eb,Medusa Group,attack-pattern--120d5519-3098-4e1c-9191-2aa61232f073,T1548.002,Bypass User Account Control,1
intrusion-set--918da025-04bd-48af-b6c4-f3e4d1b915eb,Medusa Group,attack-pattern--32901740-b42c-4fdd-bc02-345b5dc57082,T1553.002,Code Signing,1
intrusion-set--918da025-04bd-48af-b6c4-f3e4d1b915eb,Medusa Group,attack-pattern--2f6b4ed7-fef1-44ba-bcb8-1b4beb610b64,T1559.001,Component Object Model,1
intrusion-set--918da025-04bd-48af-b6c4-f3e4d1b915eb,Medusa Group,attack-pattern--cbb66055-0325-4111-aca0-40547b6ad5b0,T1564.003,Hidden Window,1
intrusion-set--918da025-04bd-48af-b6c4-f3e4d1b915eb,Medusa Group,attack-pattern--bf1b6176-597c-4600-bfcd-ac989670f96b,T1567.002,Exfiltration to Cloud Storage,1
intrusion-set--918da025-04bd-48af-b6c4-f3e4d1b915eb,Medusa Group,attack-pattern--f1951e8a-500e-4a26-8803-76d95c4554b4,T1569.002,Service Execution,1
intrusion-set--918da025-04bd-48af-b6c4-f3e4d1b915eb,Medusa Group,attack-pattern--bf90d72c-c00b-45e3-b3aa-68560560d4c5,T1570,Lateral Tool Transfer,1
intrusion-set--918da025-04bd-48af-b6c4-f3e4d1b915eb,Medusa Group,attack-pattern--bf176076-b789-408e-8cba-7275e81c0ada,T1573.002,Asymmetric Cryptography,1
intrusion-set--918da025-04bd-48af-b6c4-f3e4d1b915eb,Medusa Group,attack-pattern--88d31120-5bc7-4ce3-a9c0-7cf147be8e54,T1583.006,Web Services,1
intrusion-set--918da025-04bd-48af-b6c4-f3e4d1b915eb,Medusa Group,attack-pattern--b1ccd744-3f78-4a0e-9bb2-2002057f7928,T1585.001,Social Media Accounts,1
intrusion-set--918da025-04bd-48af-b6c4-f3e4d1b915eb,Medusa Group,attack-pattern--65013dd2-bc61-43e3-afb5-a14c4fa7437a,T1585.002,Email Accounts,1
intrusion-set--918da025-04bd-48af-b6c4-f3e4d1b915eb,Medusa Group,attack-pattern--a2fdce72-04b2-409a-ac10-cc1695f4fce0,T1588.002,Tool,1
intrusion-set--918da025-04bd-48af-b6c4-f3e4d1b915eb,Medusa Group,attack-pattern--506f6f49-7045-4156-9007-7474cb44ad6d,T1608.002,Upload Tool,1
intrusion-set--918da025-04bd-48af-b6c4-f3e4d1b915eb,Medusa Group,attack-pattern--d21bb61f-08ad-4dc1-b001-81ca6cb79954,T1650,Acquire Access,1
intrusion-set--918da025-04bd-48af-b6c4-f3e4d1b915eb,Medusa Group,attack-pattern--215d9700-5881-48b8-8265-6449dbb7195d,T1652,Device Driver Discovery,1
intrusion-set--918da025-04bd-48af-b6c4-f3e4d1b915eb,Medusa Group,attack-pattern--851e071f-208d-4c79-adc6-5974c85c78f3,T1657,Financial Theft,1
intrusion-set--918da025-04bd-48af-b6c4-f3e4d1b915eb,Medusa Group,attack-pattern--bbde9781-60aa-4b8a-a911-895b0c1b3872,T1685,Disable or Modify Tools,1
intrusion-set--918da025-04bd-48af-b6c4-f3e4d1b915eb,Medusa Group,attack-pattern--eec096b8-c207-43df-b6c1-11523861e452,T1686,Disable or Modify System Firewall,1
intrusion-set--918da025-04bd-48af-b6c4-f3e4d1b915eb,Medusa Group,attack-pattern--b831f51c-d22f-4724-bbab-60d056bd1150,T1690,Prevent Command History Logging,1
intrusion-set--bfc5ddb3-4dfb-4278-8928-020e1b3feddd,Metador,attack-pattern--0d91b3c0-5e50-47c3-949a-2a796f04d144,T1027.013,Encrypted/Encoded File,1
intrusion-set--bfc5ddb3-4dfb-4278-8928-020e1b3feddd,Metador,attack-pattern--d1fcf083-a721-4223-aedf-bf8960798d62,T1059.003,Windows Command Shell,1
intrusion-set--bfc5ddb3-4dfb-4278-8928-020e1b3feddd,Metador,attack-pattern--d63a3fb8-9452-4e9d-a60a-54be68d5998c,T1070.004,File Deletion,1
intrusion-set--bfc5ddb3-4dfb-4278-8928-020e1b3feddd,Metador,attack-pattern--df8b2a25-8bdf-4856-953c-a04372b1c161,T1071.001,Web Protocols,1
intrusion-set--bfc5ddb3-4dfb-4278-8928-020e1b3feddd,Metador,attack-pattern--c21d5a77-d422-4a69-acd7-2c53c1faa34b,T1095,Non-Application Layer Protocol,1
intrusion-set--bfc5ddb3-4dfb-4278-8928-020e1b3feddd,Metador,attack-pattern--e6919abc-99f9-4c6c-95a5-14761e7b2add,T1105,Ingress Tool Transfer,1
intrusion-set--bfc5ddb3-4dfb-4278-8928-020e1b3feddd,Metador,attack-pattern--910906dd-8c0a-475a-9cc1-5e029e2fad58,T1546.003,Windows Management Instrumentation Event Subscription,1
intrusion-set--bfc5ddb3-4dfb-4278-8928-020e1b3feddd,Metador,attack-pattern--7807d3a4-a885-4639-a786-c1ed41484970,T1588.001,Malware,1
intrusion-set--bfc5ddb3-4dfb-4278-8928-020e1b3feddd,Metador,attack-pattern--a2fdce72-04b2-409a-ac10-cc1695f4fce0,T1588.002,Tool,1
intrusion-set--8cf6e33b-b6ef-4a1f-a77c-0ecdde93161f,MirrorFace,attack-pattern--65f2d882-3f41-4d48-8a06-29af77ec9f90,T1003.001,LSASS Memory,1
intrusion-set--8cf6e33b-b6ef-4a1f-a77c-0ecdde93161f,MirrorFace,attack-pattern--1644e709-12d2-41e5-a60f-3470991f5011,T1003.002,Security Account Manager,1
intrusion-set--8cf6e33b-b6ef-4a1f-a77c-0ecdde93161f,MirrorFace,attack-pattern--edf91964-b26e-4b4a-9600-ccacd7d7df24,T1003.003,NTDS,1
intrusion-set--8cf6e33b-b6ef-4a1f-a77c-0ecdde93161f,MirrorFace,attack-pattern--3c4a2599-71ee-4405-ba1e-0e28414b4bc5,T1005,Data from Local System,1
intrusion-set--8cf6e33b-b6ef-4a1f-a77c-0ecdde93161f,MirrorFace,attack-pattern--322bad5a-1c49-4d23-ab79-76d641794afa,T1007,System Service Discovery,1
intrusion-set--8cf6e33b-b6ef-4a1f-a77c-0ecdde93161f,MirrorFace,attack-pattern--707399d6-ab3e-4963-9315-d9d3818cd6a0,T1016,System Network Configuration Discovery,1
intrusion-set--8cf6e33b-b6ef-4a1f-a77c-0ecdde93161f,MirrorFace,attack-pattern--e358d692-23c0-4a31-9eb6-ecc13a8d7735,T1018,Remote System Discovery,1
intrusion-set--8cf6e33b-b6ef-4a1f-a77c-0ecdde93161f,MirrorFace,attack-pattern--eb062747-2193-45de-8fa2-e62549c37ddf,T1021.001,Remote Desktop Protocol,1
intrusion-set--8cf6e33b-b6ef-4a1f-a77c-0ecdde93161f,MirrorFace,attack-pattern--4f9ca633-15c5-463c-9724-bdcd54fde541,T1021.002,SMB/Windows Admin Shares,1
intrusion-set--8cf6e33b-b6ef-4a1f-a77c-0ecdde93161f,MirrorFace,attack-pattern--0d91b3c0-5e50-47c3-949a-2a796f04d144,T1027.013,Encrypted/Encoded File,1
intrusion-set--8cf6e33b-b6ef-4a1f-a77c-0ecdde93161f,MirrorFace,attack-pattern--03d7999c-1f4c-42cc-8373-e7690d318104,T1033,System Owner/User Discovery,1
intrusion-set--8cf6e33b-b6ef-4a1f-a77c-0ecdde93161f,MirrorFace,attack-pattern--208884f1-7b83-4473-ac22-4e1cf6c41471,T1036.008,Masquerade File Type,1
intrusion-set--8cf6e33b-b6ef-4a1f-a77c-0ecdde93161f,MirrorFace,attack-pattern--01a5a209-b94c-450b-b7f9-946497d91055,T1047,Windows Management Instrumentation,1
intrusion-set--8cf6e33b-b6ef-4a1f-a77c-0ecdde93161f,MirrorFace,attack-pattern--8e350c1d-ac79-4b5c-bd4e-7476d7e84ec5,T1048.002,Exfiltration Over Asymmetric Encrypted Non-C2 Protocol,1
intrusion-set--8cf6e33b-b6ef-4a1f-a77c-0ecdde93161f,MirrorFace,attack-pattern--8f4a33ec-8b1f-4b80-a2f6-642b2e479580,T1057,Process Discovery,1
intrusion-set--8cf6e33b-b6ef-4a1f-a77c-0ecdde93161f,MirrorFace,attack-pattern--d1fcf083-a721-4223-aedf-bf8960798d62,T1059.003,Windows Command Shell,1
intrusion-set--8cf6e33b-b6ef-4a1f-a77c-0ecdde93161f,MirrorFace,attack-pattern--dfd7cc1d-e1d8-4394-a198-97c4cab8aa67,T1059.005,Visual Basic,1
intrusion-set--8cf6e33b-b6ef-4a1f-a77c-0ecdde93161f,MirrorFace,attack-pattern--d63a3fb8-9452-4e9d-a60a-54be68d5998c,T1070.004,File Deletion,1
intrusion-set--8cf6e33b-b6ef-4a1f-a77c-0ecdde93161f,MirrorFace,attack-pattern--9a60a291-8960-4387-8a4a-2ab5c18bb50b,T1071.002,File Transfer Protocols,1
intrusion-set--8cf6e33b-b6ef-4a1f-a77c-0ecdde93161f,MirrorFace,attack-pattern--359b00ad-9425-420b-bba5-6de8d600cbc0,T1074.002,Remote Data Staging,1
intrusion-set--8cf6e33b-b6ef-4a1f-a77c-0ecdde93161f,MirrorFace,attack-pattern--354a7f88-63fb-41b5-a801-ce3b377b36f1,T1082,System Information Discovery,1
intrusion-set--8cf6e33b-b6ef-4a1f-a77c-0ecdde93161f,MirrorFace,attack-pattern--7bc57495-ea59-4380-be31-a64af124ef18,T1083,File and Directory Discovery,1
intrusion-set--8cf6e33b-b6ef-4a1f-a77c-0ecdde93161f,MirrorFace,attack-pattern--21875073-b0ee-49e3-9077-1e2a885359af,T1087.002,Domain Account,1
intrusion-set--8cf6e33b-b6ef-4a1f-a77c-0ecdde93161f,MirrorFace,attack-pattern--731f4f55-b6d0-41d1-a7a9-072a66389aea,T1090,Proxy,1
intrusion-set--8cf6e33b-b6ef-4a1f-a77c-0ecdde93161f,MirrorFace,attack-pattern--1e9eb839-294b-48cc-b0d3-c45555a2a004,T1114.001,Local Email Collection,1
intrusion-set--8cf6e33b-b6ef-4a1f-a77c-0ecdde93161f,MirrorFace,attack-pattern--3f886f2a-874f-4333-b794-aa6075009b1c,T1190,Exploit Public-Facing Application,1
intrusion-set--8cf6e33b-b6ef-4a1f-a77c-0ecdde93161f,MirrorFace,attack-pattern--232b7f21-adf9-4b42-b936-b9d6f7df856e,T1204.002,Malicious File,1
intrusion-set--8cf6e33b-b6ef-4a1f-a77c-0ecdde93161f,MirrorFace,attack-pattern--dc31fe1e-d722-49da-8f5f-92c7b5aff534,T1221,Template Injection,1
intrusion-set--8cf6e33b-b6ef-4a1f-a77c-0ecdde93161f,MirrorFace,attack-pattern--767dbf9e-df3f-45cb-8998-4903ab5f80c0,T1482,Domain Trust Discovery,1
intrusion-set--8cf6e33b-b6ef-4a1f-a77c-0ecdde93161f,MirrorFace,attack-pattern--32901740-b42c-4fdd-bc02-345b5dc57082,T1553.002,Code Signing,1
intrusion-set--8cf6e33b-b6ef-4a1f-a77c-0ecdde93161f,MirrorFace,attack-pattern--3731fbcd-0e43-47ae-ae6c-d15e510f0d42,T1556.002,Password Filter DLL,1
intrusion-set--8cf6e33b-b6ef-4a1f-a77c-0ecdde93161f,MirrorFace,attack-pattern--00f90846-cbd1-4fc5-9233-df5c2bf2a662,T1560.001,Archive via Utility,1
intrusion-set--8cf6e33b-b6ef-4a1f-a77c-0ecdde93161f,MirrorFace,attack-pattern--2e34237d-8574-43f6-aace-ae2915de8597,T1566.001,Spearphishing Attachment,1
intrusion-set--8cf6e33b-b6ef-4a1f-a77c-0ecdde93161f,MirrorFace,attack-pattern--2b742742-28c3-4e1b-bab7-8350d6300fa7,T1566.002,Spearphishing Link,1
intrusion-set--8cf6e33b-b6ef-4a1f-a77c-0ecdde93161f,MirrorFace,attack-pattern--2fee9321-3e71-4cf4-af24-d4d40d355b34,T1574.001,DLL,1
intrusion-set--8cf6e33b-b6ef-4a1f-a77c-0ecdde93161f,MirrorFace,attack-pattern--212306d8-efa4-44c9-8c2d-ed3d2e224aa0,T1587.001,Malware,1
intrusion-set--8cf6e33b-b6ef-4a1f-a77c-0ecdde93161f,MirrorFace,attack-pattern--a2fdce72-04b2-409a-ac10-cc1695f4fce0,T1588.002,Tool,1
intrusion-set--8cf6e33b-b6ef-4a1f-a77c-0ecdde93161f,MirrorFace,attack-pattern--937e4772-8441-4e4a-8bf0-8d447d667e23,T1591,Gather Victim Org Information,1
intrusion-set--8cf6e33b-b6ef-4a1f-a77c-0ecdde93161f,MirrorFace,attack-pattern--c1b68a96-3c48-49ea-a6c0-9b27359f9c19,T1614.001,System Language Discovery,1
intrusion-set--8cf6e33b-b6ef-4a1f-a77c-0ecdde93161f,MirrorFace,attack-pattern--cd92d2b8-ce43-4666-9472-f1b4b9f4f8be,T1684.001,Impersonation,1
intrusion-set--8cf6e33b-b6ef-4a1f-a77c-0ecdde93161f,MirrorFace,attack-pattern--bbde9781-60aa-4b8a-a911-895b0c1b3872,T1685,Disable or Modify Tools,1
intrusion-set--8cf6e33b-b6ef-4a1f-a77c-0ecdde93161f,MirrorFace,attack-pattern--75b9a4d2-d4e2-4ca1-9aab-1badd9e05fd0,T1685.005,Clear Windows Event Logs,1
intrusion-set--8cf6e33b-b6ef-4a1f-a77c-0ecdde93161f,MirrorFace,attack-pattern--291ede6c-1473-454c-b614-5ac5ea63c987,T1686.003,Windows Host Firewall,1
intrusion-set--2e5d3a83-fe00-41a5-9b60-237efc84832f,Moafee,attack-pattern--5bfccc3f-2326-4112-86cc-c1ece9d8a2b5,T1027.001,Binary Padding,1
intrusion-set--88489675-d216-4884-a98f-49a89fcc1643,Mofang,attack-pattern--0d91b3c0-5e50-47c3-949a-2a796f04d144,T1027.013,Encrypted/Encoded File,1
intrusion-set--88489675-d216-4884-a98f-49a89fcc1643,Mofang,attack-pattern--fbd91bfc-75c2-4f0c-8116-3b4e722906b3,T1027.015,Compression,1
intrusion-set--88489675-d216-4884-a98f-49a89fcc1643,Mofang,attack-pattern--ef67e13e-5598-4adc-bdb2-998225874fa9,T1204.001,Malicious Link,1
intrusion-set--88489675-d216-4884-a98f-49a89fcc1643,Mofang,attack-pattern--232b7f21-adf9-4b42-b936-b9d6f7df856e,T1204.002,Malicious File,1
intrusion-set--88489675-d216-4884-a98f-49a89fcc1643,Mofang,attack-pattern--2e34237d-8574-43f6-aace-ae2915de8597,T1566.001,Spearphishing Attachment,1
intrusion-set--88489675-d216-4884-a98f-49a89fcc1643,Mofang,attack-pattern--2b742742-28c3-4e1b-bab7-8350d6300fa7,T1566.002,Spearphishing Link,1
intrusion-set--df71bb3b-813c-45eb-a8bc-f2a419837411,Molerats,attack-pattern--fbd91bfc-75c2-4f0c-8116-3b4e722906b3,T1027.015,Compression,1
intrusion-set--df71bb3b-813c-45eb-a8bc-f2a419837411,Molerats,attack-pattern--005a06c6-14bf-4118-afa0-ebcd8aebb0c9,T1053.005,Scheduled Task,1
intrusion-set--df71bb3b-813c-45eb-a8bc-f2a419837411,Molerats,attack-pattern--8f4a33ec-8b1f-4b80-a2f6-642b2e479580,T1057,Process Discovery,1
intrusion-set--df71bb3b-813c-45eb-a8bc-f2a419837411,Molerats,attack-pattern--970a3432-3237-47ad-bcca-7d8cbb217736,T1059.001,PowerShell,1
intrusion-set--df71bb3b-813c-45eb-a8bc-f2a419837411,Molerats,attack-pattern--dfd7cc1d-e1d8-4394-a198-97c4cab8aa67,T1059.005,Visual Basic,1
intrusion-set--df71bb3b-813c-45eb-a8bc-f2a419837411,Molerats,attack-pattern--0f4a0c76-ab2d-4cb0-85d3-3f0efb8cba0d,T1059.007,JavaScript,1
intrusion-set--df71bb3b-813c-45eb-a8bc-f2a419837411,Molerats,attack-pattern--e6919abc-99f9-4c6c-95a5-14761e7b2add,T1105,Ingress Tool Transfer,1
intrusion-set--df71bb3b-813c-45eb-a8bc-f2a419837411,Molerats,attack-pattern--3ccef7ae-cb5e-48f6-8302-897105fbf55c,T1140,Deobfuscate/Decode Files or Information,1
intrusion-set--df71bb3b-813c-45eb-a8bc-f2a419837411,Molerats,attack-pattern--ef67e13e-5598-4adc-bdb2-998225874fa9,T1204.001,Malicious Link,1
intrusion-set--df71bb3b-813c-45eb-a8bc-f2a419837411,Molerats,attack-pattern--232b7f21-adf9-4b42-b936-b9d6f7df856e,T1204.002,Malicious File,1
intrusion-set--df71bb3b-813c-45eb-a8bc-f2a419837411,Molerats,attack-pattern--365be77f-fc0e-42ee-bac8-4faf806d9336,T1218.007,Msiexec,1
intrusion-set--df71bb3b-813c-45eb-a8bc-f2a419837411,Molerats,attack-pattern--9efb1ea7-c37b-4595-9640-b7680cd84279,T1547.001,Registry Run Keys / Startup Folder,1
intrusion-set--df71bb3b-813c-45eb-a8bc-f2a419837411,Molerats,attack-pattern--32901740-b42c-4fdd-bc02-345b5dc57082,T1553.002,Code Signing,1
intrusion-set--df71bb3b-813c-45eb-a8bc-f2a419837411,Molerats,attack-pattern--58a3e6aa-4453-4cc8-a51f-4befe80b31a8,T1555.003,Credentials from Web Browsers,1
intrusion-set--df71bb3b-813c-45eb-a8bc-f2a419837411,Molerats,attack-pattern--2e34237d-8574-43f6-aace-ae2915de8597,T1566.001,Spearphishing Attachment,1
intrusion-set--df71bb3b-813c-45eb-a8bc-f2a419837411,Molerats,attack-pattern--2b742742-28c3-4e1b-bab7-8350d6300fa7,T1566.002,Spearphishing Link,1
intrusion-set--e6db1e55-b199-4b6b-8633-989345ee45e0,Moonstone Sleet,attack-pattern--65f2d882-3f41-4d48-8a06-29af77ec9f90,T1003.001,LSASS Memory,1
intrusion-set--e6db1e55-b199-4b6b-8633-989345ee45e0,Moonstone Sleet,attack-pattern--707399d6-ab3e-4963-9315-d9d3818cd6a0,T1016,System Network Configuration Discovery,1
intrusion-set--e6db1e55-b199-4b6b-8633-989345ee45e0,Moonstone Sleet,attack-pattern--b3d682b6-98f2-4fb0-aa3b-b4df007ca70a,T1027,Obfuscated Files or Information,1
intrusion-set--e6db1e55-b199-4b6b-8633-989345ee45e0,Moonstone Sleet,attack-pattern--0533ab23-3f7d-463f-9bd8-634d27e4dee1,T1027.009,Embedded Payloads,1
intrusion-set--e6db1e55-b199-4b6b-8633-989345ee45e0,Moonstone Sleet,attack-pattern--0d91b3c0-5e50-47c3-949a-2a796f04d144,T1027.013,Encrypted/Encoded File,1
intrusion-set--e6db1e55-b199-4b6b-8633-989345ee45e0,Moonstone Sleet,attack-pattern--03d7999c-1f4c-42cc-8373-e7690d318104,T1033,System Owner/User Discovery,1
intrusion-set--e6db1e55-b199-4b6b-8633-989345ee45e0,Moonstone Sleet,attack-pattern--005a06c6-14bf-4118-afa0-ebcd8aebb0c9,T1053.005,Scheduled Task,1
intrusion-set--e6db1e55-b199-4b6b-8633-989345ee45e0,Moonstone Sleet,attack-pattern--df8b2a25-8bdf-4856-953c-a04372b1c161,T1071.001,Web Protocols,1
intrusion-set--e6db1e55-b199-4b6b-8633-989345ee45e0,Moonstone Sleet,attack-pattern--354a7f88-63fb-41b5-a801-ce3b377b36f1,T1082,System Information Discovery,1
intrusion-set--e6db1e55-b199-4b6b-8633-989345ee45e0,Moonstone Sleet,attack-pattern--e6919abc-99f9-4c6c-95a5-14761e7b2add,T1105,Ingress Tool Transfer,1
intrusion-set--e6db1e55-b199-4b6b-8633-989345ee45e0,Moonstone Sleet,attack-pattern--3ccef7ae-cb5e-48f6-8302-897105fbf55c,T1140,Deobfuscate/Decode Files or Information,1
intrusion-set--e6db1e55-b199-4b6b-8633-989345ee45e0,Moonstone Sleet,attack-pattern--bd369cd9-abb8-41ce-b5bb-fff23ee86c00,T1195.002,Compromise Software Supply Chain,1
intrusion-set--e6db1e55-b199-4b6b-8633-989345ee45e0,Moonstone Sleet,attack-pattern--232b7f21-adf9-4b42-b936-b9d6f7df856e,T1204.002,Malicious File,1
intrusion-set--e6db1e55-b199-4b6b-8633-989345ee45e0,Moonstone Sleet,attack-pattern--5e4a2073-9643-44cb-a0b5-e7f4048446c7,T1217,Browser Information Discovery,1
intrusion-set--e6db1e55-b199-4b6b-8633-989345ee45e0,Moonstone Sleet,attack-pattern--b80d107d-fa0d-4b60-9684-b0433e8bdba0,T1486,Data Encrypted for Impact,1
intrusion-set--e6db1e55-b199-4b6b-8633-989345ee45e0,Moonstone Sleet,attack-pattern--9efb1ea7-c37b-4595-9640-b7680cd84279,T1547.001,Registry Run Keys / Startup Folder,1
intrusion-set--e6db1e55-b199-4b6b-8633-989345ee45e0,Moonstone Sleet,attack-pattern--2e34237d-8574-43f6-aace-ae2915de8597,T1566.001,Spearphishing Attachment,1
intrusion-set--e6db1e55-b199-4b6b-8633-989345ee45e0,Moonstone Sleet,attack-pattern--f6ad61ee-65f3-4bd0-a3f5-2f0accb36317,T1566.003,Spearphishing via Service,1
intrusion-set--e6db1e55-b199-4b6b-8633-989345ee45e0,Moonstone Sleet,attack-pattern--f1951e8a-500e-4a26-8803-76d95c4554b4,T1569.002,Service Execution,1
intrusion-set--e6db1e55-b199-4b6b-8633-989345ee45e0,Moonstone Sleet,attack-pattern--40f5caa0-4cb7-4117-89fc-d421bb493df3,T1583.001,Domains,1
intrusion-set--e6db1e55-b199-4b6b-8633-989345ee45e0,Moonstone Sleet,attack-pattern--79da0971-3147-4af6-a4f5-e8cd447cd795,T1583.003,Virtual Private Server,1
intrusion-set--e6db1e55-b199-4b6b-8633-989345ee45e0,Moonstone Sleet,attack-pattern--b1ccd744-3f78-4a0e-9bb2-2002057f7928,T1585.001,Social Media Accounts,1
intrusion-set--e6db1e55-b199-4b6b-8633-989345ee45e0,Moonstone Sleet,attack-pattern--65013dd2-bc61-43e3-afb5-a14c4fa7437a,T1585.002,Email Accounts,1
intrusion-set--e6db1e55-b199-4b6b-8633-989345ee45e0,Moonstone Sleet,attack-pattern--edadea33-549c-4ed1-9783-8f5a5853cbdf,T1587,Develop Capabilities,1
intrusion-set--e6db1e55-b199-4b6b-8633-989345ee45e0,Moonstone Sleet,attack-pattern--212306d8-efa4-44c9-8c2d-ed3d2e224aa0,T1587.001,Malware,1
intrusion-set--e6db1e55-b199-4b6b-8633-989345ee45e0,Moonstone Sleet,attack-pattern--69f897fd-12a9-4c89-ad6a-46d2f3c38262,T1589.002,Email Addresses,1
intrusion-set--e6db1e55-b199-4b6b-8633-989345ee45e0,Moonstone Sleet,attack-pattern--937e4772-8441-4e4a-8bf0-8d447d667e23,T1591,Gather Victim Org Information,1
intrusion-set--e6db1e55-b199-4b6b-8633-989345ee45e0,Moonstone Sleet,attack-pattern--cca0ccb6-a068-4574-a722-b1556f86833a,T1598,Phishing for Information,1
intrusion-set--e6db1e55-b199-4b6b-8633-989345ee45e0,Moonstone Sleet,attack-pattern--2d3f5b3c-54ca-4f4d-bb1f-849346d31230,T1598.003,Spearphishing Link,1
intrusion-set--e6db1e55-b199-4b6b-8633-989345ee45e0,Moonstone Sleet,attack-pattern--3ee16395-03f0-4690-a32e-69ce9ada0f9e,T1608.001,Upload Malware,1
intrusion-set--4c4a7846-45d5-4761-8eea-725fa989914c,Moses Staff,attack-pattern--707399d6-ab3e-4963-9315-d9d3818cd6a0,T1016,System Network Configuration Discovery,1
intrusion-set--4c4a7846-45d5-4761-8eea-725fa989914c,Moses Staff,attack-pattern--4f9ca633-15c5-463c-9724-bdcd54fde541,T1021.002,SMB/Windows Admin Shares,1
intrusion-set--4c4a7846-45d5-4761-8eea-725fa989914c,Moses Staff,attack-pattern--0d91b3c0-5e50-47c3-949a-2a796f04d144,T1027.013,Encrypted/Encoded File,1
intrusion-set--4c4a7846-45d5-4761-8eea-725fa989914c,Moses Staff,attack-pattern--354a7f88-63fb-41b5-a801-ce3b377b36f1,T1082,System Information Discovery,1
intrusion-set--4c4a7846-45d5-4761-8eea-725fa989914c,Moses Staff,attack-pattern--25659dd6-ea12-45c4-97e6-381e3e4b593e,T1087.001,Local Account,1
intrusion-set--4c4a7846-45d5-4761-8eea-725fa989914c,Moses Staff,attack-pattern--e6919abc-99f9-4c6c-95a5-14761e7b2add,T1105,Ingress Tool Transfer,1
intrusion-set--4c4a7846-45d5-4761-8eea-725fa989914c,Moses Staff,attack-pattern--3f886f2a-874f-4333-b794-aa6075009b1c,T1190,Exploit Public-Facing Application,1
intrusion-set--4c4a7846-45d5-4761-8eea-725fa989914c,Moses Staff,attack-pattern--5d0d3609-d06d-49e1-b9c9-b544e0c618cb,T1505.003,Web Shell,1
intrusion-set--4c4a7846-45d5-4761-8eea-725fa989914c,Moses Staff,attack-pattern--32901740-b42c-4fdd-bc02-345b5dc57082,T1553.002,Code Signing,1
intrusion-set--4c4a7846-45d5-4761-8eea-725fa989914c,Moses Staff,attack-pattern--212306d8-efa4-44c9-8c2d-ed3d2e224aa0,T1587.001,Malware,1
intrusion-set--4c4a7846-45d5-4761-8eea-725fa989914c,Moses Staff,attack-pattern--a2fdce72-04b2-409a-ac10-cc1695f4fce0,T1588.002,Tool,1
intrusion-set--4c4a7846-45d5-4761-8eea-725fa989914c,Moses Staff,attack-pattern--291ede6c-1473-454c-b614-5ac5ea63c987,T1686.003,Windows Host Firewall,1
intrusion-set--7251b44b-6072-476c-b8d9-a6e32c355b28,MoustachedBouncer,attack-pattern--deb98323-e13f-4b0c-8d94-175379069062,T1027.002,Software Packing,1
intrusion-set--7251b44b-6072-476c-b8d9-a6e32c355b28,MoustachedBouncer,attack-pattern--970a3432-3237-47ad-bcca-7d8cbb217736,T1059.001,PowerShell,1
intrusion-set--7251b44b-6072-476c-b8d9-a6e32c355b28,MoustachedBouncer,attack-pattern--0f4a0c76-ab2d-4cb0-85d3-3f0efb8cba0d,T1059.007,JavaScript,1
intrusion-set--7251b44b-6072-476c-b8d9-a6e32c355b28,MoustachedBouncer,attack-pattern--b21c3b2d-02e6-45b1-980b-e69051040839,T1068,Exploitation for Privilege Escalation,1
intrusion-set--7251b44b-6072-476c-b8d9-a6e32c355b28,MoustachedBouncer,attack-pattern--359b00ad-9425-420b-bba5-6de8d600cbc0,T1074.002,Remote Data Staging,1
intrusion-set--7251b44b-6072-476c-b8d9-a6e32c355b28,MoustachedBouncer,attack-pattern--731f4f55-b6d0-41d1-a7a9-072a66389aea,T1090,Proxy,1
intrusion-set--7251b44b-6072-476c-b8d9-a6e32c355b28,MoustachedBouncer,attack-pattern--0259baeb-9f63-4c69-bf10-eb038c390688,T1113,Screen Capture,1
intrusion-set--7251b44b-6072-476c-b8d9-a6e32c355b28,MoustachedBouncer,attack-pattern--43c9bc06-715b-42db-972f-52d25c09a20c,T1659,Content Injection,1
intrusion-set--269e8108-68c6-4f99-b911-14b2e765dec2,MuddyWater,attack-pattern--65f2d882-3f41-4d48-8a06-29af77ec9f90,T1003.001,LSASS Memory,1
intrusion-set--269e8108-68c6-4f99-b911-14b2e765dec2,MuddyWater,attack-pattern--1ecfdab8-7d59-4c98-95d4-dc41970f57fc,T1003.004,LSA Secrets,1
intrusion-set--269e8108-68c6-4f99-b911-14b2e765dec2,MuddyWater,attack-pattern--6add2ab5-2711-4e9d-87c8-7a0be8531530,T1003.005,Cached Domain Credentials,1
intrusion-set--269e8108-68c6-4f99-b911-14b2e765dec2,MuddyWater,attack-pattern--707399d6-ab3e-4963-9315-d9d3818cd6a0,T1016,System Network Configuration Discovery,1
intrusion-set--269e8108-68c6-4f99-b911-14b2e765dec2,MuddyWater,attack-pattern--c2e147a9-d1a8-4074-811a-d8789202d916,T1027.003,Steganography,1
intrusion-set--269e8108-68c6-4f99-b911-14b2e765dec2,MuddyWater,attack-pattern--c726e0a2-a57a-4b7b-a973-d0f013246617,T1027.004,Compile After Delivery,1
intrusion-set--269e8108-68c6-4f99-b911-14b2e765dec2,MuddyWater,attack-pattern--d511a6f6-4a33-41d5-bc95-c343875d1377,T1027.010,Command Obfuscation,1
intrusion-set--269e8108-68c6-4f99-b911-14b2e765dec2,MuddyWater,attack-pattern--03d7999c-1f4c-42cc-8373-e7690d318104,T1033,System Owner/User Discovery,1
intrusion-set--269e8108-68c6-4f99-b911-14b2e765dec2,MuddyWater,attack-pattern--1c4e5d32-1fe9-4116-9d9d-59e3925bd6a2,T1036.005,Match Legitimate Resource Name or Location,1
intrusion-set--269e8108-68c6-4f99-b911-14b2e765dec2,MuddyWater,attack-pattern--92d7da27-2d91-488e-a00c-059dc162766d,T1041,Exfiltration Over C2 Channel,1
intrusion-set--269e8108-68c6-4f99-b911-14b2e765dec2,MuddyWater,attack-pattern--01a5a209-b94c-450b-b7f9-946497d91055,T1047,Windows Management Instrumentation,1
intrusion-set--269e8108-68c6-4f99-b911-14b2e765dec2,MuddyWater,attack-pattern--7e150503-88e7-4861-866b-ff1ac82c4475,T1049,System Network Connections Discovery,1
intrusion-set--269e8108-68c6-4f99-b911-14b2e765dec2,MuddyWater,attack-pattern--005a06c6-14bf-4118-afa0-ebcd8aebb0c9,T1053.005,Scheduled Task,1
intrusion-set--269e8108-68c6-4f99-b911-14b2e765dec2,MuddyWater,attack-pattern--8f4a33ec-8b1f-4b80-a2f6-642b2e479580,T1057,Process Discovery,1
intrusion-set--269e8108-68c6-4f99-b911-14b2e765dec2,MuddyWater,attack-pattern--970a3432-3237-47ad-bcca-7d8cbb217736,T1059.001,PowerShell,1
intrusion-set--269e8108-68c6-4f99-b911-14b2e765dec2,MuddyWater,attack-pattern--d1fcf083-a721-4223-aedf-bf8960798d62,T1059.003,Windows Command Shell,1
intrusion-set--269e8108-68c6-4f99-b911-14b2e765dec2,MuddyWater,attack-pattern--dfd7cc1d-e1d8-4394-a198-97c4cab8aa67,T1059.005,Visual Basic,1
intrusion-set--269e8108-68c6-4f99-b911-14b2e765dec2,MuddyWater,attack-pattern--cc3502b5-30cc-4473-ad48-42d51a6ef6d1,T1059.006,Python,1
intrusion-set--269e8108-68c6-4f99-b911-14b2e765dec2,MuddyWater,attack-pattern--0f4a0c76-ab2d-4cb0-85d3-3f0efb8cba0d,T1059.007,JavaScript,1
intrusion-set--269e8108-68c6-4f99-b911-14b2e765dec2,MuddyWater,attack-pattern--df8b2a25-8bdf-4856-953c-a04372b1c161,T1071.001,Web Protocols,1
intrusion-set--269e8108-68c6-4f99-b911-14b2e765dec2,MuddyWater,attack-pattern--1c34f7aa-9341-4a48-bfab-af22e51aca6c,T1074.001,Local Data Staging,1
intrusion-set--269e8108-68c6-4f99-b911-14b2e765dec2,MuddyWater,attack-pattern--354a7f88-63fb-41b5-a801-ce3b377b36f1,T1082,System Information Discovery,1
intrusion-set--269e8108-68c6-4f99-b911-14b2e765dec2,MuddyWater,attack-pattern--7bc57495-ea59-4380-be31-a64af124ef18,T1083,File and Directory Discovery,1
intrusion-set--269e8108-68c6-4f99-b911-14b2e765dec2,MuddyWater,attack-pattern--21875073-b0ee-49e3-9077-1e2a885359af,T1087.002,Domain Account,1
intrusion-set--269e8108-68c6-4f99-b911-14b2e765dec2,MuddyWater,attack-pattern--731f4f55-b6d0-41d1-a7a9-072a66389aea,T1090,Proxy,1
intrusion-set--269e8108-68c6-4f99-b911-14b2e765dec2,MuddyWater,attack-pattern--69b8fd78-40e8-4600-ae4d-662c9d7afdb3,T1090.002,External Proxy,1
intrusion-set--269e8108-68c6-4f99-b911-14b2e765dec2,MuddyWater,attack-pattern--be055942-6e63-49d7-9fa1-9cb7d8a8f3f4,T1102.002,Bidirectional Communication,1
intrusion-set--269e8108-68c6-4f99-b911-14b2e765dec2,MuddyWater,attack-pattern--84e02621-8fdf-470f-bd58-993bb6a89d91,T1104,Multi-Stage Channels,1
intrusion-set--269e8108-68c6-4f99-b911-14b2e765dec2,MuddyWater,attack-pattern--e6919abc-99f9-4c6c-95a5-14761e7b2add,T1105,Ingress Tool Transfer,1
intrusion-set--269e8108-68c6-4f99-b911-14b2e765dec2,MuddyWater,attack-pattern--0259baeb-9f63-4c69-bf10-eb038c390688,T1113,Screen Capture,1
intrusion-set--269e8108-68c6-4f99-b911-14b2e765dec2,MuddyWater,attack-pattern--04fd5427-79c7-44ea-ae13-11b24778ff1c,T1132.001,Standard Encoding,1
intrusion-set--269e8108-68c6-4f99-b911-14b2e765dec2,MuddyWater,attack-pattern--79a47ad0-fc3b-4821-9f01-a026b1ddba21,T1137.001,Office Template Macros,1
intrusion-set--269e8108-68c6-4f99-b911-14b2e765dec2,MuddyWater,attack-pattern--3ccef7ae-cb5e-48f6-8302-897105fbf55c,T1140,Deobfuscate/Decode Files or Information,1
intrusion-set--269e8108-68c6-4f99-b911-14b2e765dec2,MuddyWater,attack-pattern--3f886f2a-874f-4333-b794-aa6075009b1c,T1190,Exploit Public-Facing Application,1
intrusion-set--269e8108-68c6-4f99-b911-14b2e765dec2,MuddyWater,attack-pattern--be2dcee9-a7a7-4e38-afd6-21b31ecc3d63,T1203,Exploitation for Client Execution,1
intrusion-set--269e8108-68c6-4f99-b911-14b2e765dec2,MuddyWater,attack-pattern--ef67e13e-5598-4adc-bdb2-998225874fa9,T1204.001,Malicious Link,1
intrusion-set--269e8108-68c6-4f99-b911-14b2e765dec2,MuddyWater,attack-pattern--232b7f21-adf9-4b42-b936-b9d6f7df856e,T1204.002,Malicious File,1
intrusion-set--269e8108-68c6-4f99-b911-14b2e765dec2,MuddyWater,attack-pattern--e261a979-f354-41a8-963e-6cadac27c4bf,T1204.004,Malicious Copy and Paste,1
intrusion-set--269e8108-68c6-4f99-b911-14b2e765dec2,MuddyWater,attack-pattern--9db0cf3a-a3c9-4012-8268-123b9db6fd82,T1210,Exploitation of Remote Services,1
intrusion-set--269e8108-68c6-4f99-b911-14b2e765dec2,MuddyWater,attack-pattern--4cbc6a62-9e34-4f94-8a19-5c1a11392a49,T1218.003,CMSTP,1
intrusion-set--269e8108-68c6-4f99-b911-14b2e765dec2,MuddyWater,attack-pattern--840a987a-99bd-4a80-a5c9-0cb2baa6cade,T1218.005,Mshta,1
intrusion-set--269e8108-68c6-4f99-b911-14b2e765dec2,MuddyWater,attack-pattern--045d0922-2310-4e60-b5e4-3302302cb3c5,T1218.011,Rundll32,1
intrusion-set--269e8108-68c6-4f99-b911-14b2e765dec2,MuddyWater,attack-pattern--d4287702-e2f7-4946-bdfa-2c7f5aaa5032,T1219.002,Remote Desktop Software,1
intrusion-set--269e8108-68c6-4f99-b911-14b2e765dec2,MuddyWater,attack-pattern--e3b6daca-e963-4a69-aee6-ed4fd653ad58,T1518,Software Discovery,1
intrusion-set--269e8108-68c6-4f99-b911-14b2e765dec2,MuddyWater,attack-pattern--cba37adb-d6fb-4610-b069-dd04c0643384,T1518.001,Security Software Discovery,1
intrusion-set--269e8108-68c6-4f99-b911-14b2e765dec2,MuddyWater,attack-pattern--9e7452df-5144-4b6e-b04a-b66dd4016747,T1534,Internal Spearphishing,1
intrusion-set--269e8108-68c6-4f99-b911-14b2e765dec2,MuddyWater,attack-pattern--9efb1ea7-c37b-4595-9640-b7680cd84279,T1547.001,Registry Run Keys / Startup Folder,1
intrusion-set--269e8108-68c6-4f99-b911-14b2e765dec2,MuddyWater,attack-pattern--120d5519-3098-4e1c-9191-2aa61232f073,T1548.002,Bypass User Account Control,1
intrusion-set--269e8108-68c6-4f99-b911-14b2e765dec2,MuddyWater,attack-pattern--837f9164-50af-4ac0-8219-379d8a74cefc,T1552.001,Credentials In Files,1
intrusion-set--269e8108-68c6-4f99-b911-14b2e765dec2,MuddyWater,attack-pattern--3fc9b85a-2862-4363-a64d-d692e3ffbee0,T1555,Credentials from Password Stores,1
intrusion-set--269e8108-68c6-4f99-b911-14b2e765dec2,MuddyWater,attack-pattern--58a3e6aa-4453-4cc8-a51f-4befe80b31a8,T1555.003,Credentials from Web Browsers,1
intrusion-set--269e8108-68c6-4f99-b911-14b2e765dec2,MuddyWater,attack-pattern--2f6b4ed7-fef1-44ba-bcb8-1b4beb610b64,T1559.001,Component Object Model,1
intrusion-set--269e8108-68c6-4f99-b911-14b2e765dec2,MuddyWater,attack-pattern--232a7e42-cd6e-4902-8fe9-2960f529dd4d,T1559.002,Dynamic Data Exchange,1
intrusion-set--269e8108-68c6-4f99-b911-14b2e765dec2,MuddyWater,attack-pattern--00f90846-cbd1-4fc5-9233-df5c2bf2a662,T1560.001,Archive via Utility,1
intrusion-set--269e8108-68c6-4f99-b911-14b2e765dec2,MuddyWater,attack-pattern--a62a8db3-f23a-4d8f-afd6-9dbc77e7813b,T1566,Phishing,1
intrusion-set--269e8108-68c6-4f99-b911-14b2e765dec2,MuddyWater,attack-pattern--2e34237d-8574-43f6-aace-ae2915de8597,T1566.001,Spearphishing Attachment,1
intrusion-set--269e8108-68c6-4f99-b911-14b2e765dec2,MuddyWater,attack-pattern--2b742742-28c3-4e1b-bab7-8350d6300fa7,T1566.002,Spearphishing Link,1
intrusion-set--269e8108-68c6-4f99-b911-14b2e765dec2,MuddyWater,attack-pattern--bf1b6176-597c-4600-bfcd-ac989670f96b,T1567.002,Exfiltration to Cloud Storage,1
intrusion-set--269e8108-68c6-4f99-b911-14b2e765dec2,MuddyWater,attack-pattern--b18eae87-b469-4e14-b454-b171b416bc18,T1571,Non-Standard Port,1
intrusion-set--269e8108-68c6-4f99-b911-14b2e765dec2,MuddyWater,attack-pattern--24bfaeba-cb0d-4525-b3dc-507c77ecec41,T1573.001,Symmetric Cryptography,1
intrusion-set--269e8108-68c6-4f99-b911-14b2e765dec2,MuddyWater,attack-pattern--2fee9321-3e71-4cf4-af24-d4d40d355b34,T1574.001,DLL,1
intrusion-set--269e8108-68c6-4f99-b911-14b2e765dec2,MuddyWater,attack-pattern--40f5caa0-4cb7-4117-89fc-d421bb493df3,T1583.001,Domains,1
intrusion-set--269e8108-68c6-4f99-b911-14b2e765dec2,MuddyWater,attack-pattern--88d31120-5bc7-4ce3-a9c0-7cf147be8e54,T1583.006,Web Services,1
intrusion-set--269e8108-68c6-4f99-b911-14b2e765dec2,MuddyWater,attack-pattern--7807d3a4-a885-4639-a786-c1ed41484970,T1588.001,Malware,1
intrusion-set--269e8108-68c6-4f99-b911-14b2e765dec2,MuddyWater,attack-pattern--a2fdce72-04b2-409a-ac10-cc1695f4fce0,T1588.002,Tool,1
intrusion-set--269e8108-68c6-4f99-b911-14b2e765dec2,MuddyWater,attack-pattern--34ab90a3-05f6-4259-8f21-621081fdaba5,T1590.004,Network Topology,1
intrusion-set--269e8108-68c6-4f99-b911-14b2e765dec2,MuddyWater,attack-pattern--cd92d2b8-ce43-4666-9472-f1b4b9f4f8be,T1684.001,Impersonation,1
intrusion-set--269e8108-68c6-4f99-b911-14b2e765dec2,MuddyWater,attack-pattern--bbde9781-60aa-4b8a-a911-895b0c1b3872,T1685,Disable or Modify Tools,1
intrusion-set--420ac20b-f2b9-42b8-aa1a-6d4b72895ca4,Mustang Panda,attack-pattern--c325b232-d5bc-4dde-a3ec-71f3db9e8adc,T1001.003,Protocol or Service Impersonation,1
intrusion-set--420ac20b-f2b9-42b8-aa1a-6d4b72895ca4,Mustang Panda,attack-pattern--0a3ead4e-6d47-4ccb-854c-a6a4f9d96b22,T1003,OS Credential Dumping,1
intrusion-set--420ac20b-f2b9-42b8-aa1a-6d4b72895ca4,Mustang Panda,attack-pattern--65f2d882-3f41-4d48-8a06-29af77ec9f90,T1003.001,LSASS Memory,1
intrusion-set--420ac20b-f2b9-42b8-aa1a-6d4b72895ca4,Mustang Panda,attack-pattern--edf91964-b26e-4b4a-9600-ccacd7d7df24,T1003.003,NTDS,1
intrusion-set--420ac20b-f2b9-42b8-aa1a-6d4b72895ca4,Mustang Panda,attack-pattern--f303a39a-6255-4b89-aecc-18c4d8ca7163,T1003.006,DCSync,1
intrusion-set--420ac20b-f2b9-42b8-aa1a-6d4b72895ca4,Mustang Panda,attack-pattern--707399d6-ab3e-4963-9315-d9d3818cd6a0,T1016,System Network Configuration Discovery,1
intrusion-set--420ac20b-f2b9-42b8-aa1a-6d4b72895ca4,Mustang Panda,attack-pattern--e358d692-23c0-4a31-9eb6-ecc13a8d7735,T1018,Remote System Discovery,1
intrusion-set--420ac20b-f2b9-42b8-aa1a-6d4b72895ca4,Mustang Panda,attack-pattern--b3d682b6-98f2-4fb0-aa3b-b4df007ca70a,T1027,Obfuscated Files or Information,1
intrusion-set--420ac20b-f2b9-42b8-aa1a-6d4b72895ca4,Mustang Panda,attack-pattern--ea4c2f9c-9df1-477c-8c42-6da1118f2ac4,T1027.007,Dynamic API Resolution,1
intrusion-set--420ac20b-f2b9-42b8-aa1a-6d4b72895ca4,Mustang Panda,attack-pattern--887274fc-2d63-4bdc-82f3-fae56d1d5fdc,T1027.012,LNK Icon Smuggling,1
intrusion-set--420ac20b-f2b9-42b8-aa1a-6d4b72895ca4,Mustang Panda,attack-pattern--671cd17f-a765-48fd-adc4-dad1941b1ae3,T1027.016,Junk Code Insertion,1
intrusion-set--420ac20b-f2b9-42b8-aa1a-6d4b72895ca4,Mustang Panda,attack-pattern--1c4e5d32-1fe9-4116-9d9d-59e3925bd6a2,T1036.005,Match Legitimate Resource Name or Location,1
intrusion-set--420ac20b-f2b9-42b8-aa1a-6d4b72895ca4,Mustang Panda,attack-pattern--11f29a39-0942-4d62-92b6-fe236cf3066e,T1036.007,Double File Extension,1
intrusion-set--420ac20b-f2b9-42b8-aa1a-6d4b72895ca4,Mustang Panda,attack-pattern--208884f1-7b83-4473-ac22-4e1cf6c41471,T1036.008,Masquerade File Type,1
intrusion-set--420ac20b-f2b9-42b8-aa1a-6d4b72895ca4,Mustang Panda,attack-pattern--92d7da27-2d91-488e-a00c-059dc162766d,T1041,Exfiltration Over C2 Channel,1
intrusion-set--420ac20b-f2b9-42b8-aa1a-6d4b72895ca4,Mustang Panda,attack-pattern--e3a12395-188d-4051-9a16-ea8e14d07b88,T1046,Network Service Discovery,1
intrusion-set--420ac20b-f2b9-42b8-aa1a-6d4b72895ca4,Mustang Panda,attack-pattern--01a5a209-b94c-450b-b7f9-946497d91055,T1047,Windows Management Instrumentation,1
intrusion-set--420ac20b-f2b9-42b8-aa1a-6d4b72895ca4,Mustang Panda,attack-pattern--fb8d023d-45be-47e9-bc51-f56bcae6435b,T1048.003,Exfiltration Over Unencrypted Non-C2 Protocol,1
intrusion-set--420ac20b-f2b9-42b8-aa1a-6d4b72895ca4,Mustang Panda,attack-pattern--7e150503-88e7-4861-866b-ff1ac82c4475,T1049,System Network Connections Discovery,1
intrusion-set--420ac20b-f2b9-42b8-aa1a-6d4b72895ca4,Mustang Panda,attack-pattern--a3e1e6c5-9c74-4fc0-a16c-a9d228c17829,T1052.001,Exfiltration over USB,1
intrusion-set--420ac20b-f2b9-42b8-aa1a-6d4b72895ca4,Mustang Panda,attack-pattern--005a06c6-14bf-4118-afa0-ebcd8aebb0c9,T1053.005,Scheduled Task,1
intrusion-set--420ac20b-f2b9-42b8-aa1a-6d4b72895ca4,Mustang Panda,attack-pattern--8f4a33ec-8b1f-4b80-a2f6-642b2e479580,T1057,Process Discovery,1
intrusion-set--420ac20b-f2b9-42b8-aa1a-6d4b72895ca4,Mustang Panda,attack-pattern--7385dfaf-6886-4229-9ecd-6fd678040830,T1059,Command and Scripting Interpreter,1
intrusion-set--420ac20b-f2b9-42b8-aa1a-6d4b72895ca4,Mustang Panda,attack-pattern--970a3432-3237-47ad-bcca-7d8cbb217736,T1059.001,PowerShell,1
intrusion-set--420ac20b-f2b9-42b8-aa1a-6d4b72895ca4,Mustang Panda,attack-pattern--d1fcf083-a721-4223-aedf-bf8960798d62,T1059.003,Windows Command Shell,1
intrusion-set--420ac20b-f2b9-42b8-aa1a-6d4b72895ca4,Mustang Panda,attack-pattern--dfd7cc1d-e1d8-4394-a198-97c4cab8aa67,T1059.005,Visual Basic,1
intrusion-set--420ac20b-f2b9-42b8-aa1a-6d4b72895ca4,Mustang Panda,attack-pattern--0f4a0c76-ab2d-4cb0-85d3-3f0efb8cba0d,T1059.007,JavaScript,1
intrusion-set--420ac20b-f2b9-42b8-aa1a-6d4b72895ca4,Mustang Panda,attack-pattern--2aed01ad-3df3-4410-a8cb-11ea4ded587c,T1069.002,Domain Groups,1
intrusion-set--420ac20b-f2b9-42b8-aa1a-6d4b72895ca4,Mustang Panda,attack-pattern--799ace7f-e227-4411-baa0-8868704f2a69,T1070,Indicator Removal,1
intrusion-set--420ac20b-f2b9-42b8-aa1a-6d4b72895ca4,Mustang Panda,attack-pattern--d63a3fb8-9452-4e9d-a60a-54be68d5998c,T1070.004,File Deletion,1
intrusion-set--420ac20b-f2b9-42b8-aa1a-6d4b72895ca4,Mustang Panda,attack-pattern--47f2d673-ca62-47e9-929b-1b0be9657611,T1070.006,Timestomp,1
intrusion-set--420ac20b-f2b9-42b8-aa1a-6d4b72895ca4,Mustang Panda,attack-pattern--df8b2a25-8bdf-4856-953c-a04372b1c161,T1071.001,Web Protocols,1
intrusion-set--420ac20b-f2b9-42b8-aa1a-6d4b72895ca4,Mustang Panda,attack-pattern--92a78814-b191-47ca-909c-1ccfe3777414,T1072,Software Deployment Tools,1
intrusion-set--420ac20b-f2b9-42b8-aa1a-6d4b72895ca4,Mustang Panda,attack-pattern--1c34f7aa-9341-4a48-bfab-af22e51aca6c,T1074.001,Local Data Staging,1
intrusion-set--420ac20b-f2b9-42b8-aa1a-6d4b72895ca4,Mustang Panda,attack-pattern--354a7f88-63fb-41b5-a801-ce3b377b36f1,T1082,System Information Discovery,1
intrusion-set--420ac20b-f2b9-42b8-aa1a-6d4b72895ca4,Mustang Panda,attack-pattern--7bc57495-ea59-4380-be31-a64af124ef18,T1083,File and Directory Discovery,1
intrusion-set--420ac20b-f2b9-42b8-aa1a-6d4b72895ca4,Mustang Panda,attack-pattern--21875073-b0ee-49e3-9077-1e2a885359af,T1087.002,Domain Account,1
intrusion-set--420ac20b-f2b9-42b8-aa1a-6d4b72895ca4,Mustang Panda,attack-pattern--3b744087-9945-4a6f-91e8-9dbceda417a4,T1091,Replication Through Removable Media,1
intrusion-set--420ac20b-f2b9-42b8-aa1a-6d4b72895ca4,Mustang Panda,attack-pattern--c21d5a77-d422-4a69-acd7-2c53c1faa34b,T1095,Non-Application Layer Protocol,1
intrusion-set--420ac20b-f2b9-42b8-aa1a-6d4b72895ca4,Mustang Panda,attack-pattern--830c9528-df21-472c-8c14-a036bf17d665,T1102,Web Service,1
intrusion-set--420ac20b-f2b9-42b8-aa1a-6d4b72895ca4,Mustang Panda,attack-pattern--e6919abc-99f9-4c6c-95a5-14761e7b2add,T1105,Ingress Tool Transfer,1
intrusion-set--420ac20b-f2b9-42b8-aa1a-6d4b72895ca4,Mustang Panda,attack-pattern--391d824f-0ef1-47a0-b0ee-c59a75e27670,T1106,Native API,1
intrusion-set--420ac20b-f2b9-42b8-aa1a-6d4b72895ca4,Mustang Panda,attack-pattern--30208d3e-0d6b-43c8-883e-44462a514619,T1119,Automated Collection,1
intrusion-set--420ac20b-f2b9-42b8-aa1a-6d4b72895ca4,Mustang Panda,attack-pattern--0a5231ec-41af-4a35-83d0-6bdf11f28c65,T1129,Shared Modules,1
intrusion-set--420ac20b-f2b9-42b8-aa1a-6d4b72895ca4,Mustang Panda,attack-pattern--3ccef7ae-cb5e-48f6-8302-897105fbf55c,T1140,Deobfuscate/Decode Files or Information,1
intrusion-set--420ac20b-f2b9-42b8-aa1a-6d4b72895ca4,Mustang Panda,attack-pattern--66b34be7-6915-4b83-8d5a-b0f0592b5e41,T1176.002,IDE Extensions,1
intrusion-set--420ac20b-f2b9-42b8-aa1a-6d4b72895ca4,Mustang Panda,attack-pattern--be2dcee9-a7a7-4e38-afd6-21b31ecc3d63,T1203,Exploitation for Client Execution,1
intrusion-set--420ac20b-f2b9-42b8-aa1a-6d4b72895ca4,Mustang Panda,attack-pattern--ef67e13e-5598-4adc-bdb2-998225874fa9,T1204.001,Malicious Link,1
intrusion-set--420ac20b-f2b9-42b8-aa1a-6d4b72895ca4,Mustang Panda,attack-pattern--232b7f21-adf9-4b42-b936-b9d6f7df856e,T1204.002,Malicious File,1
intrusion-set--420ac20b-f2b9-42b8-aa1a-6d4b72895ca4,Mustang Panda,attack-pattern--451a9977-d255-43c9-b431-66de80130c8c,T1205,Traffic Signaling,1
intrusion-set--420ac20b-f2b9-42b8-aa1a-6d4b72895ca4,Mustang Panda,attack-pattern--2cd950a6-16c4-404a-aa01-044322395107,T1218.004,InstallUtil,1
intrusion-set--420ac20b-f2b9-42b8-aa1a-6d4b72895ca4,Mustang Panda,attack-pattern--840a987a-99bd-4a80-a5c9-0cb2baa6cade,T1218.005,Mshta,1
intrusion-set--420ac20b-f2b9-42b8-aa1a-6d4b72895ca4,Mustang Panda,attack-pattern--77e29a47-e263-4f11-8692-e5012f44dbac,T1219.001,IDE Tunneling,1
intrusion-set--420ac20b-f2b9-42b8-aa1a-6d4b72895ca4,Mustang Panda,attack-pattern--d4287702-e2f7-4946-bdfa-2c7f5aaa5032,T1219.002,Remote Desktop Software,1
intrusion-set--420ac20b-f2b9-42b8-aa1a-6d4b72895ca4,Mustang Panda,attack-pattern--5d0d3609-d06d-49e1-b9c9-b544e0c618cb,T1505.003,Web Shell,1
intrusion-set--420ac20b-f2b9-42b8-aa1a-6d4b72895ca4,Mustang Panda,attack-pattern--e3b6daca-e963-4a69-aee6-ed4fd653ad58,T1518,Software Discovery,1
intrusion-set--420ac20b-f2b9-42b8-aa1a-6d4b72895ca4,Mustang Panda,attack-pattern--910906dd-8c0a-475a-9cc1-5e029e2fad58,T1546.003,Windows Management Instrumentation Event Subscription,1
intrusion-set--420ac20b-f2b9-42b8-aa1a-6d4b72895ca4,Mustang Panda,attack-pattern--9efb1ea7-c37b-4595-9640-b7680cd84279,T1547.001,Registry Run Keys / Startup Folder,1
intrusion-set--420ac20b-f2b9-42b8-aa1a-6d4b72895ca4,Mustang Panda,attack-pattern--32901740-b42c-4fdd-bc02-345b5dc57082,T1553.002,Code Signing,1
intrusion-set--420ac20b-f2b9-42b8-aa1a-6d4b72895ca4,Mustang Panda,attack-pattern--035bb001-ab69-4a0b-9f6c-2de8b09e1b9d,T1557,Adversary-in-the-Middle,1
intrusion-set--420ac20b-f2b9-42b8-aa1a-6d4b72895ca4,Mustang Panda,attack-pattern--00f90846-cbd1-4fc5-9233-df5c2bf2a662,T1560.001,Archive via Utility,1
intrusion-set--420ac20b-f2b9-42b8-aa1a-6d4b72895ca4,Mustang Panda,attack-pattern--143c0cbb-a297-4142-9624-87ffc778980b,T1560.003,Archive via Custom Method,1
intrusion-set--420ac20b-f2b9-42b8-aa1a-6d4b72895ca4,Mustang Panda,attack-pattern--ec8fc7e2-b356-455c-8db5-2e37be158e7d,T1564.001,Hidden Files and Directories,1
intrusion-set--420ac20b-f2b9-42b8-aa1a-6d4b72895ca4,Mustang Panda,attack-pattern--2e34237d-8574-43f6-aace-ae2915de8597,T1566.001,Spearphishing Attachment,1
intrusion-set--420ac20b-f2b9-42b8-aa1a-6d4b72895ca4,Mustang Panda,attack-pattern--2b742742-28c3-4e1b-bab7-8350d6300fa7,T1566.002,Spearphishing Link,1
intrusion-set--420ac20b-f2b9-42b8-aa1a-6d4b72895ca4,Mustang Panda,attack-pattern--bf1b6176-597c-4600-bfcd-ac989670f96b,T1567.002,Exfiltration to Cloud Storage,1
intrusion-set--420ac20b-f2b9-42b8-aa1a-6d4b72895ca4,Mustang Panda,attack-pattern--4fe28b27-b13c-453e-a386-c2ef362a573b,T1572,Protocol Tunneling,1
intrusion-set--420ac20b-f2b9-42b8-aa1a-6d4b72895ca4,Mustang Panda,attack-pattern--24bfaeba-cb0d-4525-b3dc-507c77ecec41,T1573.001,Symmetric Cryptography,1
intrusion-set--420ac20b-f2b9-42b8-aa1a-6d4b72895ca4,Mustang Panda,attack-pattern--2fee9321-3e71-4cf4-af24-d4d40d355b34,T1574.001,DLL,1
intrusion-set--420ac20b-f2b9-42b8-aa1a-6d4b72895ca4,Mustang Panda,attack-pattern--70d81154-b187-45f9-8ec5-295d01255979,T1574.005,Executable Installer File Permissions Weakness,1
intrusion-set--420ac20b-f2b9-42b8-aa1a-6d4b72895ca4,Mustang Panda,attack-pattern--40f5caa0-4cb7-4117-89fc-d421bb493df3,T1583.001,Domains,1
intrusion-set--420ac20b-f2b9-42b8-aa1a-6d4b72895ca4,Mustang Panda,attack-pattern--88d31120-5bc7-4ce3-a9c0-7cf147be8e54,T1583.006,Web Services,1
intrusion-set--420ac20b-f2b9-42b8-aa1a-6d4b72895ca4,Mustang Panda,attack-pattern--65013dd2-bc61-43e3-afb5-a14c4fa7437a,T1585.002,Email Accounts,1
intrusion-set--420ac20b-f2b9-42b8-aa1a-6d4b72895ca4,Mustang Panda,attack-pattern--3dc8c101-d4db-4f4d-8150-1b5a76ca5f1b,T1586.002,Email Accounts,1
intrusion-set--420ac20b-f2b9-42b8-aa1a-6d4b72895ca4,Mustang Panda,attack-pattern--212306d8-efa4-44c9-8c2d-ed3d2e224aa0,T1587.001,Malware,1
intrusion-set--420ac20b-f2b9-42b8-aa1a-6d4b72895ca4,Mustang Panda,attack-pattern--a2fdce72-04b2-409a-ac10-cc1695f4fce0,T1588.002,Tool,1
intrusion-set--420ac20b-f2b9-42b8-aa1a-6d4b72895ca4,Mustang Panda,attack-pattern--e7cbc1de-1f79-48ee-abfd-da1241c65a15,T1588.003,Code Signing Certificates,1
intrusion-set--420ac20b-f2b9-42b8-aa1a-6d4b72895ca4,Mustang Panda,attack-pattern--19401639-28d0-4c3c-adcc-bc2ba22f6421,T1588.004,Digital Certificates,1
intrusion-set--420ac20b-f2b9-42b8-aa1a-6d4b72895ca4,Mustang Panda,attack-pattern--a0e6614a-7740-4b24-bd65-f1bde09fc365,T1593,Search Open Websites/Domains,1
intrusion-set--420ac20b-f2b9-42b8-aa1a-6d4b72895ca4,Mustang Panda,attack-pattern--2d3f5b3c-54ca-4f4d-bb1f-849346d31230,T1598.003,Spearphishing Link,1
intrusion-set--420ac20b-f2b9-42b8-aa1a-6d4b72895ca4,Mustang Panda,attack-pattern--84771bc3-f6a0-403e-b144-01af70e5fda0,T1608,Stage Capabilities,1
intrusion-set--420ac20b-f2b9-42b8-aa1a-6d4b72895ca4,Mustang Panda,attack-pattern--3ee16395-03f0-4690-a32e-69ce9ada0f9e,T1608.001,Upload Malware,1
intrusion-set--420ac20b-f2b9-42b8-aa1a-6d4b72895ca4,Mustang Panda,attack-pattern--e4dc8c01-417f-458d-9ee0-bb0617c1b391,T1622,Debugger Evasion,1
intrusion-set--420ac20b-f2b9-42b8-aa1a-6d4b72895ca4,Mustang Panda,attack-pattern--866d0d6d-02c6-42bd-aa2f-02907fdc0969,T1654,Log Enumeration,1
intrusion-set--420ac20b-f2b9-42b8-aa1a-6d4b72895ca4,Mustang Panda,attack-pattern--a1df809c-7d0e-459f-8fe5-25474bab770b,T1678,Delay Execution,1
intrusion-set--0d4ac089-ced4-4cc4-a989-174d08e6d030,Mustard Tempest,attack-pattern--1c4e5d32-1fe9-4116-9d9d-59e3925bd6a2,T1036.005,Match Legitimate Resource Name or Location,1
intrusion-set--0d4ac089-ced4-4cc4-a989-174d08e6d030,Mustard Tempest,attack-pattern--354a7f88-63fb-41b5-a801-ce3b377b36f1,T1082,System Information Discovery,1
intrusion-set--0d4ac089-ced4-4cc4-a989-174d08e6d030,Mustard Tempest,attack-pattern--e6919abc-99f9-4c6c-95a5-14761e7b2add,T1105,Ingress Tool Transfer,1
intrusion-set--0d4ac089-ced4-4cc4-a989-174d08e6d030,Mustard Tempest,attack-pattern--d742a578-d70e-4d0e-96a6-02a9c30204e6,T1189,Drive-by Compromise,1
intrusion-set--0d4ac089-ced4-4cc4-a989-174d08e6d030,Mustard Tempest,attack-pattern--ef67e13e-5598-4adc-bdb2-998225874fa9,T1204.001,Malicious Link,1
intrusion-set--0d4ac089-ced4-4cc4-a989-174d08e6d030,Mustard Tempest,attack-pattern--2b742742-28c3-4e1b-bab7-8350d6300fa7,T1566.002,Spearphishing Link,1
intrusion-set--0d4ac089-ced4-4cc4-a989-174d08e6d030,Mustard Tempest,attack-pattern--60c4b628-4807-4b0b-bbf5-fdac8643c337,T1583.004,Server,1
intrusion-set--0d4ac089-ced4-4cc4-a989-174d08e6d030,Mustard Tempest,attack-pattern--155207c0-7f53-4f13-a06b-0a9907ef5096,T1583.008,Malvertising,1
intrusion-set--0d4ac089-ced4-4cc4-a989-174d08e6d030,Mustard Tempest,attack-pattern--f9cc4d06-775f-4ee1-b401-4e2cc0da30ba,T1584.001,Domains,1
intrusion-set--0d4ac089-ced4-4cc4-a989-174d08e6d030,Mustard Tempest,attack-pattern--3ee16395-03f0-4690-a32e-69ce9ada0f9e,T1608.001,Upload Malware,1
intrusion-set--0d4ac089-ced4-4cc4-a989-174d08e6d030,Mustard Tempest,attack-pattern--31fe0ba2-62fd-4fd9-9293-4043d84f7fe9,T1608.004,Drive-by Target,1
intrusion-set--0d4ac089-ced4-4cc4-a989-174d08e6d030,Mustard Tempest,attack-pattern--e5d550f3-2202-4634-85f2-4a200a1d49b3,T1608.006,SEO Poisoning,1
intrusion-set--2a158b0a-7ef8-43cb-9985-bf34d1e12050,Naikon,attack-pattern--707399d6-ab3e-4963-9315-d9d3818cd6a0,T1016,System Network Configuration Discovery,1
intrusion-set--2a158b0a-7ef8-43cb-9985-bf34d1e12050,Naikon,attack-pattern--e358d692-23c0-4a31-9eb6-ecc13a8d7735,T1018,Remote System Discovery,1
intrusion-set--2a158b0a-7ef8-43cb-9985-bf34d1e12050,Naikon,attack-pattern--7bdca9d5-d500-4d7d-8c52-5fd47baf4c0c,T1036.004,Masquerade Task or Service,1
intrusion-set--2a158b0a-7ef8-43cb-9985-bf34d1e12050,Naikon,attack-pattern--1c4e5d32-1fe9-4116-9d9d-59e3925bd6a2,T1036.005,Match Legitimate Resource Name or Location,1
intrusion-set--2a158b0a-7ef8-43cb-9985-bf34d1e12050,Naikon,attack-pattern--e3a12395-188d-4051-9a16-ea8e14d07b88,T1046,Network Service Discovery,1
intrusion-set--2a158b0a-7ef8-43cb-9985-bf34d1e12050,Naikon,attack-pattern--01a5a209-b94c-450b-b7f9-946497d91055,T1047,Windows Management Instrumentation,1
intrusion-set--2a158b0a-7ef8-43cb-9985-bf34d1e12050,Naikon,attack-pattern--005a06c6-14bf-4118-afa0-ebcd8aebb0c9,T1053.005,Scheduled Task,1
intrusion-set--2a158b0a-7ef8-43cb-9985-bf34d1e12050,Naikon,attack-pattern--c3d4bdd9-2cfe-4a80-9d0c-07a29ecdce8f,T1078.002,Domain Accounts,1
intrusion-set--2a158b0a-7ef8-43cb-9985-bf34d1e12050,Naikon,attack-pattern--34f1d81d-fe88-4f97-bd3b-a3164536255d,T1137.006,Add-ins,1
intrusion-set--2a158b0a-7ef8-43cb-9985-bf34d1e12050,Naikon,attack-pattern--232b7f21-adf9-4b42-b936-b9d6f7df856e,T1204.002,Malicious File,1
intrusion-set--2a158b0a-7ef8-43cb-9985-bf34d1e12050,Naikon,attack-pattern--cba37adb-d6fb-4610-b069-dd04c0643384,T1518.001,Security Software Discovery,1
intrusion-set--2a158b0a-7ef8-43cb-9985-bf34d1e12050,Naikon,attack-pattern--9efb1ea7-c37b-4595-9640-b7680cd84279,T1547.001,Registry Run Keys / Startup Folder,1
intrusion-set--2a158b0a-7ef8-43cb-9985-bf34d1e12050,Naikon,attack-pattern--2e34237d-8574-43f6-aace-ae2915de8597,T1566.001,Spearphishing Attachment,1
intrusion-set--2a158b0a-7ef8-43cb-9985-bf34d1e12050,Naikon,attack-pattern--2fee9321-3e71-4cf4-af24-d4d40d355b34,T1574.001,DLL,1
intrusion-set--fed4f0a2-4347-4530-b0f5-6dfd49b29172,Nomadic Octopus,attack-pattern--42e8de7b-37b2-4258-905a-6897815e58e0,T1036,Masquerading,1
intrusion-set--fed4f0a2-4347-4530-b0f5-6dfd49b29172,Nomadic Octopus,attack-pattern--970a3432-3237-47ad-bcca-7d8cbb217736,T1059.001,PowerShell,1
intrusion-set--fed4f0a2-4347-4530-b0f5-6dfd49b29172,Nomadic Octopus,attack-pattern--d1fcf083-a721-4223-aedf-bf8960798d62,T1059.003,Windows Command Shell,1
intrusion-set--fed4f0a2-4347-4530-b0f5-6dfd49b29172,Nomadic Octopus,attack-pattern--e6919abc-99f9-4c6c-95a5-14761e7b2add,T1105,Ingress Tool Transfer,1
intrusion-set--fed4f0a2-4347-4530-b0f5-6dfd49b29172,Nomadic Octopus,attack-pattern--232b7f21-adf9-4b42-b936-b9d6f7df856e,T1204.002,Malicious File,1
intrusion-set--fed4f0a2-4347-4530-b0f5-6dfd49b29172,Nomadic Octopus,attack-pattern--cbb66055-0325-4111-aca0-40547b6ad5b0,T1564.003,Hidden Window,1
intrusion-set--fed4f0a2-4347-4530-b0f5-6dfd49b29172,Nomadic Octopus,attack-pattern--2e34237d-8574-43f6-aace-ae2915de8597,T1566.001,Spearphishing Attachment,1
intrusion-set--4ca1929c-7d64-4aab-b849-badbfc0c760d,OilRig,attack-pattern--65f2d882-3f41-4d48-8a06-29af77ec9f90,T1003.001,LSASS Memory,1
intrusion-set--4ca1929c-7d64-4aab-b849-badbfc0c760d,OilRig,attack-pattern--1ecfdab8-7d59-4c98-95d4-dc41970f57fc,T1003.004,LSA Secrets,1
intrusion-set--4ca1929c-7d64-4aab-b849-badbfc0c760d,OilRig,attack-pattern--6add2ab5-2711-4e9d-87c8-7a0be8531530,T1003.005,Cached Domain Credentials,1
intrusion-set--4ca1929c-7d64-4aab-b849-badbfc0c760d,OilRig,attack-pattern--3c4a2599-71ee-4405-ba1e-0e28414b4bc5,T1005,Data from Local System,1
intrusion-set--4ca1929c-7d64-4aab-b849-badbfc0c760d,OilRig,attack-pattern--322bad5a-1c49-4d23-ab79-76d641794afa,T1007,System Service Discovery,1
intrusion-set--4ca1929c-7d64-4aab-b849-badbfc0c760d,OilRig,attack-pattern--f24faf46-3b26-4dbb-98f2-63460498e433,T1008,Fallback Channels,1
intrusion-set--4ca1929c-7d64-4aab-b849-badbfc0c760d,OilRig,attack-pattern--c32f7008-9fea-41f7-8366-5eb9b74bd896,T1012,Query Registry,1
intrusion-set--4ca1929c-7d64-4aab-b849-badbfc0c760d,OilRig,attack-pattern--707399d6-ab3e-4963-9315-d9d3818cd6a0,T1016,System Network Configuration Discovery,1
intrusion-set--4ca1929c-7d64-4aab-b849-badbfc0c760d,OilRig,attack-pattern--eb062747-2193-45de-8fa2-e62549c37ddf,T1021.001,Remote Desktop Protocol,1
intrusion-set--4ca1929c-7d64-4aab-b849-badbfc0c760d,OilRig,attack-pattern--2db31dcd-54da-405d-acef-b9129b816ed6,T1021.004,SSH,1
intrusion-set--4ca1929c-7d64-4aab-b849-badbfc0c760d,OilRig,attack-pattern--1b7ba276-eedc-4951-a762-0ceea2c030ec,T1025,Data from Removable Media,1
intrusion-set--4ca1929c-7d64-4aab-b849-badbfc0c760d,OilRig,attack-pattern--b0533c6e-8fea-4788-874f-b799cacc4b92,T1027.005,Indicator Removal from Tools,1
intrusion-set--4ca1929c-7d64-4aab-b849-badbfc0c760d,OilRig,attack-pattern--0d91b3c0-5e50-47c3-949a-2a796f04d144,T1027.013,Encrypted/Encoded File,1
intrusion-set--4ca1929c-7d64-4aab-b849-badbfc0c760d,OilRig,attack-pattern--03d7999c-1f4c-42cc-8373-e7690d318104,T1033,System Owner/User Discovery,1
intrusion-set--4ca1929c-7d64-4aab-b849-badbfc0c760d,OilRig,attack-pattern--42e8de7b-37b2-4258-905a-6897815e58e0,T1036,Masquerading,1
intrusion-set--4ca1929c-7d64-4aab-b849-badbfc0c760d,OilRig,attack-pattern--1c4e5d32-1fe9-4116-9d9d-59e3925bd6a2,T1036.005,Match Legitimate Resource Name or Location,1
intrusion-set--4ca1929c-7d64-4aab-b849-badbfc0c760d,OilRig,attack-pattern--e3a12395-188d-4051-9a16-ea8e14d07b88,T1046,Network Service Discovery,1
intrusion-set--4ca1929c-7d64-4aab-b849-badbfc0c760d,OilRig,attack-pattern--01a5a209-b94c-450b-b7f9-946497d91055,T1047,Windows Management Instrumentation,1
intrusion-set--4ca1929c-7d64-4aab-b849-badbfc0c760d,OilRig,attack-pattern--fb8d023d-45be-47e9-bc51-f56bcae6435b,T1048.003,Exfiltration Over Unencrypted Non-C2 Protocol,1
intrusion-set--4ca1929c-7d64-4aab-b849-badbfc0c760d,OilRig,attack-pattern--7e150503-88e7-4861-866b-ff1ac82c4475,T1049,System Network Connections Discovery,1
intrusion-set--4ca1929c-7d64-4aab-b849-badbfc0c760d,OilRig,attack-pattern--005a06c6-14bf-4118-afa0-ebcd8aebb0c9,T1053.005,Scheduled Task,1
intrusion-set--4ca1929c-7d64-4aab-b849-badbfc0c760d,OilRig,attack-pattern--09a60ea3-a8d1-4ae5-976e-5783248b72a4,T1056.001,Keylogging,1
intrusion-set--4ca1929c-7d64-4aab-b849-badbfc0c760d,OilRig,attack-pattern--8f4a33ec-8b1f-4b80-a2f6-642b2e479580,T1057,Process Discovery,1
intrusion-set--4ca1929c-7d64-4aab-b849-badbfc0c760d,OilRig,attack-pattern--7385dfaf-6886-4229-9ecd-6fd678040830,T1059,Command and Scripting Interpreter,1
intrusion-set--4ca1929c-7d64-4aab-b849-badbfc0c760d,OilRig,attack-pattern--970a3432-3237-47ad-bcca-7d8cbb217736,T1059.001,PowerShell,1
intrusion-set--4ca1929c-7d64-4aab-b849-badbfc0c760d,OilRig,attack-pattern--d1fcf083-a721-4223-aedf-bf8960798d62,T1059.003,Windows Command Shell,1
intrusion-set--4ca1929c-7d64-4aab-b849-badbfc0c760d,OilRig,attack-pattern--dfd7cc1d-e1d8-4394-a198-97c4cab8aa67,T1059.005,Visual Basic,1
intrusion-set--4ca1929c-7d64-4aab-b849-badbfc0c760d,OilRig,attack-pattern--b21c3b2d-02e6-45b1-980b-e69051040839,T1068,Exploitation for Privilege Escalation,1
intrusion-set--4ca1929c-7d64-4aab-b849-badbfc0c760d,OilRig,attack-pattern--a01bf75f-00b2-4568-a58f-565ff9bf202b,T1069.001,Local Groups,1
intrusion-set--4ca1929c-7d64-4aab-b849-badbfc0c760d,OilRig,attack-pattern--2aed01ad-3df3-4410-a8cb-11ea4ded587c,T1069.002,Domain Groups,1
intrusion-set--4ca1929c-7d64-4aab-b849-badbfc0c760d,OilRig,attack-pattern--d63a3fb8-9452-4e9d-a60a-54be68d5998c,T1070.004,File Deletion,1
intrusion-set--4ca1929c-7d64-4aab-b849-badbfc0c760d,OilRig,attack-pattern--df8b2a25-8bdf-4856-953c-a04372b1c161,T1071.001,Web Protocols,1
intrusion-set--4ca1929c-7d64-4aab-b849-badbfc0c760d,OilRig,attack-pattern--1996eef1-ced3-4d7f-bf94-33298cabbf72,T1071.004,DNS,1
intrusion-set--4ca1929c-7d64-4aab-b849-badbfc0c760d,OilRig,attack-pattern--b17a1a56-e99c-403c-8948-561df0cffe81,T1078,Valid Accounts,1
intrusion-set--4ca1929c-7d64-4aab-b849-badbfc0c760d,OilRig,attack-pattern--c3d4bdd9-2cfe-4a80-9d0c-07a29ecdce8f,T1078.002,Domain Accounts,1
intrusion-set--4ca1929c-7d64-4aab-b849-badbfc0c760d,OilRig,attack-pattern--354a7f88-63fb-41b5-a801-ce3b377b36f1,T1082,System Information Discovery,1
intrusion-set--4ca1929c-7d64-4aab-b849-badbfc0c760d,OilRig,attack-pattern--25659dd6-ea12-45c4-97e6-381e3e4b593e,T1087.001,Local Account,1
intrusion-set--4ca1929c-7d64-4aab-b849-badbfc0c760d,OilRig,attack-pattern--21875073-b0ee-49e3-9077-1e2a885359af,T1087.002,Domain Account,1
intrusion-set--4ca1929c-7d64-4aab-b849-badbfc0c760d,OilRig,attack-pattern--e6919abc-99f9-4c6c-95a5-14761e7b2add,T1105,Ingress Tool Transfer,1
intrusion-set--4ca1929c-7d64-4aab-b849-badbfc0c760d,OilRig,attack-pattern--a93494bb-4b80-4ea1-8695-3236a49916fd,T1110,Brute Force,1
intrusion-set--4ca1929c-7d64-4aab-b849-badbfc0c760d,OilRig,attack-pattern--57340c81-c025-4189-8fa0-fc7ede51bae4,T1112,Modify Registry,1
intrusion-set--4ca1929c-7d64-4aab-b849-badbfc0c760d,OilRig,attack-pattern--0259baeb-9f63-4c69-bf10-eb038c390688,T1113,Screen Capture,1
intrusion-set--4ca1929c-7d64-4aab-b849-badbfc0c760d,OilRig,attack-pattern--30973a08-aed9-4edf-8604-9084ce1b5c4f,T1115,Clipboard Data,1
intrusion-set--4ca1929c-7d64-4aab-b849-badbfc0c760d,OilRig,attack-pattern--30208d3e-0d6b-43c8-883e-44462a514619,T1119,Automated Collection,1
intrusion-set--4ca1929c-7d64-4aab-b849-badbfc0c760d,OilRig,attack-pattern--348f1eef-964b-4eb6-bb53-69b3dcb0c643,T1120,Peripheral Device Discovery,1
intrusion-set--4ca1929c-7d64-4aab-b849-badbfc0c760d,OilRig,attack-pattern--10d51417-ee35-4589-b1ff-b6df1c334e8d,T1133,External Remote Services,1
intrusion-set--4ca1929c-7d64-4aab-b849-badbfc0c760d,OilRig,attack-pattern--bf147104-abf9-4221-95d1-e81585859441,T1137.004,Outlook Home Page,1
intrusion-set--4ca1929c-7d64-4aab-b849-badbfc0c760d,OilRig,attack-pattern--3ccef7ae-cb5e-48f6-8302-897105fbf55c,T1140,Deobfuscate/Decode Files or Information,1
intrusion-set--4ca1929c-7d64-4aab-b849-badbfc0c760d,OilRig,attack-pattern--3f18edba-28f4-4bb9-82c3-8aa60dcac5f7,T1195,Supply Chain Compromise,1
intrusion-set--4ca1929c-7d64-4aab-b849-badbfc0c760d,OilRig,attack-pattern--b6075259-dba3-44e9-87c7-e954f37ec0d5,T1201,Password Policy Discovery,1
intrusion-set--4ca1929c-7d64-4aab-b849-badbfc0c760d,OilRig,attack-pattern--be2dcee9-a7a7-4e38-afd6-21b31ecc3d63,T1203,Exploitation for Client Execution,1
intrusion-set--4ca1929c-7d64-4aab-b849-badbfc0c760d,OilRig,attack-pattern--ef67e13e-5598-4adc-bdb2-998225874fa9,T1204.001,Malicious Link,1
intrusion-set--4ca1929c-7d64-4aab-b849-badbfc0c760d,OilRig,attack-pattern--232b7f21-adf9-4b42-b936-b9d6f7df856e,T1204.002,Malicious File,1
intrusion-set--4ca1929c-7d64-4aab-b849-badbfc0c760d,OilRig,attack-pattern--a6937325-9321-4e2e-bb2b-3ed2d40b2a9d,T1218.001,Compiled HTML File,1
intrusion-set--4ca1929c-7d64-4aab-b849-badbfc0c760d,OilRig,attack-pattern--4061e78c-1284-44b4-9116-73e4ac3912f7,T1219,Remote Access Tools,1
intrusion-set--4ca1929c-7d64-4aab-b849-badbfc0c760d,OilRig,attack-pattern--29be378d-262d-4e99-b00d-852d573628e6,T1497.001,System Checks,1
intrusion-set--4ca1929c-7d64-4aab-b849-badbfc0c760d,OilRig,attack-pattern--5d0d3609-d06d-49e1-b9c9-b544e0c618cb,T1505.003,Web Shell,1
intrusion-set--4ca1929c-7d64-4aab-b849-badbfc0c760d,OilRig,attack-pattern--2959d63f-73fd-46a1-abd2-109d7dcede32,T1543.003,Windows Service,1
intrusion-set--4ca1929c-7d64-4aab-b849-badbfc0c760d,OilRig,attack-pattern--837f9164-50af-4ac0-8219-379d8a74cefc,T1552.001,Credentials In Files,1
intrusion-set--4ca1929c-7d64-4aab-b849-badbfc0c760d,OilRig,attack-pattern--32901740-b42c-4fdd-bc02-345b5dc57082,T1553.002,Code Signing,1
intrusion-set--4ca1929c-7d64-4aab-b849-badbfc0c760d,OilRig,attack-pattern--3fc9b85a-2862-4363-a64d-d692e3ffbee0,T1555,Credentials from Password Stores,1
intrusion-set--4ca1929c-7d64-4aab-b849-badbfc0c760d,OilRig,attack-pattern--58a3e6aa-4453-4cc8-a51f-4befe80b31a8,T1555.003,Credentials from Web Browsers,1
intrusion-set--4ca1929c-7d64-4aab-b849-badbfc0c760d,OilRig,attack-pattern--d336b553-5da9-46ca-98a8-0b23f49fb447,T1555.004,Windows Credential Manager,1
intrusion-set--4ca1929c-7d64-4aab-b849-badbfc0c760d,OilRig,attack-pattern--3731fbcd-0e43-47ae-ae6c-d15e510f0d42,T1556.002,Password Filter DLL,1
intrusion-set--4ca1929c-7d64-4aab-b849-badbfc0c760d,OilRig,attack-pattern--2e34237d-8574-43f6-aace-ae2915de8597,T1566.001,Spearphishing Attachment,1
intrusion-set--4ca1929c-7d64-4aab-b849-badbfc0c760d,OilRig,attack-pattern--2b742742-28c3-4e1b-bab7-8350d6300fa7,T1566.002,Spearphishing Link,1
intrusion-set--4ca1929c-7d64-4aab-b849-badbfc0c760d,OilRig,attack-pattern--f6ad61ee-65f3-4bd0-a3f5-2f0accb36317,T1566.003,Spearphishing via Service,1
intrusion-set--4ca1929c-7d64-4aab-b849-badbfc0c760d,OilRig,attack-pattern--4fe28b27-b13c-453e-a386-c2ef362a573b,T1572,Protocol Tunneling,1
intrusion-set--4ca1929c-7d64-4aab-b849-badbfc0c760d,OilRig,attack-pattern--bf176076-b789-408e-8cba-7275e81c0ada,T1573.002,Asymmetric Cryptography,1
intrusion-set--4ca1929c-7d64-4aab-b849-badbfc0c760d,OilRig,attack-pattern--40f5caa0-4cb7-4117-89fc-d421bb493df3,T1583.001,Domains,1
intrusion-set--4ca1929c-7d64-4aab-b849-badbfc0c760d,OilRig,attack-pattern--3dc8c101-d4db-4f4d-8150-1b5a76ca5f1b,T1586.002,Email Accounts,1
intrusion-set--4ca1929c-7d64-4aab-b849-badbfc0c760d,OilRig,attack-pattern--212306d8-efa4-44c9-8c2d-ed3d2e224aa0,T1587.001,Malware,1
intrusion-set--4ca1929c-7d64-4aab-b849-badbfc0c760d,OilRig,attack-pattern--a2fdce72-04b2-409a-ac10-cc1695f4fce0,T1588.002,Tool,1
intrusion-set--4ca1929c-7d64-4aab-b849-badbfc0c760d,OilRig,attack-pattern--e7cbc1de-1f79-48ee-abfd-da1241c65a15,T1588.003,Code Signing Certificates,1
intrusion-set--4ca1929c-7d64-4aab-b849-badbfc0c760d,OilRig,attack-pattern--3ee16395-03f0-4690-a32e-69ce9ada0f9e,T1608.001,Upload Malware,1
intrusion-set--4ca1929c-7d64-4aab-b849-badbfc0c760d,OilRig,attack-pattern--291ede6c-1473-454c-b614-5ac5ea63c987,T1686.003,Windows Host Firewall,1
intrusion-set--5636b7b3-d99b-4edd-aa05-ee649c1d4ef1,Orangeworm,attack-pattern--4f9ca633-15c5-463c-9724-bdcd54fde541,T1021.002,SMB/Windows Admin Shares,1
intrusion-set--5636b7b3-d99b-4edd-aa05-ee649c1d4ef1,Orangeworm,attack-pattern--df8b2a25-8bdf-4856-953c-a04372b1c161,T1071.001,Web Protocols,1
intrusion-set--f9c06633-dcff-48a1-8588-759e7cec5694,PLATINUM,attack-pattern--65f2d882-3f41-4d48-8a06-29af77ec9f90,T1003.001,LSASS Memory,1
intrusion-set--f9c06633-dcff-48a1-8588-759e7cec5694,PLATINUM,attack-pattern--42e8de7b-37b2-4258-905a-6897815e58e0,T1036,Masquerading,1
intrusion-set--f9c06633-dcff-48a1-8588-759e7cec5694,PLATINUM,attack-pattern--43e7dc91-05b2-474c-b9ac-2ed4fe101f4d,T1055,Process Injection,1
intrusion-set--f9c06633-dcff-48a1-8588-759e7cec5694,PLATINUM,attack-pattern--09a60ea3-a8d1-4ae5-976e-5783248b72a4,T1056.001,Keylogging,1
intrusion-set--f9c06633-dcff-48a1-8588-759e7cec5694,PLATINUM,attack-pattern--f5946b5e-9408-485f-a7f7-b5efc88909b6,T1056.004,Credential API Hooking,1
intrusion-set--f9c06633-dcff-48a1-8588-759e7cec5694,PLATINUM,attack-pattern--b21c3b2d-02e6-45b1-980b-e69051040839,T1068,Exploitation for Privilege Escalation,1
intrusion-set--f9c06633-dcff-48a1-8588-759e7cec5694,PLATINUM,attack-pattern--c21d5a77-d422-4a69-acd7-2c53c1faa34b,T1095,Non-Application Layer Protocol,1
intrusion-set--f9c06633-dcff-48a1-8588-759e7cec5694,PLATINUM,attack-pattern--e6919abc-99f9-4c6c-95a5-14761e7b2add,T1105,Ingress Tool Transfer,1
intrusion-set--f9c06633-dcff-48a1-8588-759e7cec5694,PLATINUM,attack-pattern--d742a578-d70e-4d0e-96a6-02a9c30204e6,T1189,Drive-by Compromise,1
intrusion-set--f9c06633-dcff-48a1-8588-759e7cec5694,PLATINUM,attack-pattern--232b7f21-adf9-4b42-b936-b9d6f7df856e,T1204.002,Malicious File,1
intrusion-set--f9c06633-dcff-48a1-8588-759e7cec5694,PLATINUM,attack-pattern--2e34237d-8574-43f6-aace-ae2915de8597,T1566.001,Spearphishing Attachment,1
intrusion-set--5f3d0238-d058-44a9-8812-3dd1b6741a8c,POLONIUM,attack-pattern--b17a1a56-e99c-403c-8948-561df0cffe81,T1078,Valid Accounts,1
intrusion-set--5f3d0238-d058-44a9-8812-3dd1b6741a8c,POLONIUM,attack-pattern--731f4f55-b6d0-41d1-a7a9-072a66389aea,T1090,Proxy,1
intrusion-set--5f3d0238-d058-44a9-8812-3dd1b6741a8c,POLONIUM,attack-pattern--be055942-6e63-49d7-9fa1-9cb7d8a8f3f4,T1102.002,Bidirectional Communication,1
intrusion-set--5f3d0238-d058-44a9-8812-3dd1b6741a8c,POLONIUM,attack-pattern--9fa07bef-9c81-421e-a8e5-ad4366c5a925,T1199,Trusted Relationship,1
intrusion-set--5f3d0238-d058-44a9-8812-3dd1b6741a8c,POLONIUM,attack-pattern--bf1b6176-597c-4600-bfcd-ac989670f96b,T1567.002,Exfiltration to Cloud Storage,1
intrusion-set--5f3d0238-d058-44a9-8812-3dd1b6741a8c,POLONIUM,attack-pattern--88d31120-5bc7-4ce3-a9c0-7cf147be8e54,T1583.006,Web Services,1
intrusion-set--5f3d0238-d058-44a9-8812-3dd1b6741a8c,POLONIUM,attack-pattern--a2fdce72-04b2-409a-ac10-cc1695f4fce0,T1588.002,Tool,1
intrusion-set--efed95ba-d7e8-47ff-8c53-99c42426ee7c,PROMETHIUM,attack-pattern--7bdca9d5-d500-4d7d-8c52-5fd47baf4c0c,T1036.004,Masquerade Task or Service,1
intrusion-set--efed95ba-d7e8-47ff-8c53-99c42426ee7c,PROMETHIUM,attack-pattern--1c4e5d32-1fe9-4116-9d9d-59e3925bd6a2,T1036.005,Match Legitimate Resource Name or Location,1
intrusion-set--efed95ba-d7e8-47ff-8c53-99c42426ee7c,PROMETHIUM,attack-pattern--fdc47f44-dd32-4b99-af5f-209f556f63c2,T1078.003,Local Accounts,1
intrusion-set--efed95ba-d7e8-47ff-8c53-99c42426ee7c,PROMETHIUM,attack-pattern--d742a578-d70e-4d0e-96a6-02a9c30204e6,T1189,Drive-by Compromise,1
intrusion-set--efed95ba-d7e8-47ff-8c53-99c42426ee7c,PROMETHIUM,attack-pattern--232b7f21-adf9-4b42-b936-b9d6f7df856e,T1204.002,Malicious File,1
intrusion-set--efed95ba-d7e8-47ff-8c53-99c42426ee7c,PROMETHIUM,attack-pattern--8868cb5b-d575-4a60-acb2-07d37389a2fd,T1205.001,Port Knocking,1
intrusion-set--efed95ba-d7e8-47ff-8c53-99c42426ee7c,PROMETHIUM,attack-pattern--2959d63f-73fd-46a1-abd2-109d7dcede32,T1543.003,Windows Service,1
intrusion-set--efed95ba-d7e8-47ff-8c53-99c42426ee7c,PROMETHIUM,attack-pattern--9efb1ea7-c37b-4595-9640-b7680cd84279,T1547.001,Registry Run Keys / Startup Folder,1
intrusion-set--efed95ba-d7e8-47ff-8c53-99c42426ee7c,PROMETHIUM,attack-pattern--32901740-b42c-4fdd-bc02-345b5dc57082,T1553.002,Code Signing,1
intrusion-set--efed95ba-d7e8-47ff-8c53-99c42426ee7c,PROMETHIUM,attack-pattern--34b3f738-bd64-40e5-a112-29b0542bc8bf,T1587.002,Code Signing Certificates,1
intrusion-set--efed95ba-d7e8-47ff-8c53-99c42426ee7c,PROMETHIUM,attack-pattern--1cec9319-743b-4840-bb65-431547bce82a,T1587.003,Digital Certificates,1
intrusion-set--17862c7d-9e60-48a0-b48e-da4dc4c3f6b0,Patchwork,attack-pattern--3c4a2599-71ee-4405-ba1e-0e28414b4bc5,T1005,Data from Local System,1
intrusion-set--17862c7d-9e60-48a0-b48e-da4dc4c3f6b0,Patchwork,attack-pattern--eb062747-2193-45de-8fa2-e62549c37ddf,T1021.001,Remote Desktop Protocol,1
intrusion-set--17862c7d-9e60-48a0-b48e-da4dc4c3f6b0,Patchwork,attack-pattern--5bfccc3f-2326-4112-86cc-c1ece9d8a2b5,T1027.001,Binary Padding,1
intrusion-set--17862c7d-9e60-48a0-b48e-da4dc4c3f6b0,Patchwork,attack-pattern--deb98323-e13f-4b0c-8d94-175379069062,T1027.002,Software Packing,1
intrusion-set--17862c7d-9e60-48a0-b48e-da4dc4c3f6b0,Patchwork,attack-pattern--b0533c6e-8fea-4788-874f-b799cacc4b92,T1027.005,Indicator Removal from Tools,1
intrusion-set--17862c7d-9e60-48a0-b48e-da4dc4c3f6b0,Patchwork,attack-pattern--d511a6f6-4a33-41d5-bc95-c343875d1377,T1027.010,Command Obfuscation,1
intrusion-set--17862c7d-9e60-48a0-b48e-da4dc4c3f6b0,Patchwork,attack-pattern--03d7999c-1f4c-42cc-8373-e7690d318104,T1033,System Owner/User Discovery,1
intrusion-set--17862c7d-9e60-48a0-b48e-da4dc4c3f6b0,Patchwork,attack-pattern--1c4e5d32-1fe9-4116-9d9d-59e3925bd6a2,T1036.005,Match Legitimate Resource Name or Location,1
intrusion-set--17862c7d-9e60-48a0-b48e-da4dc4c3f6b0,Patchwork,attack-pattern--005a06c6-14bf-4118-afa0-ebcd8aebb0c9,T1053.005,Scheduled Task,1
intrusion-set--17862c7d-9e60-48a0-b48e-da4dc4c3f6b0,Patchwork,attack-pattern--b200542e-e877-4395-875b-cf1a44537ca4,T1055.012,Process Hollowing,1
intrusion-set--17862c7d-9e60-48a0-b48e-da4dc4c3f6b0,Patchwork,attack-pattern--970a3432-3237-47ad-bcca-7d8cbb217736,T1059.001,PowerShell,1
intrusion-set--17862c7d-9e60-48a0-b48e-da4dc4c3f6b0,Patchwork,attack-pattern--d1fcf083-a721-4223-aedf-bf8960798d62,T1059.003,Windows Command Shell,1
intrusion-set--17862c7d-9e60-48a0-b48e-da4dc4c3f6b0,Patchwork,attack-pattern--dfd7cc1d-e1d8-4394-a198-97c4cab8aa67,T1059.005,Visual Basic,1
intrusion-set--17862c7d-9e60-48a0-b48e-da4dc4c3f6b0,Patchwork,attack-pattern--d63a3fb8-9452-4e9d-a60a-54be68d5998c,T1070.004,File Deletion,1
intrusion-set--17862c7d-9e60-48a0-b48e-da4dc4c3f6b0,Patchwork,attack-pattern--1c34f7aa-9341-4a48-bfab-af22e51aca6c,T1074.001,Local Data Staging,1
intrusion-set--17862c7d-9e60-48a0-b48e-da4dc4c3f6b0,Patchwork,attack-pattern--354a7f88-63fb-41b5-a801-ce3b377b36f1,T1082,System Information Discovery,1
intrusion-set--17862c7d-9e60-48a0-b48e-da4dc4c3f6b0,Patchwork,attack-pattern--7bc57495-ea59-4380-be31-a64af124ef18,T1083,File and Directory Discovery,1
intrusion-set--17862c7d-9e60-48a0-b48e-da4dc4c3f6b0,Patchwork,attack-pattern--f7827069-0bf2-4764-af4f-23fae0d181b7,T1102.001,Dead Drop Resolver,1
intrusion-set--17862c7d-9e60-48a0-b48e-da4dc4c3f6b0,Patchwork,attack-pattern--e6919abc-99f9-4c6c-95a5-14761e7b2add,T1105,Ingress Tool Transfer,1
intrusion-set--17862c7d-9e60-48a0-b48e-da4dc4c3f6b0,Patchwork,attack-pattern--57340c81-c025-4189-8fa0-fc7ede51bae4,T1112,Modify Registry,1
intrusion-set--17862c7d-9e60-48a0-b48e-da4dc4c3f6b0,Patchwork,attack-pattern--30208d3e-0d6b-43c8-883e-44462a514619,T1119,Automated Collection,1
intrusion-set--17862c7d-9e60-48a0-b48e-da4dc4c3f6b0,Patchwork,attack-pattern--04fd5427-79c7-44ea-ae13-11b24778ff1c,T1132.001,Standard Encoding,1
intrusion-set--17862c7d-9e60-48a0-b48e-da4dc4c3f6b0,Patchwork,attack-pattern--d742a578-d70e-4d0e-96a6-02a9c30204e6,T1189,Drive-by Compromise,1
intrusion-set--17862c7d-9e60-48a0-b48e-da4dc4c3f6b0,Patchwork,attack-pattern--c8e87b83-edbb-48d4-9295-4974897525b7,T1197,BITS Jobs,1
intrusion-set--17862c7d-9e60-48a0-b48e-da4dc4c3f6b0,Patchwork,attack-pattern--be2dcee9-a7a7-4e38-afd6-21b31ecc3d63,T1203,Exploitation for Client Execution,1
intrusion-set--17862c7d-9e60-48a0-b48e-da4dc4c3f6b0,Patchwork,attack-pattern--ef67e13e-5598-4adc-bdb2-998225874fa9,T1204.001,Malicious Link,1
intrusion-set--17862c7d-9e60-48a0-b48e-da4dc4c3f6b0,Patchwork,attack-pattern--232b7f21-adf9-4b42-b936-b9d6f7df856e,T1204.002,Malicious File,1
intrusion-set--17862c7d-9e60-48a0-b48e-da4dc4c3f6b0,Patchwork,attack-pattern--cba37adb-d6fb-4610-b069-dd04c0643384,T1518.001,Security Software Discovery,1
intrusion-set--17862c7d-9e60-48a0-b48e-da4dc4c3f6b0,Patchwork,attack-pattern--9efb1ea7-c37b-4595-9640-b7680cd84279,T1547.001,Registry Run Keys / Startup Folder,1
intrusion-set--17862c7d-9e60-48a0-b48e-da4dc4c3f6b0,Patchwork,attack-pattern--120d5519-3098-4e1c-9191-2aa61232f073,T1548.002,Bypass User Account Control,1
intrusion-set--17862c7d-9e60-48a0-b48e-da4dc4c3f6b0,Patchwork,attack-pattern--32901740-b42c-4fdd-bc02-345b5dc57082,T1553.002,Code Signing,1
intrusion-set--17862c7d-9e60-48a0-b48e-da4dc4c3f6b0,Patchwork,attack-pattern--58a3e6aa-4453-4cc8-a51f-4befe80b31a8,T1555.003,Credentials from Web Browsers,1
intrusion-set--17862c7d-9e60-48a0-b48e-da4dc4c3f6b0,Patchwork,attack-pattern--232a7e42-cd6e-4902-8fe9-2960f529dd4d,T1559.002,Dynamic Data Exchange,1
intrusion-set--17862c7d-9e60-48a0-b48e-da4dc4c3f6b0,Patchwork,attack-pattern--53ac20cd-aca3-406e-9aa0-9fc7fdc60a5a,T1560,Archive Collected Data,1
intrusion-set--17862c7d-9e60-48a0-b48e-da4dc4c3f6b0,Patchwork,attack-pattern--2e34237d-8574-43f6-aace-ae2915de8597,T1566.001,Spearphishing Attachment,1
intrusion-set--17862c7d-9e60-48a0-b48e-da4dc4c3f6b0,Patchwork,attack-pattern--2b742742-28c3-4e1b-bab7-8350d6300fa7,T1566.002,Spearphishing Link,1
intrusion-set--17862c7d-9e60-48a0-b48e-da4dc4c3f6b0,Patchwork,attack-pattern--2fee9321-3e71-4cf4-af24-d4d40d355b34,T1574.001,DLL,1
intrusion-set--17862c7d-9e60-48a0-b48e-da4dc4c3f6b0,Patchwork,attack-pattern--34b3f738-bd64-40e5-a112-29b0542bc8bf,T1587.002,Code Signing Certificates,1
intrusion-set--17862c7d-9e60-48a0-b48e-da4dc4c3f6b0,Patchwork,attack-pattern--a2fdce72-04b2-409a-ac10-cc1695f4fce0,T1588.002,Tool,1
intrusion-set--17862c7d-9e60-48a0-b48e-da4dc4c3f6b0,Patchwork,attack-pattern--2d3f5b3c-54ca-4f4d-bb1f-849346d31230,T1598.003,Spearphishing Link,1
intrusion-set--17862c7d-9e60-48a0-b48e-da4dc4c3f6b0,Patchwork,attack-pattern--f2514ae4-4e9b-4f26-a5ba-c4ae85fe93c3,T1680,Local Storage Discovery,1
intrusion-set--fe98767f-9df8-42b9-83c9-004b1dec8647,PittyTiger,attack-pattern--b17a1a56-e99c-403c-8948-561df0cffe81,T1078,Valid Accounts,1
intrusion-set--fe98767f-9df8-42b9-83c9-004b1dec8647,PittyTiger,attack-pattern--a2fdce72-04b2-409a-ac10-cc1695f4fce0,T1588.002,Tool,1
intrusion-set--ecbf507f-6786-4121-a4cc-0fd6a8d3a29d,Play,attack-pattern--65f2d882-3f41-4d48-8a06-29af77ec9f90,T1003.001,LSASS Memory,1
intrusion-set--ecbf507f-6786-4121-a4cc-0fd6a8d3a29d,Play,attack-pattern--707399d6-ab3e-4963-9315-d9d3818cd6a0,T1016,System Network Configuration Discovery,1
intrusion-set--ecbf507f-6786-4121-a4cc-0fd6a8d3a29d,Play,attack-pattern--e358d692-23c0-4a31-9eb6-ecc13a8d7735,T1018,Remote System Discovery,1
intrusion-set--ecbf507f-6786-4121-a4cc-0fd6a8d3a29d,Play,attack-pattern--4f9ca633-15c5-463c-9724-bdcd54fde541,T1021.002,SMB/Windows Admin Shares,1
intrusion-set--ecbf507f-6786-4121-a4cc-0fd6a8d3a29d,Play,attack-pattern--d511a6f6-4a33-41d5-bc95-c343875d1377,T1027.010,Command Obfuscation,1
intrusion-set--ecbf507f-6786-4121-a4cc-0fd6a8d3a29d,Play,attack-pattern--c3888c54-775d-4b2f-b759-75a2ececcbfd,T1030,Data Transfer Size Limits,1
intrusion-set--ecbf507f-6786-4121-a4cc-0fd6a8d3a29d,Play,attack-pattern--a19e86f8-1c0a-4fea-8407-23b73d615776,T1048,Exfiltration Over Alternative Protocol,1
intrusion-set--ecbf507f-6786-4121-a4cc-0fd6a8d3a29d,Play,attack-pattern--8f4a33ec-8b1f-4b80-a2f6-642b2e479580,T1057,Process Discovery,1
intrusion-set--ecbf507f-6786-4121-a4cc-0fd6a8d3a29d,Play,attack-pattern--970a3432-3237-47ad-bcca-7d8cbb217736,T1059.001,PowerShell,1
intrusion-set--ecbf507f-6786-4121-a4cc-0fd6a8d3a29d,Play,attack-pattern--d1fcf083-a721-4223-aedf-bf8960798d62,T1059.003,Windows Command Shell,1
intrusion-set--ecbf507f-6786-4121-a4cc-0fd6a8d3a29d,Play,attack-pattern--d63a3fb8-9452-4e9d-a60a-54be68d5998c,T1070.004,File Deletion,1
intrusion-set--ecbf507f-6786-4121-a4cc-0fd6a8d3a29d,Play,attack-pattern--b17a1a56-e99c-403c-8948-561df0cffe81,T1078,Valid Accounts,1
intrusion-set--ecbf507f-6786-4121-a4cc-0fd6a8d3a29d,Play,attack-pattern--c3d4bdd9-2cfe-4a80-9d0c-07a29ecdce8f,T1078.002,Domain Accounts,1
intrusion-set--ecbf507f-6786-4121-a4cc-0fd6a8d3a29d,Play,attack-pattern--fdc47f44-dd32-4b99-af5f-209f556f63c2,T1078.003,Local Accounts,1
intrusion-set--ecbf507f-6786-4121-a4cc-0fd6a8d3a29d,Play,attack-pattern--354a7f88-63fb-41b5-a801-ce3b377b36f1,T1082,System Information Discovery,1
intrusion-set--ecbf507f-6786-4121-a4cc-0fd6a8d3a29d,Play,attack-pattern--7bc57495-ea59-4380-be31-a64af124ef18,T1083,File and Directory Discovery,1
intrusion-set--ecbf507f-6786-4121-a4cc-0fd6a8d3a29d,Play,attack-pattern--e6919abc-99f9-4c6c-95a5-14761e7b2add,T1105,Ingress Tool Transfer,1
intrusion-set--ecbf507f-6786-4121-a4cc-0fd6a8d3a29d,Play,attack-pattern--10d51417-ee35-4589-b1ff-b6df1c334e8d,T1133,External Remote Services,1
intrusion-set--ecbf507f-6786-4121-a4cc-0fd6a8d3a29d,Play,attack-pattern--3f886f2a-874f-4333-b794-aa6075009b1c,T1190,Exploit Public-Facing Application,1
intrusion-set--ecbf507f-6786-4121-a4cc-0fd6a8d3a29d,Play,attack-pattern--cba37adb-d6fb-4610-b069-dd04c0643384,T1518.001,Security Software Discovery,1
intrusion-set--ecbf507f-6786-4121-a4cc-0fd6a8d3a29d,Play,attack-pattern--00f90846-cbd1-4fc5-9233-df5c2bf2a662,T1560.001,Archive via Utility,1
intrusion-set--ecbf507f-6786-4121-a4cc-0fd6a8d3a29d,Play,attack-pattern--212306d8-efa4-44c9-8c2d-ed3d2e224aa0,T1587.001,Malware,1
intrusion-set--ecbf507f-6786-4121-a4cc-0fd6a8d3a29d,Play,attack-pattern--a2fdce72-04b2-409a-ac10-cc1695f4fce0,T1588.002,Tool,1
intrusion-set--ecbf507f-6786-4121-a4cc-0fd6a8d3a29d,Play,attack-pattern--851e071f-208d-4c79-adc6-5974c85c78f3,T1657,Financial Theft,1
intrusion-set--ecbf507f-6786-4121-a4cc-0fd6a8d3a29d,Play,attack-pattern--bbde9781-60aa-4b8a-a911-895b0c1b3872,T1685,Disable or Modify Tools,1
intrusion-set--ecbf507f-6786-4121-a4cc-0fd6a8d3a29d,Play,attack-pattern--75b9a4d2-d4e2-4ca1-9aab-1badd9e05fd0,T1685.005,Clear Windows Event Logs,1
intrusion-set--7ecc3b4f-5cdb-457e-b55a-df376b359446,Poseidon Group,attack-pattern--0a3ead4e-6d47-4ccb-854c-a6a4f9d96b22,T1003,OS Credential Dumping,1
intrusion-set--7ecc3b4f-5cdb-457e-b55a-df376b359446,Poseidon Group,attack-pattern--322bad5a-1c49-4d23-ab79-76d641794afa,T1007,System Service Discovery,1
intrusion-set--7ecc3b4f-5cdb-457e-b55a-df376b359446,Poseidon Group,attack-pattern--1c4e5d32-1fe9-4116-9d9d-59e3925bd6a2,T1036.005,Match Legitimate Resource Name or Location,1
intrusion-set--7ecc3b4f-5cdb-457e-b55a-df376b359446,Poseidon Group,attack-pattern--7e150503-88e7-4861-866b-ff1ac82c4475,T1049,System Network Connections Discovery,1
intrusion-set--7ecc3b4f-5cdb-457e-b55a-df376b359446,Poseidon Group,attack-pattern--8f4a33ec-8b1f-4b80-a2f6-642b2e479580,T1057,Process Discovery,1
intrusion-set--7ecc3b4f-5cdb-457e-b55a-df376b359446,Poseidon Group,attack-pattern--970a3432-3237-47ad-bcca-7d8cbb217736,T1059.001,PowerShell,1
intrusion-set--7ecc3b4f-5cdb-457e-b55a-df376b359446,Poseidon Group,attack-pattern--25659dd6-ea12-45c4-97e6-381e3e4b593e,T1087.001,Local Account,1
intrusion-set--7ecc3b4f-5cdb-457e-b55a-df376b359446,Poseidon Group,attack-pattern--21875073-b0ee-49e3-9077-1e2a885359af,T1087.002,Domain Account,1
intrusion-set--5ce5392a-3a6c-4e07-9df3-9b6a9159ac45,Putter Panda,attack-pattern--0d91b3c0-5e50-47c3-949a-2a796f04d144,T1027.013,Encrypted/Encoded File,1
intrusion-set--5ce5392a-3a6c-4e07-9df3-9b6a9159ac45,Putter Panda,attack-pattern--f4599aa0-4f85-4a32-80ea-fc39dc965945,T1055.001,Dynamic-link Library Injection,1
intrusion-set--5ce5392a-3a6c-4e07-9df3-9b6a9159ac45,Putter Panda,attack-pattern--9efb1ea7-c37b-4595-9640-b7680cd84279,T1547.001,Registry Run Keys / Startup Folder,1
intrusion-set--5ce5392a-3a6c-4e07-9df3-9b6a9159ac45,Putter Panda,attack-pattern--bbde9781-60aa-4b8a-a911-895b0c1b3872,T1685,Disable or Modify Tools,1
intrusion-set--c416b28c-103b-4df1-909e-78089a7e0e5f,RTM,attack-pattern--f7827069-0bf2-4764-af4f-23fae0d181b7,T1102.001,Dead Drop Resolver,1
intrusion-set--c416b28c-103b-4df1-909e-78089a7e0e5f,RTM,attack-pattern--d742a578-d70e-4d0e-96a6-02a9c30204e6,T1189,Drive-by Compromise,1
intrusion-set--c416b28c-103b-4df1-909e-78089a7e0e5f,RTM,attack-pattern--232b7f21-adf9-4b42-b936-b9d6f7df856e,T1204.002,Malicious File,1
intrusion-set--c416b28c-103b-4df1-909e-78089a7e0e5f,RTM,attack-pattern--d4287702-e2f7-4946-bdfa-2c7f5aaa5032,T1219.002,Remote Desktop Software,1
intrusion-set--c416b28c-103b-4df1-909e-78089a7e0e5f,RTM,attack-pattern--9efb1ea7-c37b-4595-9640-b7680cd84279,T1547.001,Registry Run Keys / Startup Folder,1
intrusion-set--c416b28c-103b-4df1-909e-78089a7e0e5f,RTM,attack-pattern--2e34237d-8574-43f6-aace-ae2915de8597,T1566.001,Spearphishing Attachment,1
intrusion-set--c416b28c-103b-4df1-909e-78089a7e0e5f,RTM,attack-pattern--2fee9321-3e71-4cf4-af24-d4d40d355b34,T1574.001,DLL,1
intrusion-set--f40eb8ce-2a74-4e56-89a1-227021410142,Rancor,attack-pattern--005a06c6-14bf-4118-afa0-ebcd8aebb0c9,T1053.005,Scheduled Task,1
intrusion-set--f40eb8ce-2a74-4e56-89a1-227021410142,Rancor,attack-pattern--d1fcf083-a721-4223-aedf-bf8960798d62,T1059.003,Windows Command Shell,1
intrusion-set--f40eb8ce-2a74-4e56-89a1-227021410142,Rancor,attack-pattern--dfd7cc1d-e1d8-4394-a198-97c4cab8aa67,T1059.005,Visual Basic,1
intrusion-set--f40eb8ce-2a74-4e56-89a1-227021410142,Rancor,attack-pattern--df8b2a25-8bdf-4856-953c-a04372b1c161,T1071.001,Web Protocols,1
intrusion-set--f40eb8ce-2a74-4e56-89a1-227021410142,Rancor,attack-pattern--e6919abc-99f9-4c6c-95a5-14761e7b2add,T1105,Ingress Tool Transfer,1
intrusion-set--f40eb8ce-2a74-4e56-89a1-227021410142,Rancor,attack-pattern--232b7f21-adf9-4b42-b936-b9d6f7df856e,T1204.002,Malicious File,1
intrusion-set--f40eb8ce-2a74-4e56-89a1-227021410142,Rancor,attack-pattern--365be77f-fc0e-42ee-bac8-4faf806d9336,T1218.007,Msiexec,1
intrusion-set--f40eb8ce-2a74-4e56-89a1-227021410142,Rancor,attack-pattern--910906dd-8c0a-475a-9cc1-5e029e2fad58,T1546.003,Windows Management Instrumentation Event Subscription,1
intrusion-set--f40eb8ce-2a74-4e56-89a1-227021410142,Rancor,attack-pattern--2e34237d-8574-43f6-aace-ae2915de8597,T1566.001,Spearphishing Attachment,1
intrusion-set--82323c70-4186-4b61-94f5-b227c3b28e89,RedCurl,attack-pattern--65f2d882-3f41-4d48-8a06-29af77ec9f90,T1003.001,LSASS Memory,1
intrusion-set--82323c70-4186-4b61-94f5-b227c3b28e89,RedCurl,attack-pattern--3c4a2599-71ee-4405-ba1e-0e28414b4bc5,T1005,Data from Local System,1
intrusion-set--82323c70-4186-4b61-94f5-b227c3b28e89,RedCurl,attack-pattern--774a3188-6ba9-4dc4-879d-d54ee48a5ce9,T1020,Automated Exfiltration,1
intrusion-set--82323c70-4186-4b61-94f5-b227c3b28e89,RedCurl,attack-pattern--b3d682b6-98f2-4fb0-aa3b-b4df007ca70a,T1027,Obfuscated Files or Information,1
intrusion-set--82323c70-4186-4b61-94f5-b227c3b28e89,RedCurl,attack-pattern--1c4e5d32-1fe9-4116-9d9d-59e3925bd6a2,T1036.005,Match Legitimate Resource Name or Location,1
intrusion-set--82323c70-4186-4b61-94f5-b227c3b28e89,RedCurl,attack-pattern--ae676644-d2d2-41b7-af7e-9bed1b55898c,T1039,Data from Network Shared Drive,1
intrusion-set--82323c70-4186-4b61-94f5-b227c3b28e89,RedCurl,attack-pattern--e3a12395-188d-4051-9a16-ea8e14d07b88,T1046,Network Service Discovery,1
intrusion-set--82323c70-4186-4b61-94f5-b227c3b28e89,RedCurl,attack-pattern--005a06c6-14bf-4118-afa0-ebcd8aebb0c9,T1053.005,Scheduled Task,1
intrusion-set--82323c70-4186-4b61-94f5-b227c3b28e89,RedCurl,attack-pattern--a2029942-0a85-4947-b23c-ca434698171d,T1056.002,GUI Input Capture,1
intrusion-set--82323c70-4186-4b61-94f5-b227c3b28e89,RedCurl,attack-pattern--970a3432-3237-47ad-bcca-7d8cbb217736,T1059.001,PowerShell,1
intrusion-set--82323c70-4186-4b61-94f5-b227c3b28e89,RedCurl,attack-pattern--d1fcf083-a721-4223-aedf-bf8960798d62,T1059.003,Windows Command Shell,1
intrusion-set--82323c70-4186-4b61-94f5-b227c3b28e89,RedCurl,attack-pattern--dfd7cc1d-e1d8-4394-a198-97c4cab8aa67,T1059.005,Visual Basic,1
intrusion-set--82323c70-4186-4b61-94f5-b227c3b28e89,RedCurl,attack-pattern--cc3502b5-30cc-4473-ad48-42d51a6ef6d1,T1059.006,Python,1
intrusion-set--82323c70-4186-4b61-94f5-b227c3b28e89,RedCurl,attack-pattern--d63a3fb8-9452-4e9d-a60a-54be68d5998c,T1070.004,File Deletion,1
intrusion-set--82323c70-4186-4b61-94f5-b227c3b28e89,RedCurl,attack-pattern--df8b2a25-8bdf-4856-953c-a04372b1c161,T1071.001,Web Protocols,1
intrusion-set--82323c70-4186-4b61-94f5-b227c3b28e89,RedCurl,attack-pattern--246fd3c7-f5e3-466d-8787-4c13d9e3b61c,T1080,Taint Shared Content,1
intrusion-set--82323c70-4186-4b61-94f5-b227c3b28e89,RedCurl,attack-pattern--354a7f88-63fb-41b5-a801-ce3b377b36f1,T1082,System Information Discovery,1
intrusion-set--82323c70-4186-4b61-94f5-b227c3b28e89,RedCurl,attack-pattern--7bc57495-ea59-4380-be31-a64af124ef18,T1083,File and Directory Discovery,1
intrusion-set--82323c70-4186-4b61-94f5-b227c3b28e89,RedCurl,attack-pattern--25659dd6-ea12-45c4-97e6-381e3e4b593e,T1087.001,Local Account,1
intrusion-set--82323c70-4186-4b61-94f5-b227c3b28e89,RedCurl,attack-pattern--21875073-b0ee-49e3-9077-1e2a885359af,T1087.002,Domain Account,1
intrusion-set--82323c70-4186-4b61-94f5-b227c3b28e89,RedCurl,attack-pattern--4bc31b94-045b-4752-8920-aebaebdb6470,T1087.003,Email Account,1
intrusion-set--82323c70-4186-4b61-94f5-b227c3b28e89,RedCurl,attack-pattern--830c9528-df21-472c-8c14-a036bf17d665,T1102,Web Service,1
intrusion-set--82323c70-4186-4b61-94f5-b227c3b28e89,RedCurl,attack-pattern--1e9eb839-294b-48cc-b0d3-c45555a2a004,T1114.001,Local Email Collection,1
intrusion-set--82323c70-4186-4b61-94f5-b227c3b28e89,RedCurl,attack-pattern--30208d3e-0d6b-43c8-883e-44462a514619,T1119,Automated Collection,1
intrusion-set--82323c70-4186-4b61-94f5-b227c3b28e89,RedCurl,attack-pattern--9fa07bef-9c81-421e-a8e5-ad4366c5a925,T1199,Trusted Relationship,1
intrusion-set--82323c70-4186-4b61-94f5-b227c3b28e89,RedCurl,attack-pattern--3b0e52ce-517a-4614-a523-1bd5deef6c5e,T1202,Indirect Command Execution,1
intrusion-set--82323c70-4186-4b61-94f5-b227c3b28e89,RedCurl,attack-pattern--ef67e13e-5598-4adc-bdb2-998225874fa9,T1204.001,Malicious Link,1
intrusion-set--82323c70-4186-4b61-94f5-b227c3b28e89,RedCurl,attack-pattern--232b7f21-adf9-4b42-b936-b9d6f7df856e,T1204.002,Malicious File,1
intrusion-set--82323c70-4186-4b61-94f5-b227c3b28e89,RedCurl,attack-pattern--045d0922-2310-4e60-b5e4-3302302cb3c5,T1218.011,Rundll32,1
intrusion-set--82323c70-4186-4b61-94f5-b227c3b28e89,RedCurl,attack-pattern--d4bdbdea-eaec-4071-b4f9-5105e12ea4b6,T1537,Transfer Data to Cloud Account,1
intrusion-set--82323c70-4186-4b61-94f5-b227c3b28e89,RedCurl,attack-pattern--9efb1ea7-c37b-4595-9640-b7680cd84279,T1547.001,Registry Run Keys / Startup Folder,1
intrusion-set--82323c70-4186-4b61-94f5-b227c3b28e89,RedCurl,attack-pattern--837f9164-50af-4ac0-8219-379d8a74cefc,T1552.001,Credentials In Files,1
intrusion-set--82323c70-4186-4b61-94f5-b227c3b28e89,RedCurl,attack-pattern--341e222a-a6e3-4f6f-b69c-831d792b1580,T1552.002,Credentials in Registry,1
intrusion-set--82323c70-4186-4b61-94f5-b227c3b28e89,RedCurl,attack-pattern--58a3e6aa-4453-4cc8-a51f-4befe80b31a8,T1555.003,Credentials from Web Browsers,1
intrusion-set--82323c70-4186-4b61-94f5-b227c3b28e89,RedCurl,attack-pattern--00f90846-cbd1-4fc5-9233-df5c2bf2a662,T1560.001,Archive via Utility,1
intrusion-set--82323c70-4186-4b61-94f5-b227c3b28e89,RedCurl,attack-pattern--ec8fc7e2-b356-455c-8db5-2e37be158e7d,T1564.001,Hidden Files and Directories,1
intrusion-set--82323c70-4186-4b61-94f5-b227c3b28e89,RedCurl,attack-pattern--2e34237d-8574-43f6-aace-ae2915de8597,T1566.001,Spearphishing Attachment,1
intrusion-set--82323c70-4186-4b61-94f5-b227c3b28e89,RedCurl,attack-pattern--2b742742-28c3-4e1b-bab7-8350d6300fa7,T1566.002,Spearphishing Link,1
intrusion-set--82323c70-4186-4b61-94f5-b227c3b28e89,RedCurl,attack-pattern--24bfaeba-cb0d-4525-b3dc-507c77ecec41,T1573.001,Symmetric Cryptography,1
intrusion-set--82323c70-4186-4b61-94f5-b227c3b28e89,RedCurl,attack-pattern--bf176076-b789-408e-8cba-7275e81c0ada,T1573.002,Asymmetric Cryptography,1
intrusion-set--82323c70-4186-4b61-94f5-b227c3b28e89,RedCurl,attack-pattern--212306d8-efa4-44c9-8c2d-ed3d2e224aa0,T1587.001,Malware,1
intrusion-set--2c40f629-6cf9-4f75-af32-9a98caec24ae,RedEcho,attack-pattern--df8b2a25-8bdf-4856-953c-a04372b1c161,T1071.001,Web Protocols,1
intrusion-set--2c40f629-6cf9-4f75-af32-9a98caec24ae,RedEcho,attack-pattern--7bd9c723-2f78-4309-82c5-47cad406572b,T1568,Dynamic Resolution,1
intrusion-set--2c40f629-6cf9-4f75-af32-9a98caec24ae,RedEcho,attack-pattern--b18eae87-b469-4e14-b454-b171b416bc18,T1571,Non-Standard Port,1
intrusion-set--2c40f629-6cf9-4f75-af32-9a98caec24ae,RedEcho,attack-pattern--bf176076-b789-408e-8cba-7275e81c0ada,T1573.002,Asymmetric Cryptography,1
intrusion-set--2c40f629-6cf9-4f75-af32-9a98caec24ae,RedEcho,attack-pattern--40f5caa0-4cb7-4117-89fc-d421bb493df3,T1583.001,Domains,1
intrusion-set--44102191-3a31-45f8-acbe-34bdb441d5ad,Rocke,attack-pattern--0f20e3cb-245b-4a61-8a91-2d93f7cb0e9b,T1014,Rootkit,1
intrusion-set--44102191-3a31-45f8-acbe-34bdb441d5ad,Rocke,attack-pattern--e358d692-23c0-4a31-9eb6-ecc13a8d7735,T1018,Remote System Discovery,1
intrusion-set--44102191-3a31-45f8-acbe-34bdb441d5ad,Rocke,attack-pattern--2db31dcd-54da-405d-acef-b9129b816ed6,T1021.004,SSH,1
intrusion-set--44102191-3a31-45f8-acbe-34bdb441d5ad,Rocke,attack-pattern--b3d682b6-98f2-4fb0-aa3b-b4df007ca70a,T1027,Obfuscated Files or Information,1
intrusion-set--44102191-3a31-45f8-acbe-34bdb441d5ad,Rocke,attack-pattern--deb98323-e13f-4b0c-8d94-175379069062,T1027.002,Software Packing,1
intrusion-set--44102191-3a31-45f8-acbe-34bdb441d5ad,Rocke,attack-pattern--c726e0a2-a57a-4b7b-a973-d0f013246617,T1027.004,Compile After Delivery,1
intrusion-set--44102191-3a31-45f8-acbe-34bdb441d5ad,Rocke,attack-pattern--1c4e5d32-1fe9-4116-9d9d-59e3925bd6a2,T1036.005,Match Legitimate Resource Name or Location,1
intrusion-set--44102191-3a31-45f8-acbe-34bdb441d5ad,Rocke,attack-pattern--03259939-0b57-482f-8eb5-87c0e0d54334,T1037,Boot or Logon Initialization Scripts,1
intrusion-set--44102191-3a31-45f8-acbe-34bdb441d5ad,Rocke,attack-pattern--e3a12395-188d-4051-9a16-ea8e14d07b88,T1046,Network Service Discovery,1
intrusion-set--44102191-3a31-45f8-acbe-34bdb441d5ad,Rocke,attack-pattern--2acf44aa-542f-4366-b4eb-55ef5747759c,T1053.003,Cron,1
intrusion-set--44102191-3a31-45f8-acbe-34bdb441d5ad,Rocke,attack-pattern--806a49c4-970d-43f9-9acc-ac0ee11e6662,T1055.002,Portable Executable Injection,1
intrusion-set--44102191-3a31-45f8-acbe-34bdb441d5ad,Rocke,attack-pattern--8f4a33ec-8b1f-4b80-a2f6-642b2e479580,T1057,Process Discovery,1
intrusion-set--44102191-3a31-45f8-acbe-34bdb441d5ad,Rocke,attack-pattern--a9d4b653-6915-42af-98b2-5758c4ceee56,T1059.004,Unix Shell,1
intrusion-set--44102191-3a31-45f8-acbe-34bdb441d5ad,Rocke,attack-pattern--cc3502b5-30cc-4473-ad48-42d51a6ef6d1,T1059.006,Python,1
intrusion-set--44102191-3a31-45f8-acbe-34bdb441d5ad,Rocke,attack-pattern--d63a3fb8-9452-4e9d-a60a-54be68d5998c,T1070.004,File Deletion,1
intrusion-set--44102191-3a31-45f8-acbe-34bdb441d5ad,Rocke,attack-pattern--47f2d673-ca62-47e9-929b-1b0be9657611,T1070.006,Timestomp,1
intrusion-set--44102191-3a31-45f8-acbe-34bdb441d5ad,Rocke,attack-pattern--355be19c-ffc9-46d5-8d50-d6a036c675b6,T1071,Application Layer Protocol,1
intrusion-set--44102191-3a31-45f8-acbe-34bdb441d5ad,Rocke,attack-pattern--df8b2a25-8bdf-4856-953c-a04372b1c161,T1071.001,Web Protocols,1
intrusion-set--44102191-3a31-45f8-acbe-34bdb441d5ad,Rocke,attack-pattern--354a7f88-63fb-41b5-a801-ce3b377b36f1,T1082,System Information Discovery,1
intrusion-set--44102191-3a31-45f8-acbe-34bdb441d5ad,Rocke,attack-pattern--830c9528-df21-472c-8c14-a036bf17d665,T1102,Web Service,1
intrusion-set--44102191-3a31-45f8-acbe-34bdb441d5ad,Rocke,attack-pattern--f7827069-0bf2-4764-af4f-23fae0d181b7,T1102.001,Dead Drop Resolver,1
intrusion-set--44102191-3a31-45f8-acbe-34bdb441d5ad,Rocke,attack-pattern--e6919abc-99f9-4c6c-95a5-14761e7b2add,T1105,Ingress Tool Transfer,1
intrusion-set--44102191-3a31-45f8-acbe-34bdb441d5ad,Rocke,attack-pattern--3ccef7ae-cb5e-48f6-8302-897105fbf55c,T1140,Deobfuscate/Decode Files or Information,1
intrusion-set--44102191-3a31-45f8-acbe-34bdb441d5ad,Rocke,attack-pattern--3f886f2a-874f-4333-b794-aa6075009b1c,T1190,Exploit Public-Facing Application,1
intrusion-set--44102191-3a31-45f8-acbe-34bdb441d5ad,Rocke,attack-pattern--09b130a2-a77e-4af0-a361-f46f9aad1345,T1222.002,Linux and Mac Permissions,1
intrusion-set--44102191-3a31-45f8-acbe-34bdb441d5ad,Rocke,attack-pattern--a718a0c8-5768-41a1-9958-a1cc3f995e99,T1496.001,Compute Hijacking,1
intrusion-set--44102191-3a31-45f8-acbe-34bdb441d5ad,Rocke,attack-pattern--cba37adb-d6fb-4610-b069-dd04c0643384,T1518.001,Security Software Discovery,1
intrusion-set--44102191-3a31-45f8-acbe-34bdb441d5ad,Rocke,attack-pattern--dfefe2ed-4389-4318-8762-f0272b350a1b,T1543.002,Systemd Service,1
intrusion-set--44102191-3a31-45f8-acbe-34bdb441d5ad,Rocke,attack-pattern--9efb1ea7-c37b-4595-9640-b7680cd84279,T1547.001,Registry Run Keys / Startup Folder,1
intrusion-set--44102191-3a31-45f8-acbe-34bdb441d5ad,Rocke,attack-pattern--60b508a1-6a5e-46b1-821a-9f7b78752abf,T1552.004,Private Keys,1
intrusion-set--44102191-3a31-45f8-acbe-34bdb441d5ad,Rocke,attack-pattern--ec8fc7e2-b356-455c-8db5-2e37be158e7d,T1564.001,Hidden Files and Directories,1
intrusion-set--44102191-3a31-45f8-acbe-34bdb441d5ad,Rocke,attack-pattern--b18eae87-b469-4e14-b454-b171b416bc18,T1571,Non-Standard Port,1
intrusion-set--44102191-3a31-45f8-acbe-34bdb441d5ad,Rocke,attack-pattern--633a100c-b2c9-41bf-9be5-905c1b16c825,T1574.006,Dynamic Linker Hijacking,1
intrusion-set--44102191-3a31-45f8-acbe-34bdb441d5ad,Rocke,attack-pattern--bbde9781-60aa-4b8a-a911-895b0c1b3872,T1685,Disable or Modify Tools,1
intrusion-set--44102191-3a31-45f8-acbe-34bdb441d5ad,Rocke,attack-pattern--5e29d64d-2b14-4f92-875e-4c9c498e213c,T1685.006,Clear Linux or Mac System Logs,1
intrusion-set--44102191-3a31-45f8-acbe-34bdb441d5ad,Rocke,attack-pattern--eec096b8-c207-43df-b6c1-11523861e452,T1686,Disable or Modify System Firewall,1
intrusion-set--674582ec-51c4-42ce-b409-797239e37a2a,Saint Bear,attack-pattern--deb98323-e13f-4b0c-8d94-175379069062,T1027.002,Software Packing,1
intrusion-set--674582ec-51c4-42ce-b409-797239e37a2a,Saint Bear,attack-pattern--0d91b3c0-5e50-47c3-949a-2a796f04d144,T1027.013,Encrypted/Encoded File,1
intrusion-set--674582ec-51c4-42ce-b409-797239e37a2a,Saint Bear,attack-pattern--7385dfaf-6886-4229-9ecd-6fd678040830,T1059,Command and Scripting Interpreter,1
intrusion-set--674582ec-51c4-42ce-b409-797239e37a2a,Saint Bear,attack-pattern--970a3432-3237-47ad-bcca-7d8cbb217736,T1059.001,PowerShell,1
intrusion-set--674582ec-51c4-42ce-b409-797239e37a2a,Saint Bear,attack-pattern--d1fcf083-a721-4223-aedf-bf8960798d62,T1059.003,Windows Command Shell,1
intrusion-set--674582ec-51c4-42ce-b409-797239e37a2a,Saint Bear,attack-pattern--0f4a0c76-ab2d-4cb0-85d3-3f0efb8cba0d,T1059.007,JavaScript,1
intrusion-set--674582ec-51c4-42ce-b409-797239e37a2a,Saint Bear,attack-pattern--57340c81-c025-4189-8fa0-fc7ede51bae4,T1112,Modify Registry,1
intrusion-set--674582ec-51c4-42ce-b409-797239e37a2a,Saint Bear,attack-pattern--be2dcee9-a7a7-4e38-afd6-21b31ecc3d63,T1203,Exploitation for Client Execution,1
intrusion-set--674582ec-51c4-42ce-b409-797239e37a2a,Saint Bear,attack-pattern--ef67e13e-5598-4adc-bdb2-998225874fa9,T1204.001,Malicious Link,1
intrusion-set--674582ec-51c4-42ce-b409-797239e37a2a,Saint Bear,attack-pattern--232b7f21-adf9-4b42-b936-b9d6f7df856e,T1204.002,Malicious File,1
intrusion-set--674582ec-51c4-42ce-b409-797239e37a2a,Saint Bear,attack-pattern--82caa33e-d11a-433a-94ea-9b5a5fbef81d,T1497,Virtualization/Sandbox Evasion,1
intrusion-set--674582ec-51c4-42ce-b409-797239e37a2a,Saint Bear,attack-pattern--32901740-b42c-4fdd-bc02-345b5dc57082,T1553.002,Code Signing,1
intrusion-set--674582ec-51c4-42ce-b409-797239e37a2a,Saint Bear,attack-pattern--2e34237d-8574-43f6-aace-ae2915de8597,T1566.001,Spearphishing Attachment,1
intrusion-set--674582ec-51c4-42ce-b409-797239e37a2a,Saint Bear,attack-pattern--88d31120-5bc7-4ce3-a9c0-7cf147be8e54,T1583.006,Web Services,1
intrusion-set--674582ec-51c4-42ce-b409-797239e37a2a,Saint Bear,attack-pattern--69f897fd-12a9-4c89-ad6a-46d2f3c38262,T1589.002,Email Addresses,1
intrusion-set--674582ec-51c4-42ce-b409-797239e37a2a,Saint Bear,attack-pattern--3ee16395-03f0-4690-a32e-69ce9ada0f9e,T1608.001,Upload Malware,1
intrusion-set--674582ec-51c4-42ce-b409-797239e37a2a,Saint Bear,attack-pattern--cd92d2b8-ce43-4666-9472-f1b4b9f4f8be,T1684.001,Impersonation,1
intrusion-set--674582ec-51c4-42ce-b409-797239e37a2a,Saint Bear,attack-pattern--bbde9781-60aa-4b8a-a911-895b0c1b3872,T1685,Disable or Modify Tools,1
intrusion-set--1c3dcf91-b859-4aae-a09c-ae26dc8b6390,Salt Typhoon,attack-pattern--2db31dcd-54da-405d-acef-b9129b816ed6,T1021.004,SSH,1
intrusion-set--1c3dcf91-b859-4aae-a09c-ae26dc8b6390,Salt Typhoon,attack-pattern--3257eb21-f9a7-4430-8de1-d8b6e288f529,T1040,Network Sniffing,1
intrusion-set--1c3dcf91-b859-4aae-a09c-ae26dc8b6390,Salt Typhoon,attack-pattern--fb8d023d-45be-47e9-bc51-f56bcae6435b,T1048.003,Exfiltration Over Unencrypted Non-C2 Protocol,1
intrusion-set--1c3dcf91-b859-4aae-a09c-ae26dc8b6390,Salt Typhoon,attack-pattern--6b57dc31-b814-4a03-8706-28bc20d739c4,T1098.004,SSH Authorized Keys,1
intrusion-set--1c3dcf91-b859-4aae-a09c-ae26dc8b6390,Salt Typhoon,attack-pattern--1d24cdee-9ea2-4189-b08e-af110bf2435d,T1110.002,Password Cracking,1
intrusion-set--1c3dcf91-b859-4aae-a09c-ae26dc8b6390,Salt Typhoon,attack-pattern--e01be9c5-e763-4caf-aeb7-000b416aef67,T1136,Create Account,1
intrusion-set--1c3dcf91-b859-4aae-a09c-ae26dc8b6390,Salt Typhoon,attack-pattern--3f886f2a-874f-4333-b794-aa6075009b1c,T1190,Exploit Public-Facing Application,1
intrusion-set--1c3dcf91-b859-4aae-a09c-ae26dc8b6390,Salt Typhoon,attack-pattern--4fe28b27-b13c-453e-a386-c2ef362a573b,T1572,Protocol Tunneling,1
intrusion-set--1c3dcf91-b859-4aae-a09c-ae26dc8b6390,Salt Typhoon,attack-pattern--212306d8-efa4-44c9-8c2d-ed3d2e224aa0,T1587.001,Malware,1
intrusion-set--1c3dcf91-b859-4aae-a09c-ae26dc8b6390,Salt Typhoon,attack-pattern--a2fdce72-04b2-409a-ac10-cc1695f4fce0,T1588.002,Tool,1
intrusion-set--1c3dcf91-b859-4aae-a09c-ae26dc8b6390,Salt Typhoon,attack-pattern--34ab90a3-05f6-4259-8f21-621081fdaba5,T1590.004,Network Topology,1
intrusion-set--1c3dcf91-b859-4aae-a09c-ae26dc8b6390,Salt Typhoon,attack-pattern--52759bf1-fe12-4052-ace6-c5b0cf7dd7fd,T1602.002,Network Device Configuration Dump,1
intrusion-set--1c3dcf91-b859-4aae-a09c-ae26dc8b6390,Salt Typhoon,attack-pattern--5e29d64d-2b14-4f92-875e-4c9c498e213c,T1685.006,Clear Linux or Mac System Logs,1
intrusion-set--1c3dcf91-b859-4aae-a09c-ae26dc8b6390,Salt Typhoon,attack-pattern--eec096b8-c207-43df-b6c1-11523861e452,T1686,Disable or Modify System Firewall,1
intrusion-set--381fcf73-60f6-4ab2-9991-6af3cbc35192,Sandworm Team,attack-pattern--65f2d882-3f41-4d48-8a06-29af77ec9f90,T1003.001,LSASS Memory,1
intrusion-set--381fcf73-60f6-4ab2-9991-6af3cbc35192,Sandworm Team,attack-pattern--edf91964-b26e-4b4a-9600-ccacd7d7df24,T1003.003,NTDS,1
intrusion-set--381fcf73-60f6-4ab2-9991-6af3cbc35192,Sandworm Team,attack-pattern--3c4a2599-71ee-4405-ba1e-0e28414b4bc5,T1005,Data from Local System,1
intrusion-set--381fcf73-60f6-4ab2-9991-6af3cbc35192,Sandworm Team,attack-pattern--e358d692-23c0-4a31-9eb6-ecc13a8d7735,T1018,Remote System Discovery,1
intrusion-set--381fcf73-60f6-4ab2-9991-6af3cbc35192,Sandworm Team,attack-pattern--4f9ca633-15c5-463c-9724-bdcd54fde541,T1021.002,SMB/Windows Admin Shares,1
intrusion-set--381fcf73-60f6-4ab2-9991-6af3cbc35192,Sandworm Team,attack-pattern--b3d682b6-98f2-4fb0-aa3b-b4df007ca70a,T1027,Obfuscated Files or Information,1
intrusion-set--381fcf73-60f6-4ab2-9991-6af3cbc35192,Sandworm Team,attack-pattern--d511a6f6-4a33-41d5-bc95-c343875d1377,T1027.010,Command Obfuscation,1
intrusion-set--381fcf73-60f6-4ab2-9991-6af3cbc35192,Sandworm Team,attack-pattern--03d7999c-1f4c-42cc-8373-e7690d318104,T1033,System Owner/User Discovery,1
intrusion-set--381fcf73-60f6-4ab2-9991-6af3cbc35192,Sandworm Team,attack-pattern--42e8de7b-37b2-4258-905a-6897815e58e0,T1036,Masquerading,1
intrusion-set--381fcf73-60f6-4ab2-9991-6af3cbc35192,Sandworm Team,attack-pattern--1c4e5d32-1fe9-4116-9d9d-59e3925bd6a2,T1036.005,Match Legitimate Resource Name or Location,1
intrusion-set--381fcf73-60f6-4ab2-9991-6af3cbc35192,Sandworm Team,attack-pattern--3257eb21-f9a7-4430-8de1-d8b6e288f529,T1040,Network Sniffing,1
intrusion-set--381fcf73-60f6-4ab2-9991-6af3cbc35192,Sandworm Team,attack-pattern--92d7da27-2d91-488e-a00c-059dc162766d,T1041,Exfiltration Over C2 Channel,1
intrusion-set--381fcf73-60f6-4ab2-9991-6af3cbc35192,Sandworm Team,attack-pattern--01a5a209-b94c-450b-b7f9-946497d91055,T1047,Windows Management Instrumentation,1
intrusion-set--381fcf73-60f6-4ab2-9991-6af3cbc35192,Sandworm Team,attack-pattern--7e150503-88e7-4861-866b-ff1ac82c4475,T1049,System Network Connections Discovery,1
intrusion-set--381fcf73-60f6-4ab2-9991-6af3cbc35192,Sandworm Team,attack-pattern--005a06c6-14bf-4118-afa0-ebcd8aebb0c9,T1053.005,Scheduled Task,1
intrusion-set--381fcf73-60f6-4ab2-9991-6af3cbc35192,Sandworm Team,attack-pattern--09a60ea3-a8d1-4ae5-976e-5783248b72a4,T1056.001,Keylogging,1
intrusion-set--381fcf73-60f6-4ab2-9991-6af3cbc35192,Sandworm Team,attack-pattern--970a3432-3237-47ad-bcca-7d8cbb217736,T1059.001,PowerShell,1
intrusion-set--381fcf73-60f6-4ab2-9991-6af3cbc35192,Sandworm Team,attack-pattern--dfd7cc1d-e1d8-4394-a198-97c4cab8aa67,T1059.005,Visual Basic,1
intrusion-set--381fcf73-60f6-4ab2-9991-6af3cbc35192,Sandworm Team,attack-pattern--d63a3fb8-9452-4e9d-a60a-54be68d5998c,T1070.004,File Deletion,1
intrusion-set--381fcf73-60f6-4ab2-9991-6af3cbc35192,Sandworm Team,attack-pattern--df8b2a25-8bdf-4856-953c-a04372b1c161,T1071.001,Web Protocols,1
intrusion-set--381fcf73-60f6-4ab2-9991-6af3cbc35192,Sandworm Team,attack-pattern--92a78814-b191-47ca-909c-1ccfe3777414,T1072,Software Deployment Tools,1
intrusion-set--381fcf73-60f6-4ab2-9991-6af3cbc35192,Sandworm Team,attack-pattern--b17a1a56-e99c-403c-8948-561df0cffe81,T1078,Valid Accounts,1
intrusion-set--381fcf73-60f6-4ab2-9991-6af3cbc35192,Sandworm Team,attack-pattern--c3d4bdd9-2cfe-4a80-9d0c-07a29ecdce8f,T1078.002,Domain Accounts,1
intrusion-set--381fcf73-60f6-4ab2-9991-6af3cbc35192,Sandworm Team,attack-pattern--354a7f88-63fb-41b5-a801-ce3b377b36f1,T1082,System Information Discovery,1
intrusion-set--381fcf73-60f6-4ab2-9991-6af3cbc35192,Sandworm Team,attack-pattern--7bc57495-ea59-4380-be31-a64af124ef18,T1083,File and Directory Discovery,1
intrusion-set--381fcf73-60f6-4ab2-9991-6af3cbc35192,Sandworm Team,attack-pattern--21875073-b0ee-49e3-9077-1e2a885359af,T1087.002,Domain Account,1
intrusion-set--381fcf73-60f6-4ab2-9991-6af3cbc35192,Sandworm Team,attack-pattern--4bc31b94-045b-4752-8920-aebaebdb6470,T1087.003,Email Account,1
intrusion-set--381fcf73-60f6-4ab2-9991-6af3cbc35192,Sandworm Team,attack-pattern--731f4f55-b6d0-41d1-a7a9-072a66389aea,T1090,Proxy,1
intrusion-set--381fcf73-60f6-4ab2-9991-6af3cbc35192,Sandworm Team,attack-pattern--be055942-6e63-49d7-9fa1-9cb7d8a8f3f4,T1102.002,Bidirectional Communication,1
intrusion-set--381fcf73-60f6-4ab2-9991-6af3cbc35192,Sandworm Team,attack-pattern--e6919abc-99f9-4c6c-95a5-14761e7b2add,T1105,Ingress Tool Transfer,1
intrusion-set--381fcf73-60f6-4ab2-9991-6af3cbc35192,Sandworm Team,attack-pattern--391d824f-0ef1-47a0-b0ee-c59a75e27670,T1106,Native API,1
intrusion-set--381fcf73-60f6-4ab2-9991-6af3cbc35192,Sandworm Team,attack-pattern--04fd5427-79c7-44ea-ae13-11b24778ff1c,T1132.001,Standard Encoding,1
intrusion-set--381fcf73-60f6-4ab2-9991-6af3cbc35192,Sandworm Team,attack-pattern--10d51417-ee35-4589-b1ff-b6df1c334e8d,T1133,External Remote Services,1
intrusion-set--381fcf73-60f6-4ab2-9991-6af3cbc35192,Sandworm Team,attack-pattern--3ccef7ae-cb5e-48f6-8302-897105fbf55c,T1140,Deobfuscate/Decode Files or Information,1
intrusion-set--381fcf73-60f6-4ab2-9991-6af3cbc35192,Sandworm Team,attack-pattern--3f886f2a-874f-4333-b794-aa6075009b1c,T1190,Exploit Public-Facing Application,1
intrusion-set--381fcf73-60f6-4ab2-9991-6af3cbc35192,Sandworm Team,attack-pattern--3f18edba-28f4-4bb9-82c3-8aa60dcac5f7,T1195,Supply Chain Compromise,1
intrusion-set--381fcf73-60f6-4ab2-9991-6af3cbc35192,Sandworm Team,attack-pattern--bd369cd9-abb8-41ce-b5bb-fff23ee86c00,T1195.002,Compromise Software Supply Chain,1
intrusion-set--381fcf73-60f6-4ab2-9991-6af3cbc35192,Sandworm Team,attack-pattern--9fa07bef-9c81-421e-a8e5-ad4366c5a925,T1199,Trusted Relationship,1
intrusion-set--381fcf73-60f6-4ab2-9991-6af3cbc35192,Sandworm Team,attack-pattern--be2dcee9-a7a7-4e38-afd6-21b31ecc3d63,T1203,Exploitation for Client Execution,1
intrusion-set--381fcf73-60f6-4ab2-9991-6af3cbc35192,Sandworm Team,attack-pattern--ef67e13e-5598-4adc-bdb2-998225874fa9,T1204.001,Malicious Link,1
intrusion-set--381fcf73-60f6-4ab2-9991-6af3cbc35192,Sandworm Team,attack-pattern--232b7f21-adf9-4b42-b936-b9d6f7df856e,T1204.002,Malicious File,1
intrusion-set--381fcf73-60f6-4ab2-9991-6af3cbc35192,Sandworm Team,attack-pattern--248d3fe1-7fe1-4d71-91c7-8bb7ef35cad3,T1213.006,Databases,1
intrusion-set--381fcf73-60f6-4ab2-9991-6af3cbc35192,Sandworm Team,attack-pattern--045d0922-2310-4e60-b5e4-3302302cb3c5,T1218.011,Rundll32,1
intrusion-set--381fcf73-60f6-4ab2-9991-6af3cbc35192,Sandworm Team,attack-pattern--4061e78c-1284-44b4-9116-73e4ac3912f7,T1219,Remote Access Tools,1
intrusion-set--381fcf73-60f6-4ab2-9991-6af3cbc35192,Sandworm Team,attack-pattern--d45a3d09-b3cf-48f4-9f0f-f521ee5cb05c,T1485,Data Destruction,1
intrusion-set--381fcf73-60f6-4ab2-9991-6af3cbc35192,Sandworm Team,attack-pattern--b80d107d-fa0d-4b60-9684-b0433e8bdba0,T1486,Data Encrypted for Impact,1
intrusion-set--381fcf73-60f6-4ab2-9991-6af3cbc35192,Sandworm Team,attack-pattern--20fb2507-d71c-455d-9b6d-6104461cf26b,T1489,Service Stop,1
intrusion-set--381fcf73-60f6-4ab2-9991-6af3cbc35192,Sandworm Team,attack-pattern--f5d8eed6-48a9-4cdf-a3d7-d1ffa99c3d2a,T1490,Inhibit System Recovery,1
intrusion-set--381fcf73-60f6-4ab2-9991-6af3cbc35192,Sandworm Team,attack-pattern--0cfe31a7-81fc-472c-bc45-e2808d1066a3,T1491.002,External Defacement,1
intrusion-set--381fcf73-60f6-4ab2-9991-6af3cbc35192,Sandworm Team,attack-pattern--c675646d-e204-4aa8-978d-e3d6d65885c4,T1499,Endpoint Denial of Service,1
intrusion-set--381fcf73-60f6-4ab2-9991-6af3cbc35192,Sandworm Team,attack-pattern--5d0d3609-d06d-49e1-b9c9-b544e0c618cb,T1505.003,Web Shell,1
intrusion-set--381fcf73-60f6-4ab2-9991-6af3cbc35192,Sandworm Team,attack-pattern--10ffac09-e42d-4f56-ab20-db94c67d76ff,T1539,Steal Web Session Cookie,1
intrusion-set--381fcf73-60f6-4ab2-9991-6af3cbc35192,Sandworm Team,attack-pattern--58a3e6aa-4453-4cc8-a51f-4befe80b31a8,T1555.003,Credentials from Web Browsers,1
intrusion-set--381fcf73-60f6-4ab2-9991-6af3cbc35192,Sandworm Team,attack-pattern--0af0ca99-357d-4ba1-805f-674fdfb7bef9,T1561.002,Disk Structure Wipe,1
intrusion-set--381fcf73-60f6-4ab2-9991-6af3cbc35192,Sandworm Team,attack-pattern--2e34237d-8574-43f6-aace-ae2915de8597,T1566.001,Spearphishing Attachment,1
intrusion-set--381fcf73-60f6-4ab2-9991-6af3cbc35192,Sandworm Team,attack-pattern--2b742742-28c3-4e1b-bab7-8350d6300fa7,T1566.002,Spearphishing Link,1
intrusion-set--381fcf73-60f6-4ab2-9991-6af3cbc35192,Sandworm Team,attack-pattern--bf90d72c-c00b-45e3-b3aa-68560560d4c5,T1570,Lateral Tool Transfer,1
intrusion-set--381fcf73-60f6-4ab2-9991-6af3cbc35192,Sandworm Team,attack-pattern--b18eae87-b469-4e14-b454-b171b416bc18,T1571,Non-Standard Port,1
intrusion-set--381fcf73-60f6-4ab2-9991-6af3cbc35192,Sandworm Team,attack-pattern--0458aab9-ad42-4eac-9e22-706a95bafee2,T1583,Acquire Infrastructure,1
intrusion-set--381fcf73-60f6-4ab2-9991-6af3cbc35192,Sandworm Team,attack-pattern--40f5caa0-4cb7-4117-89fc-d421bb493df3,T1583.001,Domains,1
intrusion-set--381fcf73-60f6-4ab2-9991-6af3cbc35192,Sandworm Team,attack-pattern--60c4b628-4807-4b0b-bbf5-fdac8643c337,T1583.004,Server,1
intrusion-set--381fcf73-60f6-4ab2-9991-6af3cbc35192,Sandworm Team,attack-pattern--e196b5c5-8118-4a1c-ab8a-936586ce3db5,T1584.004,Server,1
intrusion-set--381fcf73-60f6-4ab2-9991-6af3cbc35192,Sandworm Team,attack-pattern--810d8072-afb6-4a56-9ee7-86379ac4a6f3,T1584.005,Botnet,1
intrusion-set--381fcf73-60f6-4ab2-9991-6af3cbc35192,Sandworm Team,attack-pattern--b1ccd744-3f78-4a0e-9bb2-2002057f7928,T1585.001,Social Media Accounts,1
intrusion-set--381fcf73-60f6-4ab2-9991-6af3cbc35192,Sandworm Team,attack-pattern--65013dd2-bc61-43e3-afb5-a14c4fa7437a,T1585.002,Email Accounts,1
intrusion-set--381fcf73-60f6-4ab2-9991-6af3cbc35192,Sandworm Team,attack-pattern--274770e0-2612-4ccf-a678-ef8e7bad365d,T1586.001,Social Media Accounts,1
intrusion-set--381fcf73-60f6-4ab2-9991-6af3cbc35192,Sandworm Team,attack-pattern--212306d8-efa4-44c9-8c2d-ed3d2e224aa0,T1587.001,Malware,1
intrusion-set--381fcf73-60f6-4ab2-9991-6af3cbc35192,Sandworm Team,attack-pattern--a2fdce72-04b2-409a-ac10-cc1695f4fce0,T1588.002,Tool,1
intrusion-set--381fcf73-60f6-4ab2-9991-6af3cbc35192,Sandworm Team,attack-pattern--2b5aa86b-a0df-4382-848d-30abea443327,T1588.006,Vulnerabilities,1
intrusion-set--381fcf73-60f6-4ab2-9991-6af3cbc35192,Sandworm Team,attack-pattern--69f897fd-12a9-4c89-ad6a-46d2f3c38262,T1589.002,Email Addresses,1
intrusion-set--381fcf73-60f6-4ab2-9991-6af3cbc35192,Sandworm Team,attack-pattern--76551c52-b111-4884-bc47-ff3e728f0156,T1589.003,Employee Names,1
intrusion-set--381fcf73-60f6-4ab2-9991-6af3cbc35192,Sandworm Team,attack-pattern--e3b168bd-fcd7-439e-9382-2e6c2f63514d,T1590.001,Domain Properties,1
intrusion-set--381fcf73-60f6-4ab2-9991-6af3cbc35192,Sandworm Team,attack-pattern--6ee2dc99-91ad-4534-a7d8-a649358c331f,T1591.002,Business Relationships,1
intrusion-set--381fcf73-60f6-4ab2-9991-6af3cbc35192,Sandworm Team,attack-pattern--baf60e1a-afe5-4d31-830f-1b1ba2351884,T1592.002,Software,1
intrusion-set--381fcf73-60f6-4ab2-9991-6af3cbc35192,Sandworm Team,attack-pattern--a0e6614a-7740-4b24-bd65-f1bde09fc365,T1593,Search Open Websites/Domains,1
intrusion-set--381fcf73-60f6-4ab2-9991-6af3cbc35192,Sandworm Team,attack-pattern--16cdd21f-da65-4e4f-bc04-dd7d198c7b26,T1594,Search Victim-Owned Websites,1
intrusion-set--381fcf73-60f6-4ab2-9991-6af3cbc35192,Sandworm Team,attack-pattern--5502c4e9-24ef-4d5f-8ee9-9e906c2f82c4,T1595.002,Vulnerability Scanning,1
intrusion-set--381fcf73-60f6-4ab2-9991-6af3cbc35192,Sandworm Team,attack-pattern--2d3f5b3c-54ca-4f4d-bb1f-849346d31230,T1598.003,Spearphishing Link,1
intrusion-set--381fcf73-60f6-4ab2-9991-6af3cbc35192,Sandworm Team,attack-pattern--3ee16395-03f0-4690-a32e-69ce9ada0f9e,T1608.001,Upload Malware,1
intrusion-set--c5574ca0-d5a4-490a-b207-e4658e5fd1d7,Scarlet Mimic,attack-pattern--77eae145-55db-4519-8ae5-77b0c7215d69,T1036.002,Right-to-Left Override,1
intrusion-set--44d37b89-a739-4810-9111-0d2617a8939b,Scattered Spider,attack-pattern--edf91964-b26e-4b4a-9600-ccacd7d7df24,T1003.003,NTDS,1
intrusion-set--44d37b89-a739-4810-9111-0d2617a8939b,Scattered Spider,attack-pattern--0c8ab3eb-df48-4b9c-ace7-beacaac81cc5,T1006,Direct Volume Access,1
intrusion-set--44d37b89-a739-4810-9111-0d2617a8939b,Scattered Spider,attack-pattern--707399d6-ab3e-4963-9315-d9d3818cd6a0,T1016,System Network Configuration Discovery,1
intrusion-set--44d37b89-a739-4810-9111-0d2617a8939b,Scattered Spider,attack-pattern--e358d692-23c0-4a31-9eb6-ecc13a8d7735,T1018,Remote System Discovery,1
intrusion-set--44d37b89-a739-4810-9111-0d2617a8939b,Scattered Spider,attack-pattern--eb062747-2193-45de-8fa2-e62549c37ddf,T1021.001,Remote Desktop Protocol,1
intrusion-set--44d37b89-a739-4810-9111-0d2617a8939b,Scattered Spider,attack-pattern--2db31dcd-54da-405d-acef-b9129b816ed6,T1021.004,SSH,1
intrusion-set--44d37b89-a739-4810-9111-0d2617a8939b,Scattered Spider,attack-pattern--8861073d-d1b8-4941-82ce-dce621d398f0,T1021.007,Cloud Services,1
intrusion-set--44d37b89-a739-4810-9111-0d2617a8939b,Scattered Spider,attack-pattern--92d7da27-2d91-488e-a00c-059dc162766d,T1041,Exfiltration Over C2 Channel,1
intrusion-set--44d37b89-a739-4810-9111-0d2617a8939b,Scattered Spider,attack-pattern--970a3432-3237-47ad-bcca-7d8cbb217736,T1059.001,PowerShell,1
intrusion-set--44d37b89-a739-4810-9111-0d2617a8939b,Scattered Spider,attack-pattern--a9d4b653-6915-42af-98b2-5758c4ceee56,T1059.004,Unix Shell,1
intrusion-set--44d37b89-a739-4810-9111-0d2617a8939b,Scattered Spider,attack-pattern--b21c3b2d-02e6-45b1-980b-e69051040839,T1068,Exploitation for Privilege Escalation,1
intrusion-set--44d37b89-a739-4810-9111-0d2617a8939b,Scattered Spider,attack-pattern--15dbf668-795c-41e6-8219-f0447c0e64ce,T1069,Permission Groups Discovery,1
intrusion-set--44d37b89-a739-4810-9111-0d2617a8939b,Scattered Spider,attack-pattern--2aed01ad-3df3-4410-a8cb-11ea4ded587c,T1069.002,Domain Groups,1
intrusion-set--44d37b89-a739-4810-9111-0d2617a8939b,Scattered Spider,attack-pattern--438c967d-3996-4870-bfc2-3954752a1927,T1070.008,Clear Mailbox Data,1
intrusion-set--44d37b89-a739-4810-9111-0d2617a8939b,Scattered Spider,attack-pattern--7dd95ff6-712e-4056-9626-312ea4ab4c5e,T1074,Data Staged,1
intrusion-set--44d37b89-a739-4810-9111-0d2617a8939b,Scattered Spider,attack-pattern--b17a1a56-e99c-403c-8948-561df0cffe81,T1078,Valid Accounts,1
intrusion-set--44d37b89-a739-4810-9111-0d2617a8939b,Scattered Spider,attack-pattern--f232fa7a-025c-4d43-abc7-318e81a73d65,T1078.004,Cloud Accounts,1
intrusion-set--44d37b89-a739-4810-9111-0d2617a8939b,Scattered Spider,attack-pattern--354a7f88-63fb-41b5-a801-ce3b377b36f1,T1082,System Information Discovery,1
intrusion-set--44d37b89-a739-4810-9111-0d2617a8939b,Scattered Spider,attack-pattern--7bc57495-ea59-4380-be31-a64af124ef18,T1083,File and Directory Discovery,1
intrusion-set--44d37b89-a739-4810-9111-0d2617a8939b,Scattered Spider,attack-pattern--72b74d71-8169-42aa-92e0-e7b04b9f5a08,T1087,Account Discovery,1
intrusion-set--44d37b89-a739-4810-9111-0d2617a8939b,Scattered Spider,attack-pattern--21875073-b0ee-49e3-9077-1e2a885359af,T1087.002,Domain Account,1
intrusion-set--44d37b89-a739-4810-9111-0d2617a8939b,Scattered Spider,attack-pattern--731f4f55-b6d0-41d1-a7a9-072a66389aea,T1090,Proxy,1
intrusion-set--44d37b89-a739-4810-9111-0d2617a8939b,Scattered Spider,attack-pattern--a10641f4-87b4-45a3-a906-92a149cb2c27,T1098,Account Manipulation,1
intrusion-set--44d37b89-a739-4810-9111-0d2617a8939b,Scattered Spider,attack-pattern--2dbbdcd5-92cf-44c0-aea2-fe24783a6bc3,T1098.003,Additional Cloud Roles,1
intrusion-set--44d37b89-a739-4810-9111-0d2617a8939b,Scattered Spider,attack-pattern--e6919abc-99f9-4c6c-95a5-14761e7b2add,T1105,Ingress Tool Transfer,1
intrusion-set--44d37b89-a739-4810-9111-0d2617a8939b,Scattered Spider,attack-pattern--1608f3e1-598a-42f4-a01a-2e252e81728f,T1114,Email Collection,1
intrusion-set--44d37b89-a739-4810-9111-0d2617a8939b,Scattered Spider,attack-pattern--7d77a07d-02fe-4e88-8bd9-e9c008c01bf0,T1114.003,Email Forwarding Rule,1
intrusion-set--44d37b89-a739-4810-9111-0d2617a8939b,Scattered Spider,attack-pattern--10d51417-ee35-4589-b1ff-b6df1c334e8d,T1133,External Remote Services,1
intrusion-set--44d37b89-a739-4810-9111-0d2617a8939b,Scattered Spider,attack-pattern--e01be9c5-e763-4caf-aeb7-000b416aef67,T1136,Create Account,1
intrusion-set--44d37b89-a739-4810-9111-0d2617a8939b,Scattered Spider,attack-pattern--8c32eb4d-805f-4fc5-bf60-c4d476c131b5,T1204,User Execution,1
intrusion-set--44d37b89-a739-4810-9111-0d2617a8939b,Scattered Spider,attack-pattern--cff94884-3b1c-4987-a70b-6d5643c621c3,T1213.003,Code Repositories,1
intrusion-set--44d37b89-a739-4810-9111-0d2617a8939b,Scattered Spider,attack-pattern--fb75213f-cfb0-40bf-a02f-3bad93d6601e,T1213.005,Messaging Applications,1
intrusion-set--44d37b89-a739-4810-9111-0d2617a8939b,Scattered Spider,attack-pattern--5e4a2073-9643-44cb-a0b5-e7f4048446c7,T1217,Browser Information Discovery,1
intrusion-set--44d37b89-a739-4810-9111-0d2617a8939b,Scattered Spider,attack-pattern--d4287702-e2f7-4946-bdfa-2c7f5aaa5032,T1219.002,Remote Desktop Software,1
intrusion-set--44d37b89-a739-4810-9111-0d2617a8939b,Scattered Spider,attack-pattern--24769ab5-14bd-4f4e-a752-cfb185da53ee,T1484.002,Trust Modification,1
intrusion-set--44d37b89-a739-4810-9111-0d2617a8939b,Scattered Spider,attack-pattern--b80d107d-fa0d-4b60-9684-b0433e8bdba0,T1486,Data Encrypted for Impact,1
intrusion-set--44d37b89-a739-4810-9111-0d2617a8939b,Scattered Spider,attack-pattern--f5d8eed6-48a9-4cdf-a3d7-d1ffa99c3d2a,T1490,Inhibit System Recovery,1
intrusion-set--44d37b89-a739-4810-9111-0d2617a8939b,Scattered Spider,attack-pattern--3298ce88-1628-43b1-87d9-0b5336b193d7,T1530,Data from Cloud Storage,1
intrusion-set--44d37b89-a739-4810-9111-0d2617a8939b,Scattered Spider,attack-pattern--e49920b0-6c54-40c1-9571-73723653205f,T1538,Cloud Service Dashboard,1
intrusion-set--44d37b89-a739-4810-9111-0d2617a8939b,Scattered Spider,attack-pattern--10ffac09-e42d-4f56-ab20-db94c67d76ff,T1539,Steal Web Session Cookie,1
intrusion-set--44d37b89-a739-4810-9111-0d2617a8939b,Scattered Spider,attack-pattern--dfefe2ed-4389-4318-8762-f0272b350a1b,T1543.002,Systemd Service,1
intrusion-set--44d37b89-a739-4810-9111-0d2617a8939b,Scattered Spider,attack-pattern--837f9164-50af-4ac0-8219-379d8a74cefc,T1552.001,Credentials In Files,1
intrusion-set--44d37b89-a739-4810-9111-0d2617a8939b,Scattered Spider,attack-pattern--60b508a1-6a5e-46b1-821a-9f7b78752abf,T1552.004,Private Keys,1
intrusion-set--44d37b89-a739-4810-9111-0d2617a8939b,Scattered Spider,attack-pattern--32901740-b42c-4fdd-bc02-345b5dc57082,T1553.002,Code Signing,1
intrusion-set--44d37b89-a739-4810-9111-0d2617a8939b,Scattered Spider,attack-pattern--315f51f0-6b03-4c1e-bfb2-84740afb8e21,T1555.005,Password Managers,1
intrusion-set--44d37b89-a739-4810-9111-0d2617a8939b,Scattered Spider,attack-pattern--b4409cd8-0da9-46e1-a401-a241afd4d1cc,T1556.006,Multi-Factor Authentication,1
intrusion-set--44d37b89-a739-4810-9111-0d2617a8939b,Scattered Spider,attack-pattern--ceaeb6d8-95ee-4da2-9d42-dc6aa6ca43ae,T1556.009,Conditional Access Policies,1
intrusion-set--44d37b89-a739-4810-9111-0d2617a8939b,Scattered Spider,attack-pattern--0cf55441-b176-4332-89e7-2c4c7799d0ff,T1564.008,Email Hiding Rules,1
intrusion-set--44d37b89-a739-4810-9111-0d2617a8939b,Scattered Spider,attack-pattern--bf1b6176-597c-4600-bfcd-ac989670f96b,T1567.002,Exfiltration to Cloud Storage,1
intrusion-set--44d37b89-a739-4810-9111-0d2617a8939b,Scattered Spider,attack-pattern--4fe28b27-b13c-453e-a386-c2ef362a573b,T1572,Protocol Tunneling,1
intrusion-set--44d37b89-a739-4810-9111-0d2617a8939b,Scattered Spider,attack-pattern--cf1c2504-433f-4c4e-a1f8-91de45a0318c,T1578.002,Create Cloud Instance,1
intrusion-set--44d37b89-a739-4810-9111-0d2617a8939b,Scattered Spider,attack-pattern--57a3d31a-d04f-4663-b2da-7df8ec3f8c9d,T1580,Cloud Infrastructure Discovery,1
intrusion-set--44d37b89-a739-4810-9111-0d2617a8939b,Scattered Spider,attack-pattern--40f5caa0-4cb7-4117-89fc-d421bb493df3,T1583.001,Domains,1
intrusion-set--44d37b89-a739-4810-9111-0d2617a8939b,Scattered Spider,attack-pattern--b1ccd744-3f78-4a0e-9bb2-2002057f7928,T1585.001,Social Media Accounts,1
intrusion-set--44d37b89-a739-4810-9111-0d2617a8939b,Scattered Spider,attack-pattern--7807d3a4-a885-4639-a786-c1ed41484970,T1588.001,Malware,1
intrusion-set--44d37b89-a739-4810-9111-0d2617a8939b,Scattered Spider,attack-pattern--a2fdce72-04b2-409a-ac10-cc1695f4fce0,T1588.002,Tool,1
intrusion-set--44d37b89-a739-4810-9111-0d2617a8939b,Scattered Spider,attack-pattern--5282dd9a-d26d-4e16-88b7-7c0f4553daf4,T1589,Gather Victim Identity Information,1
intrusion-set--44d37b89-a739-4810-9111-0d2617a8939b,Scattered Spider,attack-pattern--cca0ccb6-a068-4574-a722-b1556f86833a,T1598,Phishing for Information,1
intrusion-set--44d37b89-a739-4810-9111-0d2617a8939b,Scattered Spider,attack-pattern--2d3f5b3c-54ca-4f4d-bb1f-849346d31230,T1598.003,Spearphishing Link,1
intrusion-set--44d37b89-a739-4810-9111-0d2617a8939b,Scattered Spider,attack-pattern--6a5d222a-a7e0-4656-b110-782c33098289,T1598.004,Spearphishing Voice,1
intrusion-set--44d37b89-a739-4810-9111-0d2617a8939b,Scattered Spider,attack-pattern--954a1639-f2d6-407d-aef3-4917622ca493,T1621,Multi-Factor Authentication Request Generation,1
intrusion-set--44d37b89-a739-4810-9111-0d2617a8939b,Scattered Spider,attack-pattern--851e071f-208d-4c79-adc6-5974c85c78f3,T1657,Financial Theft,1
intrusion-set--44d37b89-a739-4810-9111-0d2617a8939b,Scattered Spider,attack-pattern--cd92d2b8-ce43-4666-9472-f1b4b9f4f8be,T1684.001,Impersonation,1
intrusion-set--44d37b89-a739-4810-9111-0d2617a8939b,Scattered Spider,attack-pattern--bbde9781-60aa-4b8a-a911-895b0c1b3872,T1685,Disable or Modify Tools,1
intrusion-set--56a05d27-4d47-418a-b330-781c5614f202,Sea Turtle,attack-pattern--c726e0a2-a57a-4b7b-a973-d0f013246617,T1027.004,Compile After Delivery,1
intrusion-set--56a05d27-4d47-418a-b330-781c5614f202,Sea Turtle,attack-pattern--a9d4b653-6915-42af-98b2-5758c4ceee56,T1059.004,Unix Shell,1
intrusion-set--56a05d27-4d47-418a-b330-781c5614f202,Sea Turtle,attack-pattern--df8b2a25-8bdf-4856-953c-a04372b1c161,T1071.001,Web Protocols,1
intrusion-set--56a05d27-4d47-418a-b330-781c5614f202,Sea Turtle,attack-pattern--359b00ad-9425-420b-bba5-6de8d600cbc0,T1074.002,Remote Data Staging,1
intrusion-set--56a05d27-4d47-418a-b330-781c5614f202,Sea Turtle,attack-pattern--b17a1a56-e99c-403c-8948-561df0cffe81,T1078,Valid Accounts,1
intrusion-set--56a05d27-4d47-418a-b330-781c5614f202,Sea Turtle,attack-pattern--fdc47f44-dd32-4b99-af5f-209f556f63c2,T1078.003,Local Accounts,1
intrusion-set--56a05d27-4d47-418a-b330-781c5614f202,Sea Turtle,attack-pattern--1e9eb839-294b-48cc-b0d3-c45555a2a004,T1114.001,Local Email Collection,1
intrusion-set--56a05d27-4d47-418a-b330-781c5614f202,Sea Turtle,attack-pattern--10d51417-ee35-4589-b1ff-b6df1c334e8d,T1133,External Remote Services,1
intrusion-set--56a05d27-4d47-418a-b330-781c5614f202,Sea Turtle,attack-pattern--3f886f2a-874f-4333-b794-aa6075009b1c,T1190,Exploit Public-Facing Application,1
intrusion-set--56a05d27-4d47-418a-b330-781c5614f202,Sea Turtle,attack-pattern--9fa07bef-9c81-421e-a8e5-ad4366c5a925,T1199,Trusted Relationship,1
intrusion-set--56a05d27-4d47-418a-b330-781c5614f202,Sea Turtle,attack-pattern--be2dcee9-a7a7-4e38-afd6-21b31ecc3d63,T1203,Exploitation for Client Execution,1
intrusion-set--56a05d27-4d47-418a-b330-781c5614f202,Sea Turtle,attack-pattern--248d3fe1-7fe1-4d71-91c7-8bb7ef35cad3,T1213.006,Databases,1
intrusion-set--56a05d27-4d47-418a-b330-781c5614f202,Sea Turtle,attack-pattern--5d0d3609-d06d-49e1-b9c9-b544e0c618cb,T1505.003,Web Shell,1
intrusion-set--56a05d27-4d47-418a-b330-781c5614f202,Sea Turtle,attack-pattern--035bb001-ab69-4a0b-9f6c-2de8b09e1b9d,T1557,Adversary-in-the-Middle,1
intrusion-set--56a05d27-4d47-418a-b330-781c5614f202,Sea Turtle,attack-pattern--00f90846-cbd1-4fc5-9233-df5c2bf2a662,T1560.001,Archive via Utility,1
intrusion-set--56a05d27-4d47-418a-b330-781c5614f202,Sea Turtle,attack-pattern--4a2975db-414e-4c0c-bd92-775987514b4b,T1564.011,Ignore Process Interrupts,1
intrusion-set--56a05d27-4d47-418a-b330-781c5614f202,Sea Turtle,attack-pattern--a62a8db3-f23a-4d8f-afd6-9dbc77e7813b,T1566,Phishing,1
intrusion-set--56a05d27-4d47-418a-b330-781c5614f202,Sea Turtle,attack-pattern--0458aab9-ad42-4eac-9e22-706a95bafee2,T1583,Acquire Infrastructure,1
intrusion-set--56a05d27-4d47-418a-b330-781c5614f202,Sea Turtle,attack-pattern--40f5caa0-4cb7-4117-89fc-d421bb493df3,T1583.001,Domains,1
intrusion-set--56a05d27-4d47-418a-b330-781c5614f202,Sea Turtle,attack-pattern--197ef1b9-e764-46c3-b96c-23f77985dc81,T1583.002,DNS Server,1
intrusion-set--56a05d27-4d47-418a-b330-781c5614f202,Sea Turtle,attack-pattern--79da0971-3147-4af6-a4f5-e8cd447cd795,T1583.003,Virtual Private Server,1
intrusion-set--56a05d27-4d47-418a-b330-781c5614f202,Sea Turtle,attack-pattern--c2f59d25-87fe-44aa-8f83-e8e59d077bf5,T1584.002,DNS Server,1
intrusion-set--56a05d27-4d47-418a-b330-781c5614f202,Sea Turtle,attack-pattern--a2fdce72-04b2-409a-ac10-cc1695f4fce0,T1588.002,Tool,1
intrusion-set--56a05d27-4d47-418a-b330-781c5614f202,Sea Turtle,attack-pattern--19401639-28d0-4c3c-adcc-bc2ba22f6421,T1588.004,Digital Certificates,1
intrusion-set--56a05d27-4d47-418a-b330-781c5614f202,Sea Turtle,attack-pattern--c071d8c1-3b3a-4f22-9407-ca4e96921069,T1608.003,Install Digital Certificate,1
intrusion-set--56a05d27-4d47-418a-b330-781c5614f202,Sea Turtle,attack-pattern--5e29d64d-2b14-4f92-875e-4c9c498e213c,T1685.006,Clear Linux or Mac System Logs,1
intrusion-set--56a05d27-4d47-418a-b330-781c5614f202,Sea Turtle,attack-pattern--b831f51c-d22f-4724-bbab-60d056bd1150,T1690,Prevent Command History Logging,1
intrusion-set--03be849d-b5a2-4766-9dda-48976bae5710,SideCopy,attack-pattern--707399d6-ab3e-4963-9315-d9d3818cd6a0,T1016,System Network Configuration Discovery,1
intrusion-set--03be849d-b5a2-4766-9dda-48976bae5710,SideCopy,attack-pattern--1c4e5d32-1fe9-4116-9d9d-59e3925bd6a2,T1036.005,Match Legitimate Resource Name or Location,1
intrusion-set--03be849d-b5a2-4766-9dda-48976bae5710,SideCopy,attack-pattern--dfd7cc1d-e1d8-4394-a198-97c4cab8aa67,T1059.005,Visual Basic,1
intrusion-set--03be849d-b5a2-4766-9dda-48976bae5710,SideCopy,attack-pattern--354a7f88-63fb-41b5-a801-ce3b377b36f1,T1082,System Information Discovery,1
intrusion-set--03be849d-b5a2-4766-9dda-48976bae5710,SideCopy,attack-pattern--e6919abc-99f9-4c6c-95a5-14761e7b2add,T1105,Ingress Tool Transfer,1
intrusion-set--03be849d-b5a2-4766-9dda-48976bae5710,SideCopy,attack-pattern--391d824f-0ef1-47a0-b0ee-c59a75e27670,T1106,Native API,1
intrusion-set--03be849d-b5a2-4766-9dda-48976bae5710,SideCopy,attack-pattern--232b7f21-adf9-4b42-b936-b9d6f7df856e,T1204.002,Malicious File,1
intrusion-set--03be849d-b5a2-4766-9dda-48976bae5710,SideCopy,attack-pattern--840a987a-99bd-4a80-a5c9-0cb2baa6cade,T1218.005,Mshta,1
intrusion-set--03be849d-b5a2-4766-9dda-48976bae5710,SideCopy,attack-pattern--e3b6daca-e963-4a69-aee6-ed4fd653ad58,T1518,Software Discovery,1
intrusion-set--03be849d-b5a2-4766-9dda-48976bae5710,SideCopy,attack-pattern--cba37adb-d6fb-4610-b069-dd04c0643384,T1518.001,Security Software Discovery,1
intrusion-set--03be849d-b5a2-4766-9dda-48976bae5710,SideCopy,attack-pattern--2e34237d-8574-43f6-aace-ae2915de8597,T1566.001,Spearphishing Attachment,1
intrusion-set--03be849d-b5a2-4766-9dda-48976bae5710,SideCopy,attack-pattern--2fee9321-3e71-4cf4-af24-d4d40d355b34,T1574.001,DLL,1
intrusion-set--03be849d-b5a2-4766-9dda-48976bae5710,SideCopy,attack-pattern--f9cc4d06-775f-4ee1-b401-4e2cc0da30ba,T1584.001,Domains,1
intrusion-set--03be849d-b5a2-4766-9dda-48976bae5710,SideCopy,attack-pattern--8982a661-d84c-48c0-b4ec-1db29c6cf3bc,T1598.002,Spearphishing Attachment,1
intrusion-set--03be849d-b5a2-4766-9dda-48976bae5710,SideCopy,attack-pattern--3ee16395-03f0-4690-a32e-69ce9ada0f9e,T1608.001,Upload Malware,1
intrusion-set--03be849d-b5a2-4766-9dda-48976bae5710,SideCopy,attack-pattern--c877e33f-1df6-40d6-b1e7-ce70f16f4979,T1614,System Location Discovery,1
intrusion-set--3fc023b2-c5cc-481d-9c3e-70141ae1a87e,Sidewinder,attack-pattern--707399d6-ab3e-4963-9315-d9d3818cd6a0,T1016,System Network Configuration Discovery,1
intrusion-set--3fc023b2-c5cc-481d-9c3e-70141ae1a87e,Sidewinder,attack-pattern--774a3188-6ba9-4dc4-879d-d54ee48a5ce9,T1020,Automated Exfiltration,1
intrusion-set--3fc023b2-c5cc-481d-9c3e-70141ae1a87e,Sidewinder,attack-pattern--d511a6f6-4a33-41d5-bc95-c343875d1377,T1027.010,Command Obfuscation,1
intrusion-set--3fc023b2-c5cc-481d-9c3e-70141ae1a87e,Sidewinder,attack-pattern--0d91b3c0-5e50-47c3-949a-2a796f04d144,T1027.013,Encrypted/Encoded File,1
intrusion-set--3fc023b2-c5cc-481d-9c3e-70141ae1a87e,Sidewinder,attack-pattern--03d7999c-1f4c-42cc-8373-e7690d318104,T1033,System Owner/User Discovery,1
intrusion-set--3fc023b2-c5cc-481d-9c3e-70141ae1a87e,Sidewinder,attack-pattern--1c4e5d32-1fe9-4116-9d9d-59e3925bd6a2,T1036.005,Match Legitimate Resource Name or Location,1
intrusion-set--3fc023b2-c5cc-481d-9c3e-70141ae1a87e,Sidewinder,attack-pattern--8f4a33ec-8b1f-4b80-a2f6-642b2e479580,T1057,Process Discovery,1
intrusion-set--3fc023b2-c5cc-481d-9c3e-70141ae1a87e,Sidewinder,attack-pattern--970a3432-3237-47ad-bcca-7d8cbb217736,T1059.001,PowerShell,1
intrusion-set--3fc023b2-c5cc-481d-9c3e-70141ae1a87e,Sidewinder,attack-pattern--dfd7cc1d-e1d8-4394-a198-97c4cab8aa67,T1059.005,Visual Basic,1
intrusion-set--3fc023b2-c5cc-481d-9c3e-70141ae1a87e,Sidewinder,attack-pattern--0f4a0c76-ab2d-4cb0-85d3-3f0efb8cba0d,T1059.007,JavaScript,1
intrusion-set--3fc023b2-c5cc-481d-9c3e-70141ae1a87e,Sidewinder,attack-pattern--df8b2a25-8bdf-4856-953c-a04372b1c161,T1071.001,Web Protocols,1
intrusion-set--3fc023b2-c5cc-481d-9c3e-70141ae1a87e,Sidewinder,attack-pattern--1c34f7aa-9341-4a48-bfab-af22e51aca6c,T1074.001,Local Data Staging,1
intrusion-set--3fc023b2-c5cc-481d-9c3e-70141ae1a87e,Sidewinder,attack-pattern--354a7f88-63fb-41b5-a801-ce3b377b36f1,T1082,System Information Discovery,1
intrusion-set--3fc023b2-c5cc-481d-9c3e-70141ae1a87e,Sidewinder,attack-pattern--7bc57495-ea59-4380-be31-a64af124ef18,T1083,File and Directory Discovery,1
intrusion-set--3fc023b2-c5cc-481d-9c3e-70141ae1a87e,Sidewinder,attack-pattern--e6919abc-99f9-4c6c-95a5-14761e7b2add,T1105,Ingress Tool Transfer,1
intrusion-set--3fc023b2-c5cc-481d-9c3e-70141ae1a87e,Sidewinder,attack-pattern--30208d3e-0d6b-43c8-883e-44462a514619,T1119,Automated Collection,1
intrusion-set--3fc023b2-c5cc-481d-9c3e-70141ae1a87e,Sidewinder,attack-pattern--f3c544dc-673c-4ef3-accb-53229f1ae077,T1124,System Time Discovery,1
intrusion-set--3fc023b2-c5cc-481d-9c3e-70141ae1a87e,Sidewinder,attack-pattern--be2dcee9-a7a7-4e38-afd6-21b31ecc3d63,T1203,Exploitation for Client Execution,1
intrusion-set--3fc023b2-c5cc-481d-9c3e-70141ae1a87e,Sidewinder,attack-pattern--ef67e13e-5598-4adc-bdb2-998225874fa9,T1204.001,Malicious Link,1
intrusion-set--3fc023b2-c5cc-481d-9c3e-70141ae1a87e,Sidewinder,attack-pattern--232b7f21-adf9-4b42-b936-b9d6f7df856e,T1204.002,Malicious File,1
intrusion-set--3fc023b2-c5cc-481d-9c3e-70141ae1a87e,Sidewinder,attack-pattern--840a987a-99bd-4a80-a5c9-0cb2baa6cade,T1218.005,Mshta,1
intrusion-set--3fc023b2-c5cc-481d-9c3e-70141ae1a87e,Sidewinder,attack-pattern--e3b6daca-e963-4a69-aee6-ed4fd653ad58,T1518,Software Discovery,1
intrusion-set--3fc023b2-c5cc-481d-9c3e-70141ae1a87e,Sidewinder,attack-pattern--cba37adb-d6fb-4610-b069-dd04c0643384,T1518.001,Security Software Discovery,1
intrusion-set--3fc023b2-c5cc-481d-9c3e-70141ae1a87e,Sidewinder,attack-pattern--9efb1ea7-c37b-4595-9640-b7680cd84279,T1547.001,Registry Run Keys / Startup Folder,1
intrusion-set--3fc023b2-c5cc-481d-9c3e-70141ae1a87e,Sidewinder,attack-pattern--232a7e42-cd6e-4902-8fe9-2960f529dd4d,T1559.002,Dynamic Data Exchange,1
intrusion-set--3fc023b2-c5cc-481d-9c3e-70141ae1a87e,Sidewinder,attack-pattern--2e34237d-8574-43f6-aace-ae2915de8597,T1566.001,Spearphishing Attachment,1
intrusion-set--3fc023b2-c5cc-481d-9c3e-70141ae1a87e,Sidewinder,attack-pattern--2b742742-28c3-4e1b-bab7-8350d6300fa7,T1566.002,Spearphishing Link,1
intrusion-set--3fc023b2-c5cc-481d-9c3e-70141ae1a87e,Sidewinder,attack-pattern--2fee9321-3e71-4cf4-af24-d4d40d355b34,T1574.001,DLL,1
intrusion-set--3fc023b2-c5cc-481d-9c3e-70141ae1a87e,Sidewinder,attack-pattern--8982a661-d84c-48c0-b4ec-1db29c6cf3bc,T1598.002,Spearphishing Attachment,1
intrusion-set--3fc023b2-c5cc-481d-9c3e-70141ae1a87e,Sidewinder,attack-pattern--2d3f5b3c-54ca-4f4d-bb1f-849346d31230,T1598.003,Spearphishing Link,1
intrusion-set--d13c8a7f-740b-4efa-a232-de7d6bb05321,Silence,attack-pattern--65f2d882-3f41-4d48-8a06-29af77ec9f90,T1003.001,LSASS Memory,1
intrusion-set--d13c8a7f-740b-4efa-a232-de7d6bb05321,Silence,attack-pattern--e358d692-23c0-4a31-9eb6-ecc13a8d7735,T1018,Remote System Discovery,1
intrusion-set--d13c8a7f-740b-4efa-a232-de7d6bb05321,Silence,attack-pattern--eb062747-2193-45de-8fa2-e62549c37ddf,T1021.001,Remote Desktop Protocol,1
intrusion-set--d13c8a7f-740b-4efa-a232-de7d6bb05321,Silence,attack-pattern--d511a6f6-4a33-41d5-bc95-c343875d1377,T1027.010,Command Obfuscation,1
intrusion-set--d13c8a7f-740b-4efa-a232-de7d6bb05321,Silence,attack-pattern--1c4e5d32-1fe9-4116-9d9d-59e3925bd6a2,T1036.005,Match Legitimate Resource Name or Location,1
intrusion-set--d13c8a7f-740b-4efa-a232-de7d6bb05321,Silence,attack-pattern--005a06c6-14bf-4118-afa0-ebcd8aebb0c9,T1053.005,Scheduled Task,1
intrusion-set--d13c8a7f-740b-4efa-a232-de7d6bb05321,Silence,attack-pattern--43e7dc91-05b2-474c-b9ac-2ed4fe101f4d,T1055,Process Injection,1
intrusion-set--d13c8a7f-740b-4efa-a232-de7d6bb05321,Silence,attack-pattern--970a3432-3237-47ad-bcca-7d8cbb217736,T1059.001,PowerShell,1
intrusion-set--d13c8a7f-740b-4efa-a232-de7d6bb05321,Silence,attack-pattern--d1fcf083-a721-4223-aedf-bf8960798d62,T1059.003,Windows Command Shell,1
intrusion-set--d13c8a7f-740b-4efa-a232-de7d6bb05321,Silence,attack-pattern--dfd7cc1d-e1d8-4394-a198-97c4cab8aa67,T1059.005,Visual Basic,1
intrusion-set--d13c8a7f-740b-4efa-a232-de7d6bb05321,Silence,attack-pattern--0f4a0c76-ab2d-4cb0-85d3-3f0efb8cba0d,T1059.007,JavaScript,1
intrusion-set--d13c8a7f-740b-4efa-a232-de7d6bb05321,Silence,attack-pattern--d63a3fb8-9452-4e9d-a60a-54be68d5998c,T1070.004,File Deletion,1
intrusion-set--d13c8a7f-740b-4efa-a232-de7d6bb05321,Silence,attack-pattern--92a78814-b191-47ca-909c-1ccfe3777414,T1072,Software Deployment Tools,1
intrusion-set--d13c8a7f-740b-4efa-a232-de7d6bb05321,Silence,attack-pattern--b17a1a56-e99c-403c-8948-561df0cffe81,T1078,Valid Accounts,1
intrusion-set--d13c8a7f-740b-4efa-a232-de7d6bb05321,Silence,attack-pattern--69b8fd78-40e8-4600-ae4d-662c9d7afdb3,T1090.002,External Proxy,1
intrusion-set--d13c8a7f-740b-4efa-a232-de7d6bb05321,Silence,attack-pattern--e6919abc-99f9-4c6c-95a5-14761e7b2add,T1105,Ingress Tool Transfer,1
intrusion-set--d13c8a7f-740b-4efa-a232-de7d6bb05321,Silence,attack-pattern--391d824f-0ef1-47a0-b0ee-c59a75e27670,T1106,Native API,1
intrusion-set--d13c8a7f-740b-4efa-a232-de7d6bb05321,Silence,attack-pattern--57340c81-c025-4189-8fa0-fc7ede51bae4,T1112,Modify Registry,1
intrusion-set--d13c8a7f-740b-4efa-a232-de7d6bb05321,Silence,attack-pattern--0259baeb-9f63-4c69-bf10-eb038c390688,T1113,Screen Capture,1
intrusion-set--d13c8a7f-740b-4efa-a232-de7d6bb05321,Silence,attack-pattern--6faf650d-bf31-4eb4-802d-1000cf38efaf,T1125,Video Capture,1
intrusion-set--d13c8a7f-740b-4efa-a232-de7d6bb05321,Silence,attack-pattern--232b7f21-adf9-4b42-b936-b9d6f7df856e,T1204.002,Malicious File,1
intrusion-set--d13c8a7f-740b-4efa-a232-de7d6bb05321,Silence,attack-pattern--a6937325-9321-4e2e-bb2b-3ed2d40b2a9d,T1218.001,Compiled HTML File,1
intrusion-set--d13c8a7f-740b-4efa-a232-de7d6bb05321,Silence,attack-pattern--9efb1ea7-c37b-4595-9640-b7680cd84279,T1547.001,Registry Run Keys / Startup Folder,1
intrusion-set--d13c8a7f-740b-4efa-a232-de7d6bb05321,Silence,attack-pattern--32901740-b42c-4fdd-bc02-345b5dc57082,T1553.002,Code Signing,1
intrusion-set--d13c8a7f-740b-4efa-a232-de7d6bb05321,Silence,attack-pattern--2e34237d-8574-43f6-aace-ae2915de8597,T1566.001,Spearphishing Attachment,1
intrusion-set--d13c8a7f-740b-4efa-a232-de7d6bb05321,Silence,attack-pattern--f1951e8a-500e-4a26-8803-76d95c4554b4,T1569.002,Service Execution,1
intrusion-set--d13c8a7f-740b-4efa-a232-de7d6bb05321,Silence,attack-pattern--b18eae87-b469-4e14-b454-b171b416bc18,T1571,Non-Standard Port,1
intrusion-set--d13c8a7f-740b-4efa-a232-de7d6bb05321,Silence,attack-pattern--a2fdce72-04b2-409a-ac10-cc1695f4fce0,T1588.002,Tool,1
intrusion-set--90784c1e-4aba-40eb-9adf-7556235e6384,Silent Librarian,attack-pattern--b17a1a56-e99c-403c-8948-561df0cffe81,T1078,Valid Accounts,1
intrusion-set--90784c1e-4aba-40eb-9adf-7556235e6384,Silent Librarian,attack-pattern--692074ae-bb62-4a5e-a735-02cb6bde458c,T1110.003,Password Spraying,1
intrusion-set--90784c1e-4aba-40eb-9adf-7556235e6384,Silent Librarian,attack-pattern--1608f3e1-598a-42f4-a01a-2e252e81728f,T1114,Email Collection,1
intrusion-set--90784c1e-4aba-40eb-9adf-7556235e6384,Silent Librarian,attack-pattern--7d77a07d-02fe-4e88-8bd9-e9c008c01bf0,T1114.003,Email Forwarding Rule,1
intrusion-set--90784c1e-4aba-40eb-9adf-7556235e6384,Silent Librarian,attack-pattern--40f5caa0-4cb7-4117-89fc-d421bb493df3,T1583.001,Domains,1
intrusion-set--90784c1e-4aba-40eb-9adf-7556235e6384,Silent Librarian,attack-pattern--65013dd2-bc61-43e3-afb5-a14c4fa7437a,T1585.002,Email Accounts,1
intrusion-set--90784c1e-4aba-40eb-9adf-7556235e6384,Silent Librarian,attack-pattern--a2fdce72-04b2-409a-ac10-cc1695f4fce0,T1588.002,Tool,1
intrusion-set--90784c1e-4aba-40eb-9adf-7556235e6384,Silent Librarian,attack-pattern--19401639-28d0-4c3c-adcc-bc2ba22f6421,T1588.004,Digital Certificates,1
intrusion-set--90784c1e-4aba-40eb-9adf-7556235e6384,Silent Librarian,attack-pattern--69f897fd-12a9-4c89-ad6a-46d2f3c38262,T1589.002,Email Addresses,1
intrusion-set--90784c1e-4aba-40eb-9adf-7556235e6384,Silent Librarian,attack-pattern--76551c52-b111-4884-bc47-ff3e728f0156,T1589.003,Employee Names,1
intrusion-set--90784c1e-4aba-40eb-9adf-7556235e6384,Silent Librarian,attack-pattern--16cdd21f-da65-4e4f-bc04-dd7d198c7b26,T1594,Search Victim-Owned Websites,1
intrusion-set--90784c1e-4aba-40eb-9adf-7556235e6384,Silent Librarian,attack-pattern--2d3f5b3c-54ca-4f4d-bb1f-849346d31230,T1598.003,Spearphishing Link,1
intrusion-set--90784c1e-4aba-40eb-9adf-7556235e6384,Silent Librarian,attack-pattern--84ae8255-b4f4-4237-b5c5-e717405a9701,T1608.005,Link Target,1
intrusion-set--76565741-3452-4069-ab08-80c0ea95bbeb,SilverTerrier,attack-pattern--df8b2a25-8bdf-4856-953c-a04372b1c161,T1071.001,Web Protocols,1
intrusion-set--76565741-3452-4069-ab08-80c0ea95bbeb,SilverTerrier,attack-pattern--9a60a291-8960-4387-8a4a-2ab5c18bb50b,T1071.002,File Transfer Protocols,1
intrusion-set--76565741-3452-4069-ab08-80c0ea95bbeb,SilverTerrier,attack-pattern--54b4c251-1f0e-4eba-ba6b-dbc7a6f6f06b,T1071.003,Mail Protocols,1
intrusion-set--76565741-3452-4069-ab08-80c0ea95bbeb,SilverTerrier,attack-pattern--851e071f-208d-4c79-adc6-5974c85c78f3,T1657,Financial Theft,1
intrusion-set--d1acfbb3-647b-4723-9154-800ec119006e,Sowbug,attack-pattern--0a3ead4e-6d47-4ccb-854c-a6a4f9d96b22,T1003,OS Credential Dumping,1
intrusion-set--d1acfbb3-647b-4723-9154-800ec119006e,Sowbug,attack-pattern--1c4e5d32-1fe9-4116-9d9d-59e3925bd6a2,T1036.005,Match Legitimate Resource Name or Location,1
intrusion-set--d1acfbb3-647b-4723-9154-800ec119006e,Sowbug,attack-pattern--ae676644-d2d2-41b7-af7e-9bed1b55898c,T1039,Data from Network Shared Drive,1
intrusion-set--d1acfbb3-647b-4723-9154-800ec119006e,Sowbug,attack-pattern--09a60ea3-a8d1-4ae5-976e-5783248b72a4,T1056.001,Keylogging,1
intrusion-set--d1acfbb3-647b-4723-9154-800ec119006e,Sowbug,attack-pattern--d1fcf083-a721-4223-aedf-bf8960798d62,T1059.003,Windows Command Shell,1
intrusion-set--d1acfbb3-647b-4723-9154-800ec119006e,Sowbug,attack-pattern--354a7f88-63fb-41b5-a801-ce3b377b36f1,T1082,System Information Discovery,1
intrusion-set--d1acfbb3-647b-4723-9154-800ec119006e,Sowbug,attack-pattern--7bc57495-ea59-4380-be31-a64af124ef18,T1083,File and Directory Discovery,1
intrusion-set--d1acfbb3-647b-4723-9154-800ec119006e,Sowbug,attack-pattern--3489cfc5-640f-4bb3-a103-9137b97de79f,T1135,Network Share Discovery,1
intrusion-set--d1acfbb3-647b-4723-9154-800ec119006e,Sowbug,attack-pattern--00f90846-cbd1-4fc5-9233-df5c2bf2a662,T1560.001,Archive via Utility,1
intrusion-set--9b36c218-4d80-4ec6-a68d-cc2886bbe410,Star Blizzard,attack-pattern--0f4a0c76-ab2d-4cb0-85d3-3f0efb8cba0d,T1059.007,JavaScript,1
intrusion-set--9b36c218-4d80-4ec6-a68d-cc2886bbe410,Star Blizzard,attack-pattern--b17a1a56-e99c-403c-8948-561df0cffe81,T1078,Valid Accounts,1
intrusion-set--9b36c218-4d80-4ec6-a68d-cc2886bbe410,Star Blizzard,attack-pattern--b4694861-542c-48ea-9eb1-10d356e7140a,T1114.002,Remote Email Collection,1
intrusion-set--9b36c218-4d80-4ec6-a68d-cc2886bbe410,Star Blizzard,attack-pattern--7d77a07d-02fe-4e88-8bd9-e9c008c01bf0,T1114.003,Email Forwarding Rule,1
intrusion-set--9b36c218-4d80-4ec6-a68d-cc2886bbe410,Star Blizzard,attack-pattern--232b7f21-adf9-4b42-b936-b9d6f7df856e,T1204.002,Malicious File,1
intrusion-set--9b36c218-4d80-4ec6-a68d-cc2886bbe410,Star Blizzard,attack-pattern--10ffac09-e42d-4f56-ab20-db94c67d76ff,T1539,Steal Web Session Cookie,1
intrusion-set--9b36c218-4d80-4ec6-a68d-cc2886bbe410,Star Blizzard,attack-pattern--c3c8c916-2f3c-4e71-94b2-240bdfc996f0,T1550.004,Web Session Cookie,1
intrusion-set--9b36c218-4d80-4ec6-a68d-cc2886bbe410,Star Blizzard,attack-pattern--2e34237d-8574-43f6-aace-ae2915de8597,T1566.001,Spearphishing Attachment,1
intrusion-set--9b36c218-4d80-4ec6-a68d-cc2886bbe410,Star Blizzard,attack-pattern--0458aab9-ad42-4eac-9e22-706a95bafee2,T1583,Acquire Infrastructure,1
intrusion-set--9b36c218-4d80-4ec6-a68d-cc2886bbe410,Star Blizzard,attack-pattern--40f5caa0-4cb7-4117-89fc-d421bb493df3,T1583.001,Domains,1
intrusion-set--9b36c218-4d80-4ec6-a68d-cc2886bbe410,Star Blizzard,attack-pattern--b1ccd744-3f78-4a0e-9bb2-2002057f7928,T1585.001,Social Media Accounts,1
intrusion-set--9b36c218-4d80-4ec6-a68d-cc2886bbe410,Star Blizzard,attack-pattern--65013dd2-bc61-43e3-afb5-a14c4fa7437a,T1585.002,Email Accounts,1
intrusion-set--9b36c218-4d80-4ec6-a68d-cc2886bbe410,Star Blizzard,attack-pattern--3dc8c101-d4db-4f4d-8150-1b5a76ca5f1b,T1586.002,Email Accounts,1
intrusion-set--9b36c218-4d80-4ec6-a68d-cc2886bbe410,Star Blizzard,attack-pattern--a2fdce72-04b2-409a-ac10-cc1695f4fce0,T1588.002,Tool,1
intrusion-set--9b36c218-4d80-4ec6-a68d-cc2886bbe410,Star Blizzard,attack-pattern--5282dd9a-d26d-4e16-88b7-7c0f4553daf4,T1589,Gather Victim Identity Information,1
intrusion-set--9b36c218-4d80-4ec6-a68d-cc2886bbe410,Star Blizzard,attack-pattern--a0e6614a-7740-4b24-bd65-f1bde09fc365,T1593,Search Open Websites/Domains,1
intrusion-set--9b36c218-4d80-4ec6-a68d-cc2886bbe410,Star Blizzard,attack-pattern--8982a661-d84c-48c0-b4ec-1db29c6cf3bc,T1598.002,Spearphishing Attachment,1
intrusion-set--9b36c218-4d80-4ec6-a68d-cc2886bbe410,Star Blizzard,attack-pattern--2d3f5b3c-54ca-4f4d-bb1f-849346d31230,T1598.003,Spearphishing Link,1
intrusion-set--9b36c218-4d80-4ec6-a68d-cc2886bbe410,Star Blizzard,attack-pattern--3ee16395-03f0-4690-a32e-69ce9ada0f9e,T1608.001,Upload Malware,1
intrusion-set--9b36c218-4d80-4ec6-a68d-cc2886bbe410,Star Blizzard,attack-pattern--cd92d2b8-ce43-4666-9472-f1b4b9f4f8be,T1684.001,Impersonation,1
intrusion-set--894aab42-3371-47b1-8859-a4a074c804c8,Stealth Falcon,attack-pattern--3c4a2599-71ee-4405-ba1e-0e28414b4bc5,T1005,Data from Local System,1
intrusion-set--894aab42-3371-47b1-8859-a4a074c804c8,Stealth Falcon,attack-pattern--c32f7008-9fea-41f7-8366-5eb9b74bd896,T1012,Query Registry,1
intrusion-set--894aab42-3371-47b1-8859-a4a074c804c8,Stealth Falcon,attack-pattern--707399d6-ab3e-4963-9315-d9d3818cd6a0,T1016,System Network Configuration Discovery,1
intrusion-set--894aab42-3371-47b1-8859-a4a074c804c8,Stealth Falcon,attack-pattern--03d7999c-1f4c-42cc-8373-e7690d318104,T1033,System Owner/User Discovery,1
intrusion-set--894aab42-3371-47b1-8859-a4a074c804c8,Stealth Falcon,attack-pattern--92d7da27-2d91-488e-a00c-059dc162766d,T1041,Exfiltration Over C2 Channel,1
intrusion-set--894aab42-3371-47b1-8859-a4a074c804c8,Stealth Falcon,attack-pattern--01a5a209-b94c-450b-b7f9-946497d91055,T1047,Windows Management Instrumentation,1
intrusion-set--894aab42-3371-47b1-8859-a4a074c804c8,Stealth Falcon,attack-pattern--005a06c6-14bf-4118-afa0-ebcd8aebb0c9,T1053.005,Scheduled Task,1
intrusion-set--894aab42-3371-47b1-8859-a4a074c804c8,Stealth Falcon,attack-pattern--8f4a33ec-8b1f-4b80-a2f6-642b2e479580,T1057,Process Discovery,1
intrusion-set--894aab42-3371-47b1-8859-a4a074c804c8,Stealth Falcon,attack-pattern--7385dfaf-6886-4229-9ecd-6fd678040830,T1059,Command and Scripting Interpreter,1
intrusion-set--894aab42-3371-47b1-8859-a4a074c804c8,Stealth Falcon,attack-pattern--970a3432-3237-47ad-bcca-7d8cbb217736,T1059.001,PowerShell,1
intrusion-set--894aab42-3371-47b1-8859-a4a074c804c8,Stealth Falcon,attack-pattern--df8b2a25-8bdf-4856-953c-a04372b1c161,T1071.001,Web Protocols,1
intrusion-set--894aab42-3371-47b1-8859-a4a074c804c8,Stealth Falcon,attack-pattern--354a7f88-63fb-41b5-a801-ce3b377b36f1,T1082,System Information Discovery,1
intrusion-set--894aab42-3371-47b1-8859-a4a074c804c8,Stealth Falcon,attack-pattern--3fc9b85a-2862-4363-a64d-d692e3ffbee0,T1555,Credentials from Password Stores,1
intrusion-set--894aab42-3371-47b1-8859-a4a074c804c8,Stealth Falcon,attack-pattern--58a3e6aa-4453-4cc8-a51f-4befe80b31a8,T1555.003,Credentials from Web Browsers,1
intrusion-set--894aab42-3371-47b1-8859-a4a074c804c8,Stealth Falcon,attack-pattern--d336b553-5da9-46ca-98a8-0b23f49fb447,T1555.004,Windows Credential Manager,1
intrusion-set--894aab42-3371-47b1-8859-a4a074c804c8,Stealth Falcon,attack-pattern--24bfaeba-cb0d-4525-b3dc-507c77ecec41,T1573.001,Symmetric Cryptography,1
intrusion-set--7b404cd0-3ae9-41d4-90c0-023793d35d97,Storm-0501,attack-pattern--0a3ead4e-6d47-4ccb-854c-a6a4f9d96b22,T1003,OS Credential Dumping,1
intrusion-set--7b404cd0-3ae9-41d4-90c0-023793d35d97,Storm-0501,attack-pattern--f303a39a-6255-4b89-aecc-18c4d8ca7163,T1003.006,DCSync,1
intrusion-set--7b404cd0-3ae9-41d4-90c0-023793d35d97,Storm-0501,attack-pattern--60d0c01d-e2bf-49dd-a453-f8a9c9fa6f65,T1021.006,Windows Remote Management,1
intrusion-set--7b404cd0-3ae9-41d4-90c0-023793d35d97,Storm-0501,attack-pattern--8861073d-d1b8-4941-82ce-dce621d398f0,T1021.007,Cloud Services,1
intrusion-set--7b404cd0-3ae9-41d4-90c0-023793d35d97,Storm-0501,attack-pattern--deb98323-e13f-4b0c-8d94-175379069062,T1027.002,Software Packing,1
intrusion-set--7b404cd0-3ae9-41d4-90c0-023793d35d97,Storm-0501,attack-pattern--7bdca9d5-d500-4d7d-8c52-5fd47baf4c0c,T1036.004,Masquerade Task or Service,1
intrusion-set--7b404cd0-3ae9-41d4-90c0-023793d35d97,Storm-0501,attack-pattern--005a06c6-14bf-4118-afa0-ebcd8aebb0c9,T1053.005,Scheduled Task,1
intrusion-set--7b404cd0-3ae9-41d4-90c0-023793d35d97,Storm-0501,attack-pattern--8f4a33ec-8b1f-4b80-a2f6-642b2e479580,T1057,Process Discovery,1
intrusion-set--7b404cd0-3ae9-41d4-90c0-023793d35d97,Storm-0501,attack-pattern--970a3432-3237-47ad-bcca-7d8cbb217736,T1059.001,PowerShell,1
intrusion-set--7b404cd0-3ae9-41d4-90c0-023793d35d97,Storm-0501,attack-pattern--55bb4471-ff1f-43b4-88c1-c9384ec47abf,T1059.009,Cloud API,1
intrusion-set--7b404cd0-3ae9-41d4-90c0-023793d35d97,Storm-0501,attack-pattern--f232fa7a-025c-4d43-abc7-318e81a73d65,T1078.004,Cloud Accounts,1
intrusion-set--7b404cd0-3ae9-41d4-90c0-023793d35d97,Storm-0501,attack-pattern--354a7f88-63fb-41b5-a801-ce3b377b36f1,T1082,System Information Discovery,1
intrusion-set--7b404cd0-3ae9-41d4-90c0-023793d35d97,Storm-0501,attack-pattern--21875073-b0ee-49e3-9077-1e2a885359af,T1087.002,Domain Account,1
intrusion-set--7b404cd0-3ae9-41d4-90c0-023793d35d97,Storm-0501,attack-pattern--8f104855-e5b7-4077-b1f5-bc3103b41abe,T1087.004,Cloud Account,1
intrusion-set--7b404cd0-3ae9-41d4-90c0-023793d35d97,Storm-0501,attack-pattern--8a2f40cf-8325-47f9-96e4-b1ca4c7389bd,T1098.001,Additional Cloud Credentials,1
intrusion-set--7b404cd0-3ae9-41d4-90c0-023793d35d97,Storm-0501,attack-pattern--2dbbdcd5-92cf-44c0-aea2-fe24783a6bc3,T1098.003,Additional Cloud Roles,1
intrusion-set--7b404cd0-3ae9-41d4-90c0-023793d35d97,Storm-0501,attack-pattern--a93494bb-4b80-4ea1-8695-3236a49916fd,T1110,Brute Force,1
intrusion-set--7b404cd0-3ae9-41d4-90c0-023793d35d97,Storm-0501,attack-pattern--3f886f2a-874f-4333-b794-aa6075009b1c,T1190,Exploit Public-Facing Application,1
intrusion-set--7b404cd0-3ae9-41d4-90c0-023793d35d97,Storm-0501,attack-pattern--b97f1d35-4249-4486-a6b5-ee60ccf24fab,T1218.010,Regsvr32,1
intrusion-set--7b404cd0-3ae9-41d4-90c0-023793d35d97,Storm-0501,attack-pattern--045d0922-2310-4e60-b5e4-3302302cb3c5,T1218.011,Rundll32,1
intrusion-set--7b404cd0-3ae9-41d4-90c0-023793d35d97,Storm-0501,attack-pattern--d4287702-e2f7-4946-bdfa-2c7f5aaa5032,T1219.002,Remote Desktop Software,1
intrusion-set--7b404cd0-3ae9-41d4-90c0-023793d35d97,Storm-0501,attack-pattern--767dbf9e-df3f-45cb-8998-4903ab5f80c0,T1482,Domain Trust Discovery,1
intrusion-set--7b404cd0-3ae9-41d4-90c0-023793d35d97,Storm-0501,attack-pattern--5d2be8b9-d24c-4e98-83bf-2f5f79477163,T1484.001,Group Policy Modification,1
intrusion-set--7b404cd0-3ae9-41d4-90c0-023793d35d97,Storm-0501,attack-pattern--24769ab5-14bd-4f4e-a752-cfb185da53ee,T1484.002,Trust Modification,1
intrusion-set--7b404cd0-3ae9-41d4-90c0-023793d35d97,Storm-0501,attack-pattern--d45a3d09-b3cf-48f4-9f0f-f521ee5cb05c,T1485,Data Destruction,1
intrusion-set--7b404cd0-3ae9-41d4-90c0-023793d35d97,Storm-0501,attack-pattern--b80d107d-fa0d-4b60-9684-b0433e8bdba0,T1486,Data Encrypted for Impact,1
intrusion-set--7b404cd0-3ae9-41d4-90c0-023793d35d97,Storm-0501,attack-pattern--f5d8eed6-48a9-4cdf-a3d7-d1ffa99c3d2a,T1490,Inhibit System Recovery,1
intrusion-set--7b404cd0-3ae9-41d4-90c0-023793d35d97,Storm-0501,attack-pattern--cba37adb-d6fb-4610-b069-dd04c0643384,T1518.001,Security Software Discovery,1
intrusion-set--7b404cd0-3ae9-41d4-90c0-023793d35d97,Storm-0501,attack-pattern--e24fcba8-2557-4442-a139-1ee2f2e784db,T1526,Cloud Service Discovery,1
intrusion-set--7b404cd0-3ae9-41d4-90c0-023793d35d97,Storm-0501,attack-pattern--3298ce88-1628-43b1-87d9-0b5336b193d7,T1530,Data from Cloud Storage,1
intrusion-set--7b404cd0-3ae9-41d4-90c0-023793d35d97,Storm-0501,attack-pattern--d4bdbdea-eaec-4071-b4f9-5105e12ea4b6,T1537,Transfer Data to Cloud Account,1
intrusion-set--7b404cd0-3ae9-41d4-90c0-023793d35d97,Storm-0501,attack-pattern--60b508a1-6a5e-46b1-821a-9f7b78752abf,T1552.004,Private Keys,1
intrusion-set--7b404cd0-3ae9-41d4-90c0-023793d35d97,Storm-0501,attack-pattern--315f51f0-6b03-4c1e-bfb2-84740afb8e21,T1555.005,Password Managers,1
intrusion-set--7b404cd0-3ae9-41d4-90c0-023793d35d97,Storm-0501,attack-pattern--cfb525cc-5494-401d-a82b-2539ca46a561,T1555.006,Cloud Secrets Management Stores,1
intrusion-set--7b404cd0-3ae9-41d4-90c0-023793d35d97,Storm-0501,attack-pattern--ceaeb6d8-95ee-4da2-9d42-dc6aa6ca43ae,T1556.009,Conditional Access Policies,1
intrusion-set--7b404cd0-3ae9-41d4-90c0-023793d35d97,Storm-0501,attack-pattern--bf1b6176-597c-4600-bfcd-ac989670f96b,T1567.002,Exfiltration to Cloud Storage,1
intrusion-set--7b404cd0-3ae9-41d4-90c0-023793d35d97,Storm-0501,attack-pattern--70857657-bd0b-4695-ad3e-b13f92cac1b4,T1578.003,Delete Cloud Instance,1
intrusion-set--7b404cd0-3ae9-41d4-90c0-023793d35d97,Storm-0501,attack-pattern--57a3d31a-d04f-4663-b2da-7df8ec3f8c9d,T1580,Cloud Infrastructure Discovery,1
intrusion-set--7b404cd0-3ae9-41d4-90c0-023793d35d97,Storm-0501,attack-pattern--1cec9319-743b-4840-bb65-431547bce82a,T1587.003,Digital Certificates,1
intrusion-set--7b404cd0-3ae9-41d4-90c0-023793d35d97,Storm-0501,attack-pattern--2b5aa86b-a0df-4382-848d-30abea443327,T1588.006,Vulnerabilities,1
intrusion-set--7b404cd0-3ae9-41d4-90c0-023793d35d97,Storm-0501,attack-pattern--c1b68a96-3c48-49ea-a6c0-9b27359f9c19,T1614.001,System Language Discovery,1
intrusion-set--7b404cd0-3ae9-41d4-90c0-023793d35d97,Storm-0501,attack-pattern--851e071f-208d-4c79-adc6-5974c85c78f3,T1657,Financial Theft,1
intrusion-set--319fd652-edde-46b2-9987-3519493989f5,Storm-1811,attack-pattern--4f9ca633-15c5-463c-9724-bdcd54fde541,T1021.002,SMB/Windows Admin Shares,1
intrusion-set--319fd652-edde-46b2-9987-3519493989f5,Storm-1811,attack-pattern--2db31dcd-54da-405d-acef-b9129b816ed6,T1021.004,SSH,1
intrusion-set--319fd652-edde-46b2-9987-3519493989f5,Storm-1811,attack-pattern--0d91b3c0-5e50-47c3-949a-2a796f04d144,T1027.013,Encrypted/Encoded File,1
intrusion-set--319fd652-edde-46b2-9987-3519493989f5,Storm-1811,attack-pattern--03d7999c-1f4c-42cc-8373-e7690d318104,T1033,System Owner/User Discovery,1
intrusion-set--319fd652-edde-46b2-9987-3519493989f5,Storm-1811,attack-pattern--42e8de7b-37b2-4258-905a-6897815e58e0,T1036,Masquerading,1
intrusion-set--319fd652-edde-46b2-9987-3519493989f5,Storm-1811,attack-pattern--1c4e5d32-1fe9-4116-9d9d-59e3925bd6a2,T1036.005,Match Legitimate Resource Name or Location,1
intrusion-set--319fd652-edde-46b2-9987-3519493989f5,Storm-1811,attack-pattern--d349c66e-18e1-4d8b-a2d7-65af7cbd2ba0,T1036.010,Masquerade Account Name,1
intrusion-set--319fd652-edde-46b2-9987-3519493989f5,Storm-1811,attack-pattern--8e350c1d-ac79-4b5c-bd4e-7476d7e84ec5,T1048.002,Exfiltration Over Asymmetric Encrypted Non-C2 Protocol,1
intrusion-set--319fd652-edde-46b2-9987-3519493989f5,Storm-1811,attack-pattern--bb5a00de-e086-4859-a231-fa793f6797e2,T1056,Input Capture,1
intrusion-set--319fd652-edde-46b2-9987-3519493989f5,Storm-1811,attack-pattern--970a3432-3237-47ad-bcca-7d8cbb217736,T1059.001,PowerShell,1
intrusion-set--319fd652-edde-46b2-9987-3519493989f5,Storm-1811,attack-pattern--d1fcf083-a721-4223-aedf-bf8960798d62,T1059.003,Windows Command Shell,1
intrusion-set--319fd652-edde-46b2-9987-3519493989f5,Storm-1811,attack-pattern--1c34f7aa-9341-4a48-bfab-af22e51aca6c,T1074.001,Local Data Staging,1
intrusion-set--319fd652-edde-46b2-9987-3519493989f5,Storm-1811,attack-pattern--21875073-b0ee-49e3-9077-1e2a885359af,T1087.002,Domain Account,1
intrusion-set--319fd652-edde-46b2-9987-3519493989f5,Storm-1811,attack-pattern--e6919abc-99f9-4c6c-95a5-14761e7b2add,T1105,Ingress Tool Transfer,1
intrusion-set--319fd652-edde-46b2-9987-3519493989f5,Storm-1811,attack-pattern--3ccef7ae-cb5e-48f6-8302-897105fbf55c,T1140,Deobfuscate/Decode Files or Information,1
intrusion-set--319fd652-edde-46b2-9987-3519493989f5,Storm-1811,attack-pattern--232b7f21-adf9-4b42-b936-b9d6f7df856e,T1204.002,Malicious File,1
intrusion-set--319fd652-edde-46b2-9987-3519493989f5,Storm-1811,attack-pattern--d4287702-e2f7-4946-bdfa-2c7f5aaa5032,T1219.002,Remote Desktop Software,1
intrusion-set--319fd652-edde-46b2-9987-3519493989f5,Storm-1811,attack-pattern--34e793de-0274-4982-9c1a-246ed1c19dee,T1222.001,Windows Permissions,1
intrusion-set--319fd652-edde-46b2-9987-3519493989f5,Storm-1811,attack-pattern--767dbf9e-df3f-45cb-8998-4903ab5f80c0,T1482,Domain Trust Discovery,1
intrusion-set--319fd652-edde-46b2-9987-3519493989f5,Storm-1811,attack-pattern--b80d107d-fa0d-4b60-9684-b0433e8bdba0,T1486,Data Encrypted for Impact,1
intrusion-set--319fd652-edde-46b2-9987-3519493989f5,Storm-1811,attack-pattern--9efb1ea7-c37b-4595-9640-b7680cd84279,T1547.001,Registry Run Keys / Startup Folder,1
intrusion-set--319fd652-edde-46b2-9987-3519493989f5,Storm-1811,attack-pattern--2b742742-28c3-4e1b-bab7-8350d6300fa7,T1566.002,Spearphishing Link,1
intrusion-set--319fd652-edde-46b2-9987-3519493989f5,Storm-1811,attack-pattern--f6ad61ee-65f3-4bd0-a3f5-2f0accb36317,T1566.003,Spearphishing via Service,1
intrusion-set--319fd652-edde-46b2-9987-3519493989f5,Storm-1811,attack-pattern--bb5e59c4-abe7-40c7-8196-e373cb1e5974,T1566.004,Spearphishing Voice,1
intrusion-set--319fd652-edde-46b2-9987-3519493989f5,Storm-1811,attack-pattern--bf90d72c-c00b-45e3-b3aa-68560560d4c5,T1570,Lateral Tool Transfer,1
intrusion-set--319fd652-edde-46b2-9987-3519493989f5,Storm-1811,attack-pattern--2fee9321-3e71-4cf4-af24-d4d40d355b34,T1574.001,DLL,1
intrusion-set--319fd652-edde-46b2-9987-3519493989f5,Storm-1811,attack-pattern--40f5caa0-4cb7-4117-89fc-d421bb493df3,T1583.001,Domains,1
intrusion-set--319fd652-edde-46b2-9987-3519493989f5,Storm-1811,attack-pattern--926d8cfd-1d0d-4da2-ab49-3ca10ec3f3b5,T1585.003,Cloud Accounts,1
intrusion-set--319fd652-edde-46b2-9987-3519493989f5,Storm-1811,attack-pattern--a2fdce72-04b2-409a-ac10-cc1695f4fce0,T1588.002,Tool,1
intrusion-set--319fd652-edde-46b2-9987-3519493989f5,Storm-1811,attack-pattern--bed81616-3dde-4685-be6e-ba9820f9a7ed,T1667,Email Bombing,1
intrusion-set--319fd652-edde-46b2-9987-3519493989f5,Storm-1811,attack-pattern--cd92d2b8-ce43-4666-9472-f1b4b9f4f8be,T1684.001,Impersonation,1
intrusion-set--277d2f87-2ae5-4730-a3aa-50c1fdff9656,Strider,attack-pattern--f6dacc85-b37d-458e-b58d-74fc4bbf5755,T1090.001,Internal Proxy,1
intrusion-set--277d2f87-2ae5-4730-a3aa-50c1fdff9656,Strider,attack-pattern--3731fbcd-0e43-47ae-ae6c-d15e510f0d42,T1556.002,Password Filter DLL,1
intrusion-set--277d2f87-2ae5-4730-a3aa-50c1fdff9656,Strider,attack-pattern--dfebc3b7-d19d-450b-81c7-6dafe4184c04,T1564.005,Hidden File System,1
intrusion-set--5cbe0d3b-6fb1-471f-b591-4b192915116d,Suckfly,attack-pattern--0a3ead4e-6d47-4ccb-854c-a6a4f9d96b22,T1003,OS Credential Dumping,1
intrusion-set--5cbe0d3b-6fb1-471f-b591-4b192915116d,Suckfly,attack-pattern--e3a12395-188d-4051-9a16-ea8e14d07b88,T1046,Network Service Discovery,1
intrusion-set--5cbe0d3b-6fb1-471f-b591-4b192915116d,Suckfly,attack-pattern--d1fcf083-a721-4223-aedf-bf8960798d62,T1059.003,Windows Command Shell,1
intrusion-set--5cbe0d3b-6fb1-471f-b591-4b192915116d,Suckfly,attack-pattern--b17a1a56-e99c-403c-8948-561df0cffe81,T1078,Valid Accounts,1
intrusion-set--5cbe0d3b-6fb1-471f-b591-4b192915116d,Suckfly,attack-pattern--32901740-b42c-4fdd-bc02-345b5dc57082,T1553.002,Code Signing,1
intrusion-set--467271fd-47c0-4e90-a3f9-d84f5cf790d0,TA2541,attack-pattern--132d5b37-aac5-4378-a8dc-3127b18a73dc,T1016.001,Internet Connection Discovery,1
intrusion-set--467271fd-47c0-4e90-a3f9-d84f5cf790d0,TA2541,attack-pattern--deb98323-e13f-4b0c-8d94-175379069062,T1027.002,Software Packing,1
intrusion-set--467271fd-47c0-4e90-a3f9-d84f5cf790d0,TA2541,attack-pattern--0d91b3c0-5e50-47c3-949a-2a796f04d144,T1027.013,Encrypted/Encoded File,1
intrusion-set--467271fd-47c0-4e90-a3f9-d84f5cf790d0,TA2541,attack-pattern--fbd91bfc-75c2-4f0c-8116-3b4e722906b3,T1027.015,Compression,1
intrusion-set--467271fd-47c0-4e90-a3f9-d84f5cf790d0,TA2541,attack-pattern--1c4e5d32-1fe9-4116-9d9d-59e3925bd6a2,T1036.005,Match Legitimate Resource Name or Location,1
intrusion-set--467271fd-47c0-4e90-a3f9-d84f5cf790d0,TA2541,attack-pattern--01a5a209-b94c-450b-b7f9-946497d91055,T1047,Windows Management Instrumentation,1
intrusion-set--467271fd-47c0-4e90-a3f9-d84f5cf790d0,TA2541,attack-pattern--005a06c6-14bf-4118-afa0-ebcd8aebb0c9,T1053.005,Scheduled Task,1
intrusion-set--467271fd-47c0-4e90-a3f9-d84f5cf790d0,TA2541,attack-pattern--43e7dc91-05b2-474c-b9ac-2ed4fe101f4d,T1055,Process Injection,1
intrusion-set--467271fd-47c0-4e90-a3f9-d84f5cf790d0,TA2541,attack-pattern--b200542e-e877-4395-875b-cf1a44537ca4,T1055.012,Process Hollowing,1
intrusion-set--467271fd-47c0-4e90-a3f9-d84f5cf790d0,TA2541,attack-pattern--970a3432-3237-47ad-bcca-7d8cbb217736,T1059.001,PowerShell,1
intrusion-set--467271fd-47c0-4e90-a3f9-d84f5cf790d0,TA2541,attack-pattern--dfd7cc1d-e1d8-4394-a198-97c4cab8aa67,T1059.005,Visual Basic,1
intrusion-set--467271fd-47c0-4e90-a3f9-d84f5cf790d0,TA2541,attack-pattern--354a7f88-63fb-41b5-a801-ce3b377b36f1,T1082,System Information Discovery,1
intrusion-set--467271fd-47c0-4e90-a3f9-d84f5cf790d0,TA2541,attack-pattern--e6919abc-99f9-4c6c-95a5-14761e7b2add,T1105,Ingress Tool Transfer,1
intrusion-set--467271fd-47c0-4e90-a3f9-d84f5cf790d0,TA2541,attack-pattern--ef67e13e-5598-4adc-bdb2-998225874fa9,T1204.001,Malicious Link,1
intrusion-set--467271fd-47c0-4e90-a3f9-d84f5cf790d0,TA2541,attack-pattern--232b7f21-adf9-4b42-b936-b9d6f7df856e,T1204.002,Malicious File,1
intrusion-set--467271fd-47c0-4e90-a3f9-d84f5cf790d0,TA2541,attack-pattern--840a987a-99bd-4a80-a5c9-0cb2baa6cade,T1218.005,Mshta,1
intrusion-set--467271fd-47c0-4e90-a3f9-d84f5cf790d0,TA2541,attack-pattern--cba37adb-d6fb-4610-b069-dd04c0643384,T1518.001,Security Software Discovery,1
intrusion-set--467271fd-47c0-4e90-a3f9-d84f5cf790d0,TA2541,attack-pattern--9efb1ea7-c37b-4595-9640-b7680cd84279,T1547.001,Registry Run Keys / Startup Folder,1
intrusion-set--467271fd-47c0-4e90-a3f9-d84f5cf790d0,TA2541,attack-pattern--2e34237d-8574-43f6-aace-ae2915de8597,T1566.001,Spearphishing Attachment,1
intrusion-set--467271fd-47c0-4e90-a3f9-d84f5cf790d0,TA2541,attack-pattern--2b742742-28c3-4e1b-bab7-8350d6300fa7,T1566.002,Spearphishing Link,1
intrusion-set--467271fd-47c0-4e90-a3f9-d84f5cf790d0,TA2541,attack-pattern--7bd9c723-2f78-4309-82c5-47cad406572b,T1568,Dynamic Resolution,1
intrusion-set--467271fd-47c0-4e90-a3f9-d84f5cf790d0,TA2541,attack-pattern--bf176076-b789-408e-8cba-7275e81c0ada,T1573.002,Asymmetric Cryptography,1
intrusion-set--467271fd-47c0-4e90-a3f9-d84f5cf790d0,TA2541,attack-pattern--40f5caa0-4cb7-4117-89fc-d421bb493df3,T1583.001,Domains,1
intrusion-set--467271fd-47c0-4e90-a3f9-d84f5cf790d0,TA2541,attack-pattern--88d31120-5bc7-4ce3-a9c0-7cf147be8e54,T1583.006,Web Services,1
intrusion-set--467271fd-47c0-4e90-a3f9-d84f5cf790d0,TA2541,attack-pattern--7807d3a4-a885-4639-a786-c1ed41484970,T1588.001,Malware,1
intrusion-set--467271fd-47c0-4e90-a3f9-d84f5cf790d0,TA2541,attack-pattern--a2fdce72-04b2-409a-ac10-cc1695f4fce0,T1588.002,Tool,1
intrusion-set--467271fd-47c0-4e90-a3f9-d84f5cf790d0,TA2541,attack-pattern--3ee16395-03f0-4690-a32e-69ce9ada0f9e,T1608.001,Upload Malware,1
intrusion-set--467271fd-47c0-4e90-a3f9-d84f5cf790d0,TA2541,attack-pattern--bbde9781-60aa-4b8a-a911-895b0c1b3872,T1685,Disable or Modify Tools,1
intrusion-set--62a64fd3-aaf7-4d09-a375-d6f8bb118481,TA459,attack-pattern--970a3432-3237-47ad-bcca-7d8cbb217736,T1059.001,PowerShell,1
intrusion-set--62a64fd3-aaf7-4d09-a375-d6f8bb118481,TA459,attack-pattern--dfd7cc1d-e1d8-4394-a198-97c4cab8aa67,T1059.005,Visual Basic,1
intrusion-set--62a64fd3-aaf7-4d09-a375-d6f8bb118481,TA459,attack-pattern--be2dcee9-a7a7-4e38-afd6-21b31ecc3d63,T1203,Exploitation for Client Execution,1
intrusion-set--62a64fd3-aaf7-4d09-a375-d6f8bb118481,TA459,attack-pattern--232b7f21-adf9-4b42-b936-b9d6f7df856e,T1204.002,Malicious File,1
intrusion-set--62a64fd3-aaf7-4d09-a375-d6f8bb118481,TA459,attack-pattern--2e34237d-8574-43f6-aace-ae2915de8597,T1566.001,Spearphishing Attachment,1
intrusion-set--7eda3dd8-b09b-4705-8090-c2ad9fb8c14d,TA505,attack-pattern--deb98323-e13f-4b0c-8d94-175379069062,T1027.002,Software Packing,1
intrusion-set--7eda3dd8-b09b-4705-8090-c2ad9fb8c14d,TA505,attack-pattern--d511a6f6-4a33-41d5-bc95-c343875d1377,T1027.010,Command Obfuscation,1
intrusion-set--7eda3dd8-b09b-4705-8090-c2ad9fb8c14d,TA505,attack-pattern--0d91b3c0-5e50-47c3-949a-2a796f04d144,T1027.013,Encrypted/Encoded File,1
intrusion-set--7eda3dd8-b09b-4705-8090-c2ad9fb8c14d,TA505,attack-pattern--f4599aa0-4f85-4a32-80ea-fc39dc965945,T1055.001,Dynamic-link Library Injection,1
intrusion-set--7eda3dd8-b09b-4705-8090-c2ad9fb8c14d,TA505,attack-pattern--970a3432-3237-47ad-bcca-7d8cbb217736,T1059.001,PowerShell,1
intrusion-set--7eda3dd8-b09b-4705-8090-c2ad9fb8c14d,TA505,attack-pattern--d1fcf083-a721-4223-aedf-bf8960798d62,T1059.003,Windows Command Shell,1
intrusion-set--7eda3dd8-b09b-4705-8090-c2ad9fb8c14d,TA505,attack-pattern--dfd7cc1d-e1d8-4394-a198-97c4cab8aa67,T1059.005,Visual Basic,1
intrusion-set--7eda3dd8-b09b-4705-8090-c2ad9fb8c14d,TA505,attack-pattern--0f4a0c76-ab2d-4cb0-85d3-3f0efb8cba0d,T1059.007,JavaScript,1
intrusion-set--7eda3dd8-b09b-4705-8090-c2ad9fb8c14d,TA505,attack-pattern--15dbf668-795c-41e6-8219-f0447c0e64ce,T1069,Permission Groups Discovery,1
intrusion-set--7eda3dd8-b09b-4705-8090-c2ad9fb8c14d,TA505,attack-pattern--df8b2a25-8bdf-4856-953c-a04372b1c161,T1071.001,Web Protocols,1
intrusion-set--7eda3dd8-b09b-4705-8090-c2ad9fb8c14d,TA505,attack-pattern--c3d4bdd9-2cfe-4a80-9d0c-07a29ecdce8f,T1078.002,Domain Accounts,1
intrusion-set--7eda3dd8-b09b-4705-8090-c2ad9fb8c14d,TA505,attack-pattern--4bc31b94-045b-4752-8920-aebaebdb6470,T1087.003,Email Account,1
intrusion-set--7eda3dd8-b09b-4705-8090-c2ad9fb8c14d,TA505,attack-pattern--e6919abc-99f9-4c6c-95a5-14761e7b2add,T1105,Ingress Tool Transfer,1
intrusion-set--7eda3dd8-b09b-4705-8090-c2ad9fb8c14d,TA505,attack-pattern--391d824f-0ef1-47a0-b0ee-c59a75e27670,T1106,Native API,1
intrusion-set--7eda3dd8-b09b-4705-8090-c2ad9fb8c14d,TA505,attack-pattern--57340c81-c025-4189-8fa0-fc7ede51bae4,T1112,Modify Registry,1
intrusion-set--7eda3dd8-b09b-4705-8090-c2ad9fb8c14d,TA505,attack-pattern--3ccef7ae-cb5e-48f6-8302-897105fbf55c,T1140,Deobfuscate/Decode Files or Information,1
intrusion-set--7eda3dd8-b09b-4705-8090-c2ad9fb8c14d,TA505,attack-pattern--ef67e13e-5598-4adc-bdb2-998225874fa9,T1204.001,Malicious Link,1
intrusion-set--7eda3dd8-b09b-4705-8090-c2ad9fb8c14d,TA505,attack-pattern--232b7f21-adf9-4b42-b936-b9d6f7df856e,T1204.002,Malicious File,1
intrusion-set--7eda3dd8-b09b-4705-8090-c2ad9fb8c14d,TA505,attack-pattern--365be77f-fc0e-42ee-bac8-4faf806d9336,T1218.007,Msiexec,1
intrusion-set--7eda3dd8-b09b-4705-8090-c2ad9fb8c14d,TA505,attack-pattern--045d0922-2310-4e60-b5e4-3302302cb3c5,T1218.011,Rundll32,1
intrusion-set--7eda3dd8-b09b-4705-8090-c2ad9fb8c14d,TA505,attack-pattern--b80d107d-fa0d-4b60-9684-b0433e8bdba0,T1486,Data Encrypted for Impact,1
intrusion-set--7eda3dd8-b09b-4705-8090-c2ad9fb8c14d,TA505,attack-pattern--837f9164-50af-4ac0-8219-379d8a74cefc,T1552.001,Credentials In Files,1
intrusion-set--7eda3dd8-b09b-4705-8090-c2ad9fb8c14d,TA505,attack-pattern--32901740-b42c-4fdd-bc02-345b5dc57082,T1553.002,Code Signing,1
intrusion-set--7eda3dd8-b09b-4705-8090-c2ad9fb8c14d,TA505,attack-pattern--7e7c2fba-7cca-486c-9582-4c1bb2851961,T1553.005,Mark-of-the-Web Bypass,1
intrusion-set--7eda3dd8-b09b-4705-8090-c2ad9fb8c14d,TA505,attack-pattern--58a3e6aa-4453-4cc8-a51f-4befe80b31a8,T1555.003,Credentials from Web Browsers,1
intrusion-set--7eda3dd8-b09b-4705-8090-c2ad9fb8c14d,TA505,attack-pattern--232a7e42-cd6e-4902-8fe9-2960f529dd4d,T1559.002,Dynamic Data Exchange,1
intrusion-set--7eda3dd8-b09b-4705-8090-c2ad9fb8c14d,TA505,attack-pattern--2e34237d-8574-43f6-aace-ae2915de8597,T1566.001,Spearphishing Attachment,1
intrusion-set--7eda3dd8-b09b-4705-8090-c2ad9fb8c14d,TA505,attack-pattern--2b742742-28c3-4e1b-bab7-8350d6300fa7,T1566.002,Spearphishing Link,1
intrusion-set--7eda3dd8-b09b-4705-8090-c2ad9fb8c14d,TA505,attack-pattern--29ba5a15-3b7b-4732-b817-65ea8f6468e6,T1568.001,Fast Flux DNS,1
intrusion-set--7eda3dd8-b09b-4705-8090-c2ad9fb8c14d,TA505,attack-pattern--40f5caa0-4cb7-4117-89fc-d421bb493df3,T1583.001,Domains,1
intrusion-set--7eda3dd8-b09b-4705-8090-c2ad9fb8c14d,TA505,attack-pattern--7807d3a4-a885-4639-a786-c1ed41484970,T1588.001,Malware,1
intrusion-set--7eda3dd8-b09b-4705-8090-c2ad9fb8c14d,TA505,attack-pattern--a2fdce72-04b2-409a-ac10-cc1695f4fce0,T1588.002,Tool,1
intrusion-set--7eda3dd8-b09b-4705-8090-c2ad9fb8c14d,TA505,attack-pattern--3ee16395-03f0-4690-a32e-69ce9ada0f9e,T1608.001,Upload Malware,1
intrusion-set--7eda3dd8-b09b-4705-8090-c2ad9fb8c14d,TA505,attack-pattern--bbde9781-60aa-4b8a-a911-895b0c1b3872,T1685,Disable or Modify Tools,1
intrusion-set--94873029-f950-4268-9cfd-5032e15cb182,TA551,attack-pattern--c2e147a9-d1a8-4074-811a-d8789202d916,T1027.003,Steganography,1
intrusion-set--94873029-f950-4268-9cfd-5032e15cb182,TA551,attack-pattern--d511a6f6-4a33-41d5-bc95-c343875d1377,T1027.010,Command Obfuscation,1
intrusion-set--94873029-f950-4268-9cfd-5032e15cb182,TA551,attack-pattern--42e8de7b-37b2-4258-905a-6897815e58e0,T1036,Masquerading,1
intrusion-set--94873029-f950-4268-9cfd-5032e15cb182,TA551,attack-pattern--d1fcf083-a721-4223-aedf-bf8960798d62,T1059.003,Windows Command Shell,1
intrusion-set--94873029-f950-4268-9cfd-5032e15cb182,TA551,attack-pattern--df8b2a25-8bdf-4856-953c-a04372b1c161,T1071.001,Web Protocols,1
intrusion-set--94873029-f950-4268-9cfd-5032e15cb182,TA551,attack-pattern--e6919abc-99f9-4c6c-95a5-14761e7b2add,T1105,Ingress Tool Transfer,1
intrusion-set--94873029-f950-4268-9cfd-5032e15cb182,TA551,attack-pattern--04fd5427-79c7-44ea-ae13-11b24778ff1c,T1132.001,Standard Encoding,1
intrusion-set--94873029-f950-4268-9cfd-5032e15cb182,TA551,attack-pattern--232b7f21-adf9-4b42-b936-b9d6f7df856e,T1204.002,Malicious File,1
intrusion-set--94873029-f950-4268-9cfd-5032e15cb182,TA551,attack-pattern--840a987a-99bd-4a80-a5c9-0cb2baa6cade,T1218.005,Mshta,1
intrusion-set--94873029-f950-4268-9cfd-5032e15cb182,TA551,attack-pattern--b97f1d35-4249-4486-a6b5-ee60ccf24fab,T1218.010,Regsvr32,1
intrusion-set--94873029-f950-4268-9cfd-5032e15cb182,TA551,attack-pattern--045d0922-2310-4e60-b5e4-3302302cb3c5,T1218.011,Rundll32,1
intrusion-set--94873029-f950-4268-9cfd-5032e15cb182,TA551,attack-pattern--2e34237d-8574-43f6-aace-ae2915de8597,T1566.001,Spearphishing Attachment,1
intrusion-set--94873029-f950-4268-9cfd-5032e15cb182,TA551,attack-pattern--118f61a5-eb3e-4fb6-931f-2096647f4ecd,T1568.002,Domain Generation Algorithms,1
intrusion-set--94873029-f950-4268-9cfd-5032e15cb182,TA551,attack-pattern--69f897fd-12a9-4c89-ad6a-46d2f3c38262,T1589.002,Email Addresses,1
intrusion-set--13ef3485-70d2-4567-b934-0e83c1eafcf1,TA577,attack-pattern--0533ab23-3f7d-463f-9bd8-634d27e4dee1,T1027.009,Embedded Payloads,1
intrusion-set--13ef3485-70d2-4567-b934-0e83c1eafcf1,TA577,attack-pattern--d1fcf083-a721-4223-aedf-bf8960798d62,T1059.003,Windows Command Shell,1
intrusion-set--13ef3485-70d2-4567-b934-0e83c1eafcf1,TA577,attack-pattern--0f4a0c76-ab2d-4cb0-85d3-3f0efb8cba0d,T1059.007,JavaScript,1
intrusion-set--13ef3485-70d2-4567-b934-0e83c1eafcf1,TA577,attack-pattern--ef67e13e-5598-4adc-bdb2-998225874fa9,T1204.001,Malicious Link,1
intrusion-set--13ef3485-70d2-4567-b934-0e83c1eafcf1,TA577,attack-pattern--2b742742-28c3-4e1b-bab7-8350d6300fa7,T1566.002,Spearphishing Link,1
intrusion-set--13ef3485-70d2-4567-b934-0e83c1eafcf1,TA577,attack-pattern--3dc8c101-d4db-4f4d-8150-1b5a76ca5f1b,T1586.002,Email Accounts,1
intrusion-set--a5cfbc79-316c-42f2-915d-6e8fef4085f8,TA578,attack-pattern--0f4a0c76-ab2d-4cb0-85d3-3f0efb8cba0d,T1059.007,JavaScript,1
intrusion-set--a5cfbc79-316c-42f2-915d-6e8fef4085f8,TA578,attack-pattern--ef67e13e-5598-4adc-bdb2-998225874fa9,T1204.001,Malicious Link,1
intrusion-set--a5cfbc79-316c-42f2-915d-6e8fef4085f8,TA578,attack-pattern--88d31120-5bc7-4ce3-a9c0-7cf147be8e54,T1583.006,Web Services,1
intrusion-set--a5cfbc79-316c-42f2-915d-6e8fef4085f8,TA578,attack-pattern--16cdd21f-da65-4e4f-bc04-dd7d198c7b26,T1594,Search Victim-Owned Websites,1
intrusion-set--35d1b3be-49d4-42f1-aaa6-ef159c880bca,TeamTNT,attack-pattern--322bad5a-1c49-4d23-ab79-76d641794afa,T1007,System Service Discovery,1
intrusion-set--35d1b3be-49d4-42f1-aaa6-ef159c880bca,TeamTNT,attack-pattern--0f20e3cb-245b-4a61-8a91-2d93f7cb0e9b,T1014,Rootkit,1
intrusion-set--35d1b3be-49d4-42f1-aaa6-ef159c880bca,TeamTNT,attack-pattern--707399d6-ab3e-4963-9315-d9d3818cd6a0,T1016,System Network Configuration Discovery,1
intrusion-set--35d1b3be-49d4-42f1-aaa6-ef159c880bca,TeamTNT,attack-pattern--2db31dcd-54da-405d-acef-b9129b816ed6,T1021.004,SSH,1
intrusion-set--35d1b3be-49d4-42f1-aaa6-ef159c880bca,TeamTNT,attack-pattern--deb98323-e13f-4b0c-8d94-175379069062,T1027.002,Software Packing,1
intrusion-set--35d1b3be-49d4-42f1-aaa6-ef159c880bca,TeamTNT,attack-pattern--0d91b3c0-5e50-47c3-949a-2a796f04d144,T1027.013,Encrypted/Encoded File,1
intrusion-set--35d1b3be-49d4-42f1-aaa6-ef159c880bca,TeamTNT,attack-pattern--42e8de7b-37b2-4258-905a-6897815e58e0,T1036,Masquerading,1
intrusion-set--35d1b3be-49d4-42f1-aaa6-ef159c880bca,TeamTNT,attack-pattern--1c4e5d32-1fe9-4116-9d9d-59e3925bd6a2,T1036.005,Match Legitimate Resource Name or Location,1
intrusion-set--35d1b3be-49d4-42f1-aaa6-ef159c880bca,TeamTNT,attack-pattern--e3a12395-188d-4051-9a16-ea8e14d07b88,T1046,Network Service Discovery,1
intrusion-set--35d1b3be-49d4-42f1-aaa6-ef159c880bca,TeamTNT,attack-pattern--a19e86f8-1c0a-4fea-8407-23b73d615776,T1048,Exfiltration Over Alternative Protocol,1
intrusion-set--35d1b3be-49d4-42f1-aaa6-ef159c880bca,TeamTNT,attack-pattern--7e150503-88e7-4861-866b-ff1ac82c4475,T1049,System Network Connections Discovery,1
intrusion-set--35d1b3be-49d4-42f1-aaa6-ef159c880bca,TeamTNT,attack-pattern--8f4a33ec-8b1f-4b80-a2f6-642b2e479580,T1057,Process Discovery,1
intrusion-set--35d1b3be-49d4-42f1-aaa6-ef159c880bca,TeamTNT,attack-pattern--970a3432-3237-47ad-bcca-7d8cbb217736,T1059.001,PowerShell,1
intrusion-set--35d1b3be-49d4-42f1-aaa6-ef159c880bca,TeamTNT,attack-pattern--d1fcf083-a721-4223-aedf-bf8960798d62,T1059.003,Windows Command Shell,1
intrusion-set--35d1b3be-49d4-42f1-aaa6-ef159c880bca,TeamTNT,attack-pattern--a9d4b653-6915-42af-98b2-5758c4ceee56,T1059.004,Unix Shell,1
intrusion-set--35d1b3be-49d4-42f1-aaa6-ef159c880bca,TeamTNT,attack-pattern--55bb4471-ff1f-43b4-88c1-c9384ec47abf,T1059.009,Cloud API,1
intrusion-set--35d1b3be-49d4-42f1-aaa6-ef159c880bca,TeamTNT,attack-pattern--c283d88f-8c23-4318-9da5-3d50cecad756,T1059.013,Container CLI/API,1
intrusion-set--35d1b3be-49d4-42f1-aaa6-ef159c880bca,TeamTNT,attack-pattern--3aef9463-9a7a-43ba-8957-a867e07c1e6a,T1070.003,Clear Command History,1
intrusion-set--35d1b3be-49d4-42f1-aaa6-ef159c880bca,TeamTNT,attack-pattern--d63a3fb8-9452-4e9d-a60a-54be68d5998c,T1070.004,File Deletion,1
intrusion-set--35d1b3be-49d4-42f1-aaa6-ef159c880bca,TeamTNT,attack-pattern--355be19c-ffc9-46d5-8d50-d6a036c675b6,T1071,Application Layer Protocol,1
intrusion-set--35d1b3be-49d4-42f1-aaa6-ef159c880bca,TeamTNT,attack-pattern--df8b2a25-8bdf-4856-953c-a04372b1c161,T1071.001,Web Protocols,1
intrusion-set--35d1b3be-49d4-42f1-aaa6-ef159c880bca,TeamTNT,attack-pattern--1c34f7aa-9341-4a48-bfab-af22e51aca6c,T1074.001,Local Data Staging,1
intrusion-set--35d1b3be-49d4-42f1-aaa6-ef159c880bca,TeamTNT,attack-pattern--354a7f88-63fb-41b5-a801-ce3b377b36f1,T1082,System Information Discovery,1
intrusion-set--35d1b3be-49d4-42f1-aaa6-ef159c880bca,TeamTNT,attack-pattern--7bc57495-ea59-4380-be31-a64af124ef18,T1083,File and Directory Discovery,1
intrusion-set--35d1b3be-49d4-42f1-aaa6-ef159c880bca,TeamTNT,attack-pattern--6b57dc31-b814-4a03-8706-28bc20d739c4,T1098.004,SSH Authorized Keys,1
intrusion-set--35d1b3be-49d4-42f1-aaa6-ef159c880bca,TeamTNT,attack-pattern--830c9528-df21-472c-8c14-a036bf17d665,T1102,Web Service,1
intrusion-set--35d1b3be-49d4-42f1-aaa6-ef159c880bca,TeamTNT,attack-pattern--e6919abc-99f9-4c6c-95a5-14761e7b2add,T1105,Ingress Tool Transfer,1
intrusion-set--35d1b3be-49d4-42f1-aaa6-ef159c880bca,TeamTNT,attack-pattern--348f1eef-964b-4eb6-bb53-69b3dcb0c643,T1120,Peripheral Device Discovery,1
intrusion-set--35d1b3be-49d4-42f1-aaa6-ef159c880bca,TeamTNT,attack-pattern--10d51417-ee35-4589-b1ff-b6df1c334e8d,T1133,External Remote Services,1
intrusion-set--35d1b3be-49d4-42f1-aaa6-ef159c880bca,TeamTNT,attack-pattern--635cbe30-392d-4e27-978e-66774357c762,T1136.001,Local Account,1
intrusion-set--35d1b3be-49d4-42f1-aaa6-ef159c880bca,TeamTNT,attack-pattern--3ccef7ae-cb5e-48f6-8302-897105fbf55c,T1140,Deobfuscate/Decode Files or Information,1
intrusion-set--35d1b3be-49d4-42f1-aaa6-ef159c880bca,TeamTNT,attack-pattern--b0c74ef9-c61e-4986-88cb-78da98a355ec,T1204.003,Malicious Image,1
intrusion-set--35d1b3be-49d4-42f1-aaa6-ef159c880bca,TeamTNT,attack-pattern--4061e78c-1284-44b4-9116-73e4ac3912f7,T1219,Remote Access Tools,1
intrusion-set--35d1b3be-49d4-42f1-aaa6-ef159c880bca,TeamTNT,attack-pattern--09b130a2-a77e-4af0-a361-f46f9aad1345,T1222.002,Linux and Mac Permissions,1
intrusion-set--35d1b3be-49d4-42f1-aaa6-ef159c880bca,TeamTNT,attack-pattern--a718a0c8-5768-41a1-9958-a1cc3f995e99,T1496.001,Compute Hijacking,1
intrusion-set--35d1b3be-49d4-42f1-aaa6-ef159c880bca,TeamTNT,attack-pattern--cba37adb-d6fb-4610-b069-dd04c0643384,T1518.001,Security Software Discovery,1
intrusion-set--35d1b3be-49d4-42f1-aaa6-ef159c880bca,TeamTNT,attack-pattern--dfefe2ed-4389-4318-8762-f0272b350a1b,T1543.002,Systemd Service,1
intrusion-set--35d1b3be-49d4-42f1-aaa6-ef159c880bca,TeamTNT,attack-pattern--2959d63f-73fd-46a1-abd2-109d7dcede32,T1543.003,Windows Service,1
intrusion-set--35d1b3be-49d4-42f1-aaa6-ef159c880bca,TeamTNT,attack-pattern--9efb1ea7-c37b-4595-9640-b7680cd84279,T1547.001,Registry Run Keys / Startup Folder,1
intrusion-set--35d1b3be-49d4-42f1-aaa6-ef159c880bca,TeamTNT,attack-pattern--837f9164-50af-4ac0-8219-379d8a74cefc,T1552.001,Credentials In Files,1
intrusion-set--35d1b3be-49d4-42f1-aaa6-ef159c880bca,TeamTNT,attack-pattern--60b508a1-6a5e-46b1-821a-9f7b78752abf,T1552.004,Private Keys,1
intrusion-set--35d1b3be-49d4-42f1-aaa6-ef159c880bca,TeamTNT,attack-pattern--19bf235b-8620-4997-b5b4-94e0659ed7c3,T1552.005,Cloud Instance Metadata API,1
intrusion-set--35d1b3be-49d4-42f1-aaa6-ef159c880bca,TeamTNT,attack-pattern--4b46767d-4a61-4f30-995e-c19a75c2e536,T1569.003,Systemctl,1
intrusion-set--35d1b3be-49d4-42f1-aaa6-ef159c880bca,TeamTNT,attack-pattern--40f5caa0-4cb7-4117-89fc-d421bb493df3,T1583.001,Domains,1
intrusion-set--35d1b3be-49d4-42f1-aaa6-ef159c880bca,TeamTNT,attack-pattern--212306d8-efa4-44c9-8c2d-ed3d2e224aa0,T1587.001,Malware,1
intrusion-set--35d1b3be-49d4-42f1-aaa6-ef159c880bca,TeamTNT,attack-pattern--db8f5003-3b20-48f0-9b76-123e44208120,T1595.001,Scanning IP Blocks,1
intrusion-set--35d1b3be-49d4-42f1-aaa6-ef159c880bca,TeamTNT,attack-pattern--5502c4e9-24ef-4d5f-8ee9-9e906c2f82c4,T1595.002,Vulnerability Scanning,1
intrusion-set--35d1b3be-49d4-42f1-aaa6-ef159c880bca,TeamTNT,attack-pattern--3ee16395-03f0-4690-a32e-69ce9ada0f9e,T1608.001,Upload Malware,1
intrusion-set--35d1b3be-49d4-42f1-aaa6-ef159c880bca,TeamTNT,attack-pattern--7b50a1d3-4ca7-45d1-989d-a6503f04bfe1,T1609,Container Administration Command,1
intrusion-set--35d1b3be-49d4-42f1-aaa6-ef159c880bca,TeamTNT,attack-pattern--56e0d8b8-3e25-49dd-9050-3aa252f5aa92,T1610,Deploy Container,1
intrusion-set--35d1b3be-49d4-42f1-aaa6-ef159c880bca,TeamTNT,attack-pattern--4a5b7ade-8bb5-4853-84ed-23f262002665,T1611,Escape to Host,1
intrusion-set--35d1b3be-49d4-42f1-aaa6-ef159c880bca,TeamTNT,attack-pattern--0470e792-32f8-46b0-a351-652bc35e9336,T1613,Container and Resource Discovery,1
intrusion-set--35d1b3be-49d4-42f1-aaa6-ef159c880bca,TeamTNT,attack-pattern--f2514ae4-4e9b-4f26-a5ba-c4ae85fe93c3,T1680,Local Storage Discovery,1
intrusion-set--35d1b3be-49d4-42f1-aaa6-ef159c880bca,TeamTNT,attack-pattern--bbde9781-60aa-4b8a-a911-895b0c1b3872,T1685,Disable or Modify Tools,1
intrusion-set--35d1b3be-49d4-42f1-aaa6-ef159c880bca,TeamTNT,attack-pattern--5e29d64d-2b14-4f92-875e-4c9c498e213c,T1685.006,Clear Linux or Mac System Logs,1
intrusion-set--35d1b3be-49d4-42f1-aaa6-ef159c880bca,TeamTNT,attack-pattern--eec096b8-c207-43df-b6c1-11523861e452,T1686,Disable or Modify System Firewall,1
intrusion-set--6688d679-ccdb-4f12-abf6-c7545dd767a4,The White Company,attack-pattern--deb98323-e13f-4b0c-8d94-175379069062,T1027.002,Software Packing,1
intrusion-set--6688d679-ccdb-4f12-abf6-c7545dd767a4,The White Company,attack-pattern--d63a3fb8-9452-4e9d-a60a-54be68d5998c,T1070.004,File Deletion,1
intrusion-set--6688d679-ccdb-4f12-abf6-c7545dd767a4,The White Company,attack-pattern--f3c544dc-673c-4ef3-accb-53229f1ae077,T1124,System Time Discovery,1
intrusion-set--6688d679-ccdb-4f12-abf6-c7545dd767a4,The White Company,attack-pattern--be2dcee9-a7a7-4e38-afd6-21b31ecc3d63,T1203,Exploitation for Client Execution,1
intrusion-set--6688d679-ccdb-4f12-abf6-c7545dd767a4,The White Company,attack-pattern--232b7f21-adf9-4b42-b936-b9d6f7df856e,T1204.002,Malicious File,1
intrusion-set--6688d679-ccdb-4f12-abf6-c7545dd767a4,The White Company,attack-pattern--cba37adb-d6fb-4610-b069-dd04c0643384,T1518.001,Security Software Discovery,1
intrusion-set--6688d679-ccdb-4f12-abf6-c7545dd767a4,The White Company,attack-pattern--2e34237d-8574-43f6-aace-ae2915de8597,T1566.001,Spearphishing Attachment,1
intrusion-set--d519164e-f5fa-4b8c-a1fb-cf0172ad0983,Threat Group-1314,attack-pattern--4f9ca633-15c5-463c-9724-bdcd54fde541,T1021.002,SMB/Windows Admin Shares,1
intrusion-set--d519164e-f5fa-4b8c-a1fb-cf0172ad0983,Threat Group-1314,attack-pattern--d1fcf083-a721-4223-aedf-bf8960798d62,T1059.003,Windows Command Shell,1
intrusion-set--d519164e-f5fa-4b8c-a1fb-cf0172ad0983,Threat Group-1314,attack-pattern--92a78814-b191-47ca-909c-1ccfe3777414,T1072,Software Deployment Tools,1
intrusion-set--d519164e-f5fa-4b8c-a1fb-cf0172ad0983,Threat Group-1314,attack-pattern--c3d4bdd9-2cfe-4a80-9d0c-07a29ecdce8f,T1078.002,Domain Accounts,1
intrusion-set--fb366179-766c-4a4a-afa1-52bff1fd601c,Threat Group-3390,attack-pattern--65f2d882-3f41-4d48-8a06-29af77ec9f90,T1003.001,LSASS Memory,1
intrusion-set--fb366179-766c-4a4a-afa1-52bff1fd601c,Threat Group-3390,attack-pattern--1644e709-12d2-41e5-a60f-3470991f5011,T1003.002,Security Account Manager,1
intrusion-set--fb366179-766c-4a4a-afa1-52bff1fd601c,Threat Group-3390,attack-pattern--1ecfdab8-7d59-4c98-95d4-dc41970f57fc,T1003.004,LSA Secrets,1
intrusion-set--fb366179-766c-4a4a-afa1-52bff1fd601c,Threat Group-3390,attack-pattern--3c4a2599-71ee-4405-ba1e-0e28414b4bc5,T1005,Data from Local System,1
intrusion-set--fb366179-766c-4a4a-afa1-52bff1fd601c,Threat Group-3390,attack-pattern--c32f7008-9fea-41f7-8366-5eb9b74bd896,T1012,Query Registry,1
intrusion-set--fb366179-766c-4a4a-afa1-52bff1fd601c,Threat Group-3390,attack-pattern--707399d6-ab3e-4963-9315-d9d3818cd6a0,T1016,System Network Configuration Discovery,1
intrusion-set--fb366179-766c-4a4a-afa1-52bff1fd601c,Threat Group-3390,attack-pattern--e358d692-23c0-4a31-9eb6-ecc13a8d7735,T1018,Remote System Discovery,1
intrusion-set--fb366179-766c-4a4a-afa1-52bff1fd601c,Threat Group-3390,attack-pattern--60d0c01d-e2bf-49dd-a453-f8a9c9fa6f65,T1021.006,Windows Remote Management,1
intrusion-set--fb366179-766c-4a4a-afa1-52bff1fd601c,Threat Group-3390,attack-pattern--deb98323-e13f-4b0c-8d94-175379069062,T1027.002,Software Packing,1
intrusion-set--fb366179-766c-4a4a-afa1-52bff1fd601c,Threat Group-3390,attack-pattern--0d91b3c0-5e50-47c3-949a-2a796f04d144,T1027.013,Encrypted/Encoded File,1
intrusion-set--fb366179-766c-4a4a-afa1-52bff1fd601c,Threat Group-3390,attack-pattern--fbd91bfc-75c2-4f0c-8116-3b4e722906b3,T1027.015,Compression,1
intrusion-set--fb366179-766c-4a4a-afa1-52bff1fd601c,Threat Group-3390,attack-pattern--c3888c54-775d-4b2f-b759-75a2ececcbfd,T1030,Data Transfer Size Limits,1
intrusion-set--fb366179-766c-4a4a-afa1-52bff1fd601c,Threat Group-3390,attack-pattern--03d7999c-1f4c-42cc-8373-e7690d318104,T1033,System Owner/User Discovery,1
intrusion-set--fb366179-766c-4a4a-afa1-52bff1fd601c,Threat Group-3390,attack-pattern--e3a12395-188d-4051-9a16-ea8e14d07b88,T1046,Network Service Discovery,1
intrusion-set--fb366179-766c-4a4a-afa1-52bff1fd601c,Threat Group-3390,attack-pattern--01a5a209-b94c-450b-b7f9-946497d91055,T1047,Windows Management Instrumentation,1
intrusion-set--fb366179-766c-4a4a-afa1-52bff1fd601c,Threat Group-3390,attack-pattern--7e150503-88e7-4861-866b-ff1ac82c4475,T1049,System Network Connections Discovery,1
intrusion-set--fb366179-766c-4a4a-afa1-52bff1fd601c,Threat Group-3390,attack-pattern--f3d95a1f-bba2-44ce-9af7-37866cd63fd0,T1053.002,At,1
intrusion-set--fb366179-766c-4a4a-afa1-52bff1fd601c,Threat Group-3390,attack-pattern--b200542e-e877-4395-875b-cf1a44537ca4,T1055.012,Process Hollowing,1
intrusion-set--fb366179-766c-4a4a-afa1-52bff1fd601c,Threat Group-3390,attack-pattern--09a60ea3-a8d1-4ae5-976e-5783248b72a4,T1056.001,Keylogging,1
intrusion-set--fb366179-766c-4a4a-afa1-52bff1fd601c,Threat Group-3390,attack-pattern--970a3432-3237-47ad-bcca-7d8cbb217736,T1059.001,PowerShell,1
intrusion-set--fb366179-766c-4a4a-afa1-52bff1fd601c,Threat Group-3390,attack-pattern--d1fcf083-a721-4223-aedf-bf8960798d62,T1059.003,Windows Command Shell,1
intrusion-set--fb366179-766c-4a4a-afa1-52bff1fd601c,Threat Group-3390,attack-pattern--b21c3b2d-02e6-45b1-980b-e69051040839,T1068,Exploitation for Privilege Escalation,1
intrusion-set--fb366179-766c-4a4a-afa1-52bff1fd601c,Threat Group-3390,attack-pattern--d63a3fb8-9452-4e9d-a60a-54be68d5998c,T1070.004,File Deletion,1
intrusion-set--fb366179-766c-4a4a-afa1-52bff1fd601c,Threat Group-3390,attack-pattern--a750a9f6-0bde-4bb3-9aae-1e2786e9780c,T1070.005,Network Share Connection Removal,1
intrusion-set--fb366179-766c-4a4a-afa1-52bff1fd601c,Threat Group-3390,attack-pattern--df8b2a25-8bdf-4856-953c-a04372b1c161,T1071.001,Web Protocols,1
intrusion-set--fb366179-766c-4a4a-afa1-52bff1fd601c,Threat Group-3390,attack-pattern--1c34f7aa-9341-4a48-bfab-af22e51aca6c,T1074.001,Local Data Staging,1
intrusion-set--fb366179-766c-4a4a-afa1-52bff1fd601c,Threat Group-3390,attack-pattern--359b00ad-9425-420b-bba5-6de8d600cbc0,T1074.002,Remote Data Staging,1
intrusion-set--fb366179-766c-4a4a-afa1-52bff1fd601c,Threat Group-3390,attack-pattern--b17a1a56-e99c-403c-8948-561df0cffe81,T1078,Valid Accounts,1
intrusion-set--fb366179-766c-4a4a-afa1-52bff1fd601c,Threat Group-3390,attack-pattern--25659dd6-ea12-45c4-97e6-381e3e4b593e,T1087.001,Local Account,1
intrusion-set--fb366179-766c-4a4a-afa1-52bff1fd601c,Threat Group-3390,attack-pattern--e6919abc-99f9-4c6c-95a5-14761e7b2add,T1105,Ingress Tool Transfer,1
intrusion-set--fb366179-766c-4a4a-afa1-52bff1fd601c,Threat Group-3390,attack-pattern--57340c81-c025-4189-8fa0-fc7ede51bae4,T1112,Modify Registry,1
intrusion-set--fb366179-766c-4a4a-afa1-52bff1fd601c,Threat Group-3390,attack-pattern--30208d3e-0d6b-43c8-883e-44462a514619,T1119,Automated Collection,1
intrusion-set--fb366179-766c-4a4a-afa1-52bff1fd601c,Threat Group-3390,attack-pattern--10d51417-ee35-4589-b1ff-b6df1c334e8d,T1133,External Remote Services,1
intrusion-set--fb366179-766c-4a4a-afa1-52bff1fd601c,Threat Group-3390,attack-pattern--3ccef7ae-cb5e-48f6-8302-897105fbf55c,T1140,Deobfuscate/Decode Files or Information,1
intrusion-set--fb366179-766c-4a4a-afa1-52bff1fd601c,Threat Group-3390,attack-pattern--d742a578-d70e-4d0e-96a6-02a9c30204e6,T1189,Drive-by Compromise,1
intrusion-set--fb366179-766c-4a4a-afa1-52bff1fd601c,Threat Group-3390,attack-pattern--3f886f2a-874f-4333-b794-aa6075009b1c,T1190,Exploit Public-Facing Application,1
intrusion-set--fb366179-766c-4a4a-afa1-52bff1fd601c,Threat Group-3390,attack-pattern--bd369cd9-abb8-41ce-b5bb-fff23ee86c00,T1195.002,Compromise Software Supply Chain,1
intrusion-set--fb366179-766c-4a4a-afa1-52bff1fd601c,Threat Group-3390,attack-pattern--9fa07bef-9c81-421e-a8e5-ad4366c5a925,T1199,Trusted Relationship,1
intrusion-set--fb366179-766c-4a4a-afa1-52bff1fd601c,Threat Group-3390,attack-pattern--be2dcee9-a7a7-4e38-afd6-21b31ecc3d63,T1203,Exploitation for Client Execution,1
intrusion-set--fb366179-766c-4a4a-afa1-52bff1fd601c,Threat Group-3390,attack-pattern--232b7f21-adf9-4b42-b936-b9d6f7df856e,T1204.002,Malicious File,1
intrusion-set--fb366179-766c-4a4a-afa1-52bff1fd601c,Threat Group-3390,attack-pattern--9db0cf3a-a3c9-4012-8268-123b9db6fd82,T1210,Exploitation of Remote Services,1
intrusion-set--fb366179-766c-4a4a-afa1-52bff1fd601c,Threat Group-3390,attack-pattern--5d0d3609-d06d-49e1-b9c9-b544e0c618cb,T1505.003,Web Shell,1
intrusion-set--fb366179-766c-4a4a-afa1-52bff1fd601c,Threat Group-3390,attack-pattern--2959d63f-73fd-46a1-abd2-109d7dcede32,T1543.003,Windows Service,1
intrusion-set--fb366179-766c-4a4a-afa1-52bff1fd601c,Threat Group-3390,attack-pattern--9efb1ea7-c37b-4595-9640-b7680cd84279,T1547.001,Registry Run Keys / Startup Folder,1
intrusion-set--fb366179-766c-4a4a-afa1-52bff1fd601c,Threat Group-3390,attack-pattern--120d5519-3098-4e1c-9191-2aa61232f073,T1548.002,Bypass User Account Control,1
intrusion-set--fb366179-766c-4a4a-afa1-52bff1fd601c,Threat Group-3390,attack-pattern--315f51f0-6b03-4c1e-bfb2-84740afb8e21,T1555.005,Password Managers,1
intrusion-set--fb366179-766c-4a4a-afa1-52bff1fd601c,Threat Group-3390,attack-pattern--41868330-6ee2-4d0f-b743-9f2294c3c9b6,T1560.002,Archive via Library,1
intrusion-set--fb366179-766c-4a4a-afa1-52bff1fd601c,Threat Group-3390,attack-pattern--2e34237d-8574-43f6-aace-ae2915de8597,T1566.001,Spearphishing Attachment,1
intrusion-set--fb366179-766c-4a4a-afa1-52bff1fd601c,Threat Group-3390,attack-pattern--bf1b6176-597c-4600-bfcd-ac989670f96b,T1567.002,Exfiltration to Cloud Storage,1
intrusion-set--fb366179-766c-4a4a-afa1-52bff1fd601c,Threat Group-3390,attack-pattern--2fee9321-3e71-4cf4-af24-d4d40d355b34,T1574.001,DLL,1
intrusion-set--fb366179-766c-4a4a-afa1-52bff1fd601c,Threat Group-3390,attack-pattern--40f5caa0-4cb7-4117-89fc-d421bb493df3,T1583.001,Domains,1
intrusion-set--fb366179-766c-4a4a-afa1-52bff1fd601c,Threat Group-3390,attack-pattern--a2fdce72-04b2-409a-ac10-cc1695f4fce0,T1588.002,Tool,1
intrusion-set--fb366179-766c-4a4a-afa1-52bff1fd601c,Threat Group-3390,attack-pattern--e7cbc1de-1f79-48ee-abfd-da1241c65a15,T1588.003,Code Signing Certificates,1
intrusion-set--fb366179-766c-4a4a-afa1-52bff1fd601c,Threat Group-3390,attack-pattern--3ee16395-03f0-4690-a32e-69ce9ada0f9e,T1608.001,Upload Malware,1
intrusion-set--fb366179-766c-4a4a-afa1-52bff1fd601c,Threat Group-3390,attack-pattern--506f6f49-7045-4156-9007-7474cb44ad6d,T1608.002,Upload Tool,1
intrusion-set--fb366179-766c-4a4a-afa1-52bff1fd601c,Threat Group-3390,attack-pattern--31fe0ba2-62fd-4fd9-9293-4043d84f7fe9,T1608.004,Drive-by Target,1
intrusion-set--fb366179-766c-4a4a-afa1-52bff1fd601c,Threat Group-3390,attack-pattern--1411e6b8-80a6-4465-9909-54eaa9c67ce0,T1685.001,Disable or Modify Windows Event Log,1
intrusion-set--d69e568e-9ac8-4c08-b32c-d93b43ba9172,Thrip,attack-pattern--fb8d023d-45be-47e9-bc51-f56bcae6435b,T1048.003,Exfiltration Over Unencrypted Non-C2 Protocol,1
intrusion-set--d69e568e-9ac8-4c08-b32c-d93b43ba9172,Thrip,attack-pattern--970a3432-3237-47ad-bcca-7d8cbb217736,T1059.001,PowerShell,1
intrusion-set--d69e568e-9ac8-4c08-b32c-d93b43ba9172,Thrip,attack-pattern--d4287702-e2f7-4946-bdfa-2c7f5aaa5032,T1219.002,Remote Desktop Software,1
intrusion-set--d69e568e-9ac8-4c08-b32c-d93b43ba9172,Thrip,attack-pattern--a2fdce72-04b2-409a-ac10-cc1695f4fce0,T1588.002,Tool,1
intrusion-set--b516b235-fc7d-4635-aca5-3d33312339c3,ToddyCat,attack-pattern--3c4a2599-71ee-4405-ba1e-0e28414b4bc5,T1005,Data from Local System,1
intrusion-set--b516b235-fc7d-4635-aca5-3d33312339c3,ToddyCat,attack-pattern--e358d692-23c0-4a31-9eb6-ecc13a8d7735,T1018,Remote System Discovery,1
intrusion-set--b516b235-fc7d-4635-aca5-3d33312339c3,ToddyCat,attack-pattern--4f9ca633-15c5-463c-9724-bdcd54fde541,T1021.002,SMB/Windows Admin Shares,1
intrusion-set--b516b235-fc7d-4635-aca5-3d33312339c3,ToddyCat,attack-pattern--1c4e5d32-1fe9-4116-9d9d-59e3925bd6a2,T1036.005,Match Legitimate Resource Name or Location,1
intrusion-set--b516b235-fc7d-4635-aca5-3d33312339c3,ToddyCat,attack-pattern--01a5a209-b94c-450b-b7f9-946497d91055,T1047,Windows Management Instrumentation,1
intrusion-set--b516b235-fc7d-4635-aca5-3d33312339c3,ToddyCat,attack-pattern--7e150503-88e7-4861-866b-ff1ac82c4475,T1049,System Network Connections Discovery,1
intrusion-set--b516b235-fc7d-4635-aca5-3d33312339c3,ToddyCat,attack-pattern--005a06c6-14bf-4118-afa0-ebcd8aebb0c9,T1053.005,Scheduled Task,1
intrusion-set--b516b235-fc7d-4635-aca5-3d33312339c3,ToddyCat,attack-pattern--8f4a33ec-8b1f-4b80-a2f6-642b2e479580,T1057,Process Discovery,1
intrusion-set--b516b235-fc7d-4635-aca5-3d33312339c3,ToddyCat,attack-pattern--970a3432-3237-47ad-bcca-7d8cbb217736,T1059.001,PowerShell,1
intrusion-set--b516b235-fc7d-4635-aca5-3d33312339c3,ToddyCat,attack-pattern--d1fcf083-a721-4223-aedf-bf8960798d62,T1059.003,Windows Command Shell,1
intrusion-set--b516b235-fc7d-4635-aca5-3d33312339c3,ToddyCat,attack-pattern--2aed01ad-3df3-4410-a8cb-11ea4ded587c,T1069.002,Domain Groups,1
intrusion-set--b516b235-fc7d-4635-aca5-3d33312339c3,ToddyCat,attack-pattern--359b00ad-9425-420b-bba5-6de8d600cbc0,T1074.002,Remote Data Staging,1
intrusion-set--b516b235-fc7d-4635-aca5-3d33312339c3,ToddyCat,attack-pattern--c3d4bdd9-2cfe-4a80-9d0c-07a29ecdce8f,T1078.002,Domain Accounts,1
intrusion-set--b516b235-fc7d-4635-aca5-3d33312339c3,ToddyCat,attack-pattern--7bc57495-ea59-4380-be31-a64af124ef18,T1083,File and Directory Discovery,1
intrusion-set--b516b235-fc7d-4635-aca5-3d33312339c3,ToddyCat,attack-pattern--21875073-b0ee-49e3-9077-1e2a885359af,T1087.002,Domain Account,1
intrusion-set--b516b235-fc7d-4635-aca5-3d33312339c3,ToddyCat,attack-pattern--c21d5a77-d422-4a69-acd7-2c53c1faa34b,T1095,Non-Application Layer Protocol,1
intrusion-set--b516b235-fc7d-4635-aca5-3d33312339c3,ToddyCat,attack-pattern--391d824f-0ef1-47a0-b0ee-c59a75e27670,T1106,Native API,1
intrusion-set--b516b235-fc7d-4635-aca5-3d33312339c3,ToddyCat,attack-pattern--3f886f2a-874f-4333-b794-aa6075009b1c,T1190,Exploit Public-Facing Application,1
intrusion-set--b516b235-fc7d-4635-aca5-3d33312339c3,ToddyCat,attack-pattern--cba37adb-d6fb-4610-b069-dd04c0643384,T1518.001,Security Software Discovery,1
intrusion-set--b516b235-fc7d-4635-aca5-3d33312339c3,ToddyCat,attack-pattern--00f90846-cbd1-4fc5-9233-df5c2bf2a662,T1560.001,Archive via Utility,1
intrusion-set--b516b235-fc7d-4635-aca5-3d33312339c3,ToddyCat,attack-pattern--cbb66055-0325-4111-aca0-40547b6ad5b0,T1564.003,Hidden Window,1
intrusion-set--b516b235-fc7d-4635-aca5-3d33312339c3,ToddyCat,attack-pattern--f6ad61ee-65f3-4bd0-a3f5-2f0accb36317,T1566.003,Spearphishing via Service,1
intrusion-set--b516b235-fc7d-4635-aca5-3d33312339c3,ToddyCat,attack-pattern--bf1b6176-597c-4600-bfcd-ac989670f96b,T1567.002,Exfiltration to Cloud Storage,1
intrusion-set--b516b235-fc7d-4635-aca5-3d33312339c3,ToddyCat,attack-pattern--f2514ae4-4e9b-4f26-a5ba-c4ae85fe93c3,T1680,Local Storage Discovery,1
intrusion-set--b516b235-fc7d-4635-aca5-3d33312339c3,ToddyCat,attack-pattern--eec096b8-c207-43df-b6c1-11523861e452,T1686,Disable or Modify System Firewall,1
intrusion-set--c5b81590-6814-4d2a-8baa-15c4b6c7f960,Tonto Team,attack-pattern--0a3ead4e-6d47-4ccb-854c-a6a4f9d96b22,T1003,OS Credential Dumping,1
intrusion-set--c5b81590-6814-4d2a-8baa-15c4b6c7f960,Tonto Team,attack-pattern--09a60ea3-a8d1-4ae5-976e-5783248b72a4,T1056.001,Keylogging,1
intrusion-set--c5b81590-6814-4d2a-8baa-15c4b6c7f960,Tonto Team,attack-pattern--970a3432-3237-47ad-bcca-7d8cbb217736,T1059.001,PowerShell,1
intrusion-set--c5b81590-6814-4d2a-8baa-15c4b6c7f960,Tonto Team,attack-pattern--cc3502b5-30cc-4473-ad48-42d51a6ef6d1,T1059.006,Python,1
intrusion-set--c5b81590-6814-4d2a-8baa-15c4b6c7f960,Tonto Team,attack-pattern--b21c3b2d-02e6-45b1-980b-e69051040839,T1068,Exploitation for Privilege Escalation,1
intrusion-set--c5b81590-6814-4d2a-8baa-15c4b6c7f960,Tonto Team,attack-pattern--a01bf75f-00b2-4568-a58f-565ff9bf202b,T1069.001,Local Groups,1
intrusion-set--c5b81590-6814-4d2a-8baa-15c4b6c7f960,Tonto Team,attack-pattern--69b8fd78-40e8-4600-ae4d-662c9d7afdb3,T1090.002,External Proxy,1
intrusion-set--c5b81590-6814-4d2a-8baa-15c4b6c7f960,Tonto Team,attack-pattern--e6919abc-99f9-4c6c-95a5-14761e7b2add,T1105,Ingress Tool Transfer,1
intrusion-set--c5b81590-6814-4d2a-8baa-15c4b6c7f960,Tonto Team,attack-pattern--3489cfc5-640f-4bb3-a103-9137b97de79f,T1135,Network Share Discovery,1
intrusion-set--c5b81590-6814-4d2a-8baa-15c4b6c7f960,Tonto Team,attack-pattern--be2dcee9-a7a7-4e38-afd6-21b31ecc3d63,T1203,Exploitation for Client Execution,1
intrusion-set--c5b81590-6814-4d2a-8baa-15c4b6c7f960,Tonto Team,attack-pattern--232b7f21-adf9-4b42-b936-b9d6f7df856e,T1204.002,Malicious File,1
intrusion-set--c5b81590-6814-4d2a-8baa-15c4b6c7f960,Tonto Team,attack-pattern--9db0cf3a-a3c9-4012-8268-123b9db6fd82,T1210,Exploitation of Remote Services,1
intrusion-set--c5b81590-6814-4d2a-8baa-15c4b6c7f960,Tonto Team,attack-pattern--5d0d3609-d06d-49e1-b9c9-b544e0c618cb,T1505.003,Web Shell,1
intrusion-set--c5b81590-6814-4d2a-8baa-15c4b6c7f960,Tonto Team,attack-pattern--2e34237d-8574-43f6-aace-ae2915de8597,T1566.001,Spearphishing Attachment,1
intrusion-set--c5b81590-6814-4d2a-8baa-15c4b6c7f960,Tonto Team,attack-pattern--2fee9321-3e71-4cf4-af24-d4d40d355b34,T1574.001,DLL,1
intrusion-set--e44e0985-bc65-4a8f-b578-211c858128e3,Transparent Tribe,attack-pattern--0d91b3c0-5e50-47c3-949a-2a796f04d144,T1027.013,Encrypted/Encoded File,1
intrusion-set--e44e0985-bc65-4a8f-b578-211c858128e3,Transparent Tribe,attack-pattern--1c4e5d32-1fe9-4116-9d9d-59e3925bd6a2,T1036.005,Match Legitimate Resource Name or Location,1
intrusion-set--e44e0985-bc65-4a8f-b578-211c858128e3,Transparent Tribe,attack-pattern--dfd7cc1d-e1d8-4394-a198-97c4cab8aa67,T1059.005,Visual Basic,1
intrusion-set--e44e0985-bc65-4a8f-b578-211c858128e3,Transparent Tribe,attack-pattern--d742a578-d70e-4d0e-96a6-02a9c30204e6,T1189,Drive-by Compromise,1
intrusion-set--e44e0985-bc65-4a8f-b578-211c858128e3,Transparent Tribe,attack-pattern--be2dcee9-a7a7-4e38-afd6-21b31ecc3d63,T1203,Exploitation for Client Execution,1
intrusion-set--e44e0985-bc65-4a8f-b578-211c858128e3,Transparent Tribe,attack-pattern--ef67e13e-5598-4adc-bdb2-998225874fa9,T1204.001,Malicious Link,1
intrusion-set--e44e0985-bc65-4a8f-b578-211c858128e3,Transparent Tribe,attack-pattern--232b7f21-adf9-4b42-b936-b9d6f7df856e,T1204.002,Malicious File,1
intrusion-set--e44e0985-bc65-4a8f-b578-211c858128e3,Transparent Tribe,attack-pattern--ec8fc7e2-b356-455c-8db5-2e37be158e7d,T1564.001,Hidden Files and Directories,1
intrusion-set--e44e0985-bc65-4a8f-b578-211c858128e3,Transparent Tribe,attack-pattern--2e34237d-8574-43f6-aace-ae2915de8597,T1566.001,Spearphishing Attachment,1
intrusion-set--e44e0985-bc65-4a8f-b578-211c858128e3,Transparent Tribe,attack-pattern--2b742742-28c3-4e1b-bab7-8350d6300fa7,T1566.002,Spearphishing Link,1
intrusion-set--e44e0985-bc65-4a8f-b578-211c858128e3,Transparent Tribe,attack-pattern--7bd9c723-2f78-4309-82c5-47cad406572b,T1568,Dynamic Resolution,1
intrusion-set--e44e0985-bc65-4a8f-b578-211c858128e3,Transparent Tribe,attack-pattern--40f5caa0-4cb7-4117-89fc-d421bb493df3,T1583.001,Domains,1
intrusion-set--e44e0985-bc65-4a8f-b578-211c858128e3,Transparent Tribe,attack-pattern--f9cc4d06-775f-4ee1-b401-4e2cc0da30ba,T1584.001,Domains,1
intrusion-set--e44e0985-bc65-4a8f-b578-211c858128e3,Transparent Tribe,attack-pattern--31fe0ba2-62fd-4fd9-9293-4043d84f7fe9,T1608.004,Drive-by Target,1
intrusion-set--56319646-eb6e-41fc-ae53-aadfa7adb924,Tropic Trooper,attack-pattern--707399d6-ab3e-4963-9315-d9d3818cd6a0,T1016,System Network Configuration Discovery,1
intrusion-set--56319646-eb6e-41fc-ae53-aadfa7adb924,Tropic Trooper,attack-pattern--774a3188-6ba9-4dc4-879d-d54ee48a5ce9,T1020,Automated Exfiltration,1
intrusion-set--56319646-eb6e-41fc-ae53-aadfa7adb924,Tropic Trooper,attack-pattern--c2e147a9-d1a8-4074-811a-d8789202d916,T1027.003,Steganography,1
intrusion-set--56319646-eb6e-41fc-ae53-aadfa7adb924,Tropic Trooper,attack-pattern--0d91b3c0-5e50-47c3-949a-2a796f04d144,T1027.013,Encrypted/Encoded File,1
intrusion-set--56319646-eb6e-41fc-ae53-aadfa7adb924,Tropic Trooper,attack-pattern--03d7999c-1f4c-42cc-8373-e7690d318104,T1033,System Owner/User Discovery,1
intrusion-set--56319646-eb6e-41fc-ae53-aadfa7adb924,Tropic Trooper,attack-pattern--1c4e5d32-1fe9-4116-9d9d-59e3925bd6a2,T1036.005,Match Legitimate Resource Name or Location,1
intrusion-set--56319646-eb6e-41fc-ae53-aadfa7adb924,Tropic Trooper,attack-pattern--e3a12395-188d-4051-9a16-ea8e14d07b88,T1046,Network Service Discovery,1
intrusion-set--56319646-eb6e-41fc-ae53-aadfa7adb924,Tropic Trooper,attack-pattern--7e150503-88e7-4861-866b-ff1ac82c4475,T1049,System Network Connections Discovery,1
intrusion-set--56319646-eb6e-41fc-ae53-aadfa7adb924,Tropic Trooper,attack-pattern--a3e1e6c5-9c74-4fc0-a16c-a9d228c17829,T1052.001,Exfiltration over USB,1
intrusion-set--56319646-eb6e-41fc-ae53-aadfa7adb924,Tropic Trooper,attack-pattern--f4599aa0-4f85-4a32-80ea-fc39dc965945,T1055.001,Dynamic-link Library Injection,1
intrusion-set--56319646-eb6e-41fc-ae53-aadfa7adb924,Tropic Trooper,attack-pattern--8f4a33ec-8b1f-4b80-a2f6-642b2e479580,T1057,Process Discovery,1
intrusion-set--56319646-eb6e-41fc-ae53-aadfa7adb924,Tropic Trooper,attack-pattern--d1fcf083-a721-4223-aedf-bf8960798d62,T1059.003,Windows Command Shell,1
intrusion-set--56319646-eb6e-41fc-ae53-aadfa7adb924,Tropic Trooper,attack-pattern--d63a3fb8-9452-4e9d-a60a-54be68d5998c,T1070.004,File Deletion,1
intrusion-set--56319646-eb6e-41fc-ae53-aadfa7adb924,Tropic Trooper,attack-pattern--df8b2a25-8bdf-4856-953c-a04372b1c161,T1071.001,Web Protocols,1
intrusion-set--56319646-eb6e-41fc-ae53-aadfa7adb924,Tropic Trooper,attack-pattern--1996eef1-ced3-4d7f-bf94-33298cabbf72,T1071.004,DNS,1
intrusion-set--56319646-eb6e-41fc-ae53-aadfa7adb924,Tropic Trooper,attack-pattern--fdc47f44-dd32-4b99-af5f-209f556f63c2,T1078.003,Local Accounts,1
intrusion-set--56319646-eb6e-41fc-ae53-aadfa7adb924,Tropic Trooper,attack-pattern--354a7f88-63fb-41b5-a801-ce3b377b36f1,T1082,System Information Discovery,1
intrusion-set--56319646-eb6e-41fc-ae53-aadfa7adb924,Tropic Trooper,attack-pattern--7bc57495-ea59-4380-be31-a64af124ef18,T1083,File and Directory Discovery,1
intrusion-set--56319646-eb6e-41fc-ae53-aadfa7adb924,Tropic Trooper,attack-pattern--3b744087-9945-4a6f-91e8-9dbceda417a4,T1091,Replication Through Removable Media,1
intrusion-set--56319646-eb6e-41fc-ae53-aadfa7adb924,Tropic Trooper,attack-pattern--e6919abc-99f9-4c6c-95a5-14761e7b2add,T1105,Ingress Tool Transfer,1
intrusion-set--56319646-eb6e-41fc-ae53-aadfa7adb924,Tropic Trooper,attack-pattern--391d824f-0ef1-47a0-b0ee-c59a75e27670,T1106,Native API,1
intrusion-set--56319646-eb6e-41fc-ae53-aadfa7adb924,Tropic Trooper,attack-pattern--30208d3e-0d6b-43c8-883e-44462a514619,T1119,Automated Collection,1
intrusion-set--56319646-eb6e-41fc-ae53-aadfa7adb924,Tropic Trooper,attack-pattern--04fd5427-79c7-44ea-ae13-11b24778ff1c,T1132.001,Standard Encoding,1
intrusion-set--56319646-eb6e-41fc-ae53-aadfa7adb924,Tropic Trooper,attack-pattern--3489cfc5-640f-4bb3-a103-9137b97de79f,T1135,Network Share Discovery,1
intrusion-set--56319646-eb6e-41fc-ae53-aadfa7adb924,Tropic Trooper,attack-pattern--3ccef7ae-cb5e-48f6-8302-897105fbf55c,T1140,Deobfuscate/Decode Files or Information,1
intrusion-set--56319646-eb6e-41fc-ae53-aadfa7adb924,Tropic Trooper,attack-pattern--be2dcee9-a7a7-4e38-afd6-21b31ecc3d63,T1203,Exploitation for Client Execution,1
intrusion-set--56319646-eb6e-41fc-ae53-aadfa7adb924,Tropic Trooper,attack-pattern--232b7f21-adf9-4b42-b936-b9d6f7df856e,T1204.002,Malicious File,1
intrusion-set--56319646-eb6e-41fc-ae53-aadfa7adb924,Tropic Trooper,attack-pattern--dc31fe1e-d722-49da-8f5f-92c7b5aff534,T1221,Template Injection,1
intrusion-set--56319646-eb6e-41fc-ae53-aadfa7adb924,Tropic Trooper,attack-pattern--5d0d3609-d06d-49e1-b9c9-b544e0c618cb,T1505.003,Web Shell,1
intrusion-set--56319646-eb6e-41fc-ae53-aadfa7adb924,Tropic Trooper,attack-pattern--e3b6daca-e963-4a69-aee6-ed4fd653ad58,T1518,Software Discovery,1
intrusion-set--56319646-eb6e-41fc-ae53-aadfa7adb924,Tropic Trooper,attack-pattern--cba37adb-d6fb-4610-b069-dd04c0643384,T1518.001,Security Software Discovery,1
intrusion-set--56319646-eb6e-41fc-ae53-aadfa7adb924,Tropic Trooper,attack-pattern--2959d63f-73fd-46a1-abd2-109d7dcede32,T1543.003,Windows Service,1
intrusion-set--56319646-eb6e-41fc-ae53-aadfa7adb924,Tropic Trooper,attack-pattern--9efb1ea7-c37b-4595-9640-b7680cd84279,T1547.001,Registry Run Keys / Startup Folder,1
intrusion-set--56319646-eb6e-41fc-ae53-aadfa7adb924,Tropic Trooper,attack-pattern--6836813e-8ec8-4375-b459-abb388cb1a35,T1547.004,Winlogon Helper DLL,1
intrusion-set--56319646-eb6e-41fc-ae53-aadfa7adb924,Tropic Trooper,attack-pattern--ec8fc7e2-b356-455c-8db5-2e37be158e7d,T1564.001,Hidden Files and Directories,1
intrusion-set--56319646-eb6e-41fc-ae53-aadfa7adb924,Tropic Trooper,attack-pattern--2e34237d-8574-43f6-aace-ae2915de8597,T1566.001,Spearphishing Attachment,1
intrusion-set--56319646-eb6e-41fc-ae53-aadfa7adb924,Tropic Trooper,attack-pattern--b8902400-e6c5-4ba2-95aa-2d35b442b118,T1573,Encrypted Channel,1
intrusion-set--56319646-eb6e-41fc-ae53-aadfa7adb924,Tropic Trooper,attack-pattern--bf176076-b789-408e-8cba-7275e81c0ada,T1573.002,Asymmetric Cryptography,1
intrusion-set--56319646-eb6e-41fc-ae53-aadfa7adb924,Tropic Trooper,attack-pattern--2fee9321-3e71-4cf4-af24-d4d40d355b34,T1574.001,DLL,1
intrusion-set--56319646-eb6e-41fc-ae53-aadfa7adb924,Tropic Trooper,attack-pattern--f2514ae4-4e9b-4f26-a5ba-c4ae85fe93c3,T1680,Local Storage Discovery,1
intrusion-set--7a19ecb1-3c65-4de3-a230-993516aed6a6,Turla,attack-pattern--3c4a2599-71ee-4405-ba1e-0e28414b4bc5,T1005,Data from Local System,1
intrusion-set--7a19ecb1-3c65-4de3-a230-993516aed6a6,Turla,attack-pattern--322bad5a-1c49-4d23-ab79-76d641794afa,T1007,System Service Discovery,1
intrusion-set--7a19ecb1-3c65-4de3-a230-993516aed6a6,Turla,attack-pattern--c32f7008-9fea-41f7-8366-5eb9b74bd896,T1012,Query Registry,1
intrusion-set--7a19ecb1-3c65-4de3-a230-993516aed6a6,Turla,attack-pattern--707399d6-ab3e-4963-9315-d9d3818cd6a0,T1016,System Network Configuration Discovery,1
intrusion-set--7a19ecb1-3c65-4de3-a230-993516aed6a6,Turla,attack-pattern--132d5b37-aac5-4378-a8dc-3127b18a73dc,T1016.001,Internet Connection Discovery,1
intrusion-set--7a19ecb1-3c65-4de3-a230-993516aed6a6,Turla,attack-pattern--e358d692-23c0-4a31-9eb6-ecc13a8d7735,T1018,Remote System Discovery,1
intrusion-set--7a19ecb1-3c65-4de3-a230-993516aed6a6,Turla,attack-pattern--4f9ca633-15c5-463c-9724-bdcd54fde541,T1021.002,SMB/Windows Admin Shares,1
intrusion-set--7a19ecb1-3c65-4de3-a230-993516aed6a6,Turla,attack-pattern--1b7ba276-eedc-4951-a762-0ceea2c030ec,T1025,Data from Removable Media,1
intrusion-set--7a19ecb1-3c65-4de3-a230-993516aed6a6,Turla,attack-pattern--b0533c6e-8fea-4788-874f-b799cacc4b92,T1027.005,Indicator Removal from Tools,1
intrusion-set--7a19ecb1-3c65-4de3-a230-993516aed6a6,Turla,attack-pattern--d511a6f6-4a33-41d5-bc95-c343875d1377,T1027.010,Command Obfuscation,1
intrusion-set--7a19ecb1-3c65-4de3-a230-993516aed6a6,Turla,attack-pattern--02c5abff-30bf-4703-ab92-1f6072fae939,T1027.011,Fileless Storage,1
intrusion-set--7a19ecb1-3c65-4de3-a230-993516aed6a6,Turla,attack-pattern--1c4e5d32-1fe9-4116-9d9d-59e3925bd6a2,T1036.005,Match Legitimate Resource Name or Location,1
intrusion-set--7a19ecb1-3c65-4de3-a230-993516aed6a6,Turla,attack-pattern--7e150503-88e7-4861-866b-ff1ac82c4475,T1049,System Network Connections Discovery,1
intrusion-set--7a19ecb1-3c65-4de3-a230-993516aed6a6,Turla,attack-pattern--43e7dc91-05b2-474c-b9ac-2ed4fe101f4d,T1055,Process Injection,1
intrusion-set--7a19ecb1-3c65-4de3-a230-993516aed6a6,Turla,attack-pattern--f4599aa0-4f85-4a32-80ea-fc39dc965945,T1055.001,Dynamic-link Library Injection,1
intrusion-set--7a19ecb1-3c65-4de3-a230-993516aed6a6,Turla,attack-pattern--8f4a33ec-8b1f-4b80-a2f6-642b2e479580,T1057,Process Discovery,1
intrusion-set--7a19ecb1-3c65-4de3-a230-993516aed6a6,Turla,attack-pattern--970a3432-3237-47ad-bcca-7d8cbb217736,T1059.001,PowerShell,1
intrusion-set--7a19ecb1-3c65-4de3-a230-993516aed6a6,Turla,attack-pattern--d1fcf083-a721-4223-aedf-bf8960798d62,T1059.003,Windows Command Shell,1
intrusion-set--7a19ecb1-3c65-4de3-a230-993516aed6a6,Turla,attack-pattern--dfd7cc1d-e1d8-4394-a198-97c4cab8aa67,T1059.005,Visual Basic,1
intrusion-set--7a19ecb1-3c65-4de3-a230-993516aed6a6,Turla,attack-pattern--cc3502b5-30cc-4473-ad48-42d51a6ef6d1,T1059.006,Python,1
intrusion-set--7a19ecb1-3c65-4de3-a230-993516aed6a6,Turla,attack-pattern--0f4a0c76-ab2d-4cb0-85d3-3f0efb8cba0d,T1059.007,JavaScript,1
intrusion-set--7a19ecb1-3c65-4de3-a230-993516aed6a6,Turla,attack-pattern--b21c3b2d-02e6-45b1-980b-e69051040839,T1068,Exploitation for Privilege Escalation,1
intrusion-set--7a19ecb1-3c65-4de3-a230-993516aed6a6,Turla,attack-pattern--a01bf75f-00b2-4568-a58f-565ff9bf202b,T1069.001,Local Groups,1
intrusion-set--7a19ecb1-3c65-4de3-a230-993516aed6a6,Turla,attack-pattern--2aed01ad-3df3-4410-a8cb-11ea4ded587c,T1069.002,Domain Groups,1
intrusion-set--7a19ecb1-3c65-4de3-a230-993516aed6a6,Turla,attack-pattern--df8b2a25-8bdf-4856-953c-a04372b1c161,T1071.001,Web Protocols,1
intrusion-set--7a19ecb1-3c65-4de3-a230-993516aed6a6,Turla,attack-pattern--54b4c251-1f0e-4eba-ba6b-dbc7a6f6f06b,T1071.003,Mail Protocols,1
intrusion-set--7a19ecb1-3c65-4de3-a230-993516aed6a6,Turla,attack-pattern--fdc47f44-dd32-4b99-af5f-209f556f63c2,T1078.003,Local Accounts,1
intrusion-set--7a19ecb1-3c65-4de3-a230-993516aed6a6,Turla,attack-pattern--354a7f88-63fb-41b5-a801-ce3b377b36f1,T1082,System Information Discovery,1
intrusion-set--7a19ecb1-3c65-4de3-a230-993516aed6a6,Turla,attack-pattern--7bc57495-ea59-4380-be31-a64af124ef18,T1083,File and Directory Discovery,1
intrusion-set--7a19ecb1-3c65-4de3-a230-993516aed6a6,Turla,attack-pattern--25659dd6-ea12-45c4-97e6-381e3e4b593e,T1087.001,Local Account,1
intrusion-set--7a19ecb1-3c65-4de3-a230-993516aed6a6,Turla,attack-pattern--21875073-b0ee-49e3-9077-1e2a885359af,T1087.002,Domain Account,1
intrusion-set--7a19ecb1-3c65-4de3-a230-993516aed6a6,Turla,attack-pattern--731f4f55-b6d0-41d1-a7a9-072a66389aea,T1090,Proxy,1
intrusion-set--7a19ecb1-3c65-4de3-a230-993516aed6a6,Turla,attack-pattern--f6dacc85-b37d-458e-b58d-74fc4bbf5755,T1090.001,Internal Proxy,1
intrusion-set--7a19ecb1-3c65-4de3-a230-993516aed6a6,Turla,attack-pattern--830c9528-df21-472c-8c14-a036bf17d665,T1102,Web Service,1
intrusion-set--7a19ecb1-3c65-4de3-a230-993516aed6a6,Turla,attack-pattern--be055942-6e63-49d7-9fa1-9cb7d8a8f3f4,T1102.002,Bidirectional Communication,1
intrusion-set--7a19ecb1-3c65-4de3-a230-993516aed6a6,Turla,attack-pattern--e6919abc-99f9-4c6c-95a5-14761e7b2add,T1105,Ingress Tool Transfer,1
intrusion-set--7a19ecb1-3c65-4de3-a230-993516aed6a6,Turla,attack-pattern--391d824f-0ef1-47a0-b0ee-c59a75e27670,T1106,Native API,1
intrusion-set--7a19ecb1-3c65-4de3-a230-993516aed6a6,Turla,attack-pattern--a93494bb-4b80-4ea1-8695-3236a49916fd,T1110,Brute Force,1
intrusion-set--7a19ecb1-3c65-4de3-a230-993516aed6a6,Turla,attack-pattern--57340c81-c025-4189-8fa0-fc7ede51bae4,T1112,Modify Registry,1
intrusion-set--7a19ecb1-3c65-4de3-a230-993516aed6a6,Turla,attack-pattern--348f1eef-964b-4eb6-bb53-69b3dcb0c643,T1120,Peripheral Device Discovery,1
intrusion-set--7a19ecb1-3c65-4de3-a230-993516aed6a6,Turla,attack-pattern--f3c544dc-673c-4ef3-accb-53229f1ae077,T1124,System Time Discovery,1
intrusion-set--7a19ecb1-3c65-4de3-a230-993516aed6a6,Turla,attack-pattern--677569f9-a8b0-459e-ab24-7f18091fa7bf,T1134.002,Create Process with Token,1
intrusion-set--7a19ecb1-3c65-4de3-a230-993516aed6a6,Turla,attack-pattern--3ccef7ae-cb5e-48f6-8302-897105fbf55c,T1140,Deobfuscate/Decode Files or Information,1
intrusion-set--7a19ecb1-3c65-4de3-a230-993516aed6a6,Turla,attack-pattern--d742a578-d70e-4d0e-96a6-02a9c30204e6,T1189,Drive-by Compromise,1
intrusion-set--7a19ecb1-3c65-4de3-a230-993516aed6a6,Turla,attack-pattern--b6075259-dba3-44e9-87c7-e954f37ec0d5,T1201,Password Policy Discovery,1
intrusion-set--7a19ecb1-3c65-4de3-a230-993516aed6a6,Turla,attack-pattern--ef67e13e-5598-4adc-bdb2-998225874fa9,T1204.001,Malicious Link,1
intrusion-set--7a19ecb1-3c65-4de3-a230-993516aed6a6,Turla,attack-pattern--248d3fe1-7fe1-4d71-91c7-8bb7ef35cad3,T1213.006,Databases,1
intrusion-set--7a19ecb1-3c65-4de3-a230-993516aed6a6,Turla,attack-pattern--cba37adb-d6fb-4610-b069-dd04c0643384,T1518.001,Security Software Discovery,1
intrusion-set--7a19ecb1-3c65-4de3-a230-993516aed6a6,Turla,attack-pattern--910906dd-8c0a-475a-9cc1-5e029e2fad58,T1546.003,Windows Management Instrumentation Event Subscription,1
intrusion-set--7a19ecb1-3c65-4de3-a230-993516aed6a6,Turla,attack-pattern--0f2c410d-d740-4ed9-abb1-b8f4a7faf6c3,T1546.013,PowerShell Profile,1
intrusion-set--7a19ecb1-3c65-4de3-a230-993516aed6a6,Turla,attack-pattern--9efb1ea7-c37b-4595-9640-b7680cd84279,T1547.001,Registry Run Keys / Startup Folder,1
intrusion-set--7a19ecb1-3c65-4de3-a230-993516aed6a6,Turla,attack-pattern--6836813e-8ec8-4375-b459-abb388cb1a35,T1547.004,Winlogon Helper DLL,1
intrusion-set--7a19ecb1-3c65-4de3-a230-993516aed6a6,Turla,attack-pattern--565275d5-fcc3-4b66-b4e7-928e4cac6b8c,T1553.006,Code Signing Policy Modification,1
intrusion-set--7a19ecb1-3c65-4de3-a230-993516aed6a6,Turla,attack-pattern--d336b553-5da9-46ca-98a8-0b23f49fb447,T1555.004,Windows Credential Manager,1
intrusion-set--7a19ecb1-3c65-4de3-a230-993516aed6a6,Turla,attack-pattern--00f90846-cbd1-4fc5-9233-df5c2bf2a662,T1560.001,Archive via Utility,1
intrusion-set--7a19ecb1-3c65-4de3-a230-993516aed6a6,Turla,attack-pattern--09b008a9-b4eb-462a-a751-a0eb58050cd9,T1564.012,File/Path Exclusions,1
intrusion-set--7a19ecb1-3c65-4de3-a230-993516aed6a6,Turla,attack-pattern--2b742742-28c3-4e1b-bab7-8350d6300fa7,T1566.002,Spearphishing Link,1
intrusion-set--7a19ecb1-3c65-4de3-a230-993516aed6a6,Turla,attack-pattern--bf1b6176-597c-4600-bfcd-ac989670f96b,T1567.002,Exfiltration to Cloud Storage,1
intrusion-set--7a19ecb1-3c65-4de3-a230-993516aed6a6,Turla,attack-pattern--bf90d72c-c00b-45e3-b3aa-68560560d4c5,T1570,Lateral Tool Transfer,1
intrusion-set--7a19ecb1-3c65-4de3-a230-993516aed6a6,Turla,attack-pattern--88d31120-5bc7-4ce3-a9c0-7cf147be8e54,T1583.006,Web Services,1
intrusion-set--7a19ecb1-3c65-4de3-a230-993516aed6a6,Turla,attack-pattern--39cc9f64-cf74-4a48-a4d8-fe98c54a02e0,T1584.003,Virtual Private Server,1
intrusion-set--7a19ecb1-3c65-4de3-a230-993516aed6a6,Turla,attack-pattern--e196b5c5-8118-4a1c-ab8a-936586ce3db5,T1584.004,Server,1
intrusion-set--7a19ecb1-3c65-4de3-a230-993516aed6a6,Turla,attack-pattern--ae797531-3219-49a4-bccf-324ad7a4c7b2,T1584.006,Web Services,1
intrusion-set--7a19ecb1-3c65-4de3-a230-993516aed6a6,Turla,attack-pattern--212306d8-efa4-44c9-8c2d-ed3d2e224aa0,T1587.001,Malware,1
intrusion-set--7a19ecb1-3c65-4de3-a230-993516aed6a6,Turla,attack-pattern--7807d3a4-a885-4639-a786-c1ed41484970,T1588.001,Malware,1
intrusion-set--7a19ecb1-3c65-4de3-a230-993516aed6a6,Turla,attack-pattern--a2fdce72-04b2-409a-ac10-cc1695f4fce0,T1588.002,Tool,1
intrusion-set--7a19ecb1-3c65-4de3-a230-993516aed6a6,Turla,attack-pattern--1b20efbf-8063-4fc3-a07d-b575318a301b,T1615,Group Policy Discovery,1
intrusion-set--7a19ecb1-3c65-4de3-a230-993516aed6a6,Turla,attack-pattern--bbde9781-60aa-4b8a-a911-895b0c1b3872,T1685,Disable or Modify Tools,1
intrusion-set--461b8e25-8f4a-4ea2-a4a8-e39df7ce6630,UNC3886,attack-pattern--65f2d882-3f41-4d48-8a06-29af77ec9f90,T1003.001,LSASS Memory,1
intrusion-set--461b8e25-8f4a-4ea2-a4a8-e39df7ce6630,UNC3886,attack-pattern--f24faf46-3b26-4dbb-98f2-63460498e433,T1008,Fallback Channels,1
intrusion-set--461b8e25-8f4a-4ea2-a4a8-e39df7ce6630,UNC3886,attack-pattern--0f20e3cb-245b-4a61-8a91-2d93f7cb0e9b,T1014,Rootkit,1
intrusion-set--461b8e25-8f4a-4ea2-a4a8-e39df7ce6630,UNC3886,attack-pattern--2db31dcd-54da-405d-acef-b9129b816ed6,T1021.004,SSH,1
intrusion-set--461b8e25-8f4a-4ea2-a4a8-e39df7ce6630,UNC3886,attack-pattern--b0533c6e-8fea-4788-874f-b799cacc4b92,T1027.005,Indicator Removal from Tools,1
intrusion-set--461b8e25-8f4a-4ea2-a4a8-e39df7ce6630,UNC3886,attack-pattern--7bdca9d5-d500-4d7d-8c52-5fd47baf4c0c,T1036.004,Masquerade Task or Service,1
intrusion-set--461b8e25-8f4a-4ea2-a4a8-e39df7ce6630,UNC3886,attack-pattern--03259939-0b57-482f-8eb5-87c0e0d54334,T1037,Boot or Logon Initialization Scripts,1
intrusion-set--461b8e25-8f4a-4ea2-a4a8-e39df7ce6630,UNC3886,attack-pattern--dca670cf-eeec-438f-8185-fd959d9ef211,T1037.004,RC Scripts,1
intrusion-set--461b8e25-8f4a-4ea2-a4a8-e39df7ce6630,UNC3886,attack-pattern--3257eb21-f9a7-4430-8de1-d8b6e288f529,T1040,Network Sniffing,1
intrusion-set--461b8e25-8f4a-4ea2-a4a8-e39df7ce6630,UNC3886,attack-pattern--8f4a33ec-8b1f-4b80-a2f6-642b2e479580,T1057,Process Discovery,1
intrusion-set--461b8e25-8f4a-4ea2-a4a8-e39df7ce6630,UNC3886,attack-pattern--970a3432-3237-47ad-bcca-7d8cbb217736,T1059.001,PowerShell,1
intrusion-set--461b8e25-8f4a-4ea2-a4a8-e39df7ce6630,UNC3886,attack-pattern--d1fcf083-a721-4223-aedf-bf8960798d62,T1059.003,Windows Command Shell,1
intrusion-set--461b8e25-8f4a-4ea2-a4a8-e39df7ce6630,UNC3886,attack-pattern--a9d4b653-6915-42af-98b2-5758c4ceee56,T1059.004,Unix Shell,1
intrusion-set--461b8e25-8f4a-4ea2-a4a8-e39df7ce6630,UNC3886,attack-pattern--cc3502b5-30cc-4473-ad48-42d51a6ef6d1,T1059.006,Python,1
intrusion-set--461b8e25-8f4a-4ea2-a4a8-e39df7ce6630,UNC3886,attack-pattern--d2d642da-61ff-4211-b4df-7923c9ca220c,T1059.012,Hypervisor CLI,1
intrusion-set--461b8e25-8f4a-4ea2-a4a8-e39df7ce6630,UNC3886,attack-pattern--b21c3b2d-02e6-45b1-980b-e69051040839,T1068,Exploitation for Privilege Escalation,1
intrusion-set--461b8e25-8f4a-4ea2-a4a8-e39df7ce6630,UNC3886,attack-pattern--d63a3fb8-9452-4e9d-a60a-54be68d5998c,T1070.004,File Deletion,1
intrusion-set--461b8e25-8f4a-4ea2-a4a8-e39df7ce6630,UNC3886,attack-pattern--47f2d673-ca62-47e9-929b-1b0be9657611,T1070.006,Timestomp,1
intrusion-set--461b8e25-8f4a-4ea2-a4a8-e39df7ce6630,UNC3886,attack-pattern--3975dbb5-0e1e-4f5b-bae1-cf2ab84b46dc,T1070.007,Clear Network Connection History and Configurations,1
intrusion-set--461b8e25-8f4a-4ea2-a4a8-e39df7ce6630,UNC3886,attack-pattern--1c34f7aa-9341-4a48-bfab-af22e51aca6c,T1074.001,Local Data Staging,1
intrusion-set--461b8e25-8f4a-4ea2-a4a8-e39df7ce6630,UNC3886,attack-pattern--b17a1a56-e99c-403c-8948-561df0cffe81,T1078,Valid Accounts,1
intrusion-set--461b8e25-8f4a-4ea2-a4a8-e39df7ce6630,UNC3886,attack-pattern--6151cbea-819b-455a-9fa6-99a1cc58797d,T1078.001,Default Accounts,1
intrusion-set--461b8e25-8f4a-4ea2-a4a8-e39df7ce6630,UNC3886,attack-pattern--7bc57495-ea59-4380-be31-a64af124ef18,T1083,File and Directory Discovery,1
intrusion-set--461b8e25-8f4a-4ea2-a4a8-e39df7ce6630,UNC3886,attack-pattern--c21d5a77-d422-4a69-acd7-2c53c1faa34b,T1095,Non-Application Layer Protocol,1
intrusion-set--461b8e25-8f4a-4ea2-a4a8-e39df7ce6630,UNC3886,attack-pattern--f3c544dc-673c-4ef3-accb-53229f1ae077,T1124,System Time Discovery,1
intrusion-set--461b8e25-8f4a-4ea2-a4a8-e39df7ce6630,UNC3886,attack-pattern--3f886f2a-874f-4333-b794-aa6075009b1c,T1190,Exploit Public-Facing Application,1
intrusion-set--461b8e25-8f4a-4ea2-a4a8-e39df7ce6630,UNC3886,attack-pattern--be2dcee9-a7a7-4e38-afd6-21b31ecc3d63,T1203,Exploitation for Client Execution,1
intrusion-set--461b8e25-8f4a-4ea2-a4a8-e39df7ce6630,UNC3886,attack-pattern--451a9977-d255-43c9-b431-66de80130c8c,T1205,Traffic Signaling,1
intrusion-set--461b8e25-8f4a-4ea2-a4a8-e39df7ce6630,UNC3886,attack-pattern--8868cb5b-d575-4a60-acb2-07d37389a2fd,T1205.001,Port Knocking,1
intrusion-set--461b8e25-8f4a-4ea2-a4a8-e39df7ce6630,UNC3886,attack-pattern--9c306d8d-cde7-4b4c-b6e8-d0bb16caca36,T1212,Exploitation for Credential Access,1
intrusion-set--461b8e25-8f4a-4ea2-a4a8-e39df7ce6630,UNC3886,attack-pattern--045d0922-2310-4e60-b5e4-3302302cb3c5,T1218.011,Rundll32,1
intrusion-set--461b8e25-8f4a-4ea2-a4a8-e39df7ce6630,UNC3886,attack-pattern--f8ba7d61-11c5-4130-bafd-7c3ff5fbf4b5,T1505.006,vSphere Installation Bundles,1
intrusion-set--461b8e25-8f4a-4ea2-a4a8-e39df7ce6630,UNC3886,attack-pattern--67720091-eee3-4d2d-ae16-8264567f6f5b,T1548,Abuse Elevation Control Mechanism,1
intrusion-set--461b8e25-8f4a-4ea2-a4a8-e39df7ce6630,UNC3886,attack-pattern--960c3c86-1480-4d72-b4e0-8c242e84a5c5,T1554,Compromise Host Software Binary,1
intrusion-set--461b8e25-8f4a-4ea2-a4a8-e39df7ce6630,UNC3886,attack-pattern--315f51f0-6b03-4c1e-bfb2-84740afb8e21,T1555.005,Password Managers,1
intrusion-set--461b8e25-8f4a-4ea2-a4a8-e39df7ce6630,UNC3886,attack-pattern--00f90846-cbd1-4fc5-9233-df5c2bf2a662,T1560.001,Archive via Utility,1
intrusion-set--461b8e25-8f4a-4ea2-a4a8-e39df7ce6630,UNC3886,attack-pattern--143c0cbb-a297-4142-9624-87ffc778980b,T1560.003,Archive via Custom Method,1
intrusion-set--461b8e25-8f4a-4ea2-a4a8-e39df7ce6630,UNC3886,attack-pattern--4a2975db-414e-4c0c-bd92-775987514b4b,T1564.011,Ignore Process Interrupts,1
intrusion-set--461b8e25-8f4a-4ea2-a4a8-e39df7ce6630,UNC3886,attack-pattern--bf90d72c-c00b-45e3-b3aa-68560560d4c5,T1570,Lateral Tool Transfer,1
intrusion-set--461b8e25-8f4a-4ea2-a4a8-e39df7ce6630,UNC3886,attack-pattern--212306d8-efa4-44c9-8c2d-ed3d2e224aa0,T1587.001,Malware,1
intrusion-set--461b8e25-8f4a-4ea2-a4a8-e39df7ce6630,UNC3886,attack-pattern--bbc3cba7-84ae-410d-b18b-16750731dfa2,T1587.004,Exploits,1
intrusion-set--461b8e25-8f4a-4ea2-a4a8-e39df7ce6630,UNC3886,attack-pattern--7807d3a4-a885-4639-a786-c1ed41484970,T1588.001,Malware,1
intrusion-set--461b8e25-8f4a-4ea2-a4a8-e39df7ce6630,UNC3886,attack-pattern--19401639-28d0-4c3c-adcc-bc2ba22f6421,T1588.004,Digital Certificates,1
intrusion-set--461b8e25-8f4a-4ea2-a4a8-e39df7ce6630,UNC3886,attack-pattern--6bc7f9aa-b91f-4b23-84b8-5e756eba68eb,T1673,Virtual Machine Discovery,1
intrusion-set--461b8e25-8f4a-4ea2-a4a8-e39df7ce6630,UNC3886,attack-pattern--31e5011f-090e-45be-9bb6-17a1c5e8219b,T1675,ESXi Administration Command,1
intrusion-set--461b8e25-8f4a-4ea2-a4a8-e39df7ce6630,UNC3886,attack-pattern--63b24abc-5702-4745-b1e4-ac70b20a43f2,T1681,Search Threat Vendor Data,1
intrusion-set--461b8e25-8f4a-4ea2-a4a8-e39df7ce6630,UNC3886,attack-pattern--bbde9781-60aa-4b8a-a911-895b0c1b3872,T1685,Disable or Modify Tools,1
intrusion-set--461b8e25-8f4a-4ea2-a4a8-e39df7ce6630,UNC3886,attack-pattern--eec096b8-c207-43df-b6c1-11523861e452,T1686,Disable or Modify System Firewall,1
intrusion-set--461b8e25-8f4a-4ea2-a4a8-e39df7ce6630,UNC3886,attack-pattern--b831f51c-d22f-4724-bbab-60d056bd1150,T1690,Prevent Command History Logging,1
intrusion-set--ebd7ce77-c9ba-4fba-bb28-58296ac66559,VOID MANTICORE,attack-pattern--65f2d882-3f41-4d48-8a06-29af77ec9f90,T1003.001,LSASS Memory,1
intrusion-set--ebd7ce77-c9ba-4fba-bb28-58296ac66559,VOID MANTICORE,attack-pattern--3c4a2599-71ee-4405-ba1e-0e28414b4bc5,T1005,Data from Local System,1
intrusion-set--ebd7ce77-c9ba-4fba-bb28-58296ac66559,VOID MANTICORE,attack-pattern--eb062747-2193-45de-8fa2-e62549c37ddf,T1021.001,Remote Desktop Protocol,1
intrusion-set--ebd7ce77-c9ba-4fba-bb28-58296ac66559,VOID MANTICORE,attack-pattern--fbd91bfc-75c2-4f0c-8116-3b4e722906b3,T1027.015,Compression,1
intrusion-set--ebd7ce77-c9ba-4fba-bb28-58296ac66559,VOID MANTICORE,attack-pattern--7bdca9d5-d500-4d7d-8c52-5fd47baf4c0c,T1036.004,Masquerade Task or Service,1
intrusion-set--ebd7ce77-c9ba-4fba-bb28-58296ac66559,VOID MANTICORE,attack-pattern--1c4e5d32-1fe9-4116-9d9d-59e3925bd6a2,T1036.005,Match Legitimate Resource Name or Location,1
intrusion-set--ebd7ce77-c9ba-4fba-bb28-58296ac66559,VOID MANTICORE,attack-pattern--92d7da27-2d91-488e-a00c-059dc162766d,T1041,Exfiltration Over C2 Channel,1
intrusion-set--ebd7ce77-c9ba-4fba-bb28-58296ac66559,VOID MANTICORE,attack-pattern--01a5a209-b94c-450b-b7f9-946497d91055,T1047,Windows Management Instrumentation,1
intrusion-set--ebd7ce77-c9ba-4fba-bb28-58296ac66559,VOID MANTICORE,attack-pattern--970a3432-3237-47ad-bcca-7d8cbb217736,T1059.001,PowerShell,1
intrusion-set--ebd7ce77-c9ba-4fba-bb28-58296ac66559,VOID MANTICORE,attack-pattern--cc3502b5-30cc-4473-ad48-42d51a6ef6d1,T1059.006,Python,1
intrusion-set--ebd7ce77-c9ba-4fba-bb28-58296ac66559,VOID MANTICORE,attack-pattern--df8b2a25-8bdf-4856-953c-a04372b1c161,T1071.001,Web Protocols,1
intrusion-set--ebd7ce77-c9ba-4fba-bb28-58296ac66559,VOID MANTICORE,attack-pattern--92a78814-b191-47ca-909c-1ccfe3777414,T1072,Software Deployment Tools,1
intrusion-set--ebd7ce77-c9ba-4fba-bb28-58296ac66559,VOID MANTICORE,attack-pattern--7dd95ff6-712e-4056-9626-312ea4ab4c5e,T1074,Data Staged,1
intrusion-set--ebd7ce77-c9ba-4fba-bb28-58296ac66559,VOID MANTICORE,attack-pattern--b17a1a56-e99c-403c-8948-561df0cffe81,T1078,Valid Accounts,1
intrusion-set--ebd7ce77-c9ba-4fba-bb28-58296ac66559,VOID MANTICORE,attack-pattern--c3d4bdd9-2cfe-4a80-9d0c-07a29ecdce8f,T1078.002,Domain Accounts,1
intrusion-set--ebd7ce77-c9ba-4fba-bb28-58296ac66559,VOID MANTICORE,attack-pattern--f232fa7a-025c-4d43-abc7-318e81a73d65,T1078.004,Cloud Accounts,1
intrusion-set--ebd7ce77-c9ba-4fba-bb28-58296ac66559,VOID MANTICORE,attack-pattern--354a7f88-63fb-41b5-a801-ce3b377b36f1,T1082,System Information Discovery,1
intrusion-set--ebd7ce77-c9ba-4fba-bb28-58296ac66559,VOID MANTICORE,attack-pattern--21875073-b0ee-49e3-9077-1e2a885359af,T1087.002,Domain Account,1
intrusion-set--ebd7ce77-c9ba-4fba-bb28-58296ac66559,VOID MANTICORE,attack-pattern--a10641f4-87b4-45a3-a906-92a149cb2c27,T1098,Account Manipulation,1
intrusion-set--ebd7ce77-c9ba-4fba-bb28-58296ac66559,VOID MANTICORE,attack-pattern--830c9528-df21-472c-8c14-a036bf17d665,T1102,Web Service,1
intrusion-set--ebd7ce77-c9ba-4fba-bb28-58296ac66559,VOID MANTICORE,attack-pattern--e6919abc-99f9-4c6c-95a5-14761e7b2add,T1105,Ingress Tool Transfer,1
intrusion-set--ebd7ce77-c9ba-4fba-bb28-58296ac66559,VOID MANTICORE,attack-pattern--a93494bb-4b80-4ea1-8695-3236a49916fd,T1110,Brute Force,1
intrusion-set--ebd7ce77-c9ba-4fba-bb28-58296ac66559,VOID MANTICORE,attack-pattern--09c4c11e-4fa1-4f8c-8dad-3cf8e69ad119,T1110.001,Password Guessing,1
intrusion-set--ebd7ce77-c9ba-4fba-bb28-58296ac66559,VOID MANTICORE,attack-pattern--b2d03cea-aec1-45ca-9744-9ee583c1e1cc,T1110.004,Credential Stuffing,1
intrusion-set--ebd7ce77-c9ba-4fba-bb28-58296ac66559,VOID MANTICORE,attack-pattern--0259baeb-9f63-4c69-bf10-eb038c390688,T1113,Screen Capture,1
intrusion-set--ebd7ce77-c9ba-4fba-bb28-58296ac66559,VOID MANTICORE,attack-pattern--b4694861-542c-48ea-9eb1-10d356e7140a,T1114.002,Remote Email Collection,1
intrusion-set--ebd7ce77-c9ba-4fba-bb28-58296ac66559,VOID MANTICORE,attack-pattern--30208d3e-0d6b-43c8-883e-44462a514619,T1119,Automated Collection,1
intrusion-set--ebd7ce77-c9ba-4fba-bb28-58296ac66559,VOID MANTICORE,attack-pattern--1035cdf2-3e5f-446f-a7a7-e8f6d7925967,T1123,Audio Capture,1
intrusion-set--ebd7ce77-c9ba-4fba-bb28-58296ac66559,VOID MANTICORE,attack-pattern--6faf650d-bf31-4eb4-802d-1000cf38efaf,T1125,Video Capture,1
intrusion-set--ebd7ce77-c9ba-4fba-bb28-58296ac66559,VOID MANTICORE,attack-pattern--10d51417-ee35-4589-b1ff-b6df1c334e8d,T1133,External Remote Services,1
intrusion-set--ebd7ce77-c9ba-4fba-bb28-58296ac66559,VOID MANTICORE,attack-pattern--3f886f2a-874f-4333-b794-aa6075009b1c,T1190,Exploit Public-Facing Application,1
intrusion-set--ebd7ce77-c9ba-4fba-bb28-58296ac66559,VOID MANTICORE,attack-pattern--9fa07bef-9c81-421e-a8e5-ad4366c5a925,T1199,Trusted Relationship,1
intrusion-set--ebd7ce77-c9ba-4fba-bb28-58296ac66559,VOID MANTICORE,attack-pattern--232b7f21-adf9-4b42-b936-b9d6f7df856e,T1204.002,Malicious File,1
intrusion-set--ebd7ce77-c9ba-4fba-bb28-58296ac66559,VOID MANTICORE,attack-pattern--0c4b4fda-9062-47da-98b9-ceae2dcf052a,T1213.002,Sharepoint,1
intrusion-set--ebd7ce77-c9ba-4fba-bb28-58296ac66559,VOID MANTICORE,attack-pattern--d4287702-e2f7-4946-bdfa-2c7f5aaa5032,T1219.002,Remote Desktop Software,1
intrusion-set--ebd7ce77-c9ba-4fba-bb28-58296ac66559,VOID MANTICORE,attack-pattern--5d2be8b9-d24c-4e98-83bf-2f5f79477163,T1484.001,Group Policy Modification,1
intrusion-set--ebd7ce77-c9ba-4fba-bb28-58296ac66559,VOID MANTICORE,attack-pattern--d45a3d09-b3cf-48f4-9f0f-f521ee5cb05c,T1485,Data Destruction,1
intrusion-set--ebd7ce77-c9ba-4fba-bb28-58296ac66559,VOID MANTICORE,attack-pattern--b80d107d-fa0d-4b60-9684-b0433e8bdba0,T1486,Data Encrypted for Impact,1
intrusion-set--ebd7ce77-c9ba-4fba-bb28-58296ac66559,VOID MANTICORE,attack-pattern--f5d8eed6-48a9-4cdf-a3d7-d1ffa99c3d2a,T1490,Inhibit System Recovery,1
intrusion-set--ebd7ce77-c9ba-4fba-bb28-58296ac66559,VOID MANTICORE,attack-pattern--9efb1ea7-c37b-4595-9640-b7680cd84279,T1547.001,Registry Run Keys / Startup Folder,1
intrusion-set--ebd7ce77-c9ba-4fba-bb28-58296ac66559,VOID MANTICORE,attack-pattern--341e222a-a6e3-4f6f-b69c-831d792b1580,T1552.002,Credentials in Registry,1
intrusion-set--ebd7ce77-c9ba-4fba-bb28-58296ac66559,VOID MANTICORE,attack-pattern--00f90846-cbd1-4fc5-9233-df5c2bf2a662,T1560.001,Archive via Utility,1
intrusion-set--ebd7ce77-c9ba-4fba-bb28-58296ac66559,VOID MANTICORE,attack-pattern--fb640c43-aa6b-431e-a961-a279010424ac,T1561.001,Disk Content Wipe,1
intrusion-set--ebd7ce77-c9ba-4fba-bb28-58296ac66559,VOID MANTICORE,attack-pattern--0af0ca99-357d-4ba1-805f-674fdfb7bef9,T1561.002,Disk Structure Wipe,1
intrusion-set--ebd7ce77-c9ba-4fba-bb28-58296ac66559,VOID MANTICORE,attack-pattern--cbb66055-0325-4111-aca0-40547b6ad5b0,T1564.003,Hidden Window,1
intrusion-set--ebd7ce77-c9ba-4fba-bb28-58296ac66559,VOID MANTICORE,attack-pattern--a62a8db3-f23a-4d8f-afd6-9dbc77e7813b,T1566,Phishing,1
intrusion-set--ebd7ce77-c9ba-4fba-bb28-58296ac66559,VOID MANTICORE,attack-pattern--4fe28b27-b13c-453e-a386-c2ef362a573b,T1572,Protocol Tunneling,1
intrusion-set--ebd7ce77-c9ba-4fba-bb28-58296ac66559,VOID MANTICORE,attack-pattern--40f5caa0-4cb7-4117-89fc-d421bb493df3,T1583.001,Domains,1
intrusion-set--ebd7ce77-c9ba-4fba-bb28-58296ac66559,VOID MANTICORE,attack-pattern--79da0971-3147-4af6-a4f5-e8cd447cd795,T1583.003,Virtual Private Server,1
intrusion-set--ebd7ce77-c9ba-4fba-bb28-58296ac66559,VOID MANTICORE,attack-pattern--60c4b628-4807-4b0b-bbf5-fdac8643c337,T1583.004,Server,1
intrusion-set--ebd7ce77-c9ba-4fba-bb28-58296ac66559,VOID MANTICORE,attack-pattern--88d31120-5bc7-4ce3-a9c0-7cf147be8e54,T1583.006,Web Services,1
intrusion-set--ebd7ce77-c9ba-4fba-bb28-58296ac66559,VOID MANTICORE,attack-pattern--b1ccd744-3f78-4a0e-9bb2-2002057f7928,T1585.001,Social Media Accounts,1
intrusion-set--ebd7ce77-c9ba-4fba-bb28-58296ac66559,VOID MANTICORE,attack-pattern--65013dd2-bc61-43e3-afb5-a14c4fa7437a,T1585.002,Email Accounts,1
intrusion-set--ebd7ce77-c9ba-4fba-bb28-58296ac66559,VOID MANTICORE,attack-pattern--212306d8-efa4-44c9-8c2d-ed3d2e224aa0,T1587.001,Malware,1
intrusion-set--ebd7ce77-c9ba-4fba-bb28-58296ac66559,VOID MANTICORE,attack-pattern--7807d3a4-a885-4639-a786-c1ed41484970,T1588.001,Malware,1
intrusion-set--ebd7ce77-c9ba-4fba-bb28-58296ac66559,VOID MANTICORE,attack-pattern--a2fdce72-04b2-409a-ac10-cc1695f4fce0,T1588.002,Tool,1
intrusion-set--ebd7ce77-c9ba-4fba-bb28-58296ac66559,VOID MANTICORE,attack-pattern--5282dd9a-d26d-4e16-88b7-7c0f4553daf4,T1589,Gather Victim Identity Information,1
intrusion-set--ebd7ce77-c9ba-4fba-bb28-58296ac66559,VOID MANTICORE,attack-pattern--5502c4e9-24ef-4d5f-8ee9-9e906c2f82c4,T1595.002,Vulnerability Scanning,1
intrusion-set--ebd7ce77-c9ba-4fba-bb28-58296ac66559,VOID MANTICORE,attack-pattern--d94b3ae9-8059-4989-8e9f-ea0f601f80a7,T1651,Cloud Administration Command,1
intrusion-set--ebd7ce77-c9ba-4fba-bb28-58296ac66559,VOID MANTICORE,attack-pattern--851e071f-208d-4c79-adc6-5974c85c78f3,T1657,Financial Theft,1
intrusion-set--ebd7ce77-c9ba-4fba-bb28-58296ac66559,VOID MANTICORE,attack-pattern--9b00925a-7c4b-4e53-bfc8-9a6a806fde03,T1679,Selective Exclusion,1
intrusion-set--ebd7ce77-c9ba-4fba-bb28-58296ac66559,VOID MANTICORE,attack-pattern--cd92d2b8-ce43-4666-9472-f1b4b9f4f8be,T1684.001,Impersonation,1
intrusion-set--ebd7ce77-c9ba-4fba-bb28-58296ac66559,VOID MANTICORE,attack-pattern--291ede6c-1473-454c-b614-5ac5ea63c987,T1686.003,Windows Host Firewall,1
intrusion-set--e1fc262c-dad2-4b82-abda-5f08dd134971,Velvet Ant,attack-pattern--4f9ca633-15c5-463c-9724-bdcd54fde541,T1021.002,SMB/Windows Admin Shares,1
intrusion-set--e1fc262c-dad2-4b82-abda-5f08dd134971,Velvet Ant,attack-pattern--1c4e5d32-1fe9-4116-9d9d-59e3925bd6a2,T1036.005,Match Legitimate Resource Name or Location,1
intrusion-set--e1fc262c-dad2-4b82-abda-5f08dd134971,Velvet Ant,attack-pattern--dca670cf-eeec-438f-8185-fd959d9ef211,T1037.004,RC Scripts,1
intrusion-set--e1fc262c-dad2-4b82-abda-5f08dd134971,Velvet Ant,attack-pattern--3257eb21-f9a7-4430-8de1-d8b6e288f529,T1040,Network Sniffing,1
intrusion-set--e1fc262c-dad2-4b82-abda-5f08dd134971,Velvet Ant,attack-pattern--01a5a209-b94c-450b-b7f9-946497d91055,T1047,Windows Management Instrumentation,1
intrusion-set--e1fc262c-dad2-4b82-abda-5f08dd134971,Velvet Ant,attack-pattern--7e150503-88e7-4861-866b-ff1ac82c4475,T1049,System Network Connections Discovery,1
intrusion-set--e1fc262c-dad2-4b82-abda-5f08dd134971,Velvet Ant,attack-pattern--43e7dc91-05b2-474c-b9ac-2ed4fe101f4d,T1055,Process Injection,1
intrusion-set--e1fc262c-dad2-4b82-abda-5f08dd134971,Velvet Ant,attack-pattern--a9d4b653-6915-42af-98b2-5758c4ceee56,T1059.004,Unix Shell,1
intrusion-set--e1fc262c-dad2-4b82-abda-5f08dd134971,Velvet Ant,attack-pattern--355be19c-ffc9-46d5-8d50-d6a036c675b6,T1071,Application Layer Protocol,1
intrusion-set--e1fc262c-dad2-4b82-abda-5f08dd134971,Velvet Ant,attack-pattern--fdc47f44-dd32-4b99-af5f-209f556f63c2,T1078.003,Local Accounts,1
intrusion-set--e1fc262c-dad2-4b82-abda-5f08dd134971,Velvet Ant,attack-pattern--7bc57495-ea59-4380-be31-a64af124ef18,T1083,File and Directory Discovery,1
intrusion-set--e1fc262c-dad2-4b82-abda-5f08dd134971,Velvet Ant,attack-pattern--f6dacc85-b37d-458e-b58d-74fc4bbf5755,T1090.001,Internal Proxy,1
intrusion-set--e1fc262c-dad2-4b82-abda-5f08dd134971,Velvet Ant,attack-pattern--cc7b8c4e-9be0-47ca-b0bb-83915ec3ee2f,T1132,Data Encoding,1
intrusion-set--e1fc262c-dad2-4b82-abda-5f08dd134971,Velvet Ant,attack-pattern--10d51417-ee35-4589-b1ff-b6df1c334e8d,T1133,External Remote Services,1
intrusion-set--e1fc262c-dad2-4b82-abda-5f08dd134971,Velvet Ant,attack-pattern--fe926152-f431-4baf-956c-4ad3cb0bf23b,T1211,Exploitation for Stealth,1
intrusion-set--e1fc262c-dad2-4b82-abda-5f08dd134971,Velvet Ant,attack-pattern--f1951e8a-500e-4a26-8803-76d95c4554b4,T1569.002,Service Execution,1
intrusion-set--e1fc262c-dad2-4b82-abda-5f08dd134971,Velvet Ant,attack-pattern--bf90d72c-c00b-45e3-b3aa-68560560d4c5,T1570,Lateral Tool Transfer,1
intrusion-set--e1fc262c-dad2-4b82-abda-5f08dd134971,Velvet Ant,attack-pattern--b18eae87-b469-4e14-b454-b171b416bc18,T1571,Non-Standard Port,1
intrusion-set--e1fc262c-dad2-4b82-abda-5f08dd134971,Velvet Ant,attack-pattern--bf176076-b789-408e-8cba-7275e81c0ada,T1573.002,Asymmetric Cryptography,1
intrusion-set--e1fc262c-dad2-4b82-abda-5f08dd134971,Velvet Ant,attack-pattern--2fee9321-3e71-4cf4-af24-d4d40d355b34,T1574.001,DLL,1
intrusion-set--e1fc262c-dad2-4b82-abda-5f08dd134971,Velvet Ant,attack-pattern--bbde9781-60aa-4b8a-a911-895b0c1b3872,T1685,Disable or Modify Tools,1
intrusion-set--e1fc262c-dad2-4b82-abda-5f08dd134971,Velvet Ant,attack-pattern--eec096b8-c207-43df-b6c1-11523861e452,T1686,Disable or Modify System Firewall,1
intrusion-set--b2e34388-6938-4c59-a702-80dc219e15e3,Volatile Cedar,attack-pattern--e6919abc-99f9-4c6c-95a5-14761e7b2add,T1105,Ingress Tool Transfer,1
intrusion-set--b2e34388-6938-4c59-a702-80dc219e15e3,Volatile Cedar,attack-pattern--3f886f2a-874f-4333-b794-aa6075009b1c,T1190,Exploit Public-Facing Application,1
intrusion-set--b2e34388-6938-4c59-a702-80dc219e15e3,Volatile Cedar,attack-pattern--5d0d3609-d06d-49e1-b9c9-b544e0c618cb,T1505.003,Web Shell,1
intrusion-set--b2e34388-6938-4c59-a702-80dc219e15e3,Volatile Cedar,attack-pattern--5502c4e9-24ef-4d5f-8ee9-9e906c2f82c4,T1595.002,Vulnerability Scanning,1
intrusion-set--b2e34388-6938-4c59-a702-80dc219e15e3,Volatile Cedar,attack-pattern--bed04f7d-e48a-4e76-bd0f-4c57fe31fc46,T1595.003,Wordlist Scanning,1
intrusion-set--174279b4-399f-4ddb-966e-5efedd1dd5f2,Volt Typhoon,attack-pattern--65f2d882-3f41-4d48-8a06-29af77ec9f90,T1003.001,LSASS Memory,1
intrusion-set--174279b4-399f-4ddb-966e-5efedd1dd5f2,Volt Typhoon,attack-pattern--edf91964-b26e-4b4a-9600-ccacd7d7df24,T1003.003,NTDS,1
intrusion-set--174279b4-399f-4ddb-966e-5efedd1dd5f2,Volt Typhoon,attack-pattern--3c4a2599-71ee-4405-ba1e-0e28414b4bc5,T1005,Data from Local System,1
intrusion-set--174279b4-399f-4ddb-966e-5efedd1dd5f2,Volt Typhoon,attack-pattern--0c8ab3eb-df48-4b9c-ace7-beacaac81cc5,T1006,Direct Volume Access,1
intrusion-set--174279b4-399f-4ddb-966e-5efedd1dd5f2,Volt Typhoon,attack-pattern--322bad5a-1c49-4d23-ab79-76d641794afa,T1007,System Service Discovery,1
intrusion-set--174279b4-399f-4ddb-966e-5efedd1dd5f2,Volt Typhoon,attack-pattern--4ae4f953-fe58-4cc8-a327-33257e30a830,T1010,Application Window Discovery,1
intrusion-set--174279b4-399f-4ddb-966e-5efedd1dd5f2,Volt Typhoon,attack-pattern--c32f7008-9fea-41f7-8366-5eb9b74bd896,T1012,Query Registry,1
intrusion-set--174279b4-399f-4ddb-966e-5efedd1dd5f2,Volt Typhoon,attack-pattern--707399d6-ab3e-4963-9315-d9d3818cd6a0,T1016,System Network Configuration Discovery,1
intrusion-set--174279b4-399f-4ddb-966e-5efedd1dd5f2,Volt Typhoon,attack-pattern--132d5b37-aac5-4378-a8dc-3127b18a73dc,T1016.001,Internet Connection Discovery,1
intrusion-set--174279b4-399f-4ddb-966e-5efedd1dd5f2,Volt Typhoon,attack-pattern--e358d692-23c0-4a31-9eb6-ecc13a8d7735,T1018,Remote System Discovery,1
intrusion-set--174279b4-399f-4ddb-966e-5efedd1dd5f2,Volt Typhoon,attack-pattern--eb062747-2193-45de-8fa2-e62549c37ddf,T1021.001,Remote Desktop Protocol,1
intrusion-set--174279b4-399f-4ddb-966e-5efedd1dd5f2,Volt Typhoon,attack-pattern--deb98323-e13f-4b0c-8d94-175379069062,T1027.002,Software Packing,1
intrusion-set--174279b4-399f-4ddb-966e-5efedd1dd5f2,Volt Typhoon,attack-pattern--03d7999c-1f4c-42cc-8373-e7690d318104,T1033,System Owner/User Discovery,1
intrusion-set--174279b4-399f-4ddb-966e-5efedd1dd5f2,Volt Typhoon,attack-pattern--1c4e5d32-1fe9-4116-9d9d-59e3925bd6a2,T1036.005,Match Legitimate Resource Name or Location,1
intrusion-set--174279b4-399f-4ddb-966e-5efedd1dd5f2,Volt Typhoon,attack-pattern--208884f1-7b83-4473-ac22-4e1cf6c41471,T1036.008,Masquerade File Type,1
intrusion-set--174279b4-399f-4ddb-966e-5efedd1dd5f2,Volt Typhoon,attack-pattern--e3a12395-188d-4051-9a16-ea8e14d07b88,T1046,Network Service Discovery,1
intrusion-set--174279b4-399f-4ddb-966e-5efedd1dd5f2,Volt Typhoon,attack-pattern--01a5a209-b94c-450b-b7f9-946497d91055,T1047,Windows Management Instrumentation,1
intrusion-set--174279b4-399f-4ddb-966e-5efedd1dd5f2,Volt Typhoon,attack-pattern--7e150503-88e7-4861-866b-ff1ac82c4475,T1049,System Network Connections Discovery,1
intrusion-set--174279b4-399f-4ddb-966e-5efedd1dd5f2,Volt Typhoon,attack-pattern--09a60ea3-a8d1-4ae5-976e-5783248b72a4,T1056.001,Keylogging,1
intrusion-set--174279b4-399f-4ddb-966e-5efedd1dd5f2,Volt Typhoon,attack-pattern--8f4a33ec-8b1f-4b80-a2f6-642b2e479580,T1057,Process Discovery,1
intrusion-set--174279b4-399f-4ddb-966e-5efedd1dd5f2,Volt Typhoon,attack-pattern--970a3432-3237-47ad-bcca-7d8cbb217736,T1059.001,PowerShell,1
intrusion-set--174279b4-399f-4ddb-966e-5efedd1dd5f2,Volt Typhoon,attack-pattern--d1fcf083-a721-4223-aedf-bf8960798d62,T1059.003,Windows Command Shell,1
intrusion-set--174279b4-399f-4ddb-966e-5efedd1dd5f2,Volt Typhoon,attack-pattern--a9d4b653-6915-42af-98b2-5758c4ceee56,T1059.004,Unix Shell,1
intrusion-set--174279b4-399f-4ddb-966e-5efedd1dd5f2,Volt Typhoon,attack-pattern--b21c3b2d-02e6-45b1-980b-e69051040839,T1068,Exploitation for Privilege Escalation,1
intrusion-set--174279b4-399f-4ddb-966e-5efedd1dd5f2,Volt Typhoon,attack-pattern--15dbf668-795c-41e6-8219-f0447c0e64ce,T1069,Permission Groups Discovery,1
intrusion-set--174279b4-399f-4ddb-966e-5efedd1dd5f2,Volt Typhoon,attack-pattern--a01bf75f-00b2-4568-a58f-565ff9bf202b,T1069.001,Local Groups,1
intrusion-set--174279b4-399f-4ddb-966e-5efedd1dd5f2,Volt Typhoon,attack-pattern--2aed01ad-3df3-4410-a8cb-11ea4ded587c,T1069.002,Domain Groups,1
intrusion-set--174279b4-399f-4ddb-966e-5efedd1dd5f2,Volt Typhoon,attack-pattern--d63a3fb8-9452-4e9d-a60a-54be68d5998c,T1070.004,File Deletion,1
intrusion-set--174279b4-399f-4ddb-966e-5efedd1dd5f2,Volt Typhoon,attack-pattern--3975dbb5-0e1e-4f5b-bae1-cf2ab84b46dc,T1070.007,Clear Network Connection History and Configurations,1
intrusion-set--174279b4-399f-4ddb-966e-5efedd1dd5f2,Volt Typhoon,attack-pattern--7dd95ff6-712e-4056-9626-312ea4ab4c5e,T1074,Data Staged,1
intrusion-set--174279b4-399f-4ddb-966e-5efedd1dd5f2,Volt Typhoon,attack-pattern--1c34f7aa-9341-4a48-bfab-af22e51aca6c,T1074.001,Local Data Staging,1
intrusion-set--174279b4-399f-4ddb-966e-5efedd1dd5f2,Volt Typhoon,attack-pattern--b17a1a56-e99c-403c-8948-561df0cffe81,T1078,Valid Accounts,1
intrusion-set--174279b4-399f-4ddb-966e-5efedd1dd5f2,Volt Typhoon,attack-pattern--c3d4bdd9-2cfe-4a80-9d0c-07a29ecdce8f,T1078.002,Domain Accounts,1
intrusion-set--174279b4-399f-4ddb-966e-5efedd1dd5f2,Volt Typhoon,attack-pattern--7bc57495-ea59-4380-be31-a64af124ef18,T1083,File and Directory Discovery,1
intrusion-set--174279b4-399f-4ddb-966e-5efedd1dd5f2,Volt Typhoon,attack-pattern--25659dd6-ea12-45c4-97e6-381e3e4b593e,T1087.001,Local Account,1
intrusion-set--174279b4-399f-4ddb-966e-5efedd1dd5f2,Volt Typhoon,attack-pattern--21875073-b0ee-49e3-9077-1e2a885359af,T1087.002,Domain Account,1
intrusion-set--174279b4-399f-4ddb-966e-5efedd1dd5f2,Volt Typhoon,attack-pattern--731f4f55-b6d0-41d1-a7a9-072a66389aea,T1090,Proxy,1
intrusion-set--174279b4-399f-4ddb-966e-5efedd1dd5f2,Volt Typhoon,attack-pattern--f6dacc85-b37d-458e-b58d-74fc4bbf5755,T1090.001,Internal Proxy,1
intrusion-set--174279b4-399f-4ddb-966e-5efedd1dd5f2,Volt Typhoon,attack-pattern--a782ebe2-daba-42c7-bc82-e8e9d923162d,T1090.003,Multi-hop Proxy,1
intrusion-set--174279b4-399f-4ddb-966e-5efedd1dd5f2,Volt Typhoon,attack-pattern--e6919abc-99f9-4c6c-95a5-14761e7b2add,T1105,Ingress Tool Transfer,1
intrusion-set--174279b4-399f-4ddb-966e-5efedd1dd5f2,Volt Typhoon,attack-pattern--57340c81-c025-4189-8fa0-fc7ede51bae4,T1112,Modify Registry,1
intrusion-set--174279b4-399f-4ddb-966e-5efedd1dd5f2,Volt Typhoon,attack-pattern--0259baeb-9f63-4c69-bf10-eb038c390688,T1113,Screen Capture,1
intrusion-set--174279b4-399f-4ddb-966e-5efedd1dd5f2,Volt Typhoon,attack-pattern--348f1eef-964b-4eb6-bb53-69b3dcb0c643,T1120,Peripheral Device Discovery,1
intrusion-set--174279b4-399f-4ddb-966e-5efedd1dd5f2,Volt Typhoon,attack-pattern--f3c544dc-673c-4ef3-accb-53229f1ae077,T1124,System Time Discovery,1
intrusion-set--174279b4-399f-4ddb-966e-5efedd1dd5f2,Volt Typhoon,attack-pattern--10d51417-ee35-4589-b1ff-b6df1c334e8d,T1133,External Remote Services,1
intrusion-set--174279b4-399f-4ddb-966e-5efedd1dd5f2,Volt Typhoon,attack-pattern--3ccef7ae-cb5e-48f6-8302-897105fbf55c,T1140,Deobfuscate/Decode Files or Information,1
intrusion-set--174279b4-399f-4ddb-966e-5efedd1dd5f2,Volt Typhoon,attack-pattern--3f886f2a-874f-4333-b794-aa6075009b1c,T1190,Exploit Public-Facing Application,1
intrusion-set--174279b4-399f-4ddb-966e-5efedd1dd5f2,Volt Typhoon,attack-pattern--5e4a2073-9643-44cb-a0b5-e7f4048446c7,T1217,Browser Information Discovery,1
intrusion-set--174279b4-399f-4ddb-966e-5efedd1dd5f2,Volt Typhoon,attack-pattern--457c7820-d331-465a-915e-42f85500ccc4,T1218,System Binary Proxy Execution,1
intrusion-set--174279b4-399f-4ddb-966e-5efedd1dd5f2,Volt Typhoon,attack-pattern--29be378d-262d-4e99-b00d-852d573628e6,T1497.001,System Checks,1
intrusion-set--174279b4-399f-4ddb-966e-5efedd1dd5f2,Volt Typhoon,attack-pattern--5d0d3609-d06d-49e1-b9c9-b544e0c618cb,T1505.003,Web Shell,1
intrusion-set--174279b4-399f-4ddb-966e-5efedd1dd5f2,Volt Typhoon,attack-pattern--e3b6daca-e963-4a69-aee6-ed4fd653ad58,T1518,Software Discovery,1
intrusion-set--174279b4-399f-4ddb-966e-5efedd1dd5f2,Volt Typhoon,attack-pattern--435dfb86-2697-4867-85b5-2fef496c0517,T1552,Unsecured Credentials,1
intrusion-set--174279b4-399f-4ddb-966e-5efedd1dd5f2,Volt Typhoon,attack-pattern--60b508a1-6a5e-46b1-821a-9f7b78752abf,T1552.004,Private Keys,1
intrusion-set--174279b4-399f-4ddb-966e-5efedd1dd5f2,Volt Typhoon,attack-pattern--3fc9b85a-2862-4363-a64d-d692e3ffbee0,T1555,Credentials from Password Stores,1
intrusion-set--174279b4-399f-4ddb-966e-5efedd1dd5f2,Volt Typhoon,attack-pattern--58a3e6aa-4453-4cc8-a51f-4befe80b31a8,T1555.003,Credentials from Web Browsers,1
intrusion-set--174279b4-399f-4ddb-966e-5efedd1dd5f2,Volt Typhoon,attack-pattern--00f90846-cbd1-4fc5-9233-df5c2bf2a662,T1560.001,Archive via Utility,1
intrusion-set--174279b4-399f-4ddb-966e-5efedd1dd5f2,Volt Typhoon,attack-pattern--bf90d72c-c00b-45e3-b3aa-68560560d4c5,T1570,Lateral Tool Transfer,1
intrusion-set--174279b4-399f-4ddb-966e-5efedd1dd5f2,Volt Typhoon,attack-pattern--24bfaeba-cb0d-4525-b3dc-507c77ecec41,T1573.001,Symmetric Cryptography,1
intrusion-set--174279b4-399f-4ddb-966e-5efedd1dd5f2,Volt Typhoon,attack-pattern--39cc9f64-cf74-4a48-a4d8-fe98c54a02e0,T1584.003,Virtual Private Server,1
intrusion-set--174279b4-399f-4ddb-966e-5efedd1dd5f2,Volt Typhoon,attack-pattern--e196b5c5-8118-4a1c-ab8a-936586ce3db5,T1584.004,Server,1
intrusion-set--174279b4-399f-4ddb-966e-5efedd1dd5f2,Volt Typhoon,attack-pattern--810d8072-afb6-4a56-9ee7-86379ac4a6f3,T1584.005,Botnet,1
intrusion-set--174279b4-399f-4ddb-966e-5efedd1dd5f2,Volt Typhoon,attack-pattern--149b477f-f364-4824-b1b5-aa1d56115869,T1584.008,Network Devices,1
intrusion-set--174279b4-399f-4ddb-966e-5efedd1dd5f2,Volt Typhoon,attack-pattern--bbc3cba7-84ae-410d-b18b-16750731dfa2,T1587.004,Exploits,1
intrusion-set--174279b4-399f-4ddb-966e-5efedd1dd5f2,Volt Typhoon,attack-pattern--a2fdce72-04b2-409a-ac10-cc1695f4fce0,T1588.002,Tool,1
intrusion-set--174279b4-399f-4ddb-966e-5efedd1dd5f2,Volt Typhoon,attack-pattern--2b5aa86b-a0df-4382-848d-30abea443327,T1588.006,Vulnerabilities,1
intrusion-set--174279b4-399f-4ddb-966e-5efedd1dd5f2,Volt Typhoon,attack-pattern--5282dd9a-d26d-4e16-88b7-7c0f4553daf4,T1589,Gather Victim Identity Information,1
intrusion-set--174279b4-399f-4ddb-966e-5efedd1dd5f2,Volt Typhoon,attack-pattern--69f897fd-12a9-4c89-ad6a-46d2f3c38262,T1589.002,Email Addresses,1
intrusion-set--174279b4-399f-4ddb-966e-5efedd1dd5f2,Volt Typhoon,attack-pattern--9d48cab2-7929-4812-ad22-f536665f0109,T1590,Gather Victim Network Information,1
intrusion-set--174279b4-399f-4ddb-966e-5efedd1dd5f2,Volt Typhoon,attack-pattern--34ab90a3-05f6-4259-8f21-621081fdaba5,T1590.004,Network Topology,1
intrusion-set--174279b4-399f-4ddb-966e-5efedd1dd5f2,Volt Typhoon,attack-pattern--6c2957f9-502a-478c-b1dd-d626c0659413,T1590.006,Network Security Appliances,1
intrusion-set--174279b4-399f-4ddb-966e-5efedd1dd5f2,Volt Typhoon,attack-pattern--937e4772-8441-4e4a-8bf0-8d447d667e23,T1591,Gather Victim Org Information,1
intrusion-set--174279b4-399f-4ddb-966e-5efedd1dd5f2,Volt Typhoon,attack-pattern--cc723aff-ec88-40e3-a224-5af9fd983cc4,T1591.004,Identify Roles,1
intrusion-set--174279b4-399f-4ddb-966e-5efedd1dd5f2,Volt Typhoon,attack-pattern--09312b1a-c3c6-4b45-9844-3ccc78e5d82f,T1592,Gather Victim Host Information,1
intrusion-set--174279b4-399f-4ddb-966e-5efedd1dd5f2,Volt Typhoon,attack-pattern--a0e6614a-7740-4b24-bd65-f1bde09fc365,T1593,Search Open Websites/Domains,1
intrusion-set--174279b4-399f-4ddb-966e-5efedd1dd5f2,Volt Typhoon,attack-pattern--16cdd21f-da65-4e4f-bc04-dd7d198c7b26,T1594,Search Victim-Owned Websites,1
intrusion-set--174279b4-399f-4ddb-966e-5efedd1dd5f2,Volt Typhoon,attack-pattern--ec4be82f-940c-4dcb-87fe-2bbdd17c692f,T1596.005,Scan Databases,1
intrusion-set--174279b4-399f-4ddb-966e-5efedd1dd5f2,Volt Typhoon,attack-pattern--c877e33f-1df6-40d6-b1e7-ce70f16f4979,T1614,System Location Discovery,1
intrusion-set--174279b4-399f-4ddb-966e-5efedd1dd5f2,Volt Typhoon,attack-pattern--866d0d6d-02c6-42bd-aa2f-02907fdc0969,T1654,Log Enumeration,1
intrusion-set--174279b4-399f-4ddb-966e-5efedd1dd5f2,Volt Typhoon,attack-pattern--f2514ae4-4e9b-4f26-a5ba-c4ae85fe93c3,T1680,Local Storage Discovery,1
intrusion-set--174279b4-399f-4ddb-966e-5efedd1dd5f2,Volt Typhoon,attack-pattern--75b9a4d2-d4e2-4ca1-9aab-1badd9e05fd0,T1685.005,Clear Windows Event Logs,1
intrusion-set--f8cb7b36-62ef-4488-8a6d-a7033e3271c1,WIRTE,attack-pattern--d511a6f6-4a33-41d5-bc95-c343875d1377,T1027.010,Command Obfuscation,1
intrusion-set--f8cb7b36-62ef-4488-8a6d-a7033e3271c1,WIRTE,attack-pattern--fbd91bfc-75c2-4f0c-8116-3b4e722906b3,T1027.015,Compression,1
intrusion-set--f8cb7b36-62ef-4488-8a6d-a7033e3271c1,WIRTE,attack-pattern--1c4e5d32-1fe9-4116-9d9d-59e3925bd6a2,T1036.005,Match Legitimate Resource Name or Location,1
intrusion-set--f8cb7b36-62ef-4488-8a6d-a7033e3271c1,WIRTE,attack-pattern--92d7da27-2d91-488e-a00c-059dc162766d,T1041,Exfiltration Over C2 Channel,1
intrusion-set--f8cb7b36-62ef-4488-8a6d-a7033e3271c1,WIRTE,attack-pattern--970a3432-3237-47ad-bcca-7d8cbb217736,T1059.001,PowerShell,1
intrusion-set--f8cb7b36-62ef-4488-8a6d-a7033e3271c1,WIRTE,attack-pattern--d1fcf083-a721-4223-aedf-bf8960798d62,T1059.003,Windows Command Shell,1
intrusion-set--f8cb7b36-62ef-4488-8a6d-a7033e3271c1,WIRTE,attack-pattern--dfd7cc1d-e1d8-4394-a198-97c4cab8aa67,T1059.005,Visual Basic,1
intrusion-set--f8cb7b36-62ef-4488-8a6d-a7033e3271c1,WIRTE,attack-pattern--df8b2a25-8bdf-4856-953c-a04372b1c161,T1071.001,Web Protocols,1
intrusion-set--f8cb7b36-62ef-4488-8a6d-a7033e3271c1,WIRTE,attack-pattern--1c34f7aa-9341-4a48-bfab-af22e51aca6c,T1074.001,Local Data Staging,1
intrusion-set--f8cb7b36-62ef-4488-8a6d-a7033e3271c1,WIRTE,attack-pattern--e6919abc-99f9-4c6c-95a5-14761e7b2add,T1105,Ingress Tool Transfer,1
intrusion-set--f8cb7b36-62ef-4488-8a6d-a7033e3271c1,WIRTE,attack-pattern--391d824f-0ef1-47a0-b0ee-c59a75e27670,T1106,Native API,1
intrusion-set--f8cb7b36-62ef-4488-8a6d-a7033e3271c1,WIRTE,attack-pattern--1e9eb839-294b-48cc-b0d3-c45555a2a004,T1114.001,Local Email Collection,1
intrusion-set--f8cb7b36-62ef-4488-8a6d-a7033e3271c1,WIRTE,attack-pattern--3ccef7ae-cb5e-48f6-8302-897105fbf55c,T1140,Deobfuscate/Decode Files or Information,1
intrusion-set--f8cb7b36-62ef-4488-8a6d-a7033e3271c1,WIRTE,attack-pattern--ef67e13e-5598-4adc-bdb2-998225874fa9,T1204.001,Malicious Link,1
intrusion-set--f8cb7b36-62ef-4488-8a6d-a7033e3271c1,WIRTE,attack-pattern--232b7f21-adf9-4b42-b936-b9d6f7df856e,T1204.002,Malicious File,1
intrusion-set--f8cb7b36-62ef-4488-8a6d-a7033e3271c1,WIRTE,attack-pattern--b97f1d35-4249-4486-a6b5-ee60ccf24fab,T1218.010,Regsvr32,1
intrusion-set--f8cb7b36-62ef-4488-8a6d-a7033e3271c1,WIRTE,attack-pattern--29be378d-262d-4e99-b00d-852d573628e6,T1497.001,System Checks,1
intrusion-set--f8cb7b36-62ef-4488-8a6d-a7033e3271c1,WIRTE,attack-pattern--2e34237d-8574-43f6-aace-ae2915de8597,T1566.001,Spearphishing Attachment,1
intrusion-set--f8cb7b36-62ef-4488-8a6d-a7033e3271c1,WIRTE,attack-pattern--2b742742-28c3-4e1b-bab7-8350d6300fa7,T1566.002,Spearphishing Link,1
intrusion-set--f8cb7b36-62ef-4488-8a6d-a7033e3271c1,WIRTE,attack-pattern--b18eae87-b469-4e14-b454-b171b416bc18,T1571,Non-Standard Port,1
intrusion-set--f8cb7b36-62ef-4488-8a6d-a7033e3271c1,WIRTE,attack-pattern--2fee9321-3e71-4cf4-af24-d4d40d355b34,T1574.001,DLL,1
intrusion-set--f8cb7b36-62ef-4488-8a6d-a7033e3271c1,WIRTE,attack-pattern--40f5caa0-4cb7-4117-89fc-d421bb493df3,T1583.001,Domains,1
intrusion-set--f8cb7b36-62ef-4488-8a6d-a7033e3271c1,WIRTE,attack-pattern--3dc8c101-d4db-4f4d-8150-1b5a76ca5f1b,T1586.002,Email Accounts,1
intrusion-set--f8cb7b36-62ef-4488-8a6d-a7033e3271c1,WIRTE,attack-pattern--a2fdce72-04b2-409a-ac10-cc1695f4fce0,T1588.002,Tool,1
intrusion-set--f8cb7b36-62ef-4488-8a6d-a7033e3271c1,WIRTE,attack-pattern--3ee16395-03f0-4690-a32e-69ce9ada0f9e,T1608.001,Upload Malware,1
intrusion-set--f8cb7b36-62ef-4488-8a6d-a7033e3271c1,WIRTE,attack-pattern--cd92d2b8-ce43-4666-9472-f1b4b9f4f8be,T1684.001,Impersonation,1
intrusion-set--be8847e0-9512-45db-895e-f871ab6d3820,Water Galura,attack-pattern--b80d107d-fa0d-4b60-9684-b0433e8bdba0,T1486,Data Encrypted for Impact,1
intrusion-set--be8847e0-9512-45db-895e-f871ab6d3820,Water Galura,attack-pattern--b1ccd744-3f78-4a0e-9bb2-2002057f7928,T1585.001,Social Media Accounts,1
intrusion-set--be8847e0-9512-45db-895e-f871ab6d3820,Water Galura,attack-pattern--851e071f-208d-4c79-adc6-5974c85c78f3,T1657,Financial Theft,1
intrusion-set--b74f909f-8e52-4b69-b770-162bf59a1b4e,Whitefly,attack-pattern--65f2d882-3f41-4d48-8a06-29af77ec9f90,T1003.001,LSASS Memory,1
intrusion-set--b74f909f-8e52-4b69-b770-162bf59a1b4e,Whitefly,attack-pattern--0d91b3c0-5e50-47c3-949a-2a796f04d144,T1027.013,Encrypted/Encoded File,1
intrusion-set--b74f909f-8e52-4b69-b770-162bf59a1b4e,Whitefly,attack-pattern--1c4e5d32-1fe9-4116-9d9d-59e3925bd6a2,T1036.005,Match Legitimate Resource Name or Location,1
intrusion-set--b74f909f-8e52-4b69-b770-162bf59a1b4e,Whitefly,attack-pattern--7385dfaf-6886-4229-9ecd-6fd678040830,T1059,Command and Scripting Interpreter,1
intrusion-set--b74f909f-8e52-4b69-b770-162bf59a1b4e,Whitefly,attack-pattern--b21c3b2d-02e6-45b1-980b-e69051040839,T1068,Exploitation for Privilege Escalation,1
intrusion-set--b74f909f-8e52-4b69-b770-162bf59a1b4e,Whitefly,attack-pattern--e6919abc-99f9-4c6c-95a5-14761e7b2add,T1105,Ingress Tool Transfer,1
intrusion-set--b74f909f-8e52-4b69-b770-162bf59a1b4e,Whitefly,attack-pattern--232b7f21-adf9-4b42-b936-b9d6f7df856e,T1204.002,Malicious File,1
intrusion-set--b74f909f-8e52-4b69-b770-162bf59a1b4e,Whitefly,attack-pattern--2fee9321-3e71-4cf4-af24-d4d40d355b34,T1574.001,DLL,1
intrusion-set--b74f909f-8e52-4b69-b770-162bf59a1b4e,Whitefly,attack-pattern--a2fdce72-04b2-409a-ac10-cc1695f4fce0,T1588.002,Tool,1
intrusion-set--4e868dad-682d-4897-b8df-2dc98f46c68a,Windigo,attack-pattern--3c4a2599-71ee-4405-ba1e-0e28414b4bc5,T1005,Data from Local System,1
intrusion-set--4e868dad-682d-4897-b8df-2dc98f46c68a,Windigo,attack-pattern--7385dfaf-6886-4229-9ecd-6fd678040830,T1059,Command and Scripting Interpreter,1
intrusion-set--4e868dad-682d-4897-b8df-2dc98f46c68a,Windigo,attack-pattern--354a7f88-63fb-41b5-a801-ce3b377b36f1,T1082,System Information Discovery,1
intrusion-set--4e868dad-682d-4897-b8df-2dc98f46c68a,Windigo,attack-pattern--7bc57495-ea59-4380-be31-a64af124ef18,T1083,File and Directory Discovery,1
intrusion-set--4e868dad-682d-4897-b8df-2dc98f46c68a,Windigo,attack-pattern--731f4f55-b6d0-41d1-a7a9-072a66389aea,T1090,Proxy,1
intrusion-set--4e868dad-682d-4897-b8df-2dc98f46c68a,Windigo,attack-pattern--d742a578-d70e-4d0e-96a6-02a9c30204e6,T1189,Drive-by Compromise,1
intrusion-set--4e868dad-682d-4897-b8df-2dc98f46c68a,Windigo,attack-pattern--e3b6daca-e963-4a69-aee6-ed4fd653ad58,T1518,Software Discovery,1
intrusion-set--afec6dc3-a18e-4b62-b1a4-5510e1a498d1,Windshift,attack-pattern--b3d682b6-98f2-4fb0-aa3b-b4df007ca70a,T1027,Obfuscated Files or Information,1
intrusion-set--afec6dc3-a18e-4b62-b1a4-5510e1a498d1,Windshift,attack-pattern--03d7999c-1f4c-42cc-8373-e7690d318104,T1033,System Owner/User Discovery,1
intrusion-set--afec6dc3-a18e-4b62-b1a4-5510e1a498d1,Windshift,attack-pattern--42e8de7b-37b2-4258-905a-6897815e58e0,T1036,Masquerading,1
intrusion-set--afec6dc3-a18e-4b62-b1a4-5510e1a498d1,Windshift,attack-pattern--b4b7458f-81f2-4d38-84be-1c5ba0167a52,T1036.001,Invalid Code Signature,1
intrusion-set--afec6dc3-a18e-4b62-b1a4-5510e1a498d1,Windshift,attack-pattern--01a5a209-b94c-450b-b7f9-946497d91055,T1047,Windows Management Instrumentation,1
intrusion-set--afec6dc3-a18e-4b62-b1a4-5510e1a498d1,Windshift,attack-pattern--8f4a33ec-8b1f-4b80-a2f6-642b2e479580,T1057,Process Discovery,1
intrusion-set--afec6dc3-a18e-4b62-b1a4-5510e1a498d1,Windshift,attack-pattern--dfd7cc1d-e1d8-4394-a198-97c4cab8aa67,T1059.005,Visual Basic,1
intrusion-set--afec6dc3-a18e-4b62-b1a4-5510e1a498d1,Windshift,attack-pattern--df8b2a25-8bdf-4856-953c-a04372b1c161,T1071.001,Web Protocols,1
intrusion-set--afec6dc3-a18e-4b62-b1a4-5510e1a498d1,Windshift,attack-pattern--354a7f88-63fb-41b5-a801-ce3b377b36f1,T1082,System Information Discovery,1
intrusion-set--afec6dc3-a18e-4b62-b1a4-5510e1a498d1,Windshift,attack-pattern--e6919abc-99f9-4c6c-95a5-14761e7b2add,T1105,Ingress Tool Transfer,1
intrusion-set--afec6dc3-a18e-4b62-b1a4-5510e1a498d1,Windshift,attack-pattern--d742a578-d70e-4d0e-96a6-02a9c30204e6,T1189,Drive-by Compromise,1
intrusion-set--afec6dc3-a18e-4b62-b1a4-5510e1a498d1,Windshift,attack-pattern--ef67e13e-5598-4adc-bdb2-998225874fa9,T1204.001,Malicious Link,1
intrusion-set--afec6dc3-a18e-4b62-b1a4-5510e1a498d1,Windshift,attack-pattern--232b7f21-adf9-4b42-b936-b9d6f7df856e,T1204.002,Malicious File,1
intrusion-set--afec6dc3-a18e-4b62-b1a4-5510e1a498d1,Windshift,attack-pattern--e3b6daca-e963-4a69-aee6-ed4fd653ad58,T1518,Software Discovery,1
intrusion-set--afec6dc3-a18e-4b62-b1a4-5510e1a498d1,Windshift,attack-pattern--cba37adb-d6fb-4610-b069-dd04c0643384,T1518.001,Security Software Discovery,1
intrusion-set--afec6dc3-a18e-4b62-b1a4-5510e1a498d1,Windshift,attack-pattern--9efb1ea7-c37b-4595-9640-b7680cd84279,T1547.001,Registry Run Keys / Startup Folder,1
intrusion-set--afec6dc3-a18e-4b62-b1a4-5510e1a498d1,Windshift,attack-pattern--2e34237d-8574-43f6-aace-ae2915de8597,T1566.001,Spearphishing Attachment,1
intrusion-set--afec6dc3-a18e-4b62-b1a4-5510e1a498d1,Windshift,attack-pattern--2b742742-28c3-4e1b-bab7-8350d6300fa7,T1566.002,Spearphishing Link,1
intrusion-set--afec6dc3-a18e-4b62-b1a4-5510e1a498d1,Windshift,attack-pattern--f6ad61ee-65f3-4bd0-a3f5-2f0accb36317,T1566.003,Spearphishing via Service,1
intrusion-set--c5947e1c-1cbc-434c-94b8-27c7e3be0fff,Winnti Group,attack-pattern--0f20e3cb-245b-4a61-8a91-2d93f7cb0e9b,T1014,Rootkit,1
intrusion-set--c5947e1c-1cbc-434c-94b8-27c7e3be0fff,Winnti Group,attack-pattern--8f4a33ec-8b1f-4b80-a2f6-642b2e479580,T1057,Process Discovery,1
intrusion-set--c5947e1c-1cbc-434c-94b8-27c7e3be0fff,Winnti Group,attack-pattern--7bc57495-ea59-4380-be31-a64af124ef18,T1083,File and Directory Discovery,1
intrusion-set--c5947e1c-1cbc-434c-94b8-27c7e3be0fff,Winnti Group,attack-pattern--e6919abc-99f9-4c6c-95a5-14761e7b2add,T1105,Ingress Tool Transfer,1
intrusion-set--c5947e1c-1cbc-434c-94b8-27c7e3be0fff,Winnti Group,attack-pattern--32901740-b42c-4fdd-bc02-345b5dc57082,T1553.002,Code Signing,1
intrusion-set--c5947e1c-1cbc-434c-94b8-27c7e3be0fff,Winnti Group,attack-pattern--40f5caa0-4cb7-4117-89fc-d421bb493df3,T1583.001,Domains,1
intrusion-set--75a07184-a7e5-4222-95a1-a04dbc96a29c,Winter Vivern,attack-pattern--774a3188-6ba9-4dc4-879d-d54ee48a5ce9,T1020,Automated Exfiltration,1
intrusion-set--75a07184-a7e5-4222-95a1-a04dbc96a29c,Winter Vivern,attack-pattern--03d7999c-1f4c-42cc-8373-e7690d318104,T1033,System Owner/User Discovery,1
intrusion-set--75a07184-a7e5-4222-95a1-a04dbc96a29c,Winter Vivern,attack-pattern--42e8de7b-37b2-4258-905a-6897815e58e0,T1036,Masquerading,1
intrusion-set--75a07184-a7e5-4222-95a1-a04dbc96a29c,Winter Vivern,attack-pattern--7bdca9d5-d500-4d7d-8c52-5fd47baf4c0c,T1036.004,Masquerade Task or Service,1
intrusion-set--75a07184-a7e5-4222-95a1-a04dbc96a29c,Winter Vivern,attack-pattern--92d7da27-2d91-488e-a00c-059dc162766d,T1041,Exfiltration Over C2 Channel,1
intrusion-set--75a07184-a7e5-4222-95a1-a04dbc96a29c,Winter Vivern,attack-pattern--005a06c6-14bf-4118-afa0-ebcd8aebb0c9,T1053.005,Scheduled Task,1
intrusion-set--75a07184-a7e5-4222-95a1-a04dbc96a29c,Winter Vivern,attack-pattern--69e5226d-05dc-4f15-95d7-44f5ed78d06e,T1056.003,Web Portal Capture,1
intrusion-set--75a07184-a7e5-4222-95a1-a04dbc96a29c,Winter Vivern,attack-pattern--7385dfaf-6886-4229-9ecd-6fd678040830,T1059,Command and Scripting Interpreter,1
intrusion-set--75a07184-a7e5-4222-95a1-a04dbc96a29c,Winter Vivern,attack-pattern--970a3432-3237-47ad-bcca-7d8cbb217736,T1059.001,PowerShell,1
intrusion-set--75a07184-a7e5-4222-95a1-a04dbc96a29c,Winter Vivern,attack-pattern--d1fcf083-a721-4223-aedf-bf8960798d62,T1059.003,Windows Command Shell,1
intrusion-set--75a07184-a7e5-4222-95a1-a04dbc96a29c,Winter Vivern,attack-pattern--0f4a0c76-ab2d-4cb0-85d3-3f0efb8cba0d,T1059.007,JavaScript,1
intrusion-set--75a07184-a7e5-4222-95a1-a04dbc96a29c,Winter Vivern,attack-pattern--df8b2a25-8bdf-4856-953c-a04372b1c161,T1071.001,Web Protocols,1
intrusion-set--75a07184-a7e5-4222-95a1-a04dbc96a29c,Winter Vivern,attack-pattern--354a7f88-63fb-41b5-a801-ce3b377b36f1,T1082,System Information Discovery,1
intrusion-set--75a07184-a7e5-4222-95a1-a04dbc96a29c,Winter Vivern,attack-pattern--7bc57495-ea59-4380-be31-a64af124ef18,T1083,File and Directory Discovery,1
intrusion-set--75a07184-a7e5-4222-95a1-a04dbc96a29c,Winter Vivern,attack-pattern--e6919abc-99f9-4c6c-95a5-14761e7b2add,T1105,Ingress Tool Transfer,1
intrusion-set--75a07184-a7e5-4222-95a1-a04dbc96a29c,Winter Vivern,attack-pattern--0259baeb-9f63-4c69-bf10-eb038c390688,T1113,Screen Capture,1
intrusion-set--75a07184-a7e5-4222-95a1-a04dbc96a29c,Winter Vivern,attack-pattern--1e9eb839-294b-48cc-b0d3-c45555a2a004,T1114.001,Local Email Collection,1
intrusion-set--75a07184-a7e5-4222-95a1-a04dbc96a29c,Winter Vivern,attack-pattern--30208d3e-0d6b-43c8-883e-44462a514619,T1119,Automated Collection,1
intrusion-set--75a07184-a7e5-4222-95a1-a04dbc96a29c,Winter Vivern,attack-pattern--3ccef7ae-cb5e-48f6-8302-897105fbf55c,T1140,Deobfuscate/Decode Files or Information,1
intrusion-set--75a07184-a7e5-4222-95a1-a04dbc96a29c,Winter Vivern,attack-pattern--d742a578-d70e-4d0e-96a6-02a9c30204e6,T1189,Drive-by Compromise,1
intrusion-set--75a07184-a7e5-4222-95a1-a04dbc96a29c,Winter Vivern,attack-pattern--3f886f2a-874f-4333-b794-aa6075009b1c,T1190,Exploit Public-Facing Application,1
intrusion-set--75a07184-a7e5-4222-95a1-a04dbc96a29c,Winter Vivern,attack-pattern--ef67e13e-5598-4adc-bdb2-998225874fa9,T1204.001,Malicious Link,1
intrusion-set--75a07184-a7e5-4222-95a1-a04dbc96a29c,Winter Vivern,attack-pattern--2e34237d-8574-43f6-aace-ae2915de8597,T1566.001,Spearphishing Attachment,1
intrusion-set--75a07184-a7e5-4222-95a1-a04dbc96a29c,Winter Vivern,attack-pattern--40f5caa0-4cb7-4117-89fc-d421bb493df3,T1583.001,Domains,1
intrusion-set--75a07184-a7e5-4222-95a1-a04dbc96a29c,Winter Vivern,attack-pattern--79da0971-3147-4af6-a4f5-e8cd447cd795,T1583.003,Virtual Private Server,1
intrusion-set--75a07184-a7e5-4222-95a1-a04dbc96a29c,Winter Vivern,attack-pattern--ae797531-3219-49a4-bccf-324ad7a4c7b2,T1584.006,Web Services,1
intrusion-set--75a07184-a7e5-4222-95a1-a04dbc96a29c,Winter Vivern,attack-pattern--5502c4e9-24ef-4d5f-8ee9-9e906c2f82c4,T1595.002,Vulnerability Scanning,1
intrusion-set--dd2d9ca6-505b-4860-a604-233685b802c7,Wizard Spider,attack-pattern--65f2d882-3f41-4d48-8a06-29af77ec9f90,T1003.001,LSASS Memory,1
intrusion-set--dd2d9ca6-505b-4860-a604-233685b802c7,Wizard Spider,attack-pattern--1644e709-12d2-41e5-a60f-3470991f5011,T1003.002,Security Account Manager,1
intrusion-set--dd2d9ca6-505b-4860-a604-233685b802c7,Wizard Spider,attack-pattern--edf91964-b26e-4b4a-9600-ccacd7d7df24,T1003.003,NTDS,1
intrusion-set--dd2d9ca6-505b-4860-a604-233685b802c7,Wizard Spider,attack-pattern--3c4a2599-71ee-4405-ba1e-0e28414b4bc5,T1005,Data from Local System,1
intrusion-set--dd2d9ca6-505b-4860-a604-233685b802c7,Wizard Spider,attack-pattern--707399d6-ab3e-4963-9315-d9d3818cd6a0,T1016,System Network Configuration Discovery,1
intrusion-set--dd2d9ca6-505b-4860-a604-233685b802c7,Wizard Spider,attack-pattern--e358d692-23c0-4a31-9eb6-ecc13a8d7735,T1018,Remote System Discovery,1
intrusion-set--dd2d9ca6-505b-4860-a604-233685b802c7,Wizard Spider,attack-pattern--54a649ff-439a-41a4-9856-8d144a2551ba,T1021,Remote Services,1
intrusion-set--dd2d9ca6-505b-4860-a604-233685b802c7,Wizard Spider,attack-pattern--eb062747-2193-45de-8fa2-e62549c37ddf,T1021.001,Remote Desktop Protocol,1
intrusion-set--dd2d9ca6-505b-4860-a604-233685b802c7,Wizard Spider,attack-pattern--4f9ca633-15c5-463c-9724-bdcd54fde541,T1021.002,SMB/Windows Admin Shares,1
intrusion-set--dd2d9ca6-505b-4860-a604-233685b802c7,Wizard Spider,attack-pattern--60d0c01d-e2bf-49dd-a453-f8a9c9fa6f65,T1021.006,Windows Remote Management,1
intrusion-set--dd2d9ca6-505b-4860-a604-233685b802c7,Wizard Spider,attack-pattern--d511a6f6-4a33-41d5-bc95-c343875d1377,T1027.010,Command Obfuscation,1
intrusion-set--dd2d9ca6-505b-4860-a604-233685b802c7,Wizard Spider,attack-pattern--03d7999c-1f4c-42cc-8373-e7690d318104,T1033,System Owner/User Discovery,1
intrusion-set--dd2d9ca6-505b-4860-a604-233685b802c7,Wizard Spider,attack-pattern--7bdca9d5-d500-4d7d-8c52-5fd47baf4c0c,T1036.004,Masquerade Task or Service,1
intrusion-set--dd2d9ca6-505b-4860-a604-233685b802c7,Wizard Spider,attack-pattern--92d7da27-2d91-488e-a00c-059dc162766d,T1041,Exfiltration Over C2 Channel,1
intrusion-set--dd2d9ca6-505b-4860-a604-233685b802c7,Wizard Spider,attack-pattern--01a5a209-b94c-450b-b7f9-946497d91055,T1047,Windows Management Instrumentation,1
intrusion-set--dd2d9ca6-505b-4860-a604-233685b802c7,Wizard Spider,attack-pattern--fb8d023d-45be-47e9-bc51-f56bcae6435b,T1048.003,Exfiltration Over Unencrypted Non-C2 Protocol,1
intrusion-set--dd2d9ca6-505b-4860-a604-233685b802c7,Wizard Spider,attack-pattern--005a06c6-14bf-4118-afa0-ebcd8aebb0c9,T1053.005,Scheduled Task,1
intrusion-set--dd2d9ca6-505b-4860-a604-233685b802c7,Wizard Spider,attack-pattern--43e7dc91-05b2-474c-b9ac-2ed4fe101f4d,T1055,Process Injection,1
intrusion-set--dd2d9ca6-505b-4860-a604-233685b802c7,Wizard Spider,attack-pattern--f4599aa0-4f85-4a32-80ea-fc39dc965945,T1055.001,Dynamic-link Library Injection,1
intrusion-set--dd2d9ca6-505b-4860-a604-233685b802c7,Wizard Spider,attack-pattern--970a3432-3237-47ad-bcca-7d8cbb217736,T1059.001,PowerShell,1
intrusion-set--dd2d9ca6-505b-4860-a604-233685b802c7,Wizard Spider,attack-pattern--d1fcf083-a721-4223-aedf-bf8960798d62,T1059.003,Windows Command Shell,1
intrusion-set--dd2d9ca6-505b-4860-a604-233685b802c7,Wizard Spider,attack-pattern--d63a3fb8-9452-4e9d-a60a-54be68d5998c,T1070.004,File Deletion,1
intrusion-set--dd2d9ca6-505b-4860-a604-233685b802c7,Wizard Spider,attack-pattern--df8b2a25-8bdf-4856-953c-a04372b1c161,T1071.001,Web Protocols,1
intrusion-set--dd2d9ca6-505b-4860-a604-233685b802c7,Wizard Spider,attack-pattern--7dd95ff6-712e-4056-9626-312ea4ab4c5e,T1074,Data Staged,1
intrusion-set--dd2d9ca6-505b-4860-a604-233685b802c7,Wizard Spider,attack-pattern--1c34f7aa-9341-4a48-bfab-af22e51aca6c,T1074.001,Local Data Staging,1
intrusion-set--dd2d9ca6-505b-4860-a604-233685b802c7,Wizard Spider,attack-pattern--b17a1a56-e99c-403c-8948-561df0cffe81,T1078,Valid Accounts,1
intrusion-set--dd2d9ca6-505b-4860-a604-233685b802c7,Wizard Spider,attack-pattern--c3d4bdd9-2cfe-4a80-9d0c-07a29ecdce8f,T1078.002,Domain Accounts,1
intrusion-set--dd2d9ca6-505b-4860-a604-233685b802c7,Wizard Spider,attack-pattern--354a7f88-63fb-41b5-a801-ce3b377b36f1,T1082,System Information Discovery,1
intrusion-set--dd2d9ca6-505b-4860-a604-233685b802c7,Wizard Spider,attack-pattern--21875073-b0ee-49e3-9077-1e2a885359af,T1087.002,Domain Account,1
intrusion-set--dd2d9ca6-505b-4860-a604-233685b802c7,Wizard Spider,attack-pattern--e6919abc-99f9-4c6c-95a5-14761e7b2add,T1105,Ingress Tool Transfer,1
intrusion-set--dd2d9ca6-505b-4860-a604-233685b802c7,Wizard Spider,attack-pattern--57340c81-c025-4189-8fa0-fc7ede51bae4,T1112,Modify Registry,1
intrusion-set--dd2d9ca6-505b-4860-a604-233685b802c7,Wizard Spider,attack-pattern--10d51417-ee35-4589-b1ff-b6df1c334e8d,T1133,External Remote Services,1
intrusion-set--dd2d9ca6-505b-4860-a604-233685b802c7,Wizard Spider,attack-pattern--3489cfc5-640f-4bb3-a103-9137b97de79f,T1135,Network Share Discovery,1
intrusion-set--dd2d9ca6-505b-4860-a604-233685b802c7,Wizard Spider,attack-pattern--635cbe30-392d-4e27-978e-66774357c762,T1136.001,Local Account,1
intrusion-set--dd2d9ca6-505b-4860-a604-233685b802c7,Wizard Spider,attack-pattern--7610cada-1499-41a4-b3dd-46467b68d177,T1136.002,Domain Account,1
intrusion-set--dd2d9ca6-505b-4860-a604-233685b802c7,Wizard Spider,attack-pattern--c8e87b83-edbb-48d4-9295-4974897525b7,T1197,BITS Jobs,1
intrusion-set--dd2d9ca6-505b-4860-a604-233685b802c7,Wizard Spider,attack-pattern--ef67e13e-5598-4adc-bdb2-998225874fa9,T1204.001,Malicious Link,1
intrusion-set--dd2d9ca6-505b-4860-a604-233685b802c7,Wizard Spider,attack-pattern--232b7f21-adf9-4b42-b936-b9d6f7df856e,T1204.002,Malicious File,1
intrusion-set--dd2d9ca6-505b-4860-a604-233685b802c7,Wizard Spider,attack-pattern--9db0cf3a-a3c9-4012-8268-123b9db6fd82,T1210,Exploitation of Remote Services,1
intrusion-set--dd2d9ca6-505b-4860-a604-233685b802c7,Wizard Spider,attack-pattern--045d0922-2310-4e60-b5e4-3302302cb3c5,T1218.011,Rundll32,1
intrusion-set--dd2d9ca6-505b-4860-a604-233685b802c7,Wizard Spider,attack-pattern--34e793de-0274-4982-9c1a-246ed1c19dee,T1222.001,Windows Permissions,1
intrusion-set--dd2d9ca6-505b-4860-a604-233685b802c7,Wizard Spider,attack-pattern--20fb2507-d71c-455d-9b6d-6104461cf26b,T1489,Service Stop,1
intrusion-set--dd2d9ca6-505b-4860-a604-233685b802c7,Wizard Spider,attack-pattern--f5d8eed6-48a9-4cdf-a3d7-d1ffa99c3d2a,T1490,Inhibit System Recovery,1
intrusion-set--dd2d9ca6-505b-4860-a604-233685b802c7,Wizard Spider,attack-pattern--cba37adb-d6fb-4610-b069-dd04c0643384,T1518.001,Security Software Discovery,1
intrusion-set--dd2d9ca6-505b-4860-a604-233685b802c7,Wizard Spider,attack-pattern--4a6cfdae-1417-40c7-a84e-f59d21c58266,T1518.002,Backup Software Discovery,1
intrusion-set--dd2d9ca6-505b-4860-a604-233685b802c7,Wizard Spider,attack-pattern--2959d63f-73fd-46a1-abd2-109d7dcede32,T1543.003,Windows Service,1
intrusion-set--dd2d9ca6-505b-4860-a604-233685b802c7,Wizard Spider,attack-pattern--9efb1ea7-c37b-4595-9640-b7680cd84279,T1547.001,Registry Run Keys / Startup Folder,1
intrusion-set--dd2d9ca6-505b-4860-a604-233685b802c7,Wizard Spider,attack-pattern--6836813e-8ec8-4375-b459-abb388cb1a35,T1547.004,Winlogon Helper DLL,1
intrusion-set--dd2d9ca6-505b-4860-a604-233685b802c7,Wizard Spider,attack-pattern--e624264c-033a-424d-9fd7-fc9c3bbdb03e,T1550.002,Pass the Hash,1
intrusion-set--dd2d9ca6-505b-4860-a604-233685b802c7,Wizard Spider,attack-pattern--8d7bd4f5-3a89-4453-9c82-2c8894d5655e,T1552.006,Group Policy Preferences,1
intrusion-set--dd2d9ca6-505b-4860-a604-233685b802c7,Wizard Spider,attack-pattern--32901740-b42c-4fdd-bc02-345b5dc57082,T1553.002,Code Signing,1
intrusion-set--dd2d9ca6-505b-4860-a604-233685b802c7,Wizard Spider,attack-pattern--d336b553-5da9-46ca-98a8-0b23f49fb447,T1555.004,Windows Credential Manager,1
intrusion-set--dd2d9ca6-505b-4860-a604-233685b802c7,Wizard Spider,attack-pattern--650c784b-7504-4df7-ab2c-4ea882384d1e,T1557.001,Name Resolution Poisoning and SMB Relay,1
intrusion-set--dd2d9ca6-505b-4860-a604-233685b802c7,Wizard Spider,attack-pattern--f2877f7f-9a4c-4251-879f-1224e3006bee,T1558.003,Kerberoasting,1
intrusion-set--dd2d9ca6-505b-4860-a604-233685b802c7,Wizard Spider,attack-pattern--00f90846-cbd1-4fc5-9233-df5c2bf2a662,T1560.001,Archive via Utility,1
intrusion-set--dd2d9ca6-505b-4860-a604-233685b802c7,Wizard Spider,attack-pattern--2e34237d-8574-43f6-aace-ae2915de8597,T1566.001,Spearphishing Attachment,1
intrusion-set--dd2d9ca6-505b-4860-a604-233685b802c7,Wizard Spider,attack-pattern--2b742742-28c3-4e1b-bab7-8350d6300fa7,T1566.002,Spearphishing Link,1
intrusion-set--dd2d9ca6-505b-4860-a604-233685b802c7,Wizard Spider,attack-pattern--bf1b6176-597c-4600-bfcd-ac989670f96b,T1567.002,Exfiltration to Cloud Storage,1
intrusion-set--dd2d9ca6-505b-4860-a604-233685b802c7,Wizard Spider,attack-pattern--f1951e8a-500e-4a26-8803-76d95c4554b4,T1569.002,Service Execution,1
intrusion-set--dd2d9ca6-505b-4860-a604-233685b802c7,Wizard Spider,attack-pattern--bf90d72c-c00b-45e3-b3aa-68560560d4c5,T1570,Lateral Tool Transfer,1
intrusion-set--dd2d9ca6-505b-4860-a604-233685b802c7,Wizard Spider,attack-pattern--65013dd2-bc61-43e3-afb5-a14c4fa7437a,T1585.002,Email Accounts,1
intrusion-set--dd2d9ca6-505b-4860-a604-233685b802c7,Wizard Spider,attack-pattern--a2fdce72-04b2-409a-ac10-cc1695f4fce0,T1588.002,Tool,1
intrusion-set--dd2d9ca6-505b-4860-a604-233685b802c7,Wizard Spider,attack-pattern--e7cbc1de-1f79-48ee-abfd-da1241c65a15,T1588.003,Code Signing Certificates,1
intrusion-set--dd2d9ca6-505b-4860-a604-233685b802c7,Wizard Spider,attack-pattern--bbde9781-60aa-4b8a-a911-895b0c1b3872,T1685,Disable or Modify Tools,1
intrusion-set--4283ae19-69c7-4347-a35e-b56f08eb660b,ZIRCONIUM,attack-pattern--c32f7008-9fea-41f7-8366-5eb9b74bd896,T1012,Query Registry,1
intrusion-set--4283ae19-69c7-4347-a35e-b56f08eb660b,ZIRCONIUM,attack-pattern--707399d6-ab3e-4963-9315-d9d3818cd6a0,T1016,System Network Configuration Discovery,1
intrusion-set--4283ae19-69c7-4347-a35e-b56f08eb660b,ZIRCONIUM,attack-pattern--deb98323-e13f-4b0c-8d94-175379069062,T1027.002,Software Packing,1
intrusion-set--4283ae19-69c7-4347-a35e-b56f08eb660b,ZIRCONIUM,attack-pattern--03d7999c-1f4c-42cc-8373-e7690d318104,T1033,System Owner/User Discovery,1
intrusion-set--4283ae19-69c7-4347-a35e-b56f08eb660b,ZIRCONIUM,attack-pattern--42e8de7b-37b2-4258-905a-6897815e58e0,T1036,Masquerading,1
intrusion-set--4283ae19-69c7-4347-a35e-b56f08eb660b,ZIRCONIUM,attack-pattern--7bdca9d5-d500-4d7d-8c52-5fd47baf4c0c,T1036.004,Masquerade Task or Service,1
intrusion-set--4283ae19-69c7-4347-a35e-b56f08eb660b,ZIRCONIUM,attack-pattern--92d7da27-2d91-488e-a00c-059dc162766d,T1041,Exfiltration Over C2 Channel,1
intrusion-set--4283ae19-69c7-4347-a35e-b56f08eb660b,ZIRCONIUM,attack-pattern--d1fcf083-a721-4223-aedf-bf8960798d62,T1059.003,Windows Command Shell,1
intrusion-set--4283ae19-69c7-4347-a35e-b56f08eb660b,ZIRCONIUM,attack-pattern--cc3502b5-30cc-4473-ad48-42d51a6ef6d1,T1059.006,Python,1
intrusion-set--4283ae19-69c7-4347-a35e-b56f08eb660b,ZIRCONIUM,attack-pattern--b21c3b2d-02e6-45b1-980b-e69051040839,T1068,Exploitation for Privilege Escalation,1
intrusion-set--4283ae19-69c7-4347-a35e-b56f08eb660b,ZIRCONIUM,attack-pattern--354a7f88-63fb-41b5-a801-ce3b377b36f1,T1082,System Information Discovery,1
intrusion-set--4283ae19-69c7-4347-a35e-b56f08eb660b,ZIRCONIUM,attack-pattern--a782ebe2-daba-42c7-bc82-e8e9d923162d,T1090.003,Multi-hop Proxy,1
intrusion-set--4283ae19-69c7-4347-a35e-b56f08eb660b,ZIRCONIUM,attack-pattern--be055942-6e63-49d7-9fa1-9cb7d8a8f3f4,T1102.002,Bidirectional Communication,1
intrusion-set--4283ae19-69c7-4347-a35e-b56f08eb660b,ZIRCONIUM,attack-pattern--e6919abc-99f9-4c6c-95a5-14761e7b2add,T1105,Ingress Tool Transfer,1
intrusion-set--4283ae19-69c7-4347-a35e-b56f08eb660b,ZIRCONIUM,attack-pattern--f3c544dc-673c-4ef3-accb-53229f1ae077,T1124,System Time Discovery,1
intrusion-set--4283ae19-69c7-4347-a35e-b56f08eb660b,ZIRCONIUM,attack-pattern--3ccef7ae-cb5e-48f6-8302-897105fbf55c,T1140,Deobfuscate/Decode Files or Information,1
intrusion-set--4283ae19-69c7-4347-a35e-b56f08eb660b,ZIRCONIUM,attack-pattern--ef67e13e-5598-4adc-bdb2-998225874fa9,T1204.001,Malicious Link,1
intrusion-set--4283ae19-69c7-4347-a35e-b56f08eb660b,ZIRCONIUM,attack-pattern--365be77f-fc0e-42ee-bac8-4faf806d9336,T1218.007,Msiexec,1
intrusion-set--4283ae19-69c7-4347-a35e-b56f08eb660b,ZIRCONIUM,attack-pattern--9efb1ea7-c37b-4595-9640-b7680cd84279,T1547.001,Registry Run Keys / Startup Folder,1
intrusion-set--4283ae19-69c7-4347-a35e-b56f08eb660b,ZIRCONIUM,attack-pattern--58a3e6aa-4453-4cc8-a51f-4befe80b31a8,T1555.003,Credentials from Web Browsers,1
intrusion-set--4283ae19-69c7-4347-a35e-b56f08eb660b,ZIRCONIUM,attack-pattern--2b742742-28c3-4e1b-bab7-8350d6300fa7,T1566.002,Spearphishing Link,1
intrusion-set--4283ae19-69c7-4347-a35e-b56f08eb660b,ZIRCONIUM,attack-pattern--bf1b6176-597c-4600-bfcd-ac989670f96b,T1567.002,Exfiltration to Cloud Storage,1
intrusion-set--4283ae19-69c7-4347-a35e-b56f08eb660b,ZIRCONIUM,attack-pattern--24bfaeba-cb0d-4525-b3dc-507c77ecec41,T1573.001,Symmetric Cryptography,1
intrusion-set--4283ae19-69c7-4347-a35e-b56f08eb660b,ZIRCONIUM,attack-pattern--40f5caa0-4cb7-4117-89fc-d421bb493df3,T1583.001,Domains,1
intrusion-set--4283ae19-69c7-4347-a35e-b56f08eb660b,ZIRCONIUM,attack-pattern--88d31120-5bc7-4ce3-a9c0-7cf147be8e54,T1583.006,Web Services,1
intrusion-set--4283ae19-69c7-4347-a35e-b56f08eb660b,ZIRCONIUM,attack-pattern--149b477f-f364-4824-b1b5-aa1d56115869,T1584.008,Network Devices,1
intrusion-set--4283ae19-69c7-4347-a35e-b56f08eb660b,ZIRCONIUM,attack-pattern--cca0ccb6-a068-4574-a722-b1556f86833a,T1598,Phishing for Information,1
intrusion-set--4283ae19-69c7-4347-a35e-b56f08eb660b,ZIRCONIUM,attack-pattern--2d3f5b3c-54ca-4f4d-bb1f-849346d31230,T1598.003,Spearphishing Link,1
intrusion-set--4283ae19-69c7-4347-a35e-b56f08eb660b,ZIRCONIUM,attack-pattern--eb897572-8979-4242-a089-56f294f4c91d,T1665,Hide Infrastructure,1
intrusion-set--16ade1aa-0ea1-4bb7-88cc-9079df2ae756,admin@338,attack-pattern--322bad5a-1c49-4d23-ab79-76d641794afa,T1007,System Service Discovery,1
intrusion-set--16ade1aa-0ea1-4bb7-88cc-9079df2ae756,admin@338,attack-pattern--707399d6-ab3e-4963-9315-d9d3818cd6a0,T1016,System Network Configuration Discovery,1
intrusion-set--16ade1aa-0ea1-4bb7-88cc-9079df2ae756,admin@338,attack-pattern--1c4e5d32-1fe9-4116-9d9d-59e3925bd6a2,T1036.005,Match Legitimate Resource Name or Location,1
intrusion-set--16ade1aa-0ea1-4bb7-88cc-9079df2ae756,admin@338,attack-pattern--7e150503-88e7-4861-866b-ff1ac82c4475,T1049,System Network Connections Discovery,1
intrusion-set--16ade1aa-0ea1-4bb7-88cc-9079df2ae756,admin@338,attack-pattern--d1fcf083-a721-4223-aedf-bf8960798d62,T1059.003,Windows Command Shell,1
intrusion-set--16ade1aa-0ea1-4bb7-88cc-9079df2ae756,admin@338,attack-pattern--a01bf75f-00b2-4568-a58f-565ff9bf202b,T1069.001,Local Groups,1
intrusion-set--16ade1aa-0ea1-4bb7-88cc-9079df2ae756,admin@338,attack-pattern--354a7f88-63fb-41b5-a801-ce3b377b36f1,T1082,System Information Discovery,1
intrusion-set--16ade1aa-0ea1-4bb7-88cc-9079df2ae756,admin@338,attack-pattern--7bc57495-ea59-4380-be31-a64af124ef18,T1083,File and Directory Discovery,1
intrusion-set--16ade1aa-0ea1-4bb7-88cc-9079df2ae756,admin@338,attack-pattern--25659dd6-ea12-45c4-97e6-381e3e4b593e,T1087.001,Local Account,1
intrusion-set--16ade1aa-0ea1-4bb7-88cc-9079df2ae756,admin@338,attack-pattern--be2dcee9-a7a7-4e38-afd6-21b31ecc3d63,T1203,Exploitation for Client Execution,1
intrusion-set--16ade1aa-0ea1-4bb7-88cc-9079df2ae756,admin@338,attack-pattern--232b7f21-adf9-4b42-b936-b9d6f7df856e,T1204.002,Malicious File,1
intrusion-set--16ade1aa-0ea1-4bb7-88cc-9079df2ae756,admin@338,attack-pattern--2e34237d-8574-43f6-aace-ae2915de8597,T1566.001,Spearphishing Attachment,1
intrusion-set--222fbd21-fc4f-4b7e-9f85-0e6e3a76c33f,menuPass,attack-pattern--1644e709-12d2-41e5-a60f-3470991f5011,T1003.002,Security Account Manager,1
intrusion-set--222fbd21-fc4f-4b7e-9f85-0e6e3a76c33f,menuPass,attack-pattern--edf91964-b26e-4b4a-9600-ccacd7d7df24,T1003.003,NTDS,1
intrusion-set--222fbd21-fc4f-4b7e-9f85-0e6e3a76c33f,menuPass,attack-pattern--1ecfdab8-7d59-4c98-95d4-dc41970f57fc,T1003.004,LSA Secrets,1
intrusion-set--222fbd21-fc4f-4b7e-9f85-0e6e3a76c33f,menuPass,attack-pattern--3c4a2599-71ee-4405-ba1e-0e28414b4bc5,T1005,Data from Local System,1
intrusion-set--222fbd21-fc4f-4b7e-9f85-0e6e3a76c33f,menuPass,attack-pattern--707399d6-ab3e-4963-9315-d9d3818cd6a0,T1016,System Network Configuration Discovery,1
intrusion-set--222fbd21-fc4f-4b7e-9f85-0e6e3a76c33f,menuPass,attack-pattern--e358d692-23c0-4a31-9eb6-ecc13a8d7735,T1018,Remote System Discovery,1
intrusion-set--222fbd21-fc4f-4b7e-9f85-0e6e3a76c33f,menuPass,attack-pattern--eb062747-2193-45de-8fa2-e62549c37ddf,T1021.001,Remote Desktop Protocol,1
intrusion-set--222fbd21-fc4f-4b7e-9f85-0e6e3a76c33f,menuPass,attack-pattern--2db31dcd-54da-405d-acef-b9129b816ed6,T1021.004,SSH,1
intrusion-set--222fbd21-fc4f-4b7e-9f85-0e6e3a76c33f,menuPass,attack-pattern--0d91b3c0-5e50-47c3-949a-2a796f04d144,T1027.013,Encrypted/Encoded File,1
intrusion-set--222fbd21-fc4f-4b7e-9f85-0e6e3a76c33f,menuPass,attack-pattern--42e8de7b-37b2-4258-905a-6897815e58e0,T1036,Masquerading,1
intrusion-set--222fbd21-fc4f-4b7e-9f85-0e6e3a76c33f,menuPass,attack-pattern--bd5b58a4-a52d-4a29-bc0d-3f1d3968eb6b,T1036.003,Rename Legitimate Utilities,1
intrusion-set--222fbd21-fc4f-4b7e-9f85-0e6e3a76c33f,menuPass,attack-pattern--1c4e5d32-1fe9-4116-9d9d-59e3925bd6a2,T1036.005,Match Legitimate Resource Name or Location,1
intrusion-set--222fbd21-fc4f-4b7e-9f85-0e6e3a76c33f,menuPass,attack-pattern--ae676644-d2d2-41b7-af7e-9bed1b55898c,T1039,Data from Network Shared Drive,1
intrusion-set--222fbd21-fc4f-4b7e-9f85-0e6e3a76c33f,menuPass,attack-pattern--e3a12395-188d-4051-9a16-ea8e14d07b88,T1046,Network Service Discovery,1
intrusion-set--222fbd21-fc4f-4b7e-9f85-0e6e3a76c33f,menuPass,attack-pattern--01a5a209-b94c-450b-b7f9-946497d91055,T1047,Windows Management Instrumentation,1
intrusion-set--222fbd21-fc4f-4b7e-9f85-0e6e3a76c33f,menuPass,attack-pattern--7e150503-88e7-4861-866b-ff1ac82c4475,T1049,System Network Connections Discovery,1
intrusion-set--222fbd21-fc4f-4b7e-9f85-0e6e3a76c33f,menuPass,attack-pattern--005a06c6-14bf-4118-afa0-ebcd8aebb0c9,T1053.005,Scheduled Task,1
intrusion-set--222fbd21-fc4f-4b7e-9f85-0e6e3a76c33f,menuPass,attack-pattern--b200542e-e877-4395-875b-cf1a44537ca4,T1055.012,Process Hollowing,1
intrusion-set--222fbd21-fc4f-4b7e-9f85-0e6e3a76c33f,menuPass,attack-pattern--09a60ea3-a8d1-4ae5-976e-5783248b72a4,T1056.001,Keylogging,1
intrusion-set--222fbd21-fc4f-4b7e-9f85-0e6e3a76c33f,menuPass,attack-pattern--970a3432-3237-47ad-bcca-7d8cbb217736,T1059.001,PowerShell,1
intrusion-set--222fbd21-fc4f-4b7e-9f85-0e6e3a76c33f,menuPass,attack-pattern--d1fcf083-a721-4223-aedf-bf8960798d62,T1059.003,Windows Command Shell,1
intrusion-set--222fbd21-fc4f-4b7e-9f85-0e6e3a76c33f,menuPass,attack-pattern--3aef9463-9a7a-43ba-8957-a867e07c1e6a,T1070.003,Clear Command History,1
intrusion-set--222fbd21-fc4f-4b7e-9f85-0e6e3a76c33f,menuPass,attack-pattern--d63a3fb8-9452-4e9d-a60a-54be68d5998c,T1070.004,File Deletion,1
intrusion-set--222fbd21-fc4f-4b7e-9f85-0e6e3a76c33f,menuPass,attack-pattern--1c34f7aa-9341-4a48-bfab-af22e51aca6c,T1074.001,Local Data Staging,1
intrusion-set--222fbd21-fc4f-4b7e-9f85-0e6e3a76c33f,menuPass,attack-pattern--359b00ad-9425-420b-bba5-6de8d600cbc0,T1074.002,Remote Data Staging,1
intrusion-set--222fbd21-fc4f-4b7e-9f85-0e6e3a76c33f,menuPass,attack-pattern--b17a1a56-e99c-403c-8948-561df0cffe81,T1078,Valid Accounts,1
intrusion-set--222fbd21-fc4f-4b7e-9f85-0e6e3a76c33f,menuPass,attack-pattern--7bc57495-ea59-4380-be31-a64af124ef18,T1083,File and Directory Discovery,1
intrusion-set--222fbd21-fc4f-4b7e-9f85-0e6e3a76c33f,menuPass,attack-pattern--21875073-b0ee-49e3-9077-1e2a885359af,T1087.002,Domain Account,1
intrusion-set--222fbd21-fc4f-4b7e-9f85-0e6e3a76c33f,menuPass,attack-pattern--69b8fd78-40e8-4600-ae4d-662c9d7afdb3,T1090.002,External Proxy,1
intrusion-set--222fbd21-fc4f-4b7e-9f85-0e6e3a76c33f,menuPass,attack-pattern--e6919abc-99f9-4c6c-95a5-14761e7b2add,T1105,Ingress Tool Transfer,1
intrusion-set--222fbd21-fc4f-4b7e-9f85-0e6e3a76c33f,menuPass,attack-pattern--391d824f-0ef1-47a0-b0ee-c59a75e27670,T1106,Native API,1
intrusion-set--222fbd21-fc4f-4b7e-9f85-0e6e3a76c33f,menuPass,attack-pattern--30208d3e-0d6b-43c8-883e-44462a514619,T1119,Automated Collection,1
intrusion-set--222fbd21-fc4f-4b7e-9f85-0e6e3a76c33f,menuPass,attack-pattern--3ccef7ae-cb5e-48f6-8302-897105fbf55c,T1140,Deobfuscate/Decode Files or Information,1
intrusion-set--222fbd21-fc4f-4b7e-9f85-0e6e3a76c33f,menuPass,attack-pattern--3f886f2a-874f-4333-b794-aa6075009b1c,T1190,Exploit Public-Facing Application,1
intrusion-set--222fbd21-fc4f-4b7e-9f85-0e6e3a76c33f,menuPass,attack-pattern--9fa07bef-9c81-421e-a8e5-ad4366c5a925,T1199,Trusted Relationship,1
intrusion-set--222fbd21-fc4f-4b7e-9f85-0e6e3a76c33f,menuPass,attack-pattern--232b7f21-adf9-4b42-b936-b9d6f7df856e,T1204.002,Malicious File,1
intrusion-set--222fbd21-fc4f-4b7e-9f85-0e6e3a76c33f,menuPass,attack-pattern--9db0cf3a-a3c9-4012-8268-123b9db6fd82,T1210,Exploitation of Remote Services,1
intrusion-set--222fbd21-fc4f-4b7e-9f85-0e6e3a76c33f,menuPass,attack-pattern--2cd950a6-16c4-404a-aa01-044322395107,T1218.004,InstallUtil,1
intrusion-set--222fbd21-fc4f-4b7e-9f85-0e6e3a76c33f,menuPass,attack-pattern--32901740-b42c-4fdd-bc02-345b5dc57082,T1553.002,Code Signing,1
intrusion-set--222fbd21-fc4f-4b7e-9f85-0e6e3a76c33f,menuPass,attack-pattern--53ac20cd-aca3-406e-9aa0-9fc7fdc60a5a,T1560,Archive Collected Data,1
intrusion-set--222fbd21-fc4f-4b7e-9f85-0e6e3a76c33f,menuPass,attack-pattern--00f90846-cbd1-4fc5-9233-df5c2bf2a662,T1560.001,Archive via Utility,1
intrusion-set--222fbd21-fc4f-4b7e-9f85-0e6e3a76c33f,menuPass,attack-pattern--2e34237d-8574-43f6-aace-ae2915de8597,T1566.001,Spearphishing Attachment,1
intrusion-set--222fbd21-fc4f-4b7e-9f85-0e6e3a76c33f,menuPass,attack-pattern--29ba5a15-3b7b-4732-b817-65ea8f6468e6,T1568.001,Fast Flux DNS,1
intrusion-set--222fbd21-fc4f-4b7e-9f85-0e6e3a76c33f,menuPass,attack-pattern--2fee9321-3e71-4cf4-af24-d4d40d355b34,T1574.001,DLL,1
intrusion-set--222fbd21-fc4f-4b7e-9f85-0e6e3a76c33f,menuPass,attack-pattern--40f5caa0-4cb7-4117-89fc-d421bb493df3,T1583.001,Domains,1
intrusion-set--222fbd21-fc4f-4b7e-9f85-0e6e3a76c33f,menuPass,attack-pattern--a2fdce72-04b2-409a-ac10-cc1695f4fce0,T1588.002,Tool,1
