technique_id,platform_id
attack-pattern--0042a9f5-f053-4769-b3ef-9ad018dfa298,11
attack-pattern--005a06c6-14bf-4118-afa0-ebcd8aebb0c9,11
attack-pattern--005cc321-08ce-4d17-b1ea-cb5275926520,5
attack-pattern--005cc321-08ce-4d17-b1ea-cb5275926520,12
attack-pattern--005cc321-08ce-4d17-b1ea-cb5275926520,11
attack-pattern--00d0b012-8a03-410e-95de-5826bf542de6,5
attack-pattern--00d0b012-8a03-410e-95de-5826bf542de6,12
attack-pattern--00d0b012-8a03-410e-95de-5826bf542de6,11
attack-pattern--00f90846-cbd1-4fc5-9233-df5c2bf2a662,5
attack-pattern--00f90846-cbd1-4fc5-9233-df5c2bf2a662,12
attack-pattern--00f90846-cbd1-4fc5-9233-df5c2bf2a662,11
attack-pattern--01327cde-66c4-4123-bf34-5f258d59457b,5
attack-pattern--01327cde-66c4-4123-bf34-5f258d59457b,11
attack-pattern--01327cde-66c4-4123-bf34-5f258d59457b,12
attack-pattern--01a5a209-b94c-450b-b7f9-946497d91055,11
attack-pattern--01c9b54f-c04e-41ba-b0c3-cfe784b3a463,3
attack-pattern--01c9b54f-c04e-41ba-b0c3-cfe784b3a463,5
attack-pattern--01c9b54f-c04e-41ba-b0c3-cfe784b3a463,12
attack-pattern--01c9b54f-c04e-41ba-b0c3-cfe784b3a463,10
attack-pattern--01c9b54f-c04e-41ba-b0c3-cfe784b3a463,11
attack-pattern--01df3350-ce05-4bdf-bdf8-0a919a66d4a8,5
attack-pattern--01df3350-ce05-4bdf-bdf8-0a919a66d4a8,12
attack-pattern--0259baeb-9f63-4c69-bf10-eb038c390688,5
attack-pattern--0259baeb-9f63-4c69-bf10-eb038c390688,12
attack-pattern--0259baeb-9f63-4c69-bf10-eb038c390688,11
attack-pattern--02c5abff-30bf-4703-ab92-1f6072fae939,5
attack-pattern--02c5abff-30bf-4703-ab92-1f6072fae939,11
attack-pattern--02fefddc-fb1b-423f-a76b-7552dd211d4d,5
attack-pattern--02fefddc-fb1b-423f-a76b-7552dd211d4d,11
attack-pattern--03259939-0b57-482f-8eb5-87c0e0d54334,2
attack-pattern--03259939-0b57-482f-8eb5-87c0e0d54334,5
attack-pattern--03259939-0b57-482f-8eb5-87c0e0d54334,12
attack-pattern--03259939-0b57-482f-8eb5-87c0e0d54334,6
attack-pattern--03259939-0b57-482f-8eb5-87c0e0d54334,11
attack-pattern--035bb001-ab69-4a0b-9f6c-2de8b09e1b9d,5
attack-pattern--035bb001-ab69-4a0b-9f6c-2de8b09e1b9d,12
attack-pattern--035bb001-ab69-4a0b-9f6c-2de8b09e1b9d,6
attack-pattern--035bb001-ab69-4a0b-9f6c-2de8b09e1b9d,11
attack-pattern--03d7999c-1f4c-42cc-8373-e7690d318104,5
attack-pattern--03d7999c-1f4c-42cc-8373-e7690d318104,12
attack-pattern--03d7999c-1f4c-42cc-8373-e7690d318104,6
attack-pattern--03d7999c-1f4c-42cc-8373-e7690d318104,11
attack-pattern--0458aab9-ad42-4eac-9e22-706a95bafee2,9
attack-pattern--045d0922-2310-4e60-b5e4-3302302cb3c5,11
attack-pattern--0470e792-32f8-46b0-a351-652bc35e9336,1
attack-pattern--04a5a8ab-3bc8-4c83-95c9-55274a89786d,9
attack-pattern--04ee0cb7-dac3-4c6c-9387-4c6aa096f4cf,12
attack-pattern--04ee0cb7-dac3-4c6c-9387-4c6aa096f4cf,11
attack-pattern--04ef4356-8926-45e2-9441-634b6f3dcecb,12
attack-pattern--04fd5427-79c7-44ea-ae13-11b24778ff1c,2
attack-pattern--04fd5427-79c7-44ea-ae13-11b24778ff1c,5
attack-pattern--04fd5427-79c7-44ea-ae13-11b24778ff1c,12
attack-pattern--04fd5427-79c7-44ea-ae13-11b24778ff1c,11
attack-pattern--0533ab23-3f7d-463f-9bd8-634d27e4dee1,5
attack-pattern--0533ab23-3f7d-463f-9bd8-634d27e4dee1,12
attack-pattern--0533ab23-3f7d-463f-9bd8-634d27e4dee1,11
attack-pattern--06780952-177c-4247-b978-79c357fb311f,12
attack-pattern--06c00069-771a-4d57-8ef5-d3718c1a8771,5
attack-pattern--06c00069-771a-4d57-8ef5-d3718c1a8771,12
attack-pattern--0708ae90-d0eb-4938-9a76-d0fc94f6eec1,3
attack-pattern--086952c4-5b90-4185-b573-02bad8e11953,5
attack-pattern--086952c4-5b90-4185-b573-02bad8e11953,12
attack-pattern--09312b1a-c3c6-4b45-9844-3ccc78e5d82f,9
attack-pattern--0979abf9-4e26-43ec-9b6e-54efc4e70fca,9
attack-pattern--09a60ea3-a8d1-4ae5-976e-5783248b72a4,5
attack-pattern--09a60ea3-a8d1-4ae5-976e-5783248b72a4,12
attack-pattern--09a60ea3-a8d1-4ae5-976e-5783248b72a4,6
attack-pattern--09a60ea3-a8d1-4ae5-976e-5783248b72a4,11
attack-pattern--09b008a9-b4eb-462a-a751-a0eb58050cd9,5
attack-pattern--09b008a9-b4eb-462a-a751-a0eb58050cd9,12
attack-pattern--09b008a9-b4eb-462a-a751-a0eb58050cd9,11
attack-pattern--09b130a2-a77e-4af0-a361-f46f9aad1345,5
attack-pattern--09b130a2-a77e-4af0-a361-f46f9aad1345,12
attack-pattern--09c4c11e-4fa1-4f8c-8dad-3cf8e69ad119,1
attack-pattern--09c4c11e-4fa1-4f8c-8dad-3cf8e69ad119,2
attack-pattern--09c4c11e-4fa1-4f8c-8dad-3cf8e69ad119,3
attack-pattern--09c4c11e-4fa1-4f8c-8dad-3cf8e69ad119,4
attack-pattern--09c4c11e-4fa1-4f8c-8dad-3cf8e69ad119,5
attack-pattern--09c4c11e-4fa1-4f8c-8dad-3cf8e69ad119,12
attack-pattern--09c4c11e-4fa1-4f8c-8dad-3cf8e69ad119,6
attack-pattern--09c4c11e-4fa1-4f8c-8dad-3cf8e69ad119,8
attack-pattern--09c4c11e-4fa1-4f8c-8dad-3cf8e69ad119,10
attack-pattern--09c4c11e-4fa1-4f8c-8dad-3cf8e69ad119,11
attack-pattern--09cd431f-eaf4-4d2a-acaf-2a7acfe7ed58,11
attack-pattern--0a241b6c-7bb2-48f9-98f7-128145b4d27f,9
attack-pattern--0a3ead4e-6d47-4ccb-854c-a6a4f9d96b22,5
attack-pattern--0a3ead4e-6d47-4ccb-854c-a6a4f9d96b22,12
attack-pattern--0a3ead4e-6d47-4ccb-854c-a6a4f9d96b22,11
attack-pattern--0a5231ec-41af-4a35-83d0-6bdf11f28c65,5
attack-pattern--0a5231ec-41af-4a35-83d0-6bdf11f28c65,12
attack-pattern--0a5231ec-41af-4a35-83d0-6bdf11f28c65,11
attack-pattern--0ad7bc5c-235a-4048-944b-3b286676cb74,6
attack-pattern--0af0ca99-357d-4ba1-805f-674fdfb7bef9,5
attack-pattern--0af0ca99-357d-4ba1-805f-674fdfb7bef9,12
attack-pattern--0af0ca99-357d-4ba1-805f-674fdfb7bef9,6
attack-pattern--0af0ca99-357d-4ba1-805f-674fdfb7bef9,11
attack-pattern--0bda01d5-4c1d-4062-8ee2-6872334383c3,11
attack-pattern--0bda01d5-4c1d-4062-8ee2-6872334383c3,3
attack-pattern--0bda01d5-4c1d-4062-8ee2-6872334383c3,5
attack-pattern--0bda01d5-4c1d-4062-8ee2-6872334383c3,12
attack-pattern--0bf78622-e8d2-41da-a857-731472d61a92,5
attack-pattern--0bf78622-e8d2-41da-a857-731472d61a92,12
attack-pattern--0bf78622-e8d2-41da-a857-731472d61a92,11
attack-pattern--0c2d00da-7742-49e7-9928-4514e5075d32,5
attack-pattern--0c2d00da-7742-49e7-9928-4514e5075d32,12
attack-pattern--0c2d00da-7742-49e7-9928-4514e5075d32,11
attack-pattern--0c4b4fda-9062-47da-98b9-ceae2dcf052a,8
attack-pattern--0c4b4fda-9062-47da-98b9-ceae2dcf052a,11
attack-pattern--0c8ab3eb-df48-4b9c-ace7-beacaac81cc5,6
attack-pattern--0c8ab3eb-df48-4b9c-ace7-beacaac81cc5,11
attack-pattern--0ca7beef-9bbc-4e35-97cf-437384ddce6a,11
attack-pattern--0ca7beef-9bbc-4e35-97cf-437384ddce6a,5
attack-pattern--0ca7beef-9bbc-4e35-97cf-437384ddce6a,12
attack-pattern--0cc222f5-c3ff-48e6-9f52-3314baf9d37e,9
attack-pattern--0ce73446-8722-4086-9d43-514f1d0f669e,3
attack-pattern--0cf55441-b176-4332-89e7-2c4c7799d0ff,11
attack-pattern--0cf55441-b176-4332-89e7-2c4c7799d0ff,5
attack-pattern--0cf55441-b176-4332-89e7-2c4c7799d0ff,12
attack-pattern--0cf55441-b176-4332-89e7-2c4c7799d0ff,8
attack-pattern--0cfe31a7-81fc-472c-bc45-e2808d1066a3,11
attack-pattern--0cfe31a7-81fc-472c-bc45-e2808d1066a3,3
attack-pattern--0cfe31a7-81fc-472c-bc45-e2808d1066a3,5
attack-pattern--0cfe31a7-81fc-472c-bc45-e2808d1066a3,12
attack-pattern--0d91b3c0-5e50-47c3-949a-2a796f04d144,5
attack-pattern--0d91b3c0-5e50-47c3-949a-2a796f04d144,12
attack-pattern--0d91b3c0-5e50-47c3-949a-2a796f04d144,11
attack-pattern--0dbf5f1b-a560-4d51-ac1b-d70caab3e1f0,11
attack-pattern--0dda99f0-4701-48ca-9774-8504922e92d3,9
attack-pattern--0df05477-c572-4ed6-88a9-47c581f548f7,5
attack-pattern--0df05477-c572-4ed6-88a9-47c581f548f7,12
attack-pattern--0df05477-c572-4ed6-88a9-47c581f548f7,11
attack-pattern--0f20e3cb-245b-4a61-8a91-2d93f7cb0e9b,5
attack-pattern--0f20e3cb-245b-4a61-8a91-2d93f7cb0e9b,12
attack-pattern--0f20e3cb-245b-4a61-8a91-2d93f7cb0e9b,11
attack-pattern--0f2c410d-d740-4ed9-abb1-b8f4a7faf6c3,11
attack-pattern--0f4a0c76-ab2d-4cb0-85d3-3f0efb8cba0d,5
attack-pattern--0f4a0c76-ab2d-4cb0-85d3-3f0efb8cba0d,12
attack-pattern--0f4a0c76-ab2d-4cb0-85d3-3f0efb8cba0d,11
attack-pattern--0ff4bd68-aebb-4039-9e00-9f92c705edf4,5
attack-pattern--0ff4bd68-aebb-4039-9e00-9f92c705edf4,12
attack-pattern--0ff4bd68-aebb-4039-9e00-9f92c705edf4,11
attack-pattern--0ff59227-8aa8-4c09-bf1f-925605bd07ea,9
attack-pattern--0fff2797-19cb-41ea-a5f1-8a9303b8158e,5
attack-pattern--1001e0d6-ee09-4dfc-aa90-e9320ffc8fe4,3
attack-pattern--101c3a64-9ba5-46c9-b573-5c501053cbca,12
attack-pattern--1035cdf2-3e5f-446f-a7a7-e8f6d7925967,5
attack-pattern--1035cdf2-3e5f-446f-a7a7-e8f6d7925967,12
attack-pattern--1035cdf2-3e5f-446f-a7a7-e8f6d7925967,11
attack-pattern--106c0cf6-bf73-4601-9aa8-0945c2715ec5,1
attack-pattern--106c0cf6-bf73-4601-9aa8-0945c2715ec5,5
attack-pattern--106c0cf6-bf73-4601-9aa8-0945c2715ec5,12
attack-pattern--106c0cf6-bf73-4601-9aa8-0945c2715ec5,11
attack-pattern--10d51417-ee35-4589-b1ff-b6df1c334e8d,1
attack-pattern--10d51417-ee35-4589-b1ff-b6df1c334e8d,5
attack-pattern--10d51417-ee35-4589-b1ff-b6df1c334e8d,12
attack-pattern--10d51417-ee35-4589-b1ff-b6df1c334e8d,11
attack-pattern--10d5f3b7-6be6-4da5-9a77-0f1e2bbfcc44,11
attack-pattern--10ff21b9-5a01-4268-a1b5-3b55015f1847,12
attack-pattern--10ffac09-e42d-4f56-ab20-db94c67d76ff,5
attack-pattern--10ffac09-e42d-4f56-ab20-db94c67d76ff,12
attack-pattern--10ffac09-e42d-4f56-ab20-db94c67d76ff,8
attack-pattern--10ffac09-e42d-4f56-ab20-db94c67d76ff,10
attack-pattern--10ffac09-e42d-4f56-ab20-db94c67d76ff,11
attack-pattern--1126cab1-c700-412f-a510-61f4937bb096,1
attack-pattern--118f61a5-eb3e-4fb6-931f-2096647f4ecd,2
attack-pattern--118f61a5-eb3e-4fb6-931f-2096647f4ecd,5
attack-pattern--118f61a5-eb3e-4fb6-931f-2096647f4ecd,12
attack-pattern--118f61a5-eb3e-4fb6-931f-2096647f4ecd,11
attack-pattern--11f29a39-0942-4d62-92b6-fe236cf3066e,11
attack-pattern--120d5519-3098-4e1c-9191-2aa61232f073,11
attack-pattern--128c55d3-aeba-469f-bd3e-c8996ab4112a,5
attack-pattern--128c55d3-aeba-469f-bd3e-c8996ab4112a,11
attack-pattern--128c55d3-aeba-469f-bd3e-c8996ab4112a,12
attack-pattern--130d4494-b2d6-4040-bcea-6e59f05222fe,10
attack-pattern--132d5b37-aac5-4378-a8dc-3127b18a73dc,11
attack-pattern--132d5b37-aac5-4378-a8dc-3127b18a73dc,5
attack-pattern--132d5b37-aac5-4378-a8dc-3127b18a73dc,12
attack-pattern--132d5b37-aac5-4378-a8dc-3127b18a73dc,2
attack-pattern--1365fe3b-0f50-455d-b4da-266ce31c23b0,5
attack-pattern--1365fe3b-0f50-455d-b4da-266ce31c23b0,12
attack-pattern--1411e6b8-80a6-4465-9909-54eaa9c67ce0,11
attack-pattern--143122a8-fcda-4dd7-aded-5b9387d9c2d6,9
attack-pattern--143c0cbb-a297-4142-9624-87ffc778980b,5
attack-pattern--143c0cbb-a297-4142-9624-87ffc778980b,12
attack-pattern--143c0cbb-a297-4142-9624-87ffc778980b,11
attack-pattern--144e007b-e638-431d-a894-45d90c54ab90,3
attack-pattern--149b477f-f364-4824-b1b5-aa1d56115869,9
attack-pattern--155207c0-7f53-4f13-a06b-0a9907ef5096,9
attack-pattern--15dbf668-795c-41e6-8219-f0447c0e64ce,1
attack-pattern--15dbf668-795c-41e6-8219-f0447c0e64ce,3
attack-pattern--15dbf668-795c-41e6-8219-f0447c0e64ce,4
attack-pattern--15dbf668-795c-41e6-8219-f0447c0e64ce,5
attack-pattern--15dbf668-795c-41e6-8219-f0447c0e64ce,12
attack-pattern--15dbf668-795c-41e6-8219-f0447c0e64ce,8
attack-pattern--15dbf668-795c-41e6-8219-f0447c0e64ce,10
attack-pattern--15dbf668-795c-41e6-8219-f0447c0e64ce,11
attack-pattern--1608f3e1-598a-42f4-a01a-2e252e81728f,11
attack-pattern--1608f3e1-598a-42f4-a01a-2e252e81728f,12
attack-pattern--1608f3e1-598a-42f4-a01a-2e252e81728f,5
attack-pattern--1608f3e1-598a-42f4-a01a-2e252e81728f,8
attack-pattern--1644e709-12d2-41e5-a60f-3470991f5011,11
attack-pattern--166de1c6-2814-4fe5-8438-4e80f76b169f,9
attack-pattern--16ab6452-c3c1-497c-a47d-206018ca1ada,6
attack-pattern--16ab6452-c3c1-497c-a47d-206018ca1ada,11
attack-pattern--16cdd21f-da65-4e4f-bc04-dd7d198c7b26,9
attack-pattern--16e94db9-b5b1-4cd0-b851-f38fbd0a70f2,10
attack-pattern--16e94db9-b5b1-4cd0-b851-f38fbd0a70f2,3
attack-pattern--16e94db9-b5b1-4cd0-b851-f38fbd0a70f2,8
attack-pattern--16e94db9-b5b1-4cd0-b851-f38fbd0a70f2,4
attack-pattern--17cc750b-e95b-4d7d-9dde-49e0de24148c,11
attack-pattern--17fd695c-b88c-455a-a3d1-43b6cb728532,9
attack-pattern--18cffc21-3260-437e-80e4-4ab8bf2ba5e9,11
attack-pattern--18cffc21-3260-437e-80e4-4ab8bf2ba5e9,3
attack-pattern--18cffc21-3260-437e-80e4-4ab8bf2ba5e9,5
attack-pattern--18cffc21-3260-437e-80e4-4ab8bf2ba5e9,12
attack-pattern--18d4ab39-12ed-4a16-9fdb-ae311bba4a0f,12
attack-pattern--191cc6af-1bb2-4344-ab5f-28e496638720,5
attack-pattern--191cc6af-1bb2-4344-ab5f-28e496638720,12
attack-pattern--191cc6af-1bb2-4344-ab5f-28e496638720,11
attack-pattern--19401639-28d0-4c3c-adcc-bc2ba22f6421,9
attack-pattern--197ef1b9-e764-46c3-b96c-23f77985dc81,9
attack-pattern--1988cc35-ced8-4dad-b2d1-7628488fa967,5
attack-pattern--1988cc35-ced8-4dad-b2d1-7628488fa967,12
attack-pattern--1988cc35-ced8-4dad-b2d1-7628488fa967,11
attack-pattern--1988cc35-ced8-4dad-b2d1-7628488fa967,6
attack-pattern--1996eef1-ced3-4d7f-bf94-33298cabbf72,2
attack-pattern--1996eef1-ced3-4d7f-bf94-33298cabbf72,5
attack-pattern--1996eef1-ced3-4d7f-bf94-33298cabbf72,12
attack-pattern--1996eef1-ced3-4d7f-bf94-33298cabbf72,6
attack-pattern--1996eef1-ced3-4d7f-bf94-33298cabbf72,11
attack-pattern--19bf235b-8620-4997-b5b4-94e0659ed7c3,3
attack-pattern--1a80d097-54df-41d8-9d33-34e755ec5e72,5
attack-pattern--1a80d097-54df-41d8-9d33-34e755ec5e72,12
attack-pattern--1b20efbf-8063-4fc3-a07d-b575318a301b,11
attack-pattern--1b7b1806-7746-41a1-a35d-e48dae25ddba,5
attack-pattern--1b7b1806-7746-41a1-a35d-e48dae25ddba,11
attack-pattern--1b7ba276-eedc-4951-a762-0ceea2c030ec,5
attack-pattern--1b7ba276-eedc-4951-a762-0ceea2c030ec,12
attack-pattern--1b7ba276-eedc-4951-a762-0ceea2c030ec,11
attack-pattern--1b84d551-6de8-4b96-9930-d177677c3b1d,12
attack-pattern--1b84d551-6de8-4b96-9930-d177677c3b1d,11
attack-pattern--1bae753e-8e52-4055-a66d-2ead90303ca9,11
attack-pattern--1c2fd73a-e634-44ed-b1b5-9e7cf7404e9f,3
attack-pattern--1c338d0f-a65e-4073-a5c1-c06878849f21,11
attack-pattern--1c34f7aa-9341-4a48-bfab-af22e51aca6c,2
attack-pattern--1c34f7aa-9341-4a48-bfab-af22e51aca6c,5
attack-pattern--1c34f7aa-9341-4a48-bfab-af22e51aca6c,12
attack-pattern--1c34f7aa-9341-4a48-bfab-af22e51aca6c,11
attack-pattern--1c4e5d32-1fe9-4116-9d9d-59e3925bd6a2,1
attack-pattern--1c4e5d32-1fe9-4116-9d9d-59e3925bd6a2,2
attack-pattern--1c4e5d32-1fe9-4116-9d9d-59e3925bd6a2,5
attack-pattern--1c4e5d32-1fe9-4116-9d9d-59e3925bd6a2,12
attack-pattern--1c4e5d32-1fe9-4116-9d9d-59e3925bd6a2,11
attack-pattern--1ce03c65-5946-4ac9-9d4d-66db87e024bd,5
attack-pattern--1ce03c65-5946-4ac9-9d4d-66db87e024bd,12
attack-pattern--1ce03c65-5946-4ac9-9d4d-66db87e024bd,11
attack-pattern--1cec9319-743b-4840-bb65-431547bce82a,9
attack-pattern--1cfcb312-b8d7-47a4-b560-4b16cc677292,5
attack-pattern--1cfcb312-b8d7-47a4-b560-4b16cc677292,12
attack-pattern--1cfcb312-b8d7-47a4-b560-4b16cc677292,11
attack-pattern--1d24cdee-9ea2-4189-b08e-af110bf2435d,4
attack-pattern--1d24cdee-9ea2-4189-b08e-af110bf2435d,5
attack-pattern--1d24cdee-9ea2-4189-b08e-af110bf2435d,12
attack-pattern--1d24cdee-9ea2-4189-b08e-af110bf2435d,6
attack-pattern--1d24cdee-9ea2-4189-b08e-af110bf2435d,8
attack-pattern--1d24cdee-9ea2-4189-b08e-af110bf2435d,11
attack-pattern--1df0326d-2fbc-4d08-a16b-48365f1e742d,11
attack-pattern--1e9eb839-294b-48cc-b0d3-c45555a2a004,11
attack-pattern--1eaebf46-e361-4437-bc23-d5d65a3b92e3,12
attack-pattern--1ecb2399-e8ba-4f6b-8ba7-5c27d49405cf,5
attack-pattern--1ecb2399-e8ba-4f6b-8ba7-5c27d49405cf,12
attack-pattern--1ecb2399-e8ba-4f6b-8ba7-5c27d49405cf,11
attack-pattern--1ecb2399-e8ba-4f6b-8ba7-5c27d49405cf,6
attack-pattern--1ecfdab8-7d59-4c98-95d4-dc41970f57fc,11
attack-pattern--1f47e2fd-fa77-4f2f-88ee-e85df308f125,11
attack-pattern--1f9012ef-1e10-4e48-915e-e03563435fe8,6
attack-pattern--1f9c2bae-b441-4f66-a8af-b65946ee72f2,10
attack-pattern--1f9c2bae-b441-4f66-a8af-b65946ee72f2,11
attack-pattern--1f9c2bae-b441-4f66-a8af-b65946ee72f2,3
attack-pattern--1f9c2bae-b441-4f66-a8af-b65946ee72f2,8
attack-pattern--1f9c2bae-b441-4f66-a8af-b65946ee72f2,4
attack-pattern--20138b9d-1aac-4a26-8654-a36b6bbf2bba,11
attack-pattern--20138b9d-1aac-4a26-8654-a36b6bbf2bba,12
attack-pattern--20138b9d-1aac-4a26-8654-a36b6bbf2bba,5
attack-pattern--20138b9d-1aac-4a26-8654-a36b6bbf2bba,7
attack-pattern--20138b9d-1aac-4a26-8654-a36b6bbf2bba,10
attack-pattern--208884f1-7b83-4473-ac22-4e1cf6c41471,5
attack-pattern--208884f1-7b83-4473-ac22-4e1cf6c41471,12
attack-pattern--208884f1-7b83-4473-ac22-4e1cf6c41471,11
attack-pattern--20fb2507-d71c-455d-9b6d-6104461cf26b,2
attack-pattern--20fb2507-d71c-455d-9b6d-6104461cf26b,3
attack-pattern--20fb2507-d71c-455d-9b6d-6104461cf26b,5
attack-pattern--20fb2507-d71c-455d-9b6d-6104461cf26b,12
attack-pattern--20fb2507-d71c-455d-9b6d-6104461cf26b,11
attack-pattern--212306d8-efa4-44c9-8c2d-ed3d2e224aa0,9
attack-pattern--215190a9-9f02-4e83-bb5f-e0589965a302,11
attack-pattern--215d9700-5881-48b8-8265-6449dbb7195d,5
attack-pattern--215d9700-5881-48b8-8265-6449dbb7195d,12
attack-pattern--215d9700-5881-48b8-8265-6449dbb7195d,11
attack-pattern--2169ba87-1146-4fc7-a118-12b72251db7e,5
attack-pattern--2169ba87-1146-4fc7-a118-12b72251db7e,12
attack-pattern--21875073-b0ee-49e3-9077-1e2a885359af,5
attack-pattern--21875073-b0ee-49e3-9077-1e2a885359af,12
attack-pattern--21875073-b0ee-49e3-9077-1e2a885359af,11
attack-pattern--22522668-ddf6-470b-a027-9d6866679f67,11
attack-pattern--22905430-4901-4c2a-84f6-98243cb173f8,2
attack-pattern--22905430-4901-4c2a-84f6-98243cb173f8,5
attack-pattern--22905430-4901-4c2a-84f6-98243cb173f8,12
attack-pattern--22905430-4901-4c2a-84f6-98243cb173f8,8
attack-pattern--22905430-4901-4c2a-84f6-98243cb173f8,11
attack-pattern--232a7e42-cd6e-4902-8fe9-2960f529dd4d,11
attack-pattern--232b7f21-adf9-4b42-b936-b9d6f7df856e,5
attack-pattern--232b7f21-adf9-4b42-b936-b9d6f7df856e,12
attack-pattern--232b7f21-adf9-4b42-b936-b9d6f7df856e,11
attack-pattern--2339cf19-8f1e-48f7-8a91-0262ba547b6f,9
attack-pattern--23d69d00-80c4-42ff-9dac-dbd0459dad75,5
attack-pattern--241814ae-de3f-4656-b49e-f9a80764d4b7,12
attack-pattern--241814ae-de3f-4656-b49e-f9a80764d4b7,11
attack-pattern--241f9ea8-f6ae-4f38-92f5-cef5b7e539dd,12
attack-pattern--241f9ea8-f6ae-4f38-92f5-cef5b7e539dd,5
attack-pattern--241f9ea8-f6ae-4f38-92f5-cef5b7e539dd,11
attack-pattern--241f9ea8-f6ae-4f38-92f5-cef5b7e539dd,6
attack-pattern--24286c33-d4a4-4419-85c2-1d094a896c26,9
attack-pattern--246fd3c7-f5e3-466d-8787-4c13d9e3b61c,11
attack-pattern--246fd3c7-f5e3-466d-8787-4c13d9e3b61c,10
attack-pattern--246fd3c7-f5e3-466d-8787-4c13d9e3b61c,5
attack-pattern--246fd3c7-f5e3-466d-8787-4c13d9e3b61c,12
attack-pattern--246fd3c7-f5e3-466d-8787-4c13d9e3b61c,8
attack-pattern--24769ab5-14bd-4f4e-a752-cfb185da53ee,4
attack-pattern--24769ab5-14bd-4f4e-a752-cfb185da53ee,11
attack-pattern--248d3fe1-7fe1-4d71-91c7-8bb7ef35cad3,3
attack-pattern--248d3fe1-7fe1-4d71-91c7-8bb7ef35cad3,5
attack-pattern--248d3fe1-7fe1-4d71-91c7-8bb7ef35cad3,12
attack-pattern--248d3fe1-7fe1-4d71-91c7-8bb7ef35cad3,10
attack-pattern--248d3fe1-7fe1-4d71-91c7-8bb7ef35cad3,11
attack-pattern--24bfaeba-cb0d-4525-b3dc-507c77ecec41,2
attack-pattern--24bfaeba-cb0d-4525-b3dc-507c77ecec41,5
attack-pattern--24bfaeba-cb0d-4525-b3dc-507c77ecec41,12
attack-pattern--24bfaeba-cb0d-4525-b3dc-507c77ecec41,6
attack-pattern--24bfaeba-cb0d-4525-b3dc-507c77ecec41,11
attack-pattern--25659dd6-ea12-45c4-97e6-381e3e4b593e,2
attack-pattern--25659dd6-ea12-45c4-97e6-381e3e4b593e,5
attack-pattern--25659dd6-ea12-45c4-97e6-381e3e4b593e,12
attack-pattern--25659dd6-ea12-45c4-97e6-381e3e4b593e,11
attack-pattern--2715c335-1bf2-4efe-9f18-0691317ff83b,12
attack-pattern--274770e0-2612-4ccf-a678-ef8e7bad365d,9
attack-pattern--278716b1-61ce-4a74-8d17-891d0c494101,5
attack-pattern--278716b1-61ce-4a74-8d17-891d0c494101,11
attack-pattern--278716b1-61ce-4a74-8d17-891d0c494101,12
attack-pattern--27960489-4e7f-461d-a62a-f5c0cb521e4a,10
attack-pattern--27960489-4e7f-461d-a62a-f5c0cb521e4a,7
attack-pattern--28170e17-8384-415c-8486-2e6b294cb803,11
attack-pattern--2892b9ee-ca9f-4723-b332-0dc6e843a8ae,11
attack-pattern--28abec6c-4443-4b03-8206-07f2e264a6b4,6
attack-pattern--291ede6c-1473-454c-b614-5ac5ea63c987,11
attack-pattern--2959d63f-73fd-46a1-abd2-109d7dcede32,11
attack-pattern--29ba5a15-3b7b-4732-b817-65ea8f6468e6,5
attack-pattern--29ba5a15-3b7b-4732-b817-65ea8f6468e6,12
attack-pattern--29ba5a15-3b7b-4732-b817-65ea8f6468e6,11
attack-pattern--29ba5a15-3b7b-4732-b817-65ea8f6468e6,2
attack-pattern--29be378d-262d-4e99-b00d-852d573628e6,5
attack-pattern--29be378d-262d-4e99-b00d-852d573628e6,12
attack-pattern--29be378d-262d-4e99-b00d-852d573628e6,11
attack-pattern--2acf44aa-542f-4366-b4eb-55ef5747759c,5
attack-pattern--2acf44aa-542f-4366-b4eb-55ef5747759c,12
attack-pattern--2acf44aa-542f-4366-b4eb-55ef5747759c,2
attack-pattern--2aed01ad-3df3-4410-a8cb-11ea4ded587c,5
attack-pattern--2aed01ad-3df3-4410-a8cb-11ea4ded587c,12
attack-pattern--2aed01ad-3df3-4410-a8cb-11ea4ded587c,11
attack-pattern--2b5aa86b-a0df-4382-848d-30abea443327,9
attack-pattern--2b742742-28c3-4e1b-bab7-8350d6300fa7,4
attack-pattern--2b742742-28c3-4e1b-bab7-8350d6300fa7,5
attack-pattern--2b742742-28c3-4e1b-bab7-8350d6300fa7,12
attack-pattern--2b742742-28c3-4e1b-bab7-8350d6300fa7,8
attack-pattern--2b742742-28c3-4e1b-bab7-8350d6300fa7,10
attack-pattern--2b742742-28c3-4e1b-bab7-8350d6300fa7,11
attack-pattern--2ba5aa71-9d15-4b22-b726-56af06d9ad2f,12
attack-pattern--2bce5b30-7014-4a5d-ade7-12913fe6ac36,5
attack-pattern--2bce5b30-7014-4a5d-ade7-12913fe6ac36,12
attack-pattern--2bee5ffb-7a7a-4119-b1f2-158151b19ac0,11
attack-pattern--2bee5ffb-7a7a-4119-b1f2-158151b19ac0,3
attack-pattern--2bee5ffb-7a7a-4119-b1f2-158151b19ac0,5
attack-pattern--2bee5ffb-7a7a-4119-b1f2-158151b19ac0,12
attack-pattern--2c4d4e92-0ccf-4a97-b54c-86d662988a53,11
attack-pattern--2c4d4e92-0ccf-4a97-b54c-86d662988a53,8
attack-pattern--2cd950a6-16c4-404a-aa01-044322395107,11
attack-pattern--2d3f5b3c-54ca-4f4d-bb1f-849346d31230,9
attack-pattern--2db31dcd-54da-405d-acef-b9129b816ed6,2
attack-pattern--2db31dcd-54da-405d-acef-b9129b816ed6,5
attack-pattern--2db31dcd-54da-405d-acef-b9129b816ed6,12
attack-pattern--2dbbdcd5-92cf-44c0-aea2-fe24783a6bc3,3
attack-pattern--2dbbdcd5-92cf-44c0-aea2-fe24783a6bc3,4
attack-pattern--2dbbdcd5-92cf-44c0-aea2-fe24783a6bc3,8
attack-pattern--2dbbdcd5-92cf-44c0-aea2-fe24783a6bc3,10
attack-pattern--2de47683-f398-448f-b947-9abcc3e32fad,11
attack-pattern--2e0dd10b-676d-4964-acd0-8a404c92b044,5
attack-pattern--2e0dd10b-676d-4964-acd0-8a404c92b044,12
attack-pattern--2e0dd10b-676d-4964-acd0-8a404c92b044,11
attack-pattern--2e114e45-2c50-404c-804a-3af9564d240e,11
attack-pattern--2e114e45-2c50-404c-804a-3af9564d240e,12
attack-pattern--2e114e45-2c50-404c-804a-3af9564d240e,5
attack-pattern--2e34237d-8574-43f6-aace-ae2915de8597,5
attack-pattern--2e34237d-8574-43f6-aace-ae2915de8597,12
attack-pattern--2e34237d-8574-43f6-aace-ae2915de8597,11
attack-pattern--2edd9d6a-5674-4326-a600-ba56de467286,11
attack-pattern--2f41939b-54c3-41d6-8f8b-35f1ec18ed97,5
attack-pattern--2f41939b-54c3-41d6-8f8b-35f1ec18ed97,12
attack-pattern--2f41939b-54c3-41d6-8f8b-35f1ec18ed97,6
attack-pattern--2f41939b-54c3-41d6-8f8b-35f1ec18ed97,11
attack-pattern--2f6b4ed7-fef1-44ba-bcb8-1b4beb610b64,11
attack-pattern--2fee9321-3e71-4cf4-af24-d4d40d355b34,11
attack-pattern--30208d3e-0d6b-43c8-883e-44462a514619,3
attack-pattern--30208d3e-0d6b-43c8-883e-44462a514619,5
attack-pattern--30208d3e-0d6b-43c8-883e-44462a514619,12
attack-pattern--30208d3e-0d6b-43c8-883e-44462a514619,8
attack-pattern--30208d3e-0d6b-43c8-883e-44462a514619,10
attack-pattern--30208d3e-0d6b-43c8-883e-44462a514619,11
attack-pattern--30904c16-39f9-41c6-b01a-500eb8878442,12
attack-pattern--30904c16-39f9-41c6-b01a-500eb8878442,11
attack-pattern--30904c16-39f9-41c6-b01a-500eb8878442,5
attack-pattern--30973a08-aed9-4edf-8604-9084ce1b5c4f,5
attack-pattern--30973a08-aed9-4edf-8604-9084ce1b5c4f,12
attack-pattern--30973a08-aed9-4edf-8604-9084ce1b5c4f,11
attack-pattern--3120b9fa-23b8-4500-ae73-09494f607b7d,5
attack-pattern--31225cd3-cd46-4575-b287-c2c14011c074,9
attack-pattern--315f51f0-6b03-4c1e-bfb2-84740afb8e21,5
attack-pattern--315f51f0-6b03-4c1e-bfb2-84740afb8e21,12
attack-pattern--315f51f0-6b03-4c1e-bfb2-84740afb8e21,11
attack-pattern--317fefa6-46c7-4062-adb6-2008cf6bcb41,11
attack-pattern--31a0a2ac-c67c-4a7e-b9ed-6a96477d4e8e,12
attack-pattern--31e5011f-090e-45be-9bb6-17a1c5e8219b,2
attack-pattern--31fe0ba2-62fd-4fd9-9293-4043d84f7fe9,9
attack-pattern--322bad5a-1c49-4d23-ab79-76d641794afa,5
attack-pattern--322bad5a-1c49-4d23-ab79-76d641794afa,12
attack-pattern--322bad5a-1c49-4d23-ab79-76d641794afa,11
attack-pattern--3257eb21-f9a7-4430-8de1-d8b6e288f529,3
attack-pattern--3257eb21-f9a7-4430-8de1-d8b6e288f529,5
attack-pattern--3257eb21-f9a7-4430-8de1-d8b6e288f529,12
attack-pattern--3257eb21-f9a7-4430-8de1-d8b6e288f529,6
attack-pattern--3257eb21-f9a7-4430-8de1-d8b6e288f529,11
attack-pattern--327f3cc5-eea1-42d4-a6cd-ed34b7ce8f61,5
attack-pattern--327f3cc5-eea1-42d4-a6cd-ed34b7ce8f61,12
attack-pattern--327f3cc5-eea1-42d4-a6cd-ed34b7ce8f61,11
attack-pattern--32901740-b42c-4fdd-bc02-345b5dc57082,12
attack-pattern--32901740-b42c-4fdd-bc02-345b5dc57082,11
attack-pattern--3298ce88-1628-43b1-87d9-0b5336b193d7,3
attack-pattern--3298ce88-1628-43b1-87d9-0b5336b193d7,8
attack-pattern--3298ce88-1628-43b1-87d9-0b5336b193d7,10
attack-pattern--32ad5c86-2bcf-47d8-8fdc-d7f3d79a7490,5
attack-pattern--32ad5c86-2bcf-47d8-8fdc-d7f3d79a7490,12
attack-pattern--32ad5c86-2bcf-47d8-8fdc-d7f3d79a7490,11
attack-pattern--341e222a-a6e3-4f6f-b69c-831d792b1580,11
attack-pattern--3489cfc5-640f-4bb3-a103-9137b97de79f,5
attack-pattern--3489cfc5-640f-4bb3-a103-9137b97de79f,12
attack-pattern--3489cfc5-640f-4bb3-a103-9137b97de79f,11
attack-pattern--348f1eef-964b-4eb6-bb53-69b3dcb0c643,5
attack-pattern--348f1eef-964b-4eb6-bb53-69b3dcb0c643,12
attack-pattern--348f1eef-964b-4eb6-bb53-69b3dcb0c643,11
attack-pattern--34a80bc4-80f2-46e6-94ff-f3265a4b657c,5
attack-pattern--34a80bc4-80f2-46e6-94ff-f3265a4b657c,12
attack-pattern--34ab90a3-05f6-4259-8f21-621081fdaba5,9
attack-pattern--34b3f738-bd64-40e5-a112-29b0542bc8bf,9
attack-pattern--34e793de-0274-4982-9c1a-246ed1c19dee,11
attack-pattern--34f1d81d-fe88-4f97-bd3b-a3164536255d,11
attack-pattern--34f1d81d-fe88-4f97-bd3b-a3164536255d,8
attack-pattern--34ff60a3-a3f8-42e4-bed0-af9a2cb563d7,3
attack-pattern--34ff60a3-a3f8-42e4-bed0-af9a2cb563d7,10
attack-pattern--34ff60a3-a3f8-42e4-bed0-af9a2cb563d7,4
attack-pattern--34ff60a3-a3f8-42e4-bed0-af9a2cb563d7,8
attack-pattern--35187df2-31ed-43b6-a1f5-2f1d3d58d3f1,5
attack-pattern--35187df2-31ed-43b6-a1f5-2f1d3d58d3f1,11
attack-pattern--354a7f88-63fb-41b5-a801-ce3b377b36f1,2
attack-pattern--354a7f88-63fb-41b5-a801-ce3b377b36f1,3
attack-pattern--354a7f88-63fb-41b5-a801-ce3b377b36f1,5
attack-pattern--354a7f88-63fb-41b5-a801-ce3b377b36f1,12
attack-pattern--354a7f88-63fb-41b5-a801-ce3b377b36f1,6
attack-pattern--354a7f88-63fb-41b5-a801-ce3b377b36f1,11
attack-pattern--355be19c-ffc9-46d5-8d50-d6a036c675b6,5
attack-pattern--355be19c-ffc9-46d5-8d50-d6a036c675b6,12
attack-pattern--355be19c-ffc9-46d5-8d50-d6a036c675b6,11
attack-pattern--355be19c-ffc9-46d5-8d50-d6a036c675b6,6
attack-pattern--355be19c-ffc9-46d5-8d50-d6a036c675b6,2
attack-pattern--356662f7-e315-4759-86c9-6214e2a50ff8,11
attack-pattern--359b00ad-9425-420b-bba5-6de8d600cbc0,2
attack-pattern--359b00ad-9425-420b-bba5-6de8d600cbc0,3
attack-pattern--359b00ad-9425-420b-bba5-6de8d600cbc0,5
attack-pattern--359b00ad-9425-420b-bba5-6de8d600cbc0,12
attack-pattern--359b00ad-9425-420b-bba5-6de8d600cbc0,11
attack-pattern--35d30338-5bfa-41b0-a170-ec06dfd75f64,1
attack-pattern--35dd844a-b219-4e2b-a6bb-efa9a75995a9,1
attack-pattern--35dd844a-b219-4e2b-a6bb-efa9a75995a9,2
attack-pattern--35dd844a-b219-4e2b-a6bb-efa9a75995a9,5
attack-pattern--35dd844a-b219-4e2b-a6bb-efa9a75995a9,12
attack-pattern--35dd844a-b219-4e2b-a6bb-efa9a75995a9,6
attack-pattern--35dd844a-b219-4e2b-a6bb-efa9a75995a9,11
attack-pattern--365be77f-fc0e-42ee-bac8-4faf806d9336,11
attack-pattern--36675cd3-fe00-454c-8516-aebecacbe9d9,12
attack-pattern--36aa137f-5166-41f8-b2f0-a4cfa1b4133e,9
attack-pattern--36b2a1d7-e09e-49bf-b45e-477076c2ec01,11
attack-pattern--36b2a1d7-e09e-49bf-b45e-477076c2ec01,3
attack-pattern--36b2a1d7-e09e-49bf-b45e-477076c2ec01,5
attack-pattern--36b2a1d7-e09e-49bf-b45e-477076c2ec01,12
attack-pattern--3731fbcd-0e43-47ae-ae6c-d15e510f0d42,11
attack-pattern--379809f6-2fac-42c1-bd2e-e9dee70b27f8,11
attack-pattern--37b11151-1776-4f8f-b328-30939fbf2ceb,12
attack-pattern--389735f1-f21c-4208-b8f0-f8031e7169b8,5
attack-pattern--389735f1-f21c-4208-b8f0-f8031e7169b8,12
attack-pattern--389735f1-f21c-4208-b8f0-f8031e7169b8,11
attack-pattern--38eb0c22-6caf-46ce-8869-5964bd735858,11
attack-pattern--38eb0c22-6caf-46ce-8869-5964bd735858,3
attack-pattern--38eb0c22-6caf-46ce-8869-5964bd735858,5
attack-pattern--38eb0c22-6caf-46ce-8869-5964bd735858,12
attack-pattern--39131305-9282-45e4-ac3b-591d2d4fc3ef,5
attack-pattern--39131305-9282-45e4-ac3b-591d2d4fc3ef,12
attack-pattern--39131305-9282-45e4-ac3b-591d2d4fc3ef,11
attack-pattern--391d824f-0ef1-47a0-b0ee-c59a75e27670,5
attack-pattern--391d824f-0ef1-47a0-b0ee-c59a75e27670,12
attack-pattern--391d824f-0ef1-47a0-b0ee-c59a75e27670,11
attack-pattern--394220d9-8efc-4252-9040-664f7b115be6,5
attack-pattern--394220d9-8efc-4252-9040-664f7b115be6,12
attack-pattern--3975dbb5-0e1e-4f5b-bae1-cf2ab84b46dc,5
attack-pattern--3975dbb5-0e1e-4f5b-bae1-cf2ab84b46dc,12
attack-pattern--3975dbb5-0e1e-4f5b-bae1-cf2ab84b46dc,11
attack-pattern--3975dbb5-0e1e-4f5b-bae1-cf2ab84b46dc,6
attack-pattern--3986e7fd-a8e9-4ecb-bfc6-55920855912b,11
attack-pattern--39a130e1-6ab7-434a-8bd2-418e7d9d6427,11
attack-pattern--39cc9f64-cf74-4a48-a4d8-fe98c54a02e0,9
attack-pattern--3a32740a-11b0-4bcf-b0a9-3abd0f6d3cd5,11
attack-pattern--3a40f208-a9c1-4efa-a598-4003c3681fb8,6
attack-pattern--3aef9463-9a7a-43ba-8957-a867e07c1e6a,2
attack-pattern--3aef9463-9a7a-43ba-8957-a867e07c1e6a,5
attack-pattern--3aef9463-9a7a-43ba-8957-a867e07c1e6a,12
attack-pattern--3aef9463-9a7a-43ba-8957-a867e07c1e6a,6
attack-pattern--3aef9463-9a7a-43ba-8957-a867e07c1e6a,11
attack-pattern--3b0e52ce-517a-4614-a523-1bd5deef6c5e,11
attack-pattern--3b3cbbe0-6ed3-4334-b543-3ddfd8c5642d,5
attack-pattern--3b3cbbe0-6ed3-4334-b543-3ddfd8c5642d,12
attack-pattern--3b3cbbe0-6ed3-4334-b543-3ddfd8c5642d,11
attack-pattern--3b4121aa-fc8b-40c8-ac4f-afcb5838b72c,3
attack-pattern--3b744087-9945-4a6f-91e8-9dbceda417a4,11
attack-pattern--3c4a2599-71ee-4405-ba1e-0e28414b4bc5,2
attack-pattern--3c4a2599-71ee-4405-ba1e-0e28414b4bc5,5
attack-pattern--3c4a2599-71ee-4405-ba1e-0e28414b4bc5,12
attack-pattern--3c4a2599-71ee-4405-ba1e-0e28414b4bc5,6
attack-pattern--3c4a2599-71ee-4405-ba1e-0e28414b4bc5,11
attack-pattern--3ccef7ae-cb5e-48f6-8302-897105fbf55c,2
attack-pattern--3ccef7ae-cb5e-48f6-8302-897105fbf55c,5
attack-pattern--3ccef7ae-cb5e-48f6-8302-897105fbf55c,12
attack-pattern--3ccef7ae-cb5e-48f6-8302-897105fbf55c,11
attack-pattern--3d1b9d7e-3921-4d25-845a-7d9f15c0da44,11
attack-pattern--3d1b9d7e-3921-4d25-845a-7d9f15c0da44,8
attack-pattern--3d333250-30e4-4a82-9edc-756c68afc529,11
attack-pattern--3d333250-30e4-4a82-9edc-756c68afc529,3
attack-pattern--3d333250-30e4-4a82-9edc-756c68afc529,5
attack-pattern--3d333250-30e4-4a82-9edc-756c68afc529,12
attack-pattern--3d333250-30e4-4a82-9edc-756c68afc529,1
attack-pattern--3d333250-30e4-4a82-9edc-756c68afc529,6
attack-pattern--3d333250-30e4-4a82-9edc-756c68afc529,4
attack-pattern--3d333250-30e4-4a82-9edc-756c68afc529,8
attack-pattern--3d333250-30e4-4a82-9edc-756c68afc529,2
attack-pattern--3d52e51e-f6db-4719-813c-48002a99f43a,9
attack-pattern--3dc8c101-d4db-4f4d-8150-1b5a76ca5f1b,9
attack-pattern--3e6831b2-bf4c-4ae6-b328-2e7c6633b291,11
attack-pattern--3e6831b2-bf4c-4ae6-b328-2e7c6633b291,12
attack-pattern--3e6831b2-bf4c-4ae6-b328-2e7c6633b291,5
attack-pattern--3ee16395-03f0-4690-a32e-69ce9ada0f9e,9
attack-pattern--3f18edba-28f4-4bb9-82c3-8aa60dcac5f7,5
attack-pattern--3f18edba-28f4-4bb9-82c3-8aa60dcac5f7,11
attack-pattern--3f18edba-28f4-4bb9-82c3-8aa60dcac5f7,12
attack-pattern--3f18edba-28f4-4bb9-82c3-8aa60dcac5f7,10
attack-pattern--3f886f2a-874f-4333-b794-aa6075009b1c,1
attack-pattern--3f886f2a-874f-4333-b794-aa6075009b1c,2
attack-pattern--3f886f2a-874f-4333-b794-aa6075009b1c,3
attack-pattern--3f886f2a-874f-4333-b794-aa6075009b1c,5
attack-pattern--3f886f2a-874f-4333-b794-aa6075009b1c,12
attack-pattern--3f886f2a-874f-4333-b794-aa6075009b1c,6
attack-pattern--3f886f2a-874f-4333-b794-aa6075009b1c,11
attack-pattern--3fc01293-ef5e-41c6-86ce-61f10706b64a,5
attack-pattern--3fc01293-ef5e-41c6-86ce-61f10706b64a,12
attack-pattern--3fc01293-ef5e-41c6-86ce-61f10706b64a,11
attack-pattern--3fc9b85a-2862-4363-a64d-d692e3ffbee0,3
attack-pattern--3fc9b85a-2862-4363-a64d-d692e3ffbee0,5
attack-pattern--3fc9b85a-2862-4363-a64d-d692e3ffbee0,12
attack-pattern--3fc9b85a-2862-4363-a64d-d692e3ffbee0,11
attack-pattern--40597f16-0963-4249-bf4c-ac93b7fb9807,2
attack-pattern--40597f16-0963-4249-bf4c-ac93b7fb9807,5
attack-pattern--40597f16-0963-4249-bf4c-ac93b7fb9807,12
attack-pattern--40597f16-0963-4249-bf4c-ac93b7fb9807,8
attack-pattern--40597f16-0963-4249-bf4c-ac93b7fb9807,10
attack-pattern--40597f16-0963-4249-bf4c-ac93b7fb9807,11
attack-pattern--4061e78c-1284-44b4-9116-73e4ac3912f7,5
attack-pattern--4061e78c-1284-44b4-9116-73e4ac3912f7,12
attack-pattern--4061e78c-1284-44b4-9116-73e4ac3912f7,11
attack-pattern--40f5caa0-4cb7-4117-89fc-d421bb493df3,9
attack-pattern--41868330-6ee2-4d0f-b743-9f2294c3c9b6,5
attack-pattern--41868330-6ee2-4d0f-b743-9f2294c3c9b6,12
attack-pattern--41868330-6ee2-4d0f-b743-9f2294c3c9b6,11
attack-pattern--41d9846c-f6af-4302-a654-24bba2729bc6,11
attack-pattern--41e4d77a-6275-4976-9e35-785985598519,5
attack-pattern--41e4d77a-6275-4976-9e35-785985598519,12
attack-pattern--41e4d77a-6275-4976-9e35-785985598519,8
attack-pattern--41e4d77a-6275-4976-9e35-785985598519,10
attack-pattern--41e4d77a-6275-4976-9e35-785985598519,11
attack-pattern--428ca9f8-0e33-442a-be87-f869cb4cf73e,5
attack-pattern--428ca9f8-0e33-442a-be87-f869cb4cf73e,12
attack-pattern--428ca9f8-0e33-442a-be87-f869cb4cf73e,11
attack-pattern--42e8de7b-37b2-4258-905a-6897815e58e0,1
attack-pattern--42e8de7b-37b2-4258-905a-6897815e58e0,2
attack-pattern--42e8de7b-37b2-4258-905a-6897815e58e0,5
attack-pattern--42e8de7b-37b2-4258-905a-6897815e58e0,12
attack-pattern--42e8de7b-37b2-4258-905a-6897815e58e0,11
attack-pattern--42fe883a-21ea-4cfb-b94a-78b6476dcc83,11
attack-pattern--435dfb86-2697-4867-85b5-2fef496c0517,11
attack-pattern--435dfb86-2697-4867-85b5-2fef496c0517,10
attack-pattern--435dfb86-2697-4867-85b5-2fef496c0517,3
attack-pattern--435dfb86-2697-4867-85b5-2fef496c0517,5
attack-pattern--435dfb86-2697-4867-85b5-2fef496c0517,12
attack-pattern--435dfb86-2697-4867-85b5-2fef496c0517,1
attack-pattern--435dfb86-2697-4867-85b5-2fef496c0517,6
attack-pattern--435dfb86-2697-4867-85b5-2fef496c0517,8
attack-pattern--435dfb86-2697-4867-85b5-2fef496c0517,4
attack-pattern--43881e51-ac74-445b-b4c6-f9f9e9bf23fe,11
attack-pattern--438c967d-3996-4870-bfc2-3954752a1927,5
attack-pattern--438c967d-3996-4870-bfc2-3954752a1927,12
attack-pattern--438c967d-3996-4870-bfc2-3954752a1927,8
attack-pattern--438c967d-3996-4870-bfc2-3954752a1927,11
attack-pattern--43ba2b05-cf72-4b6c-8243-03a4aba41ee0,12
attack-pattern--43c9bc06-715b-42db-972f-52d25c09a20c,5
attack-pattern--43c9bc06-715b-42db-972f-52d25c09a20c,12
attack-pattern--43c9bc06-715b-42db-972f-52d25c09a20c,11
attack-pattern--43e7dc91-05b2-474c-b9ac-2ed4fe101f4d,5
attack-pattern--43e7dc91-05b2-474c-b9ac-2ed4fe101f4d,12
attack-pattern--43e7dc91-05b2-474c-b9ac-2ed4fe101f4d,11
attack-pattern--43f2776f-b4bd-4118-94b8-fee47e69676d,2
attack-pattern--43f2776f-b4bd-4118-94b8-fee47e69676d,5
attack-pattern--43f2776f-b4bd-4118-94b8-fee47e69676d,12
attack-pattern--43f2776f-b4bd-4118-94b8-fee47e69676d,8
attack-pattern--43f2776f-b4bd-4118-94b8-fee47e69676d,10
attack-pattern--43f2776f-b4bd-4118-94b8-fee47e69676d,11
attack-pattern--44dca04b-808d-46ca-b25f-d85236d4b9f8,5
attack-pattern--44dca04b-808d-46ca-b25f-d85236d4b9f8,12
attack-pattern--451a9977-d255-43c9-b431-66de80130c8c,5
attack-pattern--451a9977-d255-43c9-b431-66de80130c8c,12
attack-pattern--451a9977-d255-43c9-b431-66de80130c8c,6
attack-pattern--451a9977-d255-43c9-b431-66de80130c8c,11
attack-pattern--45241b9e-9bbc-4826-a2cc-78855e51ca09,3
attack-pattern--4579d9c9-d5b9-45e0-9848-0104637b579f,5
attack-pattern--4579d9c9-d5b9-45e0-9848-0104637b579f,12
attack-pattern--4579d9c9-d5b9-45e0-9848-0104637b579f,11
attack-pattern--457c7820-d331-465a-915e-42f85500ccc4,5
attack-pattern--457c7820-d331-465a-915e-42f85500ccc4,12
attack-pattern--457c7820-d331-465a-915e-42f85500ccc4,11
attack-pattern--45d84c8b-c1e2-474d-a14d-69b5de0a2bc0,5
attack-pattern--45d84c8b-c1e2-474d-a14d-69b5de0a2bc0,12
attack-pattern--46944654-fcc1-4f63-9dad-628102376586,11
attack-pattern--478aa214-2ca7-4ec0-9978-18798e514790,11
attack-pattern--47f2d673-ca62-47e9-929b-1b0be9657611,2
attack-pattern--47f2d673-ca62-47e9-929b-1b0be9657611,5
attack-pattern--47f2d673-ca62-47e9-929b-1b0be9657611,12
attack-pattern--47f2d673-ca62-47e9-929b-1b0be9657611,11
attack-pattern--48b836c6-e4ca-435a-82a3-29c03e5b492e,6
attack-pattern--4933e63b-9b77-476e-ab29-761bc5b7d15a,5
attack-pattern--4933e63b-9b77-476e-ab29-761bc5b7d15a,12
attack-pattern--4933e63b-9b77-476e-ab29-761bc5b7d15a,11
attack-pattern--494ab9f0-36e0-4b06-b10d-57285b040a06,5
attack-pattern--494ab9f0-36e0-4b06-b10d-57285b040a06,11
attack-pattern--494ab9f0-36e0-4b06-b10d-57285b040a06,12
attack-pattern--49fca0d2-685d-41eb-8bd4-05451cc3a742,5
attack-pattern--49fca0d2-685d-41eb-8bd4-05451cc3a742,12
attack-pattern--49fca0d2-685d-41eb-8bd4-05451cc3a742,11
attack-pattern--4a2975db-414e-4c0c-bd92-775987514b4b,5
attack-pattern--4a2975db-414e-4c0c-bd92-775987514b4b,12
attack-pattern--4a2975db-414e-4c0c-bd92-775987514b4b,11
attack-pattern--4a5b7ade-8bb5-4853-84ed-23f262002665,11
attack-pattern--4a5b7ade-8bb5-4853-84ed-23f262002665,5
attack-pattern--4a5b7ade-8bb5-4853-84ed-23f262002665,1
attack-pattern--4a5b7ade-8bb5-4853-84ed-23f262002665,2
attack-pattern--4a6cfdae-1417-40c7-a84e-f59d21c58266,11
attack-pattern--4a6cfdae-1417-40c7-a84e-f59d21c58266,12
attack-pattern--4a6cfdae-1417-40c7-a84e-f59d21c58266,5
attack-pattern--4ab929c6-ee2d-4fb5-aab4-b14be2ed7179,11
attack-pattern--4ae4f953-fe58-4cc8-a327-33257e30a830,5
attack-pattern--4ae4f953-fe58-4cc8-a327-33257e30a830,12
attack-pattern--4ae4f953-fe58-4cc8-a327-33257e30a830,11
attack-pattern--4b46767d-4a61-4f30-995e-c19a75c2e536,5
attack-pattern--4b74a1d4-b0e9-4ef1-93f1-14ecc6e2f5b5,5
attack-pattern--4b74a1d4-b0e9-4ef1-93f1-14ecc6e2f5b5,12
attack-pattern--4b74a1d4-b0e9-4ef1-93f1-14ecc6e2f5b5,11
attack-pattern--4bc31b94-045b-4752-8920-aebaebdb6470,11
attack-pattern--4bc31b94-045b-4752-8920-aebaebdb6470,8
attack-pattern--4be89c7c-ace6-4876-9377-c8d54cef3d63,11
attack-pattern--4bed873f-0b7d-41d4-b93a-b6905d1f90b0,5
attack-pattern--4bed873f-0b7d-41d4-b93a-b6905d1f90b0,12
attack-pattern--4bed873f-0b7d-41d4-b93a-b6905d1f90b0,11
attack-pattern--4bf5845d-a814-4490-bc5c-ccdee6043025,11
attack-pattern--4cbc6a62-9e34-4f94-8a19-5c1a11392a49,11
attack-pattern--4d2a5b3e-340d-4600-9123-309dd63c9bf8,5
attack-pattern--4d2a5b3e-340d-4600-9123-309dd63c9bf8,12
attack-pattern--4eb28bed-d11a-4641-9863-c2ac017d910a,11
attack-pattern--4eeaf8a9-c86b-4954-a663-9555fb406466,5
attack-pattern--4eeaf8a9-c86b-4954-a663-9555fb406466,12
attack-pattern--4eeaf8a9-c86b-4954-a663-9555fb406466,11
attack-pattern--4f9ca633-15c5-463c-9724-bdcd54fde541,11
attack-pattern--4fd8a28b-4b3a-4cd6-a8cf-85ba5f824a7f,3
attack-pattern--4fd8a28b-4b3a-4cd6-a8cf-85ba5f824a7f,1
attack-pattern--4fe28b27-b13c-453e-a386-c2ef362a573b,2
attack-pattern--4fe28b27-b13c-453e-a386-c2ef362a573b,5
attack-pattern--4fe28b27-b13c-453e-a386-c2ef362a573b,12
attack-pattern--4fe28b27-b13c-453e-a386-c2ef362a573b,11
attack-pattern--4ff5d6a8-c062-4c68-a778-36fc5edd564f,11
attack-pattern--4ffc1794-ec3b-45be-9e52-42dbcb2af2de,6
attack-pattern--506f6f49-7045-4156-9007-7474cb44ad6d,9
attack-pattern--5095a853-299c-4876-abd7-ac0050fb5462,11
attack-pattern--514dc7b3-0b80-4382-80a9-2e2d294f5019,5
attack-pattern--514ede4c-78b3-4d78-a38b-daddf6217a79,11
attack-pattern--519630c5-f03f-4882-825c-3af924935817,5
attack-pattern--519630c5-f03f-4882-825c-3af924935817,12
attack-pattern--519630c5-f03f-4882-825c-3af924935817,11
attack-pattern--51a14c76-dd3b-440b-9c20-2bf91d25a814,1
attack-pattern--51a14c76-dd3b-440b-9c20-2bf91d25a814,3
attack-pattern--51a14c76-dd3b-440b-9c20-2bf91d25a814,4
attack-pattern--51a14c76-dd3b-440b-9c20-2bf91d25a814,5
attack-pattern--51a14c76-dd3b-440b-9c20-2bf91d25a814,8
attack-pattern--51a14c76-dd3b-440b-9c20-2bf91d25a814,10
attack-pattern--51a14c76-dd3b-440b-9c20-2bf91d25a814,11
attack-pattern--51dea151-0898-4a45-967c-3ebee0420484,11
attack-pattern--51e54974-a541-4fb6-a61b-0518e4c6de41,9
attack-pattern--51ea26b1-ff1e-4faa-b1a0-1114cd298c87,5
attack-pattern--51ea26b1-ff1e-4faa-b1a0-1114cd298c87,12
attack-pattern--51ea26b1-ff1e-4faa-b1a0-1114cd298c87,11
attack-pattern--52759bf1-fe12-4052-ace6-c5b0cf7dd7fd,6
attack-pattern--5282dd9a-d26d-4e16-88b7-7c0f4553daf4,9
attack-pattern--52d40641-c480-4ad5-81a3-c80ccaddf82d,11
attack-pattern--52f3d5a6-8a0f-4f82-977e-750abf90d0b0,11
attack-pattern--5372c5fe-f424-4def-bcd5-d3a8e770f07b,2
attack-pattern--5372c5fe-f424-4def-bcd5-d3a8e770f07b,5
attack-pattern--5372c5fe-f424-4def-bcd5-d3a8e770f07b,12
attack-pattern--5372c5fe-f424-4def-bcd5-d3a8e770f07b,6
attack-pattern--5372c5fe-f424-4def-bcd5-d3a8e770f07b,11
attack-pattern--53ac20cd-aca3-406e-9aa0-9fc7fdc60a5a,5
attack-pattern--53ac20cd-aca3-406e-9aa0-9fc7fdc60a5a,12
attack-pattern--53ac20cd-aca3-406e-9aa0-9fc7fdc60a5a,11
attack-pattern--53bfc8bf-8f76-4cd7-8958-49a884ddb3ee,12
attack-pattern--543fceb5-cb92-40cb-aacf-6913d4db58bc,11
attack-pattern--54456690-84de-4538-9101-643e26437e09,5
attack-pattern--54456690-84de-4538-9101-643e26437e09,12
attack-pattern--54456690-84de-4538-9101-643e26437e09,11
attack-pattern--544b0346-29ad-41e1-a808-501bb4193f47,11
attack-pattern--54a649ff-439a-41a4-9856-8d144a2551ba,5
attack-pattern--54a649ff-439a-41a4-9856-8d144a2551ba,12
attack-pattern--54a649ff-439a-41a4-9856-8d144a2551ba,11
attack-pattern--54a649ff-439a-41a4-9856-8d144a2551ba,3
attack-pattern--54a649ff-439a-41a4-9856-8d144a2551ba,2
attack-pattern--54b4c251-1f0e-4eba-ba6b-dbc7a6f6f06b,5
attack-pattern--54b4c251-1f0e-4eba-ba6b-dbc7a6f6f06b,12
attack-pattern--54b4c251-1f0e-4eba-ba6b-dbc7a6f6f06b,6
attack-pattern--54b4c251-1f0e-4eba-ba6b-dbc7a6f6f06b,11
attack-pattern--54ca26f3-c172-4231-93e5-ccebcac2161f,3
attack-pattern--54ca26f3-c172-4231-93e5-ccebcac2161f,4
attack-pattern--54ca26f3-c172-4231-93e5-ccebcac2161f,8
attack-pattern--54ca26f3-c172-4231-93e5-ccebcac2161f,10
attack-pattern--54ca26f3-c172-4231-93e5-ccebcac2161f,11
attack-pattern--5502c4e9-24ef-4d5f-8ee9-9e906c2f82c4,9
attack-pattern--55bb4471-ff1f-43b4-88c1-c9384ec47abf,3
attack-pattern--55bb4471-ff1f-43b4-88c1-c9384ec47abf,4
attack-pattern--55bb4471-ff1f-43b4-88c1-c9384ec47abf,8
attack-pattern--55bb4471-ff1f-43b4-88c1-c9384ec47abf,10
attack-pattern--55fc4df0-b42c-479a-b860-7a6761bcaad0,9
attack-pattern--561ae9aa-c28a-4144-9eec-e7027a14c8c3,5
attack-pattern--561ae9aa-c28a-4144-9eec-e7027a14c8c3,12
attack-pattern--561ae9aa-c28a-4144-9eec-e7027a14c8c3,11
attack-pattern--562e9b64-7239-493d-80f4-2bff900d9054,5
attack-pattern--564998d8-ab3e-4123-93fb-eccaa6b9714a,11
attack-pattern--565275d5-fcc3-4b66-b4e7-928e4cac6b8c,12
attack-pattern--565275d5-fcc3-4b66-b4e7-928e4cac6b8c,11
attack-pattern--56e0d8b8-3e25-49dd-9050-3aa252f5aa92,1
attack-pattern--56fca983-1cf1-4fd1-bda0-5e170a37ab59,5
attack-pattern--56fca983-1cf1-4fd1-bda0-5e170a37ab59,12
attack-pattern--56fca983-1cf1-4fd1-bda0-5e170a37ab59,11
attack-pattern--56ff457d-5e39-492b-974c-dfd2b8603ffe,5
attack-pattern--56ff457d-5e39-492b-974c-dfd2b8603ffe,12
attack-pattern--56ff457d-5e39-492b-974c-dfd2b8603ffe,11
attack-pattern--57340c81-c025-4189-8fa0-fc7ede51bae4,11
attack-pattern--573ad264-1371-4ae0-8482-d2673b719dba,12
attack-pattern--57a3d31a-d04f-4663-b2da-7df8ec3f8c9d,3
attack-pattern--58a3e6aa-4453-4cc8-a51f-4befe80b31a8,5
attack-pattern--58a3e6aa-4453-4cc8-a51f-4befe80b31a8,12
attack-pattern--58a3e6aa-4453-4cc8-a51f-4befe80b31a8,11
attack-pattern--58af3705-8740-4c68-9329-ec015a7013c2,11
attack-pattern--5909f20f-3c39-4795-be06-ef1ea40d350b,11
attack-pattern--5909f20f-3c39-4795-be06-ef1ea40d350b,3
attack-pattern--5909f20f-3c39-4795-be06-ef1ea40d350b,5
attack-pattern--5909f20f-3c39-4795-be06-ef1ea40d350b,12
attack-pattern--5909f20f-3c39-4795-be06-ef1ea40d350b,2
attack-pattern--59bd0dec-f8b2-4b9a-9141-37a1e6899761,3
attack-pattern--59ff91cd-1430-4075-8563-e6f15f4f9ff5,5
attack-pattern--59ff91cd-1430-4075-8563-e6f15f4f9ff5,11
attack-pattern--59ff91cd-1430-4075-8563-e6f15f4f9ff5,12
attack-pattern--5ad95aaa-49c1-4784-821d-2e83f47b079b,12
attack-pattern--5b0ad6f8-6a16-4966-a4ef-d09ea6e2a9f5,5
attack-pattern--5b0ad6f8-6a16-4966-a4ef-d09ea6e2a9f5,12
attack-pattern--5b0ad6f8-6a16-4966-a4ef-d09ea6e2a9f5,11
attack-pattern--5bd41255-a224-4425-a2e2-e9d293eafe1c,5
attack-pattern--5bfccc3f-2326-4112-86cc-c1ece9d8a2b5,5
attack-pattern--5bfccc3f-2326-4112-86cc-c1ece9d8a2b5,12
attack-pattern--5bfccc3f-2326-4112-86cc-c1ece9d8a2b5,11
attack-pattern--5d0d3609-d06d-49e1-b9c9-b544e0c618cb,5
attack-pattern--5d0d3609-d06d-49e1-b9c9-b544e0c618cb,12
attack-pattern--5d0d3609-d06d-49e1-b9c9-b544e0c618cb,6
attack-pattern--5d0d3609-d06d-49e1-b9c9-b544e0c618cb,11
attack-pattern--5d2be8b9-d24c-4e98-83bf-2f5f79477163,11
attack-pattern--5e29d64d-2b14-4f92-875e-4c9c498e213c,5
attack-pattern--5e29d64d-2b14-4f92-875e-4c9c498e213c,12
attack-pattern--5e4a2073-9643-44cb-a0b5-e7f4048446c7,5
attack-pattern--5e4a2073-9643-44cb-a0b5-e7f4048446c7,12
attack-pattern--5e4a2073-9643-44cb-a0b5-e7f4048446c7,11
attack-pattern--60b508a1-6a5e-46b1-821a-9f7b78752abf,5
attack-pattern--60b508a1-6a5e-46b1-821a-9f7b78752abf,12
attack-pattern--60b508a1-6a5e-46b1-821a-9f7b78752abf,6
attack-pattern--60b508a1-6a5e-46b1-821a-9f7b78752abf,11
attack-pattern--60c4b628-4807-4b0b-bbf5-fdac8643c337,9
attack-pattern--60d0c01d-e2bf-49dd-a453-f8a9c9fa6f65,11
attack-pattern--613d08bc-e8f4-4791-80b0-c8b974340dfd,5
attack-pattern--613d08bc-e8f4-4791-80b0-c8b974340dfd,12
attack-pattern--613d08bc-e8f4-4791-80b0-c8b974340dfd,11
attack-pattern--6151cbea-819b-455a-9fa6-99a1cc58797d,1
attack-pattern--6151cbea-819b-455a-9fa6-99a1cc58797d,2
attack-pattern--6151cbea-819b-455a-9fa6-99a1cc58797d,3
attack-pattern--6151cbea-819b-455a-9fa6-99a1cc58797d,4
attack-pattern--6151cbea-819b-455a-9fa6-99a1cc58797d,5
attack-pattern--6151cbea-819b-455a-9fa6-99a1cc58797d,12
attack-pattern--6151cbea-819b-455a-9fa6-99a1cc58797d,6
attack-pattern--6151cbea-819b-455a-9fa6-99a1cc58797d,8
attack-pattern--6151cbea-819b-455a-9fa6-99a1cc58797d,10
attack-pattern--6151cbea-819b-455a-9fa6-99a1cc58797d,11
attack-pattern--61afc315-860c-4364-825d-0d62b2e91edc,11
attack-pattern--62166220-e498-410f-a90a-19d4339d4e99,11
attack-pattern--62b8c999-dcc0-4755-bd69-09442d9359f5,11
attack-pattern--62dfd1ca-52d5-483c-a84b-d6e80bf94b7b,11
attack-pattern--63220765-d418-44de-8fae-694b3912317d,12
attack-pattern--63220765-d418-44de-8fae-694b3912317d,5
attack-pattern--633a100c-b2c9-41bf-9be5-905c1b16c825,5
attack-pattern--633a100c-b2c9-41bf-9be5-905c1b16c825,12
attack-pattern--635cbe30-392d-4e27-978e-66774357c762,1
attack-pattern--635cbe30-392d-4e27-978e-66774357c762,2
attack-pattern--635cbe30-392d-4e27-978e-66774357c762,5
attack-pattern--635cbe30-392d-4e27-978e-66774357c762,12
attack-pattern--635cbe30-392d-4e27-978e-66774357c762,6
attack-pattern--635cbe30-392d-4e27-978e-66774357c762,11
attack-pattern--63b24abc-5702-4745-b1e4-ac70b20a43f2,9
attack-pattern--63e3d25c-d57d-407d-8e6a-2cecd71f90be,11
attack-pattern--63e3d25c-d57d-407d-8e6a-2cecd71f90be,12
attack-pattern--63e3d25c-d57d-407d-8e6a-2cecd71f90be,5
attack-pattern--64196062-5210-42c3-9a02-563a0d1797ef,5
attack-pattern--64196062-5210-42c3-9a02-563a0d1797ef,12
attack-pattern--64196062-5210-42c3-9a02-563a0d1797ef,11
attack-pattern--6495ae23-3ab4-43c5-a94f-5638a2c31fd2,11
attack-pattern--65013dd2-bc61-43e3-afb5-a14c4fa7437a,9
attack-pattern--650c784b-7504-4df7-ab2c-4ea882384d1e,11
attack-pattern--65917ae0-b854-4139-83fe-bf2441cf0196,2
attack-pattern--65917ae0-b854-4139-83fe-bf2441cf0196,5
attack-pattern--65917ae0-b854-4139-83fe-bf2441cf0196,12
attack-pattern--65917ae0-b854-4139-83fe-bf2441cf0196,11
attack-pattern--65f2d882-3f41-4d48-8a06-29af77ec9f90,11
attack-pattern--6636bc83-0611-45a6-b74f-1f3daf635b8e,5
attack-pattern--66b34be7-6915-4b83-8d5a-b0f0592b5e41,5
attack-pattern--66b34be7-6915-4b83-8d5a-b0f0592b5e41,12
attack-pattern--66b34be7-6915-4b83-8d5a-b0f0592b5e41,11
attack-pattern--66f73398-8394-4711-85e5-34c8540b22a5,11
attack-pattern--67073dde-d720-45ae-83da-b12d5e73ca3b,9
attack-pattern--671cd17f-a765-48fd-adc4-dad1941b1ae3,5
attack-pattern--671cd17f-a765-48fd-adc4-dad1941b1ae3,12
attack-pattern--671cd17f-a765-48fd-adc4-dad1941b1ae3,11
attack-pattern--6747daa2-3533-4e78-8fb8-446ebb86448a,12
attack-pattern--67720091-eee3-4d2d-ae16-8264567f6f5b,5
attack-pattern--67720091-eee3-4d2d-ae16-8264567f6f5b,12
attack-pattern--67720091-eee3-4d2d-ae16-8264567f6f5b,11
attack-pattern--67720091-eee3-4d2d-ae16-8264567f6f5b,3
attack-pattern--67720091-eee3-4d2d-ae16-8264567f6f5b,8
attack-pattern--67720091-eee3-4d2d-ae16-8264567f6f5b,4
attack-pattern--677569f9-a8b0-459e-ab24-7f18091fa7bf,11
attack-pattern--6831414d-bb70-42b7-8030-d4e06b2660c9,5
attack-pattern--6831414d-bb70-42b7-8030-d4e06b2660c9,12
attack-pattern--6836813e-8ec8-4375-b459-abb388cb1a35,11
attack-pattern--6856ddd6-2df3-4379-8b87-284603c189c3,11
attack-pattern--68a0c5ed-bee2-4513-830d-5b0d650139bd,11
attack-pattern--68c96494-1a50-403e-8844-69a6af278c68,11
attack-pattern--68f7e3a1-f09f-4164-9a62-16b648a0dd5a,11
attack-pattern--692074ae-bb62-4a5e-a735-02cb6bde458c,1
attack-pattern--692074ae-bb62-4a5e-a735-02cb6bde458c,2
attack-pattern--692074ae-bb62-4a5e-a735-02cb6bde458c,3
attack-pattern--692074ae-bb62-4a5e-a735-02cb6bde458c,4
attack-pattern--692074ae-bb62-4a5e-a735-02cb6bde458c,5
attack-pattern--692074ae-bb62-4a5e-a735-02cb6bde458c,6
attack-pattern--692074ae-bb62-4a5e-a735-02cb6bde458c,8
attack-pattern--692074ae-bb62-4a5e-a735-02cb6bde458c,10
attack-pattern--692074ae-bb62-4a5e-a735-02cb6bde458c,11
attack-pattern--692074ae-bb62-4a5e-a735-02cb6bde458c,12
attack-pattern--69b8fd78-40e8-4600-ae4d-662c9d7afdb3,2
attack-pattern--69b8fd78-40e8-4600-ae4d-662c9d7afdb3,5
attack-pattern--69b8fd78-40e8-4600-ae4d-662c9d7afdb3,12
attack-pattern--69b8fd78-40e8-4600-ae4d-662c9d7afdb3,6
attack-pattern--69b8fd78-40e8-4600-ae4d-662c9d7afdb3,11
attack-pattern--69e5226d-05dc-4f15-95d7-44f5ed78d06e,5
attack-pattern--69e5226d-05dc-4f15-95d7-44f5ed78d06e,12
attack-pattern--69e5226d-05dc-4f15-95d7-44f5ed78d06e,11
attack-pattern--69f897fd-12a9-4c89-ad6a-46d2f3c38262,9
attack-pattern--6a3be63a-64c5-4678-a036-03ff8fc35300,12
attack-pattern--6a5848a8-6201-4a2c-8a6a-ca5af8c6f3df,11
attack-pattern--6a5d222a-a7e0-4656-b110-782c33098289,9
attack-pattern--6a6f9892-c46a-46db-b331-c09a99200fcf,9
attack-pattern--6aabc5ec-eae6-422c-8311-38d45ee9838a,11
attack-pattern--6aabc5ec-eae6-422c-8311-38d45ee9838a,10
attack-pattern--6aabc5ec-eae6-422c-8311-38d45ee9838a,3
attack-pattern--6aabc5ec-eae6-422c-8311-38d45ee9838a,5
attack-pattern--6aabc5ec-eae6-422c-8311-38d45ee9838a,12
attack-pattern--6aabc5ec-eae6-422c-8311-38d45ee9838a,8
attack-pattern--6aabc5ec-eae6-422c-8311-38d45ee9838a,4
attack-pattern--6aac77c4-eaf2-4366-8c13-ce50ab951f38,11
attack-pattern--6aac77c4-eaf2-4366-8c13-ce50ab951f38,12
attack-pattern--6aac77c4-eaf2-4366-8c13-ce50ab951f38,5
attack-pattern--6add2ab5-2711-4e9d-87c8-7a0be8531530,11
attack-pattern--6add2ab5-2711-4e9d-87c8-7a0be8531530,5
attack-pattern--6b57dc31-b814-4a03-8706-28bc20d739c4,2
attack-pattern--6b57dc31-b814-4a03-8706-28bc20d739c4,3
attack-pattern--6b57dc31-b814-4a03-8706-28bc20d739c4,5
attack-pattern--6b57dc31-b814-4a03-8706-28bc20d739c4,12
attack-pattern--6b57dc31-b814-4a03-8706-28bc20d739c4,6
attack-pattern--6bc7f9aa-b91f-4b23-84b8-5e756eba68eb,2
attack-pattern--6bc7f9aa-b91f-4b23-84b8-5e756eba68eb,5
attack-pattern--6bc7f9aa-b91f-4b23-84b8-5e756eba68eb,12
attack-pattern--6bc7f9aa-b91f-4b23-84b8-5e756eba68eb,11
attack-pattern--6be14413-578e-46c1-8304-310762b3ecd5,5
attack-pattern--6be14413-578e-46c1-8304-310762b3ecd5,12
attack-pattern--6c174520-beea-43d9-aac6-28fb77f3e446,11
attack-pattern--6c2957f9-502a-478c-b1dd-d626c0659413,9
attack-pattern--6d4a7fb3-5a24-42be-ae61-6728a2b581f6,11
attack-pattern--6e3bd510-6b33-41a4-af80-2d80f3ee0071,11
attack-pattern--6e561441-8431-4773-a9b8-ccf28ef6a968,9
attack-pattern--6e6845c2-347a-4a6f-a2d1-b74a18ebd352,11
attack-pattern--6ee2dc99-91ad-4534-a7d8-a649358c331f,9
attack-pattern--6fa224c7-5091-4595-bf15-3fc9fe2f2c7c,3
attack-pattern--6fa224c7-5091-4595-bf15-3fc9fe2f2c7c,8
attack-pattern--6fa224c7-5091-4595-bf15-3fc9fe2f2c7c,4
attack-pattern--6faf650d-bf31-4eb4-802d-1000cf38efaf,5
attack-pattern--6faf650d-bf31-4eb4-802d-1000cf38efaf,12
attack-pattern--6faf650d-bf31-4eb4-802d-1000cf38efaf,11
attack-pattern--6fb6408c-0db3-41d9-a3a1-a32e5f16454e,12
attack-pattern--6ff403bc-93e3-48be-8687-e102fdba8c88,11
attack-pattern--6ff403bc-93e3-48be-8687-e102fdba8c88,12
attack-pattern--7007935a-a8a7-4c0b-bd98-4e85be8ed197,11
attack-pattern--707399d6-ab3e-4963-9315-d9d3818cd6a0,2
attack-pattern--707399d6-ab3e-4963-9315-d9d3818cd6a0,5
attack-pattern--707399d6-ab3e-4963-9315-d9d3818cd6a0,12
attack-pattern--707399d6-ab3e-4963-9315-d9d3818cd6a0,6
attack-pattern--707399d6-ab3e-4963-9315-d9d3818cd6a0,11
attack-pattern--70857657-bd0b-4695-ad3e-b13f92cac1b4,3
attack-pattern--70910fbd-58dc-4c1c-8c48-814d11fcd022,9
attack-pattern--70d81154-b187-45f9-8ec5-295d01255979,11
attack-pattern--70e52b04-2a0c-4cea-9d18-7149f1df9dc5,11
attack-pattern--718cb208-6446-4572-a2f0-9c799c60091e,5
attack-pattern--718cb208-6446-4572-a2f0-9c799c60091e,11
attack-pattern--718cb208-6446-4572-a2f0-9c799c60091e,12
attack-pattern--718cb208-6446-4572-a2f0-9c799c60091e,3
attack-pattern--718cb208-6446-4572-a2f0-9c799c60091e,1
attack-pattern--723e3a2b-ca0d-4daa-ada8-82ea35d3733a,11
attack-pattern--72b5ef57-325c-411b-93ca-a3ca6fa17e31,11
attack-pattern--72b74d71-8169-42aa-92e0-e7b04b9f5a08,2
attack-pattern--72b74d71-8169-42aa-92e0-e7b04b9f5a08,3
attack-pattern--72b74d71-8169-42aa-92e0-e7b04b9f5a08,4
attack-pattern--72b74d71-8169-42aa-92e0-e7b04b9f5a08,5
attack-pattern--72b74d71-8169-42aa-92e0-e7b04b9f5a08,12
attack-pattern--72b74d71-8169-42aa-92e0-e7b04b9f5a08,8
attack-pattern--72b74d71-8169-42aa-92e0-e7b04b9f5a08,10
attack-pattern--72b74d71-8169-42aa-92e0-e7b04b9f5a08,11
attack-pattern--731f4f55-b6d0-41d1-a7a9-072a66389aea,2
attack-pattern--731f4f55-b6d0-41d1-a7a9-072a66389aea,5
attack-pattern--731f4f55-b6d0-41d1-a7a9-072a66389aea,12
attack-pattern--731f4f55-b6d0-41d1-a7a9-072a66389aea,6
attack-pattern--731f4f55-b6d0-41d1-a7a9-072a66389aea,11
attack-pattern--7385dfaf-6886-4229-9ecd-6fd678040830,1
attack-pattern--7385dfaf-6886-4229-9ecd-6fd678040830,2
attack-pattern--7385dfaf-6886-4229-9ecd-6fd678040830,3
attack-pattern--7385dfaf-6886-4229-9ecd-6fd678040830,4
attack-pattern--7385dfaf-6886-4229-9ecd-6fd678040830,5
attack-pattern--7385dfaf-6886-4229-9ecd-6fd678040830,12
attack-pattern--7385dfaf-6886-4229-9ecd-6fd678040830,6
attack-pattern--7385dfaf-6886-4229-9ecd-6fd678040830,8
attack-pattern--7385dfaf-6886-4229-9ecd-6fd678040830,10
attack-pattern--7385dfaf-6886-4229-9ecd-6fd678040830,11
attack-pattern--73b24a10-6bf4-4af1-a81e-67b8bcb6c4e6,5
attack-pattern--73b24a10-6bf4-4af1-a81e-67b8bcb6c4e6,12
attack-pattern--73b24a10-6bf4-4af1-a81e-67b8bcb6c4e6,11
attack-pattern--74d2a63f-3c7b-4852-92da-02d8fbab16da,11
attack-pattern--74d2a63f-3c7b-4852-92da-02d8fbab16da,12
attack-pattern--74d2a63f-3c7b-4852-92da-02d8fbab16da,5
attack-pattern--74d2a63f-3c7b-4852-92da-02d8fbab16da,2
attack-pattern--75b9a4d2-d4e2-4ca1-9aab-1badd9e05fd0,11
attack-pattern--7610cada-1499-41a4-b3dd-46467b68d177,5
attack-pattern--7610cada-1499-41a4-b3dd-46467b68d177,12
attack-pattern--7610cada-1499-41a4-b3dd-46467b68d177,11
attack-pattern--762e6f29-a62f-4d96-91ed-d0073181431f,5
attack-pattern--762e6f29-a62f-4d96-91ed-d0073181431f,12
attack-pattern--76551c52-b111-4884-bc47-ff3e728f0156,9
attack-pattern--7655ac3b-dfde-49c5-a967-242856174434,10
attack-pattern--767dbf9e-df3f-45cb-8998-4903ab5f80c0,11
attack-pattern--768dce68-8d0d-477a-b01d-0eea98b963a1,11
attack-pattern--772bc7a8-a157-42cc-8728-d648e25c7fe7,11
attack-pattern--774a3188-6ba9-4dc4-879d-d54ee48a5ce9,5
attack-pattern--774a3188-6ba9-4dc4-879d-d54ee48a5ce9,12
attack-pattern--774a3188-6ba9-4dc4-879d-d54ee48a5ce9,6
attack-pattern--774a3188-6ba9-4dc4-879d-d54ee48a5ce9,11
attack-pattern--774ad5bb-2366-4c13-a8a9-65e50b292e7c,9
attack-pattern--77532a55-c283-4cd2-bc5d-2d0b65e9d88c,3
attack-pattern--77e29a47-e263-4f11-8692-e5012f44dbac,5
attack-pattern--77e29a47-e263-4f11-8692-e5012f44dbac,12
attack-pattern--77e29a47-e263-4f11-8692-e5012f44dbac,11
attack-pattern--77eae145-55db-4519-8ae5-77b0c7215d69,5
attack-pattern--77eae145-55db-4519-8ae5-77b0c7215d69,12
attack-pattern--77eae145-55db-4519-8ae5-77b0c7215d69,11
attack-pattern--7807d3a4-a885-4639-a786-c1ed41484970,9
attack-pattern--78b9e70d-1605-459c-b23d-e3a25036968c,5
attack-pattern--78b9e70d-1605-459c-b23d-e3a25036968c,12
attack-pattern--78b9e70d-1605-459c-b23d-e3a25036968c,11
attack-pattern--791481f8-e96a-41be-b089-a088763083d4,11
attack-pattern--791481f8-e96a-41be-b089-a088763083d4,5
attack-pattern--791481f8-e96a-41be-b089-a088763083d4,12
attack-pattern--799ace7f-e227-4411-baa0-8868704f2a69,1
attack-pattern--799ace7f-e227-4411-baa0-8868704f2a69,2
attack-pattern--799ace7f-e227-4411-baa0-8868704f2a69,5
attack-pattern--799ace7f-e227-4411-baa0-8868704f2a69,12
attack-pattern--799ace7f-e227-4411-baa0-8868704f2a69,6
attack-pattern--799ace7f-e227-4411-baa0-8868704f2a69,8
attack-pattern--799ace7f-e227-4411-baa0-8868704f2a69,11
attack-pattern--79a4052e-1a89-4b09-aea6-51f1d11fe19c,5
attack-pattern--79a4052e-1a89-4b09-aea6-51f1d11fe19c,12
attack-pattern--79a4052e-1a89-4b09-aea6-51f1d11fe19c,11
attack-pattern--79a4052e-1a89-4b09-aea6-51f1d11fe19c,2
attack-pattern--79a47ad0-fc3b-4821-9f01-a026b1ddba21,8
attack-pattern--79a47ad0-fc3b-4821-9f01-a026b1ddba21,11
attack-pattern--79da0971-3147-4af6-a4f5-e8cd447cd795,9
attack-pattern--7ad38ef1-381a-406d-872a-38b136eb5ecc,10
attack-pattern--7b211ac6-c815-4189-93a9-ab415deca926,11
attack-pattern--7b50a1d3-4ca7-45d1-989d-a6503f04bfe1,1
attack-pattern--7bc57495-ea59-4380-be31-a64af124ef18,2
attack-pattern--7bc57495-ea59-4380-be31-a64af124ef18,5
attack-pattern--7bc57495-ea59-4380-be31-a64af124ef18,12
attack-pattern--7bc57495-ea59-4380-be31-a64af124ef18,6
attack-pattern--7bc57495-ea59-4380-be31-a64af124ef18,11
attack-pattern--7bd9c723-2f78-4309-82c5-47cad406572b,2
attack-pattern--7bd9c723-2f78-4309-82c5-47cad406572b,5
attack-pattern--7bd9c723-2f78-4309-82c5-47cad406572b,12
attack-pattern--7bd9c723-2f78-4309-82c5-47cad406572b,11
attack-pattern--7bdca9d5-d500-4d7d-8c52-5fd47baf4c0c,5
attack-pattern--7bdca9d5-d500-4d7d-8c52-5fd47baf4c0c,12
attack-pattern--7bdca9d5-d500-4d7d-8c52-5fd47baf4c0c,11
attack-pattern--7c0f17c9-1af6-4628-9cbd-9e45482dd605,11
attack-pattern--7c46b364-8496-4234-8a56-f7e6727e21e1,6
attack-pattern--7c46b364-8496-4234-8a56-f7e6727e21e1,3
attack-pattern--7c93aa74-4bc0-4a9e-90ea-f25f86301566,11
attack-pattern--7d20fff9-8751-404e-badd-ccd71bda0236,12
attack-pattern--7d356151-a69d-404e-896b-71618952702a,11
attack-pattern--7d57b371-10c2-45e5-b3cc-83a8fb380e4c,11
attack-pattern--7d6f590f-544b-45b4-9a42-e0805f342af3,11
attack-pattern--7d751199-05fa-4a72-920f-85df4506c76c,5
attack-pattern--7d751199-05fa-4a72-920f-85df4506c76c,12
attack-pattern--7d751199-05fa-4a72-920f-85df4506c76c,11
attack-pattern--7d77a07d-02fe-4e88-8bd9-e9c008c01bf0,5
attack-pattern--7d77a07d-02fe-4e88-8bd9-e9c008c01bf0,12
attack-pattern--7d77a07d-02fe-4e88-8bd9-e9c008c01bf0,8
attack-pattern--7d77a07d-02fe-4e88-8bd9-e9c008c01bf0,11
attack-pattern--7dd95ff6-712e-4056-9626-312ea4ab4c5e,2
attack-pattern--7dd95ff6-712e-4056-9626-312ea4ab4c5e,3
attack-pattern--7dd95ff6-712e-4056-9626-312ea4ab4c5e,5
attack-pattern--7dd95ff6-712e-4056-9626-312ea4ab4c5e,12
attack-pattern--7dd95ff6-712e-4056-9626-312ea4ab4c5e,11
attack-pattern--7de1f7ac-5d0c-4c9c-8873-627202205331,11
attack-pattern--7de1f7ac-5d0c-4c9c-8873-627202205331,5
attack-pattern--7de1f7ac-5d0c-4c9c-8873-627202205331,12
attack-pattern--7de1f7ac-5d0c-4c9c-8873-627202205331,4
attack-pattern--7decb26c-715c-40cf-b7e0-026f7d7cc215,11
attack-pattern--7decb26c-715c-40cf-b7e0-026f7d7cc215,4
attack-pattern--7e150503-88e7-4861-866b-ff1ac82c4475,2
attack-pattern--7e150503-88e7-4861-866b-ff1ac82c4475,3
attack-pattern--7e150503-88e7-4861-866b-ff1ac82c4475,5
attack-pattern--7e150503-88e7-4861-866b-ff1ac82c4475,12
attack-pattern--7e150503-88e7-4861-866b-ff1ac82c4475,6
attack-pattern--7e150503-88e7-4861-866b-ff1ac82c4475,11
attack-pattern--7e3beebd-8bfe-4e7b-a892-e44ab06a75f9,9
attack-pattern--7e7c2fba-7cca-486c-9582-4c1bb2851961,11
attack-pattern--7efba77e-3bc4-4ca5-8292-d8201dcd64b5,6
attack-pattern--7f0ca133-88c4-40c6-a62f-b3083a7fbc2e,5
attack-pattern--7f0ca133-88c4-40c6-a62f-b3083a7fbc2e,12
attack-pattern--7f0ca133-88c4-40c6-a62f-b3083a7fbc2e,6
attack-pattern--7f0ca133-88c4-40c6-a62f-b3083a7fbc2e,11
attack-pattern--7fd87010-3a00-4da3-b905-410525e8ec44,5
attack-pattern--7fd87010-3a00-4da3-b905-410525e8ec44,12
attack-pattern--7fd87010-3a00-4da3-b905-410525e8ec44,11
attack-pattern--800f9819-7007-4540-a520-40e655876800,1
attack-pattern--804c042c-cfe6-449e-bc1a-ba0a998a70db,11
attack-pattern--806a49c4-970d-43f9-9acc-ac0ee11e6662,11
attack-pattern--808e6329-ca91-4b87-ac2d-8eadc5f8f327,11
attack-pattern--81033c3b-16a4-46e4-8fed-9b030dd03c4a,9
attack-pattern--810aa4ad-61c9-49cb-993f-daa06199421d,12
attack-pattern--810d8072-afb6-4a56-9ee7-86379ac4a6f3,9
attack-pattern--818302b2-d640-477b-bf88-873120ce85c4,6
attack-pattern--8187bd2a-866f-4457-9009-86b0ddedffa3,5
attack-pattern--8187bd2a-866f-4457-9009-86b0ddedffa3,12
attack-pattern--8187bd2a-866f-4457-9009-86b0ddedffa3,11
attack-pattern--824add00-99a1-4b15-9a2d-6c5683b7b497,11
attack-pattern--824add00-99a1-4b15-9a2d-6c5683b7b497,5
attack-pattern--824add00-99a1-4b15-9a2d-6c5683b7b497,12
attack-pattern--8252f135-ed26-4ce1-ae61-f26e94429a19,12
attack-pattern--82caa33e-d11a-433a-94ea-9b5a5fbef81d,5
attack-pattern--82caa33e-d11a-433a-94ea-9b5a5fbef81d,12
attack-pattern--82caa33e-d11a-433a-94ea-9b5a5fbef81d,11
attack-pattern--830c9528-df21-472c-8c14-a036bf17d665,2
attack-pattern--830c9528-df21-472c-8c14-a036bf17d665,5
attack-pattern--830c9528-df21-472c-8c14-a036bf17d665,12
attack-pattern--830c9528-df21-472c-8c14-a036bf17d665,11
attack-pattern--837f9164-50af-4ac0-8219-379d8a74cefc,1
attack-pattern--837f9164-50af-4ac0-8219-379d8a74cefc,3
attack-pattern--837f9164-50af-4ac0-8219-379d8a74cefc,5
attack-pattern--837f9164-50af-4ac0-8219-379d8a74cefc,12
attack-pattern--837f9164-50af-4ac0-8219-379d8a74cefc,11
attack-pattern--83a766f8-1501-4b3a-a2de-2e2849e8dfc1,2
attack-pattern--83a766f8-1501-4b3a-a2de-2e2849e8dfc1,5
attack-pattern--83a766f8-1501-4b3a-a2de-2e2849e8dfc1,12
attack-pattern--83a766f8-1501-4b3a-a2de-2e2849e8dfc1,11
attack-pattern--840a987a-99bd-4a80-a5c9-0cb2baa6cade,11
attack-pattern--84601337-6a55-4ad7-9c35-79e0d1ea2ab3,12
attack-pattern--84771bc3-f6a0-403e-b144-01af70e5fda0,9
attack-pattern--84ae8255-b4f4-4237-b5c5-e717405a9701,9
attack-pattern--84e02621-8fdf-470f-bd58-993bb6a89d91,5
attack-pattern--84e02621-8fdf-470f-bd58-993bb6a89d91,12
attack-pattern--84e02621-8fdf-470f-bd58-993bb6a89d91,11
attack-pattern--84e02621-8fdf-470f-bd58-993bb6a89d91,2
attack-pattern--851e071f-208d-4c79-adc6-5974c85c78f3,5
attack-pattern--851e071f-208d-4c79-adc6-5974c85c78f3,12
attack-pattern--851e071f-208d-4c79-adc6-5974c85c78f3,8
attack-pattern--851e071f-208d-4c79-adc6-5974c85c78f3,10
attack-pattern--851e071f-208d-4c79-adc6-5974c85c78f3,11
attack-pattern--853c4192-4311-43e1-bfbb-b11b14911852,2
attack-pattern--853c4192-4311-43e1-bfbb-b11b14911852,5
attack-pattern--853c4192-4311-43e1-bfbb-b11b14911852,12
attack-pattern--853c4192-4311-43e1-bfbb-b11b14911852,11
attack-pattern--8565825b-21c8-4518-b75e-cbc4c717a156,3
attack-pattern--861b8fd2-57f3-4ee1-ab5d-c19c3b8c7a4a,5
attack-pattern--861b8fd2-57f3-4ee1-ab5d-c19c3b8c7a4a,12
attack-pattern--861b8fd2-57f3-4ee1-ab5d-c19c3b8c7a4a,11
attack-pattern--861b8fd2-57f3-4ee1-ab5d-c19c3b8c7a4a,10
attack-pattern--861b8fd2-57f3-4ee1-ab5d-c19c3b8c7a4a,3
attack-pattern--866d0d6d-02c6-42bd-aa2f-02907fdc0969,2
attack-pattern--866d0d6d-02c6-42bd-aa2f-02907fdc0969,3
attack-pattern--866d0d6d-02c6-42bd-aa2f-02907fdc0969,5
attack-pattern--866d0d6d-02c6-42bd-aa2f-02907fdc0969,12
attack-pattern--866d0d6d-02c6-42bd-aa2f-02907fdc0969,11
attack-pattern--86850eff-2729-40c3-b85e-c4af26da4a2d,11
attack-pattern--86a96bf6-cf8b-411c-aaeb-8959944d64f7,2
attack-pattern--86a96bf6-cf8b-411c-aaeb-8959944d64f7,5
attack-pattern--86a96bf6-cf8b-411c-aaeb-8959944d64f7,12
attack-pattern--86a96bf6-cf8b-411c-aaeb-8959944d64f7,11
attack-pattern--8861073d-d1b8-4941-82ce-dce621d398f0,3
attack-pattern--8861073d-d1b8-4941-82ce-dce621d398f0,4
attack-pattern--8861073d-d1b8-4941-82ce-dce621d398f0,8
attack-pattern--8861073d-d1b8-4941-82ce-dce621d398f0,10
attack-pattern--8868cb5b-d575-4a60-acb2-07d37389a2fd,5
attack-pattern--8868cb5b-d575-4a60-acb2-07d37389a2fd,12
attack-pattern--8868cb5b-d575-4a60-acb2-07d37389a2fd,6
attack-pattern--8868cb5b-d575-4a60-acb2-07d37389a2fd,11
attack-pattern--887274fc-2d63-4bdc-82f3-fae56d1d5fdc,11
attack-pattern--88d31120-5bc7-4ce3-a9c0-7cf147be8e54,9
attack-pattern--890c9858-598c-401d-a4d5-c67ebcdd703a,1
attack-pattern--890c9858-598c-401d-a4d5-c67ebcdd703a,3
attack-pattern--890c9858-598c-401d-a4d5-c67ebcdd703a,4
attack-pattern--890c9858-598c-401d-a4d5-c67ebcdd703a,8
attack-pattern--890c9858-598c-401d-a4d5-c67ebcdd703a,10
attack-pattern--8982a661-d84c-48c0-b4ec-1db29c6cf3bc,9
attack-pattern--8a2f40cf-8325-47f9-96e4-b1ca4c7389bd,3
attack-pattern--8a2f40cf-8325-47f9-96e4-b1ca4c7389bd,4
attack-pattern--8a2f40cf-8325-47f9-96e4-b1ca4c7389bd,10
attack-pattern--8c32eb4d-805f-4fc5-bf60-c4d476c131b5,5
attack-pattern--8c32eb4d-805f-4fc5-bf60-c4d476c131b5,11
attack-pattern--8c32eb4d-805f-4fc5-bf60-c4d476c131b5,12
attack-pattern--8c32eb4d-805f-4fc5-bf60-c4d476c131b5,3
attack-pattern--8c32eb4d-805f-4fc5-bf60-c4d476c131b5,1
attack-pattern--8c41090b-aa47-4331-986b-8c9a51a91103,2
attack-pattern--8c41090b-aa47-4331-986b-8c9a51a91103,5
attack-pattern--8c41090b-aa47-4331-986b-8c9a51a91103,12
attack-pattern--8c41090b-aa47-4331-986b-8c9a51a91103,11
attack-pattern--8c4aef43-48d5-49aa-b2af-c0cd58d30c3d,5
attack-pattern--8c4aef43-48d5-49aa-b2af-c0cd58d30c3d,12
attack-pattern--8c4aef43-48d5-49aa-b2af-c0cd58d30c3d,11
attack-pattern--8cdeb020-e31e-4f88-a582-f53dcfbda819,11
attack-pattern--8d7bd4f5-3a89-4453-9c82-2c8894d5655e,11
attack-pattern--8df54627-376c-487c-a09c-7d2b5620f56e,11
attack-pattern--8e350c1d-ac79-4b5c-bd4e-7476d7e84ec5,2
attack-pattern--8e350c1d-ac79-4b5c-bd4e-7476d7e84ec5,5
attack-pattern--8e350c1d-ac79-4b5c-bd4e-7476d7e84ec5,12
attack-pattern--8e350c1d-ac79-4b5c-bd4e-7476d7e84ec5,11
attack-pattern--8f104855-e5b7-4077-b1f5-bc3103b41abe,3
attack-pattern--8f104855-e5b7-4077-b1f5-bc3103b41abe,4
attack-pattern--8f104855-e5b7-4077-b1f5-bc3103b41abe,8
attack-pattern--8f104855-e5b7-4077-b1f5-bc3103b41abe,10
attack-pattern--8f452cb4-cbf4-4522-8b11-448787be95c4,9
attack-pattern--8f4a33ec-8b1f-4b80-a2f6-642b2e479580,2
attack-pattern--8f4a33ec-8b1f-4b80-a2f6-642b2e479580,5
attack-pattern--8f4a33ec-8b1f-4b80-a2f6-642b2e479580,12
attack-pattern--8f4a33ec-8b1f-4b80-a2f6-642b2e479580,6
attack-pattern--8f4a33ec-8b1f-4b80-a2f6-642b2e479580,11
attack-pattern--8f504411-cb96-4dac-a537-8d2bb7679c59,2
attack-pattern--8f504411-cb96-4dac-a537-8d2bb7679c59,5
attack-pattern--8f504411-cb96-4dac-a537-8d2bb7679c59,12
attack-pattern--8f504411-cb96-4dac-a537-8d2bb7679c59,6
attack-pattern--8f504411-cb96-4dac-a537-8d2bb7679c59,11
attack-pattern--8faedf87-dceb-4c35-b2a2-7286f59a3bc3,12
attack-pattern--90c4a591-d02d-490b-92aa-619d9701ac04,11
attack-pattern--910906dd-8c0a-475a-9cc1-5e029e2fad58,11
attack-pattern--91177e6d-b616-4a03-ba4b-f3b32f7dda75,9
attack-pattern--91541e7e-b969-40c6-bbd8-1b5352ec2938,5
attack-pattern--91541e7e-b969-40c6-bbd8-1b5352ec2938,12
attack-pattern--91541e7e-b969-40c6-bbd8-1b5352ec2938,11
attack-pattern--91ce1ede-107f-4d8b-bf4c-735e8789c94b,12
attack-pattern--91ce1ede-107f-4d8b-bf4c-735e8789c94b,11
attack-pattern--924d273c-be0d-4d8d-af58-2dddb15ef1e2,10
attack-pattern--926d8cfd-1d0d-4da2-ab49-3ca10ec3f3b5,9
attack-pattern--92a78814-b191-47ca-909c-1ccfe3777414,5
attack-pattern--92a78814-b191-47ca-909c-1ccfe3777414,12
attack-pattern--92a78814-b191-47ca-909c-1ccfe3777414,6
attack-pattern--92a78814-b191-47ca-909c-1ccfe3777414,10
attack-pattern--92a78814-b191-47ca-909c-1ccfe3777414,11
attack-pattern--92d7da27-2d91-488e-a00c-059dc162766d,2
attack-pattern--92d7da27-2d91-488e-a00c-059dc162766d,5
attack-pattern--92d7da27-2d91-488e-a00c-059dc162766d,12
attack-pattern--92d7da27-2d91-488e-a00c-059dc162766d,11
attack-pattern--93591901-3172-4e94-abf8-6034ab26f44a,11
attack-pattern--937e4772-8441-4e4a-8bf0-8d447d667e23,9
attack-pattern--9422fc14-1c43-410d-ab0f-a709b76c72dc,11
attack-pattern--94cb00a4-b295-4d06-aa2b-5653b9c1be9c,10
attack-pattern--94cb00a4-b295-4d06-aa2b-5653b9c1be9c,11
attack-pattern--94cb00a4-b295-4d06-aa2b-5653b9c1be9c,12
attack-pattern--94cb00a4-b295-4d06-aa2b-5653b9c1be9c,5
attack-pattern--94cb00a4-b295-4d06-aa2b-5653b9c1be9c,3
attack-pattern--94cb00a4-b295-4d06-aa2b-5653b9c1be9c,8
attack-pattern--94cb00a4-b295-4d06-aa2b-5653b9c1be9c,4
attack-pattern--954a1639-f2d6-407d-aef3-4917622ca493,11
attack-pattern--954a1639-f2d6-407d-aef3-4917622ca493,5
attack-pattern--954a1639-f2d6-407d-aef3-4917622ca493,12
attack-pattern--954a1639-f2d6-407d-aef3-4917622ca493,3
attack-pattern--954a1639-f2d6-407d-aef3-4917622ca493,10
attack-pattern--954a1639-f2d6-407d-aef3-4917622ca493,8
attack-pattern--954a1639-f2d6-407d-aef3-4917622ca493,4
attack-pattern--960c3c86-1480-4d72-b4e0-8c242e84a5c5,2
attack-pattern--960c3c86-1480-4d72-b4e0-8c242e84a5c5,5
attack-pattern--960c3c86-1480-4d72-b4e0-8c242e84a5c5,12
attack-pattern--960c3c86-1480-4d72-b4e0-8c242e84a5c5,11
attack-pattern--9664ad0e-789e-40ac-82e2-d7b17fbe8fb3,10
attack-pattern--9664ad0e-789e-40ac-82e2-d7b17fbe8fb3,8
attack-pattern--970a3432-3237-47ad-bcca-7d8cbb217736,11
attack-pattern--970cdb5c-02fb-4c38-b17e-d6327cf3c810,11
attack-pattern--98034fef-d9fb-4667-8dc4-2eab6231724c,11
attack-pattern--98be40f2-c86b-4ade-b6fc-4964932040e5,5
attack-pattern--99709758-2b96-48f2-a68a-ad7fbd828091,5
attack-pattern--99709758-2b96-48f2-a68a-ad7fbd828091,12
attack-pattern--99709758-2b96-48f2-a68a-ad7fbd828091,11
attack-pattern--9a60a291-8960-4387-8a4a-2ab5c18bb50b,2
attack-pattern--9a60a291-8960-4387-8a4a-2ab5c18bb50b,5
attack-pattern--9a60a291-8960-4387-8a4a-2ab5c18bb50b,12
attack-pattern--9a60a291-8960-4387-8a4a-2ab5c18bb50b,6
attack-pattern--9a60a291-8960-4387-8a4a-2ab5c18bb50b,11
attack-pattern--9b00925a-7c4b-4e53-bfc8-9a6a806fde03,11
attack-pattern--9b52fca7-1a36-4da0-b62d-da5bd83b4d69,11
attack-pattern--9b99b83a-1aac-4e29-b975-b374950551a3,11
attack-pattern--9c306d8d-cde7-4b4c-b6e8-d0bb16caca36,5
attack-pattern--9c306d8d-cde7-4b4c-b6e8-d0bb16caca36,11
attack-pattern--9c306d8d-cde7-4b4c-b6e8-d0bb16caca36,12
attack-pattern--9c306d8d-cde7-4b4c-b6e8-d0bb16caca36,4
attack-pattern--9c45eaa3-8604-4780-8988-b5074dbb9ecd,12
attack-pattern--9c99724c-a483-4d60-ad9d-7f004e42e8e8,5
attack-pattern--9c99724c-a483-4d60-ad9d-7f004e42e8e8,12
attack-pattern--9c99724c-a483-4d60-ad9d-7f004e42e8e8,11
attack-pattern--9c99724c-a483-4d60-ad9d-7f004e42e8e8,2
attack-pattern--9d48cab2-7929-4812-ad22-f536665f0109,9
attack-pattern--9db0cf3a-a3c9-4012-8268-123b9db6fd82,5
attack-pattern--9db0cf3a-a3c9-4012-8268-123b9db6fd82,11
attack-pattern--9db0cf3a-a3c9-4012-8268-123b9db6fd82,12
attack-pattern--9db0cf3a-a3c9-4012-8268-123b9db6fd82,2
attack-pattern--9ddc2534-e91c-4dab-a8f6-43dab81e8142,11
attack-pattern--9e09ddb2-1746-4448-9cad-7f8b41777d6d,12
attack-pattern--9e7452df-5144-4b6e-b04a-b66dd4016747,5
attack-pattern--9e7452df-5144-4b6e-b04a-b66dd4016747,12
attack-pattern--9e7452df-5144-4b6e-b04a-b66dd4016747,8
attack-pattern--9e7452df-5144-4b6e-b04a-b66dd4016747,10
attack-pattern--9e7452df-5144-4b6e-b04a-b66dd4016747,11
attack-pattern--9e80ddfb-ce32-4961-a778-ca6a10cfae72,5
attack-pattern--9e80ddfb-ce32-4961-a778-ca6a10cfae72,12
attack-pattern--9e8b28c9-35fe-48ac-a14d-e6cc032dcbcd,11
attack-pattern--9efb1ea7-c37b-4595-9640-b7680cd84279,11
attack-pattern--9fa07bef-9c81-421e-a8e5-ad4366c5a925,3
attack-pattern--9fa07bef-9c81-421e-a8e5-ad4366c5a925,4
attack-pattern--9fa07bef-9c81-421e-a8e5-ad4366c5a925,5
attack-pattern--9fa07bef-9c81-421e-a8e5-ad4366c5a925,12
attack-pattern--9fa07bef-9c81-421e-a8e5-ad4366c5a925,8
attack-pattern--9fa07bef-9c81-421e-a8e5-ad4366c5a925,10
attack-pattern--9fa07bef-9c81-421e-a8e5-ad4366c5a925,11
attack-pattern--a009cb25-4801-4116-9105-80a91cf15c1b,3
attack-pattern--a009cb25-4801-4116-9105-80a91cf15c1b,10
attack-pattern--a009cb25-4801-4116-9105-80a91cf15c1b,8
attack-pattern--a009cb25-4801-4116-9105-80a91cf15c1b,4
attack-pattern--a01bf75f-00b2-4568-a58f-565ff9bf202b,5
attack-pattern--a01bf75f-00b2-4568-a58f-565ff9bf202b,12
attack-pattern--a01bf75f-00b2-4568-a58f-565ff9bf202b,11
attack-pattern--a0a189c8-d3bd-4991-bf6f-153d185ee373,12
attack-pattern--a0e6614a-7740-4b24-bd65-f1bde09fc365,9
attack-pattern--a0f84e1d-d25c-4dd1-bb26-3c0e68471530,6
attack-pattern--a10641f4-87b4-45a3-a906-92a149cb2c27,1
attack-pattern--a10641f4-87b4-45a3-a906-92a149cb2c27,2
attack-pattern--a10641f4-87b4-45a3-a906-92a149cb2c27,3
attack-pattern--a10641f4-87b4-45a3-a906-92a149cb2c27,4
attack-pattern--a10641f4-87b4-45a3-a906-92a149cb2c27,5
attack-pattern--a10641f4-87b4-45a3-a906-92a149cb2c27,12
attack-pattern--a10641f4-87b4-45a3-a906-92a149cb2c27,6
attack-pattern--a10641f4-87b4-45a3-a906-92a149cb2c27,8
attack-pattern--a10641f4-87b4-45a3-a906-92a149cb2c27,10
attack-pattern--a10641f4-87b4-45a3-a906-92a149cb2c27,11
attack-pattern--a127c32c-cbb0-4f9d-be07-881a792408ec,11
attack-pattern--a19e86f8-1c0a-4fea-8407-23b73d615776,2
attack-pattern--a19e86f8-1c0a-4fea-8407-23b73d615776,3
attack-pattern--a19e86f8-1c0a-4fea-8407-23b73d615776,5
attack-pattern--a19e86f8-1c0a-4fea-8407-23b73d615776,12
attack-pattern--a19e86f8-1c0a-4fea-8407-23b73d615776,6
attack-pattern--a19e86f8-1c0a-4fea-8407-23b73d615776,8
attack-pattern--a19e86f8-1c0a-4fea-8407-23b73d615776,10
attack-pattern--a19e86f8-1c0a-4fea-8407-23b73d615776,11
attack-pattern--a1b52199-c8c5-438a-9ded-656f1d0888c6,12
attack-pattern--a1b52199-c8c5-438a-9ded-656f1d0888c6,5
attack-pattern--a1df809c-7d0e-459f-8fe5-25474bab770b,5
attack-pattern--a1df809c-7d0e-459f-8fe5-25474bab770b,12
attack-pattern--a1df809c-7d0e-459f-8fe5-25474bab770b,11
attack-pattern--a2029942-0a85-4947-b23c-ca434698171d,5
attack-pattern--a2029942-0a85-4947-b23c-ca434698171d,12
attack-pattern--a2029942-0a85-4947-b23c-ca434698171d,11
attack-pattern--a257ed11-ff3b-4216-8c9d-3938ef57064c,11
attack-pattern--a29aa77c-a88d-4f19-bab9-7751941b2e2d,6
attack-pattern--a2fdce72-04b2-409a-ac10-cc1695f4fce0,9
attack-pattern--a3e1e6c5-9c74-4fc0-a16c-a9d228c17829,5
attack-pattern--a3e1e6c5-9c74-4fc0-a16c-a9d228c17829,11
attack-pattern--a3e1e6c5-9c74-4fc0-a16c-a9d228c17829,12
attack-pattern--a4657bc9-d22f-47d2-a7b7-dd6ec33f3dde,11
attack-pattern--a51eb150-93b1-484b-a503-e51453b127a4,9
attack-pattern--a542bac9-7bc1-4da7-9a09-96f69e23cc21,5
attack-pattern--a62a8db3-f23a-4d8f-afd6-9dbc77e7813b,4
attack-pattern--a62a8db3-f23a-4d8f-afd6-9dbc77e7813b,5
attack-pattern--a62a8db3-f23a-4d8f-afd6-9dbc77e7813b,12
attack-pattern--a62a8db3-f23a-4d8f-afd6-9dbc77e7813b,8
attack-pattern--a62a8db3-f23a-4d8f-afd6-9dbc77e7813b,10
attack-pattern--a62a8db3-f23a-4d8f-afd6-9dbc77e7813b,11
attack-pattern--a6525aec-acc4-47fe-92f9-b9b4de4b9228,5
attack-pattern--a6525aec-acc4-47fe-92f9-b9b4de4b9228,12
attack-pattern--a6525aec-acc4-47fe-92f9-b9b4de4b9228,11
attack-pattern--a6557c75-798f-42e4-be70-ab4502e0a3bc,6
attack-pattern--a6937325-9321-4e2e-bb2b-3ed2d40b2a9d,11
attack-pattern--a718a0c8-5768-41a1-9958-a1cc3f995e99,11
attack-pattern--a718a0c8-5768-41a1-9958-a1cc3f995e99,3
attack-pattern--a718a0c8-5768-41a1-9958-a1cc3f995e99,5
attack-pattern--a718a0c8-5768-41a1-9958-a1cc3f995e99,12
attack-pattern--a718a0c8-5768-41a1-9958-a1cc3f995e99,1
attack-pattern--a750a9f6-0bde-4bb3-9aae-1e2786e9780c,11
attack-pattern--a782ebe2-daba-42c7-bc82-e8e9d923162d,2
attack-pattern--a782ebe2-daba-42c7-bc82-e8e9d923162d,5
attack-pattern--a782ebe2-daba-42c7-bc82-e8e9d923162d,12
attack-pattern--a782ebe2-daba-42c7-bc82-e8e9d923162d,6
attack-pattern--a782ebe2-daba-42c7-bc82-e8e9d923162d,11
attack-pattern--a93494bb-4b80-4ea1-8695-3236a49916fd,1
attack-pattern--a93494bb-4b80-4ea1-8695-3236a49916fd,2
attack-pattern--a93494bb-4b80-4ea1-8695-3236a49916fd,3
attack-pattern--a93494bb-4b80-4ea1-8695-3236a49916fd,4
attack-pattern--a93494bb-4b80-4ea1-8695-3236a49916fd,5
attack-pattern--a93494bb-4b80-4ea1-8695-3236a49916fd,12
attack-pattern--a93494bb-4b80-4ea1-8695-3236a49916fd,6
attack-pattern--a93494bb-4b80-4ea1-8695-3236a49916fd,8
attack-pattern--a93494bb-4b80-4ea1-8695-3236a49916fd,10
attack-pattern--a93494bb-4b80-4ea1-8695-3236a49916fd,11
attack-pattern--a9d4b653-6915-42af-98b2-5758c4ceee56,2
attack-pattern--a9d4b653-6915-42af-98b2-5758c4ceee56,5
attack-pattern--a9d4b653-6915-42af-98b2-5758c4ceee56,12
attack-pattern--a9d4b653-6915-42af-98b2-5758c4ceee56,6
attack-pattern--a9e2cea0-c805-4bf8-9e31-f5f0513a3634,11
attack-pattern--a9e2cea0-c805-4bf8-9e31-f5f0513a3634,8
attack-pattern--a9fb6b3f-4a3c-4703-a4f1-f55f83d1e017,5
attack-pattern--a9fb6b3f-4a3c-4703-a4f1-f55f83d1e017,12
attack-pattern--a9fb6b3f-4a3c-4703-a4f1-f55f83d1e017,11
attack-pattern--aa8bfbc9-78dc-41a4-a03b-7453e0fdccda,12
attack-pattern--ac08589e-ee59-4935-8667-d845e38fe579,1
attack-pattern--ac08589e-ee59-4935-8667-d845e38fe579,3
attack-pattern--ac08589e-ee59-4935-8667-d845e38fe579,5
attack-pattern--ac08589e-ee59-4935-8667-d845e38fe579,12
attack-pattern--ac08589e-ee59-4935-8667-d845e38fe579,6
attack-pattern--ac08589e-ee59-4935-8667-d845e38fe579,11
attack-pattern--ac9e6b22-11bf-45d7-9181-c1cb08360931,5
attack-pattern--ac9e6b22-11bf-45d7-9181-c1cb08360931,12
attack-pattern--ac9e6b22-11bf-45d7-9181-c1cb08360931,11
attack-pattern--acd0ba37-7ba9-4cc5-ac61-796586cd856d,5
attack-pattern--acd0ba37-7ba9-4cc5-ac61-796586cd856d,12
attack-pattern--acd0ba37-7ba9-4cc5-ac61-796586cd856d,11
attack-pattern--ad255bfe-a9e6-4b52-a258-8d3462abe842,2
attack-pattern--ad255bfe-a9e6-4b52-a258-8d3462abe842,5
attack-pattern--ad255bfe-a9e6-4b52-a258-8d3462abe842,12
attack-pattern--ad255bfe-a9e6-4b52-a258-8d3462abe842,11
attack-pattern--ae676644-d2d2-41b7-af7e-9bed1b55898c,5
attack-pattern--ae676644-d2d2-41b7-af7e-9bed1b55898c,12
attack-pattern--ae676644-d2d2-41b7-af7e-9bed1b55898c,11
attack-pattern--ae797531-3219-49a4-bccf-324ad7a4c7b2,9
attack-pattern--ae7f3575-0a5e-427e-991b-fe03ad44c754,6
attack-pattern--aedfca76-3b30-4866-b2aa-0f1d7fd1e4b6,5
attack-pattern--aedfca76-3b30-4866-b2aa-0f1d7fd1e4b6,12
attack-pattern--aedfca76-3b30-4866-b2aa-0f1d7fd1e4b6,11
attack-pattern--afac5dbc-4383-4fb6-9ba6-45b25d49e530,5
attack-pattern--afac5dbc-4383-4fb6-9ba6-45b25d49e530,12
attack-pattern--afac5dbc-4383-4fb6-9ba6-45b25d49e530,11
attack-pattern--afddee82-3385-4682-ad90-eeced33f2d07,5
attack-pattern--afddee82-3385-4682-ad90-eeced33f2d07,6
attack-pattern--afddee82-3385-4682-ad90-eeced33f2d07,11
attack-pattern--afddee82-3385-4682-ad90-eeced33f2d07,12
attack-pattern--b0533c6e-8fea-4788-874f-b799cacc4b92,5
attack-pattern--b0533c6e-8fea-4788-874f-b799cacc4b92,12
attack-pattern--b0533c6e-8fea-4788-874f-b799cacc4b92,11
attack-pattern--b0c74ef9-c61e-4986-88cb-78da98a355ec,3
attack-pattern--b0c74ef9-c61e-4986-88cb-78da98a355ec,1
attack-pattern--b0e54bf7-835e-4f44-bd8e-62f431b9b76a,1
attack-pattern--b17a1a56-e99c-403c-8948-561df0cffe81,1
attack-pattern--b17a1a56-e99c-403c-8948-561df0cffe81,2
attack-pattern--b17a1a56-e99c-403c-8948-561df0cffe81,3
attack-pattern--b17a1a56-e99c-403c-8948-561df0cffe81,4
attack-pattern--b17a1a56-e99c-403c-8948-561df0cffe81,5
attack-pattern--b17a1a56-e99c-403c-8948-561df0cffe81,12
attack-pattern--b17a1a56-e99c-403c-8948-561df0cffe81,6
attack-pattern--b17a1a56-e99c-403c-8948-561df0cffe81,8
attack-pattern--b17a1a56-e99c-403c-8948-561df0cffe81,10
attack-pattern--b17a1a56-e99c-403c-8948-561df0cffe81,11
attack-pattern--b18eae87-b469-4e14-b454-b171b416bc18,2
attack-pattern--b18eae87-b469-4e14-b454-b171b416bc18,5
attack-pattern--b18eae87-b469-4e14-b454-b171b416bc18,12
attack-pattern--b18eae87-b469-4e14-b454-b171b416bc18,11
attack-pattern--b1ccd744-3f78-4a0e-9bb2-2002057f7928,9
attack-pattern--b2001907-166b-4d71-bb3c-9d26c871de09,11
attack-pattern--b200542e-e877-4395-875b-cf1a44537ca4,11
attack-pattern--b21c3b2d-02e6-45b1-980b-e69051040839,1
attack-pattern--b21c3b2d-02e6-45b1-980b-e69051040839,5
attack-pattern--b21c3b2d-02e6-45b1-980b-e69051040839,12
attack-pattern--b21c3b2d-02e6-45b1-980b-e69051040839,11
attack-pattern--b22e5153-ac28-4cc6-865c-2054e36285cb,12
attack-pattern--b24e2a20-3b3d-4bf0-823b-1ed765398fb0,5
attack-pattern--b24e2a20-3b3d-4bf0-823b-1ed765398fb0,12
attack-pattern--b24e2a20-3b3d-4bf0-823b-1ed765398fb0,11
attack-pattern--b24e2a20-3b3d-4bf0-823b-1ed765398fb0,10
attack-pattern--b24e2a20-3b3d-4bf0-823b-1ed765398fb0,3
attack-pattern--b24e2a20-3b3d-4bf0-823b-1ed765398fb0,8
attack-pattern--b24e2a20-3b3d-4bf0-823b-1ed765398fb0,2
attack-pattern--b2d03cea-aec1-45ca-9744-9ee583c1e1cc,1
attack-pattern--b2d03cea-aec1-45ca-9744-9ee583c1e1cc,2
attack-pattern--b2d03cea-aec1-45ca-9744-9ee583c1e1cc,3
attack-pattern--b2d03cea-aec1-45ca-9744-9ee583c1e1cc,4
attack-pattern--b2d03cea-aec1-45ca-9744-9ee583c1e1cc,5
attack-pattern--b2d03cea-aec1-45ca-9744-9ee583c1e1cc,12
attack-pattern--b2d03cea-aec1-45ca-9744-9ee583c1e1cc,6
attack-pattern--b2d03cea-aec1-45ca-9744-9ee583c1e1cc,8
attack-pattern--b2d03cea-aec1-45ca-9744-9ee583c1e1cc,10
attack-pattern--b2d03cea-aec1-45ca-9744-9ee583c1e1cc,11
attack-pattern--b39d03cb-7b98-41c4-a878-c40c1a913dc0,11
attack-pattern--b3d682b6-98f2-4fb0-aa3b-b4df007ca70a,2
attack-pattern--b3d682b6-98f2-4fb0-aa3b-b4df007ca70a,5
attack-pattern--b3d682b6-98f2-4fb0-aa3b-b4df007ca70a,12
attack-pattern--b3d682b6-98f2-4fb0-aa3b-b4df007ca70a,6
attack-pattern--b3d682b6-98f2-4fb0-aa3b-b4df007ca70a,11
attack-pattern--b4409cd8-0da9-46e1-a401-a241afd4d1cc,3
attack-pattern--b4409cd8-0da9-46e1-a401-a241afd4d1cc,4
attack-pattern--b4409cd8-0da9-46e1-a401-a241afd4d1cc,5
attack-pattern--b4409cd8-0da9-46e1-a401-a241afd4d1cc,12
attack-pattern--b4409cd8-0da9-46e1-a401-a241afd4d1cc,8
attack-pattern--b4409cd8-0da9-46e1-a401-a241afd4d1cc,10
attack-pattern--b4409cd8-0da9-46e1-a401-a241afd4d1cc,11
attack-pattern--b4694861-542c-48ea-9eb1-10d356e7140a,8
attack-pattern--b4694861-542c-48ea-9eb1-10d356e7140a,11
attack-pattern--b46a801b-fd98-491c-a25a-bca25d6e3001,11
attack-pattern--b4b7458f-81f2-4d38-84be-1c5ba0167a52,12
attack-pattern--b4b7458f-81f2-4d38-84be-1c5ba0167a52,11
attack-pattern--b512fb8a-18dd-4bfc-bbad-acbaaeb7dde3,9
attack-pattern--b5327dd1-6bf9-4785-a199-25bcbd1f4a9d,2
attack-pattern--b5327dd1-6bf9-4785-a199-25bcbd1f4a9d,5
attack-pattern--b5327dd1-6bf9-4785-a199-25bcbd1f4a9d,12
attack-pattern--b5327dd1-6bf9-4785-a199-25bcbd1f4a9d,11
attack-pattern--b53dbcc6-147d-48bb-9df4-bcb8bb808ff6,5
attack-pattern--b53dbcc6-147d-48bb-9df4-bcb8bb808ff6,12
attack-pattern--b577dfc1-0177-4522-8d5a-782127c8592b,5
attack-pattern--b577dfc1-0177-4522-8d5a-782127c8592b,12
attack-pattern--b577dfc1-0177-4522-8d5a-782127c8592b,11
attack-pattern--b6075259-dba3-44e9-87c7-e954f37ec0d5,11
attack-pattern--b6075259-dba3-44e9-87c7-e954f37ec0d5,5
attack-pattern--b6075259-dba3-44e9-87c7-e954f37ec0d5,12
attack-pattern--b6075259-dba3-44e9-87c7-e954f37ec0d5,3
attack-pattern--b6075259-dba3-44e9-87c7-e954f37ec0d5,6
attack-pattern--b6075259-dba3-44e9-87c7-e954f37ec0d5,4
attack-pattern--b6075259-dba3-44e9-87c7-e954f37ec0d5,10
attack-pattern--b6075259-dba3-44e9-87c7-e954f37ec0d5,8
attack-pattern--b6301b64-ef57-4cce-bb0b-77026f14a8db,5
attack-pattern--b6301b64-ef57-4cce-bb0b-77026f14a8db,12
attack-pattern--b6301b64-ef57-4cce-bb0b-77026f14a8db,11
attack-pattern--b6301b64-ef57-4cce-bb0b-77026f14a8db,10
attack-pattern--b6301b64-ef57-4cce-bb0b-77026f14a8db,3
attack-pattern--b6301b64-ef57-4cce-bb0b-77026f14a8db,8
attack-pattern--b63a34e8-0a61-4c97-a23b-bf8a2ed812e2,5
attack-pattern--b63a34e8-0a61-4c97-a23b-bf8a2ed812e2,12
attack-pattern--b77cf5f3-6060-475d-bd60-40ccbf28fdc2,11
attack-pattern--b7dc639b-24cd-482d-a7f1-8897eda21023,11
attack-pattern--b8017880-4b1e-42de-ad10-ae7ac6705166,6
attack-pattern--b80d107d-fa0d-4b60-9684-b0433e8bdba0,2
attack-pattern--b80d107d-fa0d-4b60-9684-b0433e8bdba0,3
attack-pattern--b80d107d-fa0d-4b60-9684-b0433e8bdba0,5
attack-pattern--b80d107d-fa0d-4b60-9684-b0433e8bdba0,12
attack-pattern--b80d107d-fa0d-4b60-9684-b0433e8bdba0,11
attack-pattern--b82f7d37-b826-4ec9-9391-8e121c78aed7,5
attack-pattern--b82f7d37-b826-4ec9-9391-8e121c78aed7,12
attack-pattern--b82f7d37-b826-4ec9-9391-8e121c78aed7,11
attack-pattern--b831f51c-d22f-4724-bbab-60d056bd1150,2
attack-pattern--b831f51c-d22f-4724-bbab-60d056bd1150,5
attack-pattern--b831f51c-d22f-4724-bbab-60d056bd1150,12
attack-pattern--b831f51c-d22f-4724-bbab-60d056bd1150,6
attack-pattern--b831f51c-d22f-4724-bbab-60d056bd1150,11
attack-pattern--b83e166d-13d7-4b52-8677-dff90c548fd7,5
attack-pattern--b83e166d-13d7-4b52-8677-dff90c548fd7,12
attack-pattern--b83e166d-13d7-4b52-8677-dff90c548fd7,11
attack-pattern--b84903f0-c7d5-435d-a69e-de47cc3578c0,12
attack-pattern--b85f6ce5-81e8-4f36-aff2-3df9d02a9c9d,9
attack-pattern--b8902400-e6c5-4ba2-95aa-2d35b442b118,2
attack-pattern--b8902400-e6c5-4ba2-95aa-2d35b442b118,5
attack-pattern--b8902400-e6c5-4ba2-95aa-2d35b442b118,12
attack-pattern--b8902400-e6c5-4ba2-95aa-2d35b442b118,6
attack-pattern--b8902400-e6c5-4ba2-95aa-2d35b442b118,11
attack-pattern--b8c5c9dd-a662-479d-9428-ae745872537c,11
attack-pattern--b8cfed42-6a8a-4989-ad72-541af74475ec,11
attack-pattern--b97f1d35-4249-4486-a6b5-ee60ccf24fab,11
attack-pattern--b9f5dbe2-4c55-4fc5-af2e-d42c1d182ec4,5
attack-pattern--b9f5dbe2-4c55-4fc5-af2e-d42c1d182ec4,11
attack-pattern--b9f5dbe2-4c55-4fc5-af2e-d42c1d182ec4,12
attack-pattern--ba04e672-da86-4e69-aa15-0eca5db25f43,5
attack-pattern--ba04e672-da86-4e69-aa15-0eca5db25f43,12
attack-pattern--ba04e672-da86-4e69-aa15-0eca5db25f43,11
attack-pattern--ba04e672-da86-4e69-aa15-0eca5db25f43,2
attack-pattern--ba8e391f-14b5-496f-81f2-2d5ecd646c1c,11
attack-pattern--ba8e391f-14b5-496f-81f2-2d5ecd646c1c,3
attack-pattern--ba8e391f-14b5-496f-81f2-2d5ecd646c1c,5
attack-pattern--ba8e391f-14b5-496f-81f2-2d5ecd646c1c,12
attack-pattern--baf60e1a-afe5-4d31-830f-1b1ba2351884,9
attack-pattern--bb0e0cb5-f3e4-4118-a4cb-6bf13bfbc9f2,11
attack-pattern--bb5a00de-e086-4859-a231-fa793f6797e2,5
attack-pattern--bb5a00de-e086-4859-a231-fa793f6797e2,12
attack-pattern--bb5a00de-e086-4859-a231-fa793f6797e2,6
attack-pattern--bb5a00de-e086-4859-a231-fa793f6797e2,11
attack-pattern--bb5e59c4-abe7-40c7-8196-e373cb1e5974,5
attack-pattern--bb5e59c4-abe7-40c7-8196-e373cb1e5974,12
attack-pattern--bb5e59c4-abe7-40c7-8196-e373cb1e5974,11
attack-pattern--bb5e59c4-abe7-40c7-8196-e373cb1e5974,4
attack-pattern--bbc3cba7-84ae-410d-b18b-16750731dfa2,9
attack-pattern--bbde9781-60aa-4b8a-a911-895b0c1b3872,1
attack-pattern--bbde9781-60aa-4b8a-a911-895b0c1b3872,2
attack-pattern--bbde9781-60aa-4b8a-a911-895b0c1b3872,3
attack-pattern--bbde9781-60aa-4b8a-a911-895b0c1b3872,5
attack-pattern--bbde9781-60aa-4b8a-a911-895b0c1b3872,12
attack-pattern--bbde9781-60aa-4b8a-a911-895b0c1b3872,6
attack-pattern--bbde9781-60aa-4b8a-a911-895b0c1b3872,11
attack-pattern--bbe5b322-e2af-4a5e-9625-a4e62bf84ed3,9
attack-pattern--bbfbb096-6561-4d7d-aa2c-a5ee8e44c696,10
attack-pattern--bc0f5e80-91c0-4e04-9fbb-e4e332c85dae,11
attack-pattern--bc76d0a4-db11-4551-9ac4-01a469cfb161,9
attack-pattern--bd369cd9-abb8-41ce-b5bb-fff23ee86c00,5
attack-pattern--bd369cd9-abb8-41ce-b5bb-fff23ee86c00,11
attack-pattern--bd369cd9-abb8-41ce-b5bb-fff23ee86c00,12
attack-pattern--bd5b58a4-a52d-4a29-bc0d-3f1d3968eb6b,5
attack-pattern--bd5b58a4-a52d-4a29-bc0d-3f1d3968eb6b,12
attack-pattern--bd5b58a4-a52d-4a29-bc0d-3f1d3968eb6b,11
attack-pattern--be055942-6e63-49d7-9fa1-9cb7d8a8f3f4,2
attack-pattern--be055942-6e63-49d7-9fa1-9cb7d8a8f3f4,5
attack-pattern--be055942-6e63-49d7-9fa1-9cb7d8a8f3f4,12
attack-pattern--be055942-6e63-49d7-9fa1-9cb7d8a8f3f4,11
attack-pattern--be2dcee9-a7a7-4e38-afd6-21b31ecc3d63,5
attack-pattern--be2dcee9-a7a7-4e38-afd6-21b31ecc3d63,12
attack-pattern--be2dcee9-a7a7-4e38-afd6-21b31ecc3d63,11
attack-pattern--bed04f7d-e48a-4e76-bd0f-4c57fe31fc46,9
attack-pattern--bed81616-3dde-4685-be6e-ba9820f9a7ed,5
attack-pattern--bed81616-3dde-4685-be6e-ba9820f9a7ed,8
attack-pattern--bed81616-3dde-4685-be6e-ba9820f9a7ed,11
attack-pattern--bed81616-3dde-4685-be6e-ba9820f9a7ed,12
attack-pattern--bef8aaee-961d-4359-a308-4c2182bcedff,11
attack-pattern--bef8aaee-961d-4359-a308-4c2182bcedff,12
attack-pattern--bef8aaee-961d-4359-a308-4c2182bcedff,5
attack-pattern--bf147104-abf9-4221-95d1-e81585859441,11
attack-pattern--bf147104-abf9-4221-95d1-e81585859441,8
attack-pattern--bf176076-b789-408e-8cba-7275e81c0ada,2
attack-pattern--bf176076-b789-408e-8cba-7275e81c0ada,5
attack-pattern--bf176076-b789-408e-8cba-7275e81c0ada,12
attack-pattern--bf176076-b789-408e-8cba-7275e81c0ada,6
attack-pattern--bf176076-b789-408e-8cba-7275e81c0ada,11
attack-pattern--bf1b6176-597c-4600-bfcd-ac989670f96b,2
attack-pattern--bf1b6176-597c-4600-bfcd-ac989670f96b,5
attack-pattern--bf1b6176-597c-4600-bfcd-ac989670f96b,12
attack-pattern--bf1b6176-597c-4600-bfcd-ac989670f96b,11
attack-pattern--bf90d72c-c00b-45e3-b3aa-68560560d4c5,2
attack-pattern--bf90d72c-c00b-45e3-b3aa-68560560d4c5,5
attack-pattern--bf90d72c-c00b-45e3-b3aa-68560560d4c5,12
attack-pattern--bf90d72c-c00b-45e3-b3aa-68560560d4c5,11
attack-pattern--bf96a5a3-3bce-43b7-8597-88545984c07b,11
attack-pattern--c071d8c1-3b3a-4f22-9407-ca4e96921069,9
attack-pattern--c0a384a4-9a25-40e1-97b6-458388474bc8,5
attack-pattern--c0a384a4-9a25-40e1-97b6-458388474bc8,12
attack-pattern--c0df6533-30ee-4a4a-9c6d-17af5abdf0b2,5
attack-pattern--c0df6533-30ee-4a4a-9c6d-17af5abdf0b2,12
attack-pattern--c0dfe7b0-b873-4618-9ff8-53e31f70907f,12
attack-pattern--c16e5409-ee53-4d79-afdc-4099dc9292df,5
attack-pattern--c16e5409-ee53-4d79-afdc-4099dc9292df,11
attack-pattern--c16e5409-ee53-4d79-afdc-4099dc9292df,12
attack-pattern--c1a452f3-6499-4c12-b7e9-a6a0a102af76,11
attack-pattern--c1b11bf7-c68e-4fbf-a95b-28efbe7953bb,5
attack-pattern--c1b11bf7-c68e-4fbf-a95b-28efbe7953bb,12
attack-pattern--c1b68a96-3c48-49ea-a6c0-9b27359f9c19,5
attack-pattern--c1b68a96-3c48-49ea-a6c0-9b27359f9c19,12
attack-pattern--c1b68a96-3c48-49ea-a6c0-9b27359f9c19,11
attack-pattern--c21d5a77-d422-4a69-acd7-2c53c1faa34b,2
attack-pattern--c21d5a77-d422-4a69-acd7-2c53c1faa34b,5
attack-pattern--c21d5a77-d422-4a69-acd7-2c53c1faa34b,12
attack-pattern--c21d5a77-d422-4a69-acd7-2c53c1faa34b,6
attack-pattern--c21d5a77-d422-4a69-acd7-2c53c1faa34b,11
attack-pattern--c23b740b-a42b-47a1-aec2-9d48ddd547ff,11
attack-pattern--c283d88f-8c23-4318-9da5-3d50cecad756,1
attack-pattern--c2e147a9-d1a8-4074-811a-d8789202d916,5
attack-pattern--c2e147a9-d1a8-4074-811a-d8789202d916,12
attack-pattern--c2e147a9-d1a8-4074-811a-d8789202d916,11
attack-pattern--c2f59d25-87fe-44aa-8f83-e8e59d077bf5,9
attack-pattern--c31aebd6-c9b5-420f-ba2a-5853bbf897fa,8
attack-pattern--c31aebd6-c9b5-420f-ba2a-5853bbf897fa,10
attack-pattern--c325b232-d5bc-4dde-a3ec-71f3db9e8adc,2
attack-pattern--c325b232-d5bc-4dde-a3ec-71f3db9e8adc,5
attack-pattern--c325b232-d5bc-4dde-a3ec-71f3db9e8adc,12
attack-pattern--c325b232-d5bc-4dde-a3ec-71f3db9e8adc,11
attack-pattern--c32f7008-9fea-41f7-8366-5eb9b74bd896,11
attack-pattern--c3888c54-775d-4b2f-b759-75a2ececcbfd,5
attack-pattern--c3888c54-775d-4b2f-b759-75a2ececcbfd,12
attack-pattern--c3888c54-775d-4b2f-b759-75a2ececcbfd,11
attack-pattern--c3888c54-775d-4b2f-b759-75a2ececcbfd,2
attack-pattern--c3bce4f4-9795-46c6-976e-8676300bbc39,11
attack-pattern--c3c8c916-2f3c-4e71-94b2-240bdfc996f0,3
attack-pattern--c3c8c916-2f3c-4e71-94b2-240bdfc996f0,8
attack-pattern--c3c8c916-2f3c-4e71-94b2-240bdfc996f0,10
attack-pattern--c3d4bdd9-2cfe-4a80-9d0c-07a29ecdce8f,2
attack-pattern--c3d4bdd9-2cfe-4a80-9d0c-07a29ecdce8f,5
attack-pattern--c3d4bdd9-2cfe-4a80-9d0c-07a29ecdce8f,12
attack-pattern--c3d4bdd9-2cfe-4a80-9d0c-07a29ecdce8f,11
attack-pattern--c48a67ee-b657-45c1-91bf-6cdbe27205f8,11
attack-pattern--c4ad009b-6e13-4419-8d21-918a1652de02,11
attack-pattern--c5087385-9b7c-4488-9923-d9e370bf08df,5
attack-pattern--c5087385-9b7c-4488-9923-d9e370bf08df,12
attack-pattern--c5087385-9b7c-4488-9923-d9e370bf08df,11
attack-pattern--c5e31fb5-fcbd-48a4-af8c-5a6ed5b932e5,7
attack-pattern--c5e31fb5-fcbd-48a4-af8c-5a6ed5b932e5,10
attack-pattern--c615231b-f253-4f58-9d47-d5b4cbdb6839,5
attack-pattern--c615231b-f253-4f58-9d47-d5b4cbdb6839,12
attack-pattern--c615231b-f253-4f58-9d47-d5b4cbdb6839,11
attack-pattern--c63a348e-ffc2-486a-b9d9-d7f11ec54d99,11
attack-pattern--c675646d-e204-4aa8-978d-e3d6d65885c4,11
attack-pattern--c675646d-e204-4aa8-978d-e3d6d65885c4,5
attack-pattern--c675646d-e204-4aa8-978d-e3d6d65885c4,12
attack-pattern--c675646d-e204-4aa8-978d-e3d6d65885c4,1
attack-pattern--c675646d-e204-4aa8-978d-e3d6d65885c4,3
attack-pattern--c726e0a2-a57a-4b7b-a973-d0f013246617,5
attack-pattern--c726e0a2-a57a-4b7b-a973-d0f013246617,12
attack-pattern--c726e0a2-a57a-4b7b-a973-d0f013246617,11
attack-pattern--c7660f19-f8c5-4ae3-a5e5-24381c270376,11
attack-pattern--c848fcf7-6b62-4bde-8216-b6c157d48da0,5
attack-pattern--c848fcf7-6b62-4bde-8216-b6c157d48da0,12
attack-pattern--c848fcf7-6b62-4bde-8216-b6c157d48da0,11
attack-pattern--c877e33f-1df6-40d6-b1e7-ce70f16f4979,3
attack-pattern--c877e33f-1df6-40d6-b1e7-ce70f16f4979,5
attack-pattern--c877e33f-1df6-40d6-b1e7-ce70f16f4979,12
attack-pattern--c877e33f-1df6-40d6-b1e7-ce70f16f4979,11
attack-pattern--c898c4b5-bf36-4e6e-a4ad-5b8c4c13e35b,5
attack-pattern--c898c4b5-bf36-4e6e-a4ad-5b8c4c13e35b,12
attack-pattern--c898c4b5-bf36-4e6e-a4ad-5b8c4c13e35b,11
attack-pattern--c8e87b83-edbb-48d4-9295-4974897525b7,11
attack-pattern--c92e3d68-2349-49e4-a341-7edca2deff96,11
attack-pattern--c9e0c59e-162e-40a4-b8b1-78fab4329ada,5
attack-pattern--c9e0c59e-162e-40a4-b8b1-78fab4329ada,12
attack-pattern--c9e0c59e-162e-40a4-b8b1-78fab4329ada,8
attack-pattern--c9e0c59e-162e-40a4-b8b1-78fab4329ada,10
attack-pattern--c9e0c59e-162e-40a4-b8b1-78fab4329ada,11
attack-pattern--ca00366b-83a1-4c7b-a0ce-8ff950a7c87f,3
attack-pattern--ca1a3f50-5ebd-41f8-8320-2c7d6a6e88be,11
attack-pattern--ca205a36-c1ad-488b-aa6c-ab34bdd3a36b,5
attack-pattern--ca205a36-c1ad-488b-aa6c-ab34bdd3a36b,12
attack-pattern--ca205a36-c1ad-488b-aa6c-ab34bdd3a36b,11
attack-pattern--ca9d3402-ada3-484d-876a-d717bd6e05f2,5
attack-pattern--ca9d3402-ada3-484d-876a-d717bd6e05f2,12
attack-pattern--ca9d3402-ada3-484d-876a-d717bd6e05f2,11
attack-pattern--ca9d3402-ada3-484d-876a-d717bd6e05f2,2
attack-pattern--cabe189c-a0e3-4965-a473-dcff00f17213,5
attack-pattern--cabe189c-a0e3-4965-a473-dcff00f17213,11
attack-pattern--cabe189c-a0e3-4965-a473-dcff00f17213,12
attack-pattern--cacc40da-4c9e-462c-80d5-fd70a178b12d,3
attack-pattern--cacc40da-4c9e-462c-80d5-fd70a178b12d,10
attack-pattern--cacc40da-4c9e-462c-80d5-fd70a178b12d,8
attack-pattern--cacc40da-4c9e-462c-80d5-fd70a178b12d,4
attack-pattern--cba37adb-d6fb-4610-b069-dd04c0643384,3
attack-pattern--cba37adb-d6fb-4610-b069-dd04c0643384,5
attack-pattern--cba37adb-d6fb-4610-b069-dd04c0643384,12
attack-pattern--cba37adb-d6fb-4610-b069-dd04c0643384,11
attack-pattern--cbb66055-0325-4111-aca0-40547b6ad5b0,5
attack-pattern--cbb66055-0325-4111-aca0-40547b6ad5b0,12
attack-pattern--cbb66055-0325-4111-aca0-40547b6ad5b0,11
attack-pattern--cc1e737c-236c-4e3b-83ba-32039a626ef8,5
attack-pattern--cc1e737c-236c-4e3b-83ba-32039a626ef8,12
attack-pattern--cc1e737c-236c-4e3b-83ba-32039a626ef8,11
attack-pattern--cc279e50-df85-4c8e-be80-6dc2eda8849c,11
attack-pattern--cc3502b5-30cc-4473-ad48-42d51a6ef6d1,2
attack-pattern--cc3502b5-30cc-4473-ad48-42d51a6ef6d1,5
attack-pattern--cc3502b5-30cc-4473-ad48-42d51a6ef6d1,12
attack-pattern--cc3502b5-30cc-4473-ad48-42d51a6ef6d1,11
attack-pattern--cc36eeae-2209-4e63-89d3-c97e19edf280,5
attack-pattern--cc36eeae-2209-4e63-89d3-c97e19edf280,12
attack-pattern--cc36eeae-2209-4e63-89d3-c97e19edf280,6
attack-pattern--cc36eeae-2209-4e63-89d3-c97e19edf280,11
attack-pattern--cc723aff-ec88-40e3-a224-5af9fd983cc4,9
attack-pattern--cc7b8c4e-9be0-47ca-b0bb-83915ec3ee2f,2
attack-pattern--cc7b8c4e-9be0-47ca-b0bb-83915ec3ee2f,5
attack-pattern--cc7b8c4e-9be0-47ca-b0bb-83915ec3ee2f,12
attack-pattern--cc7b8c4e-9be0-47ca-b0bb-83915ec3ee2f,11
attack-pattern--cc89ecbd-3d33-4a41-bcca-001e702d18fd,11
attack-pattern--cca0ccb6-a068-4574-a722-b1556f86833a,9
attack-pattern--cd25c1b4-935c-4f0e-ba8d-552f28bc4783,11
attack-pattern--cd25c1b4-935c-4f0e-ba8d-552f28bc4783,3
attack-pattern--cd25c1b4-935c-4f0e-ba8d-552f28bc4783,5
attack-pattern--cd25c1b4-935c-4f0e-ba8d-552f28bc4783,12
attack-pattern--cd25c1b4-935c-4f0e-ba8d-552f28bc4783,1
attack-pattern--cd25c1b4-935c-4f0e-ba8d-552f28bc4783,10
attack-pattern--cd92d2b8-ce43-4666-9472-f1b4b9f4f8be,5
attack-pattern--cd92d2b8-ce43-4666-9472-f1b4b9f4f8be,12
attack-pattern--cd92d2b8-ce43-4666-9472-f1b4b9f4f8be,8
attack-pattern--cd92d2b8-ce43-4666-9472-f1b4b9f4f8be,10
attack-pattern--cd92d2b8-ce43-4666-9472-f1b4b9f4f8be,11
attack-pattern--cdfc5f0a-9bb9-4352-b896-553cfa2d8fd8,9
attack-pattern--ce0687a0-e692-4b77-964a-0784a8e54ff1,9
attack-pattern--ce4b7013-640e-48a9-b501-d0025a95f4bf,11
attack-pattern--ce73ea43-8e77-47ba-9c11-5e9c9c58b9ff,12
attack-pattern--ceaeb6d8-95ee-4da2-9d42-dc6aa6ca43ae,3
attack-pattern--ceaeb6d8-95ee-4da2-9d42-dc6aa6ca43ae,4
attack-pattern--cf1c2504-433f-4c4e-a1f8-91de45a0318c,3
attack-pattern--cf7b3a06-8b42-4c33-bbe9-012120027925,5
attack-pattern--cf7b3a06-8b42-4c33-bbe9-012120027925,12
attack-pattern--cf7b3a06-8b42-4c33-bbe9-012120027925,11
attack-pattern--cfb525cc-5494-401d-a82b-2539ca46a561,3
attack-pattern--cff94884-3b1c-4987-a70b-6d5643c621c3,10
attack-pattern--d0613359-5781-4fd2-b5be-c269270be1f6,5
attack-pattern--d0613359-5781-4fd2-b5be-c269270be1f6,12
attack-pattern--d0613359-5781-4fd2-b5be-c269270be1f6,11
attack-pattern--d0b4fcdb-d67d-4ed2-99ce-788b12f8c0f4,5
attack-pattern--d10cbd34-42e3-45c0-84d2-535a09849584,12
attack-pattern--d157f9d2-d09a-4efa-bb2a-64963f94e253,11
attack-pattern--d157f9d2-d09a-4efa-bb2a-64963f94e253,12
attack-pattern--d157f9d2-d09a-4efa-bb2a-64963f94e253,5
attack-pattern--d1fcf083-a721-4223-aedf-bf8960798d62,11
attack-pattern--d201d4cc-214d-4a74-a1ba-b3fa09fd4591,5
attack-pattern--d21a2069-23d5-4043-ad6d-64f6b644cb1a,11
attack-pattern--d21bb61f-08ad-4dc1-b001-81ca6cb79954,9
attack-pattern--d245808a-7086-4310-984a-a84aaaa43f8f,6
attack-pattern--d273434a-448e-4598-8e14-607f4a0d5e27,11
attack-pattern--d28ef391-8ed4-45dc-bc4a-2f43abf54416,5
attack-pattern--d28ef391-8ed4-45dc-bc4a-2f43abf54416,11
attack-pattern--d28ef391-8ed4-45dc-bc4a-2f43abf54416,12
attack-pattern--d28ef391-8ed4-45dc-bc4a-2f43abf54416,10
attack-pattern--d28ef391-8ed4-45dc-bc4a-2f43abf54416,3
attack-pattern--d28ef391-8ed4-45dc-bc4a-2f43abf54416,8
attack-pattern--d2c4e5ea-dbdf-4113-805a-b1e2a337fb33,2
attack-pattern--d2c4e5ea-dbdf-4113-805a-b1e2a337fb33,5
attack-pattern--d2c4e5ea-dbdf-4113-805a-b1e2a337fb33,12
attack-pattern--d2c4e5ea-dbdf-4113-805a-b1e2a337fb33,11
attack-pattern--d2d642da-61ff-4211-b4df-7923c9ca220c,2
attack-pattern--d3046a90-580c-4004-8208-66915bc29830,5
attack-pattern--d3046a90-580c-4004-8208-66915bc29830,12
attack-pattern--d336b553-5da9-46ca-98a8-0b23f49fb447,11
attack-pattern--d349c66e-18e1-4d8b-a2d7-65af7cbd2ba0,1
attack-pattern--d349c66e-18e1-4d8b-a2d7-65af7cbd2ba0,3
attack-pattern--d349c66e-18e1-4d8b-a2d7-65af7cbd2ba0,4
attack-pattern--d349c66e-18e1-4d8b-a2d7-65af7cbd2ba0,5
attack-pattern--d349c66e-18e1-4d8b-a2d7-65af7cbd2ba0,12
attack-pattern--d349c66e-18e1-4d8b-a2d7-65af7cbd2ba0,8
attack-pattern--d349c66e-18e1-4d8b-a2d7-65af7cbd2ba0,10
attack-pattern--d349c66e-18e1-4d8b-a2d7-65af7cbd2ba0,11
attack-pattern--d376668f-b208-42de-b1f5-fdfe0ad4b753,12
attack-pattern--d3df754e-997b-4cf9-97d4-70feb3120847,11
attack-pattern--d3df754e-997b-4cf9-97d4-70feb3120847,12
attack-pattern--d3df754e-997b-4cf9-97d4-70feb3120847,5
attack-pattern--d40239b3-05ff-46d8-9bdd-b46d13463ef9,11
attack-pattern--d40239b3-05ff-46d8-9bdd-b46d13463ef9,5
attack-pattern--d40239b3-05ff-46d8-9bdd-b46d13463ef9,12
attack-pattern--d4287702-e2f7-4946-bdfa-2c7f5aaa5032,5
attack-pattern--d4287702-e2f7-4946-bdfa-2c7f5aaa5032,12
attack-pattern--d4287702-e2f7-4946-bdfa-2c7f5aaa5032,11
attack-pattern--d456de47-a16f-4e46-8980-e67478a12dcb,11
attack-pattern--d456de47-a16f-4e46-8980-e67478a12dcb,5
attack-pattern--d456de47-a16f-4e46-8980-e67478a12dcb,12
attack-pattern--d456de47-a16f-4e46-8980-e67478a12dcb,6
attack-pattern--d456de47-a16f-4e46-8980-e67478a12dcb,2
attack-pattern--d45a3d09-b3cf-48f4-9f0f-f521ee5cb05c,1
attack-pattern--d45a3d09-b3cf-48f4-9f0f-f521ee5cb05c,2
attack-pattern--d45a3d09-b3cf-48f4-9f0f-f521ee5cb05c,3
attack-pattern--d45a3d09-b3cf-48f4-9f0f-f521ee5cb05c,5
attack-pattern--d45a3d09-b3cf-48f4-9f0f-f521ee5cb05c,12
attack-pattern--d45a3d09-b3cf-48f4-9f0f-f521ee5cb05c,11
attack-pattern--d467bc38-284b-4a00-96ac-125f447799fc,2
attack-pattern--d467bc38-284b-4a00-96ac-125f447799fc,5
attack-pattern--d467bc38-284b-4a00-96ac-125f447799fc,12
attack-pattern--d467bc38-284b-4a00-96ac-125f447799fc,11
attack-pattern--d4b96d2c-1032-4b22-9235-2b5b649d0605,11
attack-pattern--d4bdbdea-eaec-4071-b4f9-5105e12ea4b6,3
attack-pattern--d4bdbdea-eaec-4071-b4f9-5105e12ea4b6,8
attack-pattern--d4bdbdea-eaec-4071-b4f9-5105e12ea4b6,10
attack-pattern--d4dc46e3-5ba5-45b9-8204-010867cacfcb,5
attack-pattern--d4dc46e3-5ba5-45b9-8204-010867cacfcb,12
attack-pattern--d4dc46e3-5ba5-45b9-8204-010867cacfcb,11
attack-pattern--d50955c2-272d-4ac8-95da-10c29dda1c48,11
attack-pattern--d511a6f6-4a33-41d5-bc95-c343875d1377,5
attack-pattern--d511a6f6-4a33-41d5-bc95-c343875d1377,12
attack-pattern--d511a6f6-4a33-41d5-bc95-c343875d1377,11
attack-pattern--d519cfd5-f3a8-43a9-a846-ed0bb40672b1,5
attack-pattern--d519cfd5-f3a8-43a9-a846-ed0bb40672b1,11
attack-pattern--d519cfd5-f3a8-43a9-a846-ed0bb40672b1,12
attack-pattern--d54416bd-0803-41ca-870a-ce1af7c05638,5
attack-pattern--d54416bd-0803-41ca-870a-ce1af7c05638,12
attack-pattern--d54416bd-0803-41ca-870a-ce1af7c05638,11
attack-pattern--d63a3fb8-9452-4e9d-a60a-54be68d5998c,2
attack-pattern--d63a3fb8-9452-4e9d-a60a-54be68d5998c,5
attack-pattern--d63a3fb8-9452-4e9d-a60a-54be68d5998c,12
attack-pattern--d63a3fb8-9452-4e9d-a60a-54be68d5998c,11
attack-pattern--d742a578-d70e-4d0e-96a6-02a9c30204e6,4
attack-pattern--d742a578-d70e-4d0e-96a6-02a9c30204e6,5
attack-pattern--d742a578-d70e-4d0e-96a6-02a9c30204e6,12
attack-pattern--d742a578-d70e-4d0e-96a6-02a9c30204e6,11
attack-pattern--d74c4a7e-ffbf-432f-9365-7ebf1f787cab,11
attack-pattern--d74c4a7e-ffbf-432f-9365-7ebf1f787cab,3
attack-pattern--d74c4a7e-ffbf-432f-9365-7ebf1f787cab,5
attack-pattern--d74c4a7e-ffbf-432f-9365-7ebf1f787cab,12
attack-pattern--d74c4a7e-ffbf-432f-9365-7ebf1f787cab,1
attack-pattern--d94b3ae9-8059-4989-8e9f-ea0f601f80a7,3
attack-pattern--da051493-ae9c-4b1b-9760-c009c46c9b56,5
attack-pattern--da051493-ae9c-4b1b-9760-c009c46c9b56,12
attack-pattern--da051493-ae9c-4b1b-9760-c009c46c9b56,11
attack-pattern--db8f5003-3b20-48f0-9b76-123e44208120,9
attack-pattern--dc27c2ec-c5f9-4228-ba57-d67b590bda93,5
attack-pattern--dc27c2ec-c5f9-4228-ba57-d67b590bda93,12
attack-pattern--dc27c2ec-c5f9-4228-ba57-d67b590bda93,11
attack-pattern--dc31fe1e-d722-49da-8f5f-92c7b5aff534,11
attack-pattern--dca670cf-eeec-438f-8185-fd959d9ef211,12
attack-pattern--dca670cf-eeec-438f-8185-fd959d9ef211,5
attack-pattern--dca670cf-eeec-438f-8185-fd959d9ef211,6
attack-pattern--dca670cf-eeec-438f-8185-fd959d9ef211,2
attack-pattern--dcaa092b-7de9-4a21-977f-7fcb77e89c48,11
attack-pattern--dce31a00-1e90-4655-b0f9-e2e71a748a87,11
attack-pattern--dd43c543-bb85-4a6f-aa6e-160d90d06a49,5
attack-pattern--dd43c543-bb85-4a6f-aa6e-160d90d06a49,12
attack-pattern--dd43c543-bb85-4a6f-aa6e-160d90d06a49,11
attack-pattern--dd901512-6e37-4155-943b-453e3777b125,12
attack-pattern--deb98323-e13f-4b0c-8d94-175379069062,5
attack-pattern--deb98323-e13f-4b0c-8d94-175379069062,12
attack-pattern--deb98323-e13f-4b0c-8d94-175379069062,11
attack-pattern--df1bc34d-1634-4c93-b89e-8120994fce77,9
attack-pattern--df8b2a25-8bdf-4856-953c-a04372b1c161,2
attack-pattern--df8b2a25-8bdf-4856-953c-a04372b1c161,5
attack-pattern--df8b2a25-8bdf-4856-953c-a04372b1c161,12
attack-pattern--df8b2a25-8bdf-4856-953c-a04372b1c161,6
attack-pattern--df8b2a25-8bdf-4856-953c-a04372b1c161,11
attack-pattern--dfd7cc1d-e1d8-4394-a198-97c4cab8aa67,5
attack-pattern--dfd7cc1d-e1d8-4394-a198-97c4cab8aa67,12
attack-pattern--dfd7cc1d-e1d8-4394-a198-97c4cab8aa67,11
attack-pattern--dfebc3b7-d19d-450b-81c7-6dafe4184c04,5
attack-pattern--dfebc3b7-d19d-450b-81c7-6dafe4184c04,12
attack-pattern--dfebc3b7-d19d-450b-81c7-6dafe4184c04,11
attack-pattern--dfefe2ed-4389-4318-8762-f0272b350a1b,5
attack-pattern--dff263cc-328e-42b4-afbc-1fee8b6a8913,5
attack-pattern--dff263cc-328e-42b4-afbc-1fee8b6a8913,12
attack-pattern--dff263cc-328e-42b4-afbc-1fee8b6a8913,11
attack-pattern--e0033c16-a07e-48aa-8204-7c3ca669998c,11
attack-pattern--e01be9c5-e763-4caf-aeb7-000b416aef67,11
attack-pattern--e01be9c5-e763-4caf-aeb7-000b416aef67,3
attack-pattern--e01be9c5-e763-4caf-aeb7-000b416aef67,5
attack-pattern--e01be9c5-e763-4caf-aeb7-000b416aef67,12
attack-pattern--e01be9c5-e763-4caf-aeb7-000b416aef67,6
attack-pattern--e01be9c5-e763-4caf-aeb7-000b416aef67,1
attack-pattern--e01be9c5-e763-4caf-aeb7-000b416aef67,10
attack-pattern--e01be9c5-e763-4caf-aeb7-000b416aef67,8
attack-pattern--e01be9c5-e763-4caf-aeb7-000b416aef67,4
attack-pattern--e01be9c5-e763-4caf-aeb7-000b416aef67,2
attack-pattern--e0232cb0-ded5-4c2e-9dc7-2893142a5c11,5
attack-pattern--e196b5c5-8118-4a1c-ab8a-936586ce3db5,9
attack-pattern--e1c2db92-7ae3-4e6a-90b4-157c1c1565cb,8
attack-pattern--e1c2db92-7ae3-4e6a-90b4-157c1c1565cb,11
attack-pattern--e1c2db92-7ae3-4e6a-90b4-157c1c1565cb,12
attack-pattern--e1c2db92-7ae3-4e6a-90b4-157c1c1565cb,5
attack-pattern--e24fcba8-2557-4442-a139-1ee2f2e784db,3
attack-pattern--e24fcba8-2557-4442-a139-1ee2f2e784db,4
attack-pattern--e24fcba8-2557-4442-a139-1ee2f2e784db,8
attack-pattern--e24fcba8-2557-4442-a139-1ee2f2e784db,10
attack-pattern--e261a979-f354-41a8-963e-6cadac27c4bf,5
attack-pattern--e261a979-f354-41a8-963e-6cadac27c4bf,12
attack-pattern--e261a979-f354-41a8-963e-6cadac27c4bf,11
attack-pattern--e2907cea-4b43-4ed7-a570-0fdf0fbeea00,5
attack-pattern--e2907cea-4b43-4ed7-a570-0fdf0fbeea00,12
attack-pattern--e358d692-23c0-4a31-9eb6-ecc13a8d7735,2
attack-pattern--e358d692-23c0-4a31-9eb6-ecc13a8d7735,5
attack-pattern--e358d692-23c0-4a31-9eb6-ecc13a8d7735,12
attack-pattern--e358d692-23c0-4a31-9eb6-ecc13a8d7735,6
attack-pattern--e358d692-23c0-4a31-9eb6-ecc13a8d7735,11
attack-pattern--e3a12395-188d-4051-9a16-ea8e14d07b88,1
attack-pattern--e3a12395-188d-4051-9a16-ea8e14d07b88,3
attack-pattern--e3a12395-188d-4051-9a16-ea8e14d07b88,5
attack-pattern--e3a12395-188d-4051-9a16-ea8e14d07b88,12
attack-pattern--e3a12395-188d-4051-9a16-ea8e14d07b88,6
attack-pattern--e3a12395-188d-4051-9a16-ea8e14d07b88,11
attack-pattern--e3b168bd-fcd7-439e-9382-2e6c2f63514d,9
attack-pattern--e3b6daca-e963-4a69-aee6-ed4fd653ad58,2
attack-pattern--e3b6daca-e963-4a69-aee6-ed4fd653ad58,3
attack-pattern--e3b6daca-e963-4a69-aee6-ed4fd653ad58,5
attack-pattern--e3b6daca-e963-4a69-aee6-ed4fd653ad58,12
attack-pattern--e3b6daca-e963-4a69-aee6-ed4fd653ad58,11
attack-pattern--e49920b0-6c54-40c1-9571-73723653205f,3
attack-pattern--e49920b0-6c54-40c1-9571-73723653205f,10
attack-pattern--e49920b0-6c54-40c1-9571-73723653205f,8
attack-pattern--e49920b0-6c54-40c1-9571-73723653205f,4
attack-pattern--e49ee9d2-0d98-44ef-85e5-5d3100065744,11
attack-pattern--e4dc8c01-417f-458d-9ee0-bb0617c1b391,5
attack-pattern--e4dc8c01-417f-458d-9ee0-bb0617c1b391,12
attack-pattern--e4dc8c01-417f-458d-9ee0-bb0617c1b391,11
attack-pattern--e51137a5-1cdc-499e-911a-abaedaa5ac86,5
attack-pattern--e51137a5-1cdc-499e-911a-abaedaa5ac86,12
attack-pattern--e5cc9e7a-e61a-46a1-b869-55fb6eab058e,12
attack-pattern--e5d550f3-2202-4634-85f2-4a200a1d49b3,9
attack-pattern--e624264c-033a-424d-9fd7-fc9c3bbdb03e,11
attack-pattern--e6415f09-df0e-48de-9aba-928c902b7549,5
attack-pattern--e6415f09-df0e-48de-9aba-928c902b7549,12
attack-pattern--e6415f09-df0e-48de-9aba-928c902b7549,11
attack-pattern--e64c62cf-9cd7-4a14-94ec-cdaac43ab44b,11
attack-pattern--e6919abc-99f9-4c6c-95a5-14761e7b2add,2
attack-pattern--e6919abc-99f9-4c6c-95a5-14761e7b2add,5
attack-pattern--e6919abc-99f9-4c6c-95a5-14761e7b2add,12
attack-pattern--e6919abc-99f9-4c6c-95a5-14761e7b2add,6
attack-pattern--e6919abc-99f9-4c6c-95a5-14761e7b2add,11
attack-pattern--e6f19759-dde3-47fc-99cc-d9f5fa4ade60,11
attack-pattern--e74de37c-a829-446c-937d-56a44f0e9306,11
attack-pattern--e74de37c-a829-446c-937d-56a44f0e9306,8
attack-pattern--e7cbc1de-1f79-48ee-abfd-da1241c65a15,9
attack-pattern--e7eab98d-ae11-4491-bd28-a53ba875865a,11
attack-pattern--e848506b-8484-4410-8017-3d235a52f5b3,10
attack-pattern--e848506b-8484-4410-8017-3d235a52f5b3,3
attack-pattern--e848506b-8484-4410-8017-3d235a52f5b3,8
attack-pattern--e8a0a025-3601-4755-abfb-8d08283329fb,12
attack-pattern--e906ae4d-1d3a-4675-be23-22f7311c0da4,11
attack-pattern--e99ec083-abdd-48de-ad87-4dbf6f8ba2a4,12
attack-pattern--e9b75bb0-b5ec-42c8-b728-f4f424d9c39e,5
attack-pattern--e9b75bb0-b5ec-42c8-b728-f4f424d9c39e,12
attack-pattern--e9b75bb0-b5ec-42c8-b728-f4f424d9c39e,11
attack-pattern--ea016b56-ae0e-47fe-967a-cc0ad51af67f,5
attack-pattern--ea071aa0-8f17-416f-ab0d-2bab7e79003d,11
attack-pattern--ea071aa0-8f17-416f-ab0d-2bab7e79003d,5
attack-pattern--ea071aa0-8f17-416f-ab0d-2bab7e79003d,12
attack-pattern--ea071aa0-8f17-416f-ab0d-2bab7e79003d,6
attack-pattern--ea4c2f9c-9df1-477c-8c42-6da1118f2ac4,11
attack-pattern--eb062747-2193-45de-8fa2-e62549c37ddf,11
attack-pattern--eb125d40-0b2d-41ac-a71a-3229241c2cd3,11
attack-pattern--eb2cb5cb-ae87-4de0-8c35-da2a17aafb99,11
attack-pattern--eb897572-8979-4242-a089-56f294f4c91d,2
attack-pattern--eb897572-8979-4242-a089-56f294f4c91d,5
attack-pattern--eb897572-8979-4242-a089-56f294f4c91d,12
attack-pattern--eb897572-8979-4242-a089-56f294f4c91d,6
attack-pattern--eb897572-8979-4242-a089-56f294f4c91d,11
attack-pattern--ebb42bbe-62d7-47d7-a55f-3b08b61d792d,11
attack-pattern--ebb42bbe-62d7-47d7-a55f-3b08b61d792d,4
attack-pattern--ebbe170d-aa74-4946-8511-9921243415a3,11
attack-pattern--ec4be82f-940c-4dcb-87fe-2bbdd17c692f,9
attack-pattern--ec8fc7e2-b356-455c-8db5-2e37be158e7d,5
attack-pattern--ec8fc7e2-b356-455c-8db5-2e37be158e7d,12
attack-pattern--ec8fc7e2-b356-455c-8db5-2e37be158e7d,11
attack-pattern--ed2e45f9-d338-4eb2-8ce5-3a2e03323bc1,3
attack-pattern--ed730f20-0e44-48b9-85f8-0e2adeb76867,9
attack-pattern--ed7efd4d-ce28-4a19-a8e6-c58011eb2c7a,11
attack-pattern--ed7efd4d-ce28-4a19-a8e6-c58011eb2c7a,8
attack-pattern--edadea33-549c-4ed1-9783-8f5a5853cbdf,9
attack-pattern--edbe24e9-aec4-4994-ac75-6a6bc7f1ddd0,11
attack-pattern--edf91964-b26e-4b4a-9600-ccacd7d7df24,11
attack-pattern--ee474564-64be-4b83-a958-53f238f49b01,3
attack-pattern--ee7ff928-801c-4f34-8a99-3df965e581a5,6
attack-pattern--eec096b8-c207-43df-b6c1-11523861e452,2
attack-pattern--eec096b8-c207-43df-b6c1-11523861e452,5
attack-pattern--eec096b8-c207-43df-b6c1-11523861e452,12
attack-pattern--eec096b8-c207-43df-b6c1-11523861e452,6
attack-pattern--eec096b8-c207-43df-b6c1-11523861e452,11
attack-pattern--eec23884-3fa1-4d8a-ac50-6f104d51e235,5
attack-pattern--eec23884-3fa1-4d8a-ac50-6f104d51e235,12
attack-pattern--eec23884-3fa1-4d8a-ac50-6f104d51e235,11
attack-pattern--eec23884-3fa1-4d8a-ac50-6f104d51e235,2
attack-pattern--ef67e13e-5598-4adc-bdb2-998225874fa9,5
attack-pattern--ef67e13e-5598-4adc-bdb2-998225874fa9,12
attack-pattern--ef67e13e-5598-4adc-bdb2-998225874fa9,11
attack-pattern--f005e783-57d4-4837-88ad-dbe7faee1c51,1
attack-pattern--f005e783-57d4-4837-88ad-dbe7faee1c51,3
attack-pattern--f005e783-57d4-4837-88ad-dbe7faee1c51,4
attack-pattern--f005e783-57d4-4837-88ad-dbe7faee1c51,8
attack-pattern--f005e783-57d4-4837-88ad-dbe7faee1c51,10
attack-pattern--f0589bc3-a6ae-425a-a3d5-5659bfee07f4,11
attack-pattern--f1951e8a-500e-4a26-8803-76d95c4554b4,11
attack-pattern--f232fa7a-025c-4d43-abc7-318e81a73d65,3
attack-pattern--f232fa7a-025c-4d43-abc7-318e81a73d65,4
attack-pattern--f232fa7a-025c-4d43-abc7-318e81a73d65,8
attack-pattern--f232fa7a-025c-4d43-abc7-318e81a73d65,10
attack-pattern--f244b8dd-af6c-4391-a497-fc03627ce995,5
attack-pattern--f244b8dd-af6c-4391-a497-fc03627ce995,11
attack-pattern--f244b8dd-af6c-4391-a497-fc03627ce995,12
attack-pattern--f24faf46-3b26-4dbb-98f2-63460498e433,2
attack-pattern--f24faf46-3b26-4dbb-98f2-63460498e433,5
attack-pattern--f24faf46-3b26-4dbb-98f2-63460498e433,12
attack-pattern--f24faf46-3b26-4dbb-98f2-63460498e433,11
attack-pattern--f2514ae4-4e9b-4f26-a5ba-c4ae85fe93c3,2
attack-pattern--f2514ae4-4e9b-4f26-a5ba-c4ae85fe93c3,3
attack-pattern--f2514ae4-4e9b-4f26-a5ba-c4ae85fe93c3,5
attack-pattern--f2514ae4-4e9b-4f26-a5ba-c4ae85fe93c3,12
attack-pattern--f2514ae4-4e9b-4f26-a5ba-c4ae85fe93c3,11
attack-pattern--f2857333-11d4-45bf-b064-2c28d8525be5,11
attack-pattern--f2877f7f-9a4c-4251-879f-1224e3006bee,11
attack-pattern--f2d44246-91f1-478a-b6c8-1227e0ca109d,11
attack-pattern--f303a39a-6255-4b89-aecc-18c4d8ca7163,11
attack-pattern--f3c544dc-673c-4ef3-accb-53229f1ae077,2
attack-pattern--f3c544dc-673c-4ef3-accb-53229f1ae077,5
attack-pattern--f3c544dc-673c-4ef3-accb-53229f1ae077,12
attack-pattern--f3c544dc-673c-4ef3-accb-53229f1ae077,6
attack-pattern--f3c544dc-673c-4ef3-accb-53229f1ae077,11
attack-pattern--f3d95a1f-bba2-44ce-9af7-37866cd63fd0,11
attack-pattern--f3d95a1f-bba2-44ce-9af7-37866cd63fd0,5
attack-pattern--f3d95a1f-bba2-44ce-9af7-37866cd63fd0,12
attack-pattern--f44731de-ea9f-406d-9b83-30ecbb9b4392,11
attack-pattern--f4599aa0-4f85-4a32-80ea-fc39dc965945,11
attack-pattern--f4882e23-8aa7-4b12-b28a-b349c12ee9e0,11
attack-pattern--f4b843c1-7e92-4701-8fed-ce82f8be2636,9
attack-pattern--f4c1826f-a322-41cd-9557-562100848c84,3
attack-pattern--f4c1826f-a322-41cd-9557-562100848c84,4
attack-pattern--f4c1826f-a322-41cd-9557-562100848c84,5
attack-pattern--f4c1826f-a322-41cd-9557-562100848c84,12
attack-pattern--f4c1826f-a322-41cd-9557-562100848c84,6
attack-pattern--f4c1826f-a322-41cd-9557-562100848c84,8
attack-pattern--f4c1826f-a322-41cd-9557-562100848c84,10
attack-pattern--f4c1826f-a322-41cd-9557-562100848c84,11
attack-pattern--f4c3f644-ab33-433d-8648-75cc03a95792,5
attack-pattern--f5946b5e-9408-485f-a7f7-b5efc88909b6,11
attack-pattern--f5946b5e-9408-485f-a7f7-b5efc88909b6,5
attack-pattern--f5946b5e-9408-485f-a7f7-b5efc88909b6,12
attack-pattern--f5bb433e-bdf6-4781-84bc-35e97e43be89,5
attack-pattern--f5bb433e-bdf6-4781-84bc-35e97e43be89,12
attack-pattern--f5bb433e-bdf6-4781-84bc-35e97e43be89,6
attack-pattern--f5bb433e-bdf6-4781-84bc-35e97e43be89,11
attack-pattern--f5d8eed6-48a9-4cdf-a3d7-d1ffa99c3d2a,1
attack-pattern--f5d8eed6-48a9-4cdf-a3d7-d1ffa99c3d2a,2
attack-pattern--f5d8eed6-48a9-4cdf-a3d7-d1ffa99c3d2a,3
attack-pattern--f5d8eed6-48a9-4cdf-a3d7-d1ffa99c3d2a,5
attack-pattern--f5d8eed6-48a9-4cdf-a3d7-d1ffa99c3d2a,12
attack-pattern--f5d8eed6-48a9-4cdf-a3d7-d1ffa99c3d2a,6
attack-pattern--f5d8eed6-48a9-4cdf-a3d7-d1ffa99c3d2a,11
attack-pattern--f63fe421-b1d1-45c0-b8a7-02cd16ff2bed,11
attack-pattern--f6ad61ee-65f3-4bd0-a3f5-2f0accb36317,5
attack-pattern--f6ad61ee-65f3-4bd0-a3f5-2f0accb36317,12
attack-pattern--f6ad61ee-65f3-4bd0-a3f5-2f0accb36317,11
attack-pattern--f6dacc85-b37d-458e-b58d-74fc4bbf5755,2
attack-pattern--f6dacc85-b37d-458e-b58d-74fc4bbf5755,5
attack-pattern--f6dacc85-b37d-458e-b58d-74fc4bbf5755,12
attack-pattern--f6dacc85-b37d-458e-b58d-74fc4bbf5755,6
attack-pattern--f6dacc85-b37d-458e-b58d-74fc4bbf5755,11
attack-pattern--f6fe9070-7a65-49ea-ae72-76292f42cebe,11
attack-pattern--f72eb8a8-cd4c-461d-a814-3f862befbf00,5
attack-pattern--f72eb8a8-cd4c-461d-a814-3f862befbf00,12
attack-pattern--f72eb8a8-cd4c-461d-a814-3f862befbf00,11
attack-pattern--f7827069-0bf2-4764-af4f-23fae0d181b7,2
attack-pattern--f7827069-0bf2-4764-af4f-23fae0d181b7,5
attack-pattern--f7827069-0bf2-4764-af4f-23fae0d181b7,12
attack-pattern--f7827069-0bf2-4764-af4f-23fae0d181b7,11
attack-pattern--f792d02f-813d-402b-86a5-ab98cb391d3b,11
attack-pattern--f7c0689c-4dbd-489b-81be-7cb7c7079ade,2
attack-pattern--f7c0689c-4dbd-489b-81be-7cb7c7079ade,5
attack-pattern--f7c0689c-4dbd-489b-81be-7cb7c7079ade,12
attack-pattern--f7c0689c-4dbd-489b-81be-7cb7c7079ade,11
attack-pattern--f870408c-b1cd-49c7-a5c7-0ef0fc496cc6,9
attack-pattern--f879d51c-5476-431c-aedf-f14d207e4d1e,5
attack-pattern--f879d51c-5476-431c-aedf-f14d207e4d1e,12
attack-pattern--f879d51c-5476-431c-aedf-f14d207e4d1e,11
attack-pattern--f8ba7d61-11c5-4130-bafd-7c3ff5fbf4b5,2
attack-pattern--f8ef3a62-3f44-40a4-abca-761ab235c436,1
attack-pattern--f9cc4d06-775f-4ee1-b401-4e2cc0da30ba,9
attack-pattern--f9e9365a-9ca2-4d9c-8e7c-050d73d1101a,11
attack-pattern--f9e9365a-9ca2-4d9c-8e7c-050d73d1101a,5
attack-pattern--fa44a152-ac48-441e-a524-dd7b04b8adcd,6
attack-pattern--fb640c43-aa6b-431e-a961-a279010424ac,5
attack-pattern--fb640c43-aa6b-431e-a961-a279010424ac,12
attack-pattern--fb640c43-aa6b-431e-a961-a279010424ac,6
attack-pattern--fb640c43-aa6b-431e-a961-a279010424ac,11
attack-pattern--fb75213f-cfb0-40bf-a02f-3bad93d6601e,8
attack-pattern--fb75213f-cfb0-40bf-a02f-3bad93d6601e,10
attack-pattern--fb8d023d-45be-47e9-bc51-f56bcae6435b,2
attack-pattern--fb8d023d-45be-47e9-bc51-f56bcae6435b,5
attack-pattern--fb8d023d-45be-47e9-bc51-f56bcae6435b,12
attack-pattern--fb8d023d-45be-47e9-bc51-f56bcae6435b,6
attack-pattern--fb8d023d-45be-47e9-bc51-f56bcae6435b,11
attack-pattern--fbd91bfc-75c2-4f0c-8116-3b4e722906b3,5
attack-pattern--fbd91bfc-75c2-4f0c-8116-3b4e722906b3,12
attack-pattern--fbd91bfc-75c2-4f0c-8116-3b4e722906b3,11
attack-pattern--fc742192-19e3-466c-9eb5-964a97b29490,12
attack-pattern--fc74ba38-dc98-461f-8611-b3dbf9978e3d,6
attack-pattern--fcf5bccf-be7a-48ff-b7a7-8d6019279301,5
attack-pattern--fcf5bccf-be7a-48ff-b7a7-8d6019279301,12
attack-pattern--fcf5bccf-be7a-48ff-b7a7-8d6019279301,8
attack-pattern--fcf5bccf-be7a-48ff-b7a7-8d6019279301,11
attack-pattern--fdc47f44-dd32-4b99-af5f-209f556f63c2,1
attack-pattern--fdc47f44-dd32-4b99-af5f-209f556f63c2,2
attack-pattern--fdc47f44-dd32-4b99-af5f-209f556f63c2,5
attack-pattern--fdc47f44-dd32-4b99-af5f-209f556f63c2,12
attack-pattern--fdc47f44-dd32-4b99-af5f-209f556f63c2,6
attack-pattern--fdc47f44-dd32-4b99-af5f-209f556f63c2,11
attack-pattern--fde016f6-211a-41c8-a4ab-301f1e419c62,5
attack-pattern--fde016f6-211a-41c8-a4ab-301f1e419c62,6
attack-pattern--fde016f6-211a-41c8-a4ab-301f1e419c62,11
attack-pattern--fde016f6-211a-41c8-a4ab-301f1e419c62,12
attack-pattern--fe926152-f431-4baf-956c-4ad3cb0bf23b,5
attack-pattern--fe926152-f431-4baf-956c-4ad3cb0bf23b,11
attack-pattern--fe926152-f431-4baf-956c-4ad3cb0bf23b,12
attack-pattern--fe926152-f431-4baf-956c-4ad3cb0bf23b,10
attack-pattern--fe926152-f431-4baf-956c-4ad3cb0bf23b,3
attack-pattern--ff25900d-76d5-449b-a351-8824e62fc81b,11
attack-pattern--ff73aa03-0090-4464-83ac-f89e233c02bc,2
attack-pattern--ff73aa03-0090-4464-83ac-f89e233c02bc,5
attack-pattern--ff73aa03-0090-4464-83ac-f89e233c02bc,12
attack-pattern--ff73aa03-0090-4464-83ac-f89e233c02bc,6
attack-pattern--ff73aa03-0090-4464-83ac-f89e233c02bc,11
attack-pattern--ffbcfdb0-de22-4106-9ed3-fc23c8a01407,11
attack-pattern--ffe59ad3-ad9b-4b9f-b74f-5beb3c309dc1,11
attack-pattern--ffe742ed-9100-4686-9e00-c331da544787,11
attack-pattern--ffeb0780-356e-4261-b036-cfb6bd234335,11
