group_id,technique_id
intrusion-set--01e28736-2ffc-455b-9880-ed4d1407ae07,attack-pattern--65f2d882-3f41-4d48-8a06-29af77ec9f90
intrusion-set--b7f627e2-0817-4cd5-8d50-e75f8aa85cc6,attack-pattern--10ffac09-e42d-4f56-ab20-db94c67d76ff
intrusion-set--918da025-04bd-48af-b6c4-f3e4d1b915eb,attack-pattern--f5d8eed6-48a9-4cdf-a3d7-d1ffa99c3d2a
intrusion-set--dd2d9ca6-505b-4860-a604-233685b802c7,attack-pattern--635cbe30-392d-4e27-978e-66774357c762
intrusion-set--3753cc21-2dae-4dfb-8481-d004e74502cc,attack-pattern--ef67e13e-5598-4adc-bdb2-998225874fa9
intrusion-set--461b8e25-8f4a-4ea2-a4a8-e39df7ce6630,attack-pattern--b0533c6e-8fea-4788-874f-b799cacc4b92
intrusion-set--f8cb7b36-62ef-4488-8a6d-a7033e3271c1,attack-pattern--970a3432-3237-47ad-bcca-7d8cbb217736
intrusion-set--9b36c218-4d80-4ec6-a68d-cc2886bbe410,attack-pattern--cd92d2b8-ce43-4666-9472-f1b4b9f4f8be
intrusion-set--f8cb7b36-62ef-4488-8a6d-a7033e3271c1,attack-pattern--b18eae87-b469-4e14-b454-b171b416bc18
intrusion-set--461b8e25-8f4a-4ea2-a4a8-e39df7ce6630,attack-pattern--63b24abc-5702-4745-b1e4-ac70b20a43f2
intrusion-set--1c63d4ec-0a75-4daa-b1df-0d11af3d3cc1,attack-pattern--53ac20cd-aca3-406e-9aa0-9fc7fdc60a5a
intrusion-set--dd2d9ca6-505b-4860-a604-233685b802c7,attack-pattern--e7cbc1de-1f79-48ee-abfd-da1241c65a15
intrusion-set--96e239be-ad99-49eb-b127-3007b8c1bec9,attack-pattern--dfebc3b7-d19d-450b-81c7-6dafe4184c04
intrusion-set--4ca1929c-7d64-4aab-b849-badbfc0c760d,attack-pattern--e7cbc1de-1f79-48ee-abfd-da1241c65a15
intrusion-set--c21dd6f1-1364-4a70-a1f7-783080ec34ee,attack-pattern--e6919abc-99f9-4c6c-95a5-14761e7b2add
intrusion-set--c21dd6f1-1364-4a70-a1f7-783080ec34ee,attack-pattern--7385dfaf-6886-4229-9ecd-6fd678040830
intrusion-set--64b52e7d-b2c4-4a02-9372-08a463f5dc11,attack-pattern--d511a6f6-4a33-41d5-bc95-c343875d1377
intrusion-set--f3be6240-f68e-47e1-90d2-ad8f3b3bb8a6,attack-pattern--1644e709-12d2-41e5-a60f-3470991f5011
intrusion-set--35d1b3be-49d4-42f1-aaa6-ef159c880bca,attack-pattern--f2514ae4-4e9b-4f26-a5ba-c4ae85fe93c3
intrusion-set--ead23196-d7b6-4ce6-a124-4ab4b67d81bd,attack-pattern--0d91b3c0-5e50-47c3-949a-2a796f04d144
intrusion-set--6fe8a2a1-a1b0-4af8-953d-4babd329f8f8,attack-pattern--2b742742-28c3-4e1b-bab7-8350d6300fa7
intrusion-set--c0291346-defe-48d7-9542-9e074ba1bdfb,attack-pattern--970a3432-3237-47ad-bcca-7d8cbb217736
intrusion-set--35d1b3be-49d4-42f1-aaa6-ef159c880bca,attack-pattern--eec096b8-c207-43df-b6c1-11523861e452
intrusion-set--bf668120-e9a6-4017-a014-bfc0f5232656,attack-pattern--232b7f21-adf9-4b42-b936-b9d6f7df856e
intrusion-set--cc613a49-9bfa-4e22-98d1-15ffbb03f034,attack-pattern--88d31120-5bc7-4ce3-a9c0-7cf147be8e54
intrusion-set--0ec2f388-bf0f-4b5c-97b1-fc736d26c25f,attack-pattern--a1df809c-7d0e-459f-8fe5-25474bab770b
intrusion-set--ecbf507f-6786-4121-a4cc-0fd6a8d3a29d,attack-pattern--c3888c54-775d-4b2f-b759-75a2ececcbfd
intrusion-set--381fcf73-60f6-4ab2-9991-6af3cbc35192,attack-pattern--3ee16395-03f0-4690-a32e-69ce9ada0f9e
intrusion-set--7a19ecb1-3c65-4de3-a230-993516aed6a6,attack-pattern--ae797531-3219-49a4-bccf-324ad7a4c7b2
intrusion-set--a7f57cc1-4540-4429-823f-f4e56b8473c9,attack-pattern--e358d692-23c0-4a31-9eb6-ecc13a8d7735
intrusion-set--35d1b3be-49d4-42f1-aaa6-ef159c880bca,attack-pattern--10d51417-ee35-4589-b1ff-b6df1c334e8d
intrusion-set--d13c8a7f-740b-4efa-a232-de7d6bb05321,attack-pattern--b18eae87-b469-4e14-b454-b171b416bc18
intrusion-set--17862c7d-9e60-48a0-b48e-da4dc4c3f6b0,attack-pattern--dfd7cc1d-e1d8-4394-a198-97c4cab8aa67
intrusion-set--bef4c620-0787-42a8-a96d-b7eb6e85917c,attack-pattern--edf91964-b26e-4b4a-9600-ccacd7d7df24
intrusion-set--8b1e16f6-e7c8-4b7a-a5df-f81232c13e2f,attack-pattern--01a5a209-b94c-450b-b7f9-946497d91055
intrusion-set--f29b7c5e-2439-42ad-a86f-9f8984fafae3,attack-pattern--707399d6-ab3e-4963-9315-d9d3818cd6a0
intrusion-set--9e729a7e-0dd6-4097-95bf-db8d64911383,attack-pattern--cba37adb-d6fb-4610-b069-dd04c0643384
intrusion-set--6713ab67-e25b-49cc-808d-2b36d4fbc35c,attack-pattern--b4694861-542c-48ea-9eb1-10d356e7140a
intrusion-set--174279b4-399f-4ddb-966e-5efedd1dd5f2,attack-pattern--e3a12395-188d-4051-9a16-ea8e14d07b88
intrusion-set--918da025-04bd-48af-b6c4-f3e4d1b915eb,attack-pattern--01a5a209-b94c-450b-b7f9-946497d91055
intrusion-set--f9d6633a-55e6-4adc-9263-6ae080421a13,attack-pattern--09a60ea3-a8d1-4ae5-976e-5783248b72a4
intrusion-set--4ca1929c-7d64-4aab-b849-badbfc0c760d,attack-pattern--d336b553-5da9-46ca-98a8-0b23f49fb447
intrusion-set--381fcf73-60f6-4ab2-9991-6af3cbc35192,attack-pattern--2b5aa86b-a0df-4382-848d-30abea443327
intrusion-set--dc6fe6ee-04c2-49be-ba3d-f38d2463c02a,attack-pattern--2e34237d-8574-43f6-aace-ae2915de8597
intrusion-set--64b52e7d-b2c4-4a02-9372-08a463f5dc11,attack-pattern--72b74d71-8169-42aa-92e0-e7b04b9f5a08
intrusion-set--64b52e7d-b2c4-4a02-9372-08a463f5dc11,attack-pattern--d63a3fb8-9452-4e9d-a60a-54be68d5998c
intrusion-set--2688b13e-8e71-405a-9c40-0dee94bddf87,attack-pattern--774ad5bb-2366-4c13-a8a9-65e50b292e7c
intrusion-set--7eda3dd8-b09b-4705-8090-c2ad9fb8c14d,attack-pattern--4bc31b94-045b-4752-8920-aebaebdb6470
intrusion-set--44e43fad-ffcb-4210-abcf-eaaed9735f80,attack-pattern--e3a12395-188d-4051-9a16-ea8e14d07b88
intrusion-set--269e8108-68c6-4f99-b911-14b2e765dec2,attack-pattern--2b742742-28c3-4e1b-bab7-8350d6300fa7
intrusion-set--00f67a77-86a4-4adf-be26-1a54fc713340,attack-pattern--b80d107d-fa0d-4b60-9684-b0433e8bdba0
intrusion-set--e44e0985-bc65-4a8f-b578-211c858128e3,attack-pattern--d742a578-d70e-4d0e-96a6-02a9c30204e6
intrusion-set--a7f57cc1-4540-4429-823f-f4e56b8473c9,attack-pattern--0a3ead4e-6d47-4ccb-854c-a6a4f9d96b22
intrusion-set--00f67a77-86a4-4adf-be26-1a54fc713340,attack-pattern--43e7dc91-05b2-474c-b9ac-2ed4fe101f4d
intrusion-set--c93fccb1-e8e8-42cf-ae33-2ad1d183913a,attack-pattern--d1fcf083-a721-4223-aedf-bf8960798d62
intrusion-set--93f52415-0fe4-4d3d-896c-fc9b8e88ab90,attack-pattern--3ccef7ae-cb5e-48f6-8302-897105fbf55c
intrusion-set--c1aab4c9-4c34-4f4f-8541-d529e46a07f9,attack-pattern--970a3432-3237-47ad-bcca-7d8cbb217736
intrusion-set--9735c036-8ebe-47e9-9c77-b0ae656dab93,attack-pattern--b3d682b6-98f2-4fb0-aa3b-b4df007ca70a
intrusion-set--35d1b3be-49d4-42f1-aaa6-ef159c880bca,attack-pattern--4061e78c-1284-44b4-9116-73e4ac3912f7
intrusion-set--0ec2f388-bf0f-4b5c-97b1-fc736d26c25f,attack-pattern--3c4a2599-71ee-4405-ba1e-0e28414b4bc5
intrusion-set--7113eaa5-ba79-4fb3-b68a-398ee9cd698e,attack-pattern--bf1b6176-597c-4600-bfcd-ac989670f96b
intrusion-set--46bb06cb-f2d9-4b37-8c92-a27e224ad90d,attack-pattern--bf1b6176-597c-4600-bfcd-ac989670f96b
intrusion-set--6fe8a2a1-a1b0-4af8-953d-4babd329f8f8,attack-pattern--ef67e13e-5598-4adc-bdb2-998225874fa9
intrusion-set--420ac20b-f2b9-42b8-aa1a-6d4b72895ca4,attack-pattern--707399d6-ab3e-4963-9315-d9d3818cd6a0
intrusion-set--d8bc9788-4f7d-41a9-9e9d-ee1ea18a8cf7,attack-pattern--5282dd9a-d26d-4e16-88b7-7c0f4553daf4
intrusion-set--8c1f0187-0826-4320-bddc-5f326cfcfe2c,attack-pattern--2fee9321-3e71-4cf4-af24-d4d40d355b34
intrusion-set--b7f627e2-0817-4cd5-8d50-e75f8aa85cc6,attack-pattern--bf1b6176-597c-4600-bfcd-ac989670f96b
intrusion-set--467271fd-47c0-4e90-a3f9-d84f5cf790d0,attack-pattern--3ee16395-03f0-4690-a32e-69ce9ada0f9e
intrusion-set--17862c7d-9e60-48a0-b48e-da4dc4c3f6b0,attack-pattern--53ac20cd-aca3-406e-9aa0-9fc7fdc60a5a
intrusion-set--b7f627e2-0817-4cd5-8d50-e75f8aa85cc6,attack-pattern--2b742742-28c3-4e1b-bab7-8350d6300fa7
intrusion-set--7f848c02-4d1e-4808-a4ae-4670681370a9,attack-pattern--e6919abc-99f9-4c6c-95a5-14761e7b2add
intrusion-set--c416b28c-103b-4df1-909e-78089a7e0e5f,attack-pattern--d742a578-d70e-4d0e-96a6-02a9c30204e6
intrusion-set--381fcf73-60f6-4ab2-9991-6af3cbc35192,attack-pattern--3257eb21-f9a7-4430-8de1-d8b6e288f529
intrusion-set--222fbd21-fc4f-4b7e-9f85-0e6e3a76c33f,attack-pattern--e358d692-23c0-4a31-9eb6-ecc13a8d7735
intrusion-set--56319646-eb6e-41fc-ae53-aadfa7adb924,attack-pattern--2959d63f-73fd-46a1-abd2-109d7dcede32
intrusion-set--0d4ac089-ced4-4cc4-a989-174d08e6d030,attack-pattern--155207c0-7f53-4f13-a06b-0a9907ef5096
intrusion-set--222fbd21-fc4f-4b7e-9f85-0e6e3a76c33f,attack-pattern--01a5a209-b94c-450b-b7f9-946497d91055
intrusion-set--918da025-04bd-48af-b6c4-f3e4d1b915eb,attack-pattern--bf90d72c-c00b-45e3-b3aa-68560560d4c5
intrusion-set--f9d6633a-55e6-4adc-9263-6ae080421a13,attack-pattern--40597f16-0963-4249-bf4c-ac93b7fb9807
intrusion-set--fe8796a4-2a02-41a0-9d27-7aa1e995feb6,attack-pattern--9efb1ea7-c37b-4595-9640-b7680cd84279
intrusion-set--4c4a7846-45d5-4761-8eea-725fa989914c,attack-pattern--4f9ca633-15c5-463c-9724-bdcd54fde541
intrusion-set--894aab42-3371-47b1-8859-a4a074c804c8,attack-pattern--d336b553-5da9-46ca-98a8-0b23f49fb447
intrusion-set--8cf6e33b-b6ef-4a1f-a77c-0ecdde93161f,attack-pattern--2b742742-28c3-4e1b-bab7-8350d6300fa7
intrusion-set--813636db-3939-4a45-bea9-6113e970c029,attack-pattern--d40239b3-05ff-46d8-9bdd-b46d13463ef9
intrusion-set--4a2ce82e-1a74-468a-a6fb-bbead541383c,attack-pattern--9efb1ea7-c37b-4595-9640-b7680cd84279
intrusion-set--2688b13e-8e71-405a-9c40-0dee94bddf87,attack-pattern--692074ae-bb62-4a5e-a735-02cb6bde458c
intrusion-set--ebd7ce77-c9ba-4fba-bb28-58296ac66559,attack-pattern--0259baeb-9f63-4c69-bf10-eb038c390688
intrusion-set--d519164e-f5fa-4b8c-a1fb-cf0172ad0983,attack-pattern--4f9ca633-15c5-463c-9724-bdcd54fde541
intrusion-set--381fcf73-60f6-4ab2-9991-6af3cbc35192,attack-pattern--d511a6f6-4a33-41d5-bc95-c343875d1377
intrusion-set--18854f55-ac7c-4634-bd9a-352dd07613b7,attack-pattern--b17a1a56-e99c-403c-8948-561df0cffe81
intrusion-set--7a19ecb1-3c65-4de3-a230-993516aed6a6,attack-pattern--57340c81-c025-4189-8fa0-fc7ede51bae4
intrusion-set--f29b7c5e-2439-42ad-a86f-9f8984fafae3,attack-pattern--3fc9b85a-2862-4363-a64d-d692e3ffbee0
intrusion-set--b7f627e2-0817-4cd5-8d50-e75f8aa85cc6,attack-pattern--7807d3a4-a885-4639-a786-c1ed41484970
intrusion-set--35d1b3be-49d4-42f1-aaa6-ef159c880bca,attack-pattern--4b46767d-4a61-4f30-995e-c19a75c2e536
intrusion-set--319fd652-edde-46b2-9987-3519493989f5,attack-pattern--926d8cfd-1d0d-4da2-ab49-3ca10ec3f3b5
intrusion-set--319fd652-edde-46b2-9987-3519493989f5,attack-pattern--1c34f7aa-9341-4a48-bfab-af22e51aca6c
intrusion-set--44e43fad-ffcb-4210-abcf-eaaed9735f80,attack-pattern--9efb1ea7-c37b-4595-9640-b7680cd84279
intrusion-set--8b1e16f6-e7c8-4b7a-a5df-f81232c13e2f,attack-pattern--2fee9321-3e71-4cf4-af24-d4d40d355b34
intrusion-set--f9c06633-dcff-48a1-8588-759e7cec5694,attack-pattern--d742a578-d70e-4d0e-96a6-02a9c30204e6
intrusion-set--319fd652-edde-46b2-9987-3519493989f5,attack-pattern--bed81616-3dde-4685-be6e-ba9820f9a7ed
intrusion-set--7a19ecb1-3c65-4de3-a230-993516aed6a6,attack-pattern--a01bf75f-00b2-4568-a58f-565ff9bf202b
intrusion-set--fbe9387f-34e6-4828-ac28-3080020c597b,attack-pattern--d63a3fb8-9452-4e9d-a60a-54be68d5998c
intrusion-set--cb41e991-65f4-4668-a65f-f4200545b5a1,attack-pattern--b80d107d-fa0d-4b60-9684-b0433e8bdba0
intrusion-set--c5947e1c-1cbc-434c-94b8-27c7e3be0fff,attack-pattern--0f20e3cb-245b-4a61-8a91-2d93f7cb0e9b
intrusion-set--93f52415-0fe4-4d3d-896c-fc9b8e88ab90,attack-pattern--3c4a2599-71ee-4405-ba1e-0e28414b4bc5
intrusion-set--bef4c620-0787-42a8-a96d-b7eb6e85917c,attack-pattern--bc76d0a4-db11-4551-9ac4-01a469cfb161
intrusion-set--2688b13e-8e71-405a-9c40-0dee94bddf87,attack-pattern--e6919abc-99f9-4c6c-95a5-14761e7b2add
intrusion-set--fd19bd82-1b14-49a1-a176-6cdc46b8a826,attack-pattern--b17a1a56-e99c-403c-8948-561df0cffe81
intrusion-set--c93fccb1-e8e8-42cf-ae33-2ad1d183913a,attack-pattern--2e34237d-8574-43f6-aace-ae2915de8597
intrusion-set--f29b7c5e-2439-42ad-a86f-9f8984fafae3,attack-pattern--d511a6f6-4a33-41d5-bc95-c343875d1377
intrusion-set--96e239be-ad99-49eb-b127-3007b8c1bec9,attack-pattern--348f1eef-964b-4eb6-bb53-69b3dcb0c643
intrusion-set--0ec2f388-bf0f-4b5c-97b1-fc736d26c25f,attack-pattern--212306d8-efa4-44c9-8c2d-ed3d2e224aa0
intrusion-set--00f67a77-86a4-4adf-be26-1a54fc713340,attack-pattern--03d7999c-1f4c-42cc-8373-e7690d318104
intrusion-set--44102191-3a31-45f8-acbe-34bdb441d5ad,attack-pattern--3f886f2a-874f-4333-b794-aa6075009b1c
intrusion-set--2c40f629-6cf9-4f75-af32-9a98caec24ae,attack-pattern--7bd9c723-2f78-4309-82c5-47cad406572b
intrusion-set--0ec2f388-bf0f-4b5c-97b1-fc736d26c25f,attack-pattern--0458aab9-ad42-4eac-9e22-706a95bafee2
intrusion-set--674582ec-51c4-42ce-b409-797239e37a2a,attack-pattern--2e34237d-8574-43f6-aace-ae2915de8597
intrusion-set--44d37b89-a739-4810-9111-0d2617a8939b,attack-pattern--cca0ccb6-a068-4574-a722-b1556f86833a
intrusion-set--93f52415-0fe4-4d3d-896c-fc9b8e88ab90,attack-pattern--322bad5a-1c49-4d23-ab79-76d641794afa
intrusion-set--35d1b3be-49d4-42f1-aaa6-ef159c880bca,attack-pattern--1c4e5d32-1fe9-4116-9d9d-59e3925bd6a2
intrusion-set--bef4c620-0787-42a8-a96d-b7eb6e85917c,attack-pattern--937e4772-8441-4e4a-8bf0-8d447d667e23
intrusion-set--3ea7add5-5b8f-45d8-b1f1-905d2729d62a,attack-pattern--f6ad61ee-65f3-4bd0-a3f5-2f0accb36317
intrusion-set--918da025-04bd-48af-b6c4-f3e4d1b915eb,attack-pattern--2959d63f-73fd-46a1-abd2-109d7dcede32
intrusion-set--918da025-04bd-48af-b6c4-f3e4d1b915eb,attack-pattern--20fb2507-d71c-455d-9b6d-6104461cf26b
intrusion-set--4e868dad-682d-4897-b8df-2dc98f46c68a,attack-pattern--354a7f88-63fb-41b5-a801-ce3b377b36f1
intrusion-set--222fbd21-fc4f-4b7e-9f85-0e6e3a76c33f,attack-pattern--42e8de7b-37b2-4258-905a-6897815e58e0
intrusion-set--6fe8a2a1-a1b0-4af8-953d-4babd329f8f8,attack-pattern--e7cbc1de-1f79-48ee-abfd-da1241c65a15
intrusion-set--73a80fab-2aa3-48e0-a4d0-3a4828200aee,attack-pattern--970a3432-3237-47ad-bcca-7d8cbb217736
intrusion-set--82323c70-4186-4b61-94f5-b227c3b28e89,attack-pattern--b3d682b6-98f2-4fb0-aa3b-b4df007ca70a
intrusion-set--ebd7ce77-c9ba-4fba-bb28-58296ac66559,attack-pattern--09c4c11e-4fa1-4f8c-8dad-3cf8e69ad119
intrusion-set--461b8e25-8f4a-4ea2-a4a8-e39df7ce6630,attack-pattern--d2d642da-61ff-4211-b4df-7923c9ca220c
intrusion-set--44e43fad-ffcb-4210-abcf-eaaed9735f80,attack-pattern--69b8fd78-40e8-4600-ae4d-662c9d7afdb3
intrusion-set--d0b3393b-3bec-4ba3-bda9-199d30db47b6,attack-pattern--b17a1a56-e99c-403c-8948-561df0cffe81
intrusion-set--222fbd21-fc4f-4b7e-9f85-0e6e3a76c33f,attack-pattern--d63a3fb8-9452-4e9d-a60a-54be68d5998c
intrusion-set--247cb30b-955f-42eb-97a5-a89fef69341e,attack-pattern--e624264c-033a-424d-9fd7-fc9c3bbdb03e
intrusion-set--b516b235-fc7d-4635-aca5-3d33312339c3,attack-pattern--eec096b8-c207-43df-b6c1-11523861e452
intrusion-set--7a19ecb1-3c65-4de3-a230-993516aed6a6,attack-pattern--3ccef7ae-cb5e-48f6-8302-897105fbf55c
intrusion-set--64b52e7d-b2c4-4a02-9372-08a463f5dc11,attack-pattern--a9d4b653-6915-42af-98b2-5758c4ceee56
intrusion-set--c1aab4c9-4c34-4f4f-8541-d529e46a07f9,attack-pattern--635cbe30-392d-4e27-978e-66774357c762
intrusion-set--f9d6633a-55e6-4adc-9263-6ae080421a13,attack-pattern--bc76d0a4-db11-4551-9ac4-01a469cfb161
intrusion-set--2688b13e-8e71-405a-9c40-0dee94bddf87,attack-pattern--88d31120-5bc7-4ce3-a9c0-7cf147be8e54
intrusion-set--b7f627e2-0817-4cd5-8d50-e75f8aa85cc6,attack-pattern--c3888c54-775d-4b2f-b759-75a2ececcbfd
intrusion-set--44d37b89-a739-4810-9111-0d2617a8939b,attack-pattern--bbde9781-60aa-4b8a-a911-895b0c1b3872
intrusion-set--dc6fe6ee-04c2-49be-ba3d-f38d2463c02a,attack-pattern--e6919abc-99f9-4c6c-95a5-14761e7b2add
intrusion-set--269e8108-68c6-4f99-b911-14b2e765dec2,attack-pattern--79a47ad0-fc3b-4821-9f01-a026b1ddba21
intrusion-set--46599a4a-77ee-4697-9474-2683b6464859,attack-pattern--1eaebf46-e361-4437-bc23-d5d65a3b92e3
intrusion-set--1f21da59-6a13-455b-afd0-d58d0a5a7d27,attack-pattern--b200542e-e877-4395-875b-cf1a44537ca4
intrusion-set--467271fd-47c0-4e90-a3f9-d84f5cf790d0,attack-pattern--9efb1ea7-c37b-4595-9640-b7680cd84279
intrusion-set--3753cc21-2dae-4dfb-8481-d004e74502cc,attack-pattern--32901740-b42c-4fdd-bc02-345b5dc57082
intrusion-set--269e8108-68c6-4f99-b911-14b2e765dec2,attack-pattern--2fee9321-3e71-4cf4-af24-d4d40d355b34
intrusion-set--3fc023b2-c5cc-481d-9c3e-70141ae1a87e,attack-pattern--be2dcee9-a7a7-4e38-afd6-21b31ecc3d63
intrusion-set--0ec2f388-bf0f-4b5c-97b1-fc736d26c25f,attack-pattern--eb062747-2193-45de-8fa2-e62549c37ddf
intrusion-set--e44e0985-bc65-4a8f-b578-211c858128e3,attack-pattern--31fe0ba2-62fd-4fd9-9293-4043d84f7fe9
intrusion-set--54dfec3e-6464-4f74-9d69-b7c817b7e5a3,attack-pattern--dfd7cc1d-e1d8-4394-a198-97c4cab8aa67
intrusion-set--44e43fad-ffcb-4210-abcf-eaaed9735f80,attack-pattern--3ccef7ae-cb5e-48f6-8302-897105fbf55c
intrusion-set--93f52415-0fe4-4d3d-896c-fc9b8e88ab90,attack-pattern--d63a3fb8-9452-4e9d-a60a-54be68d5998c
intrusion-set--1c63d4ec-0a75-4daa-b1df-0d11af3d3cc1,attack-pattern--0259baeb-9f63-4c69-bf10-eb038c390688
intrusion-set--cb41e991-65f4-4668-a65f-f4200545b5a1,attack-pattern--eb062747-2193-45de-8fa2-e62549c37ddf
intrusion-set--35d1b3be-49d4-42f1-aaa6-ef159c880bca,attack-pattern--09b130a2-a77e-4af0-a361-f46f9aad1345
intrusion-set--3ea7add5-5b8f-45d8-b1f1-905d2729d62a,attack-pattern--5d0d3609-d06d-49e1-b9c9-b544e0c618cb
intrusion-set--8cf6e33b-b6ef-4a1f-a77c-0ecdde93161f,attack-pattern--8f4a33ec-8b1f-4b80-a2f6-642b2e479580
intrusion-set--3753cc21-2dae-4dfb-8481-d004e74502cc,attack-pattern--b17a1a56-e99c-403c-8948-561df0cffe81
intrusion-set--bef4c620-0787-42a8-a96d-b7eb6e85917c,attack-pattern--ec8fc7e2-b356-455c-8db5-2e37be158e7d
intrusion-set--afec6dc3-a18e-4b62-b1a4-5510e1a498d1,attack-pattern--8f4a33ec-8b1f-4b80-a2f6-642b2e479580
intrusion-set--174279b4-399f-4ddb-966e-5efedd1dd5f2,attack-pattern--7bc57495-ea59-4380-be31-a64af124ef18
intrusion-set--cb41e991-65f4-4668-a65f-f4200545b5a1,attack-pattern--851e071f-208d-4c79-adc6-5974c85c78f3
intrusion-set--6eded342-33e5-4451-b6b2-e1c62863129f,attack-pattern--2b742742-28c3-4e1b-bab7-8350d6300fa7
intrusion-set--c416b28c-103b-4df1-909e-78089a7e0e5f,attack-pattern--9efb1ea7-c37b-4595-9640-b7680cd84279
intrusion-set--02b16bd6-ae88-417a-8a3f-02c5e166175a,attack-pattern--354a7f88-63fb-41b5-a801-ce3b377b36f1
intrusion-set--46599a4a-77ee-4697-9474-2683b6464859,attack-pattern--cdfc5f0a-9bb9-4352-b896-553cfa2d8fd8
intrusion-set--fb366179-766c-4a4a-afa1-52bff1fd601c,attack-pattern--b21c3b2d-02e6-45b1-980b-e69051040839
intrusion-set--1c3dcf91-b859-4aae-a09c-ae26dc8b6390,attack-pattern--5e29d64d-2b14-4f92-875e-4c9c498e213c
intrusion-set--0ec2f388-bf0f-4b5c-97b1-fc736d26c25f,attack-pattern--65013dd2-bc61-43e3-afb5-a14c4fa7437a
intrusion-set--c5b81590-6814-4d2a-8baa-15c4b6c7f960,attack-pattern--3489cfc5-640f-4bb3-a103-9137b97de79f
intrusion-set--2e290bfe-93b5-48ce-97d6-edcd6d32b7cf,attack-pattern--8c41090b-aa47-4331-986b-8c9a51a91103
intrusion-set--c93fccb1-e8e8-42cf-ae33-2ad1d183913a,attack-pattern--3b0e52ce-517a-4614-a523-1bd5deef6c5e
intrusion-set--56319646-eb6e-41fc-ae53-aadfa7adb924,attack-pattern--d63a3fb8-9452-4e9d-a60a-54be68d5998c
intrusion-set--0ec2f388-bf0f-4b5c-97b1-fc736d26c25f,attack-pattern--a62a8db3-f23a-4d8f-afd6-9dbc77e7813b
intrusion-set--4a2ce82e-1a74-468a-a6fb-bbead541383c,attack-pattern--348f1eef-964b-4eb6-bb53-69b3dcb0c643
intrusion-set--fd66436e-4d33-450e-ac4c-f7810f1c85f4,attack-pattern--212306d8-efa4-44c9-8c2d-ed3d2e224aa0
intrusion-set--44d37b89-a739-4810-9111-0d2617a8939b,attack-pattern--32901740-b42c-4fdd-bc02-345b5dc57082
intrusion-set--cc613a49-9bfa-4e22-98d1-15ffbb03f034,attack-pattern--c2e147a9-d1a8-4074-811a-d8789202d916
intrusion-set--2e290bfe-93b5-48ce-97d6-edcd6d32b7cf,attack-pattern--79da0971-3147-4af6-a4f5-e8cd447cd795
intrusion-set--f9d6633a-55e6-4adc-9263-6ae080421a13,attack-pattern--9efb1ea7-c37b-4595-9640-b7680cd84279
intrusion-set--56a05d27-4d47-418a-b330-781c5614f202,attack-pattern--0458aab9-ad42-4eac-9e22-706a95bafee2
intrusion-set--0ec2f388-bf0f-4b5c-97b1-fc736d26c25f,attack-pattern--bbde9781-60aa-4b8a-a911-895b0c1b3872
intrusion-set--cb41e991-65f4-4668-a65f-f4200545b5a1,attack-pattern--01a5a209-b94c-450b-b7f9-946497d91055
intrusion-set--c93fccb1-e8e8-42cf-ae33-2ad1d183913a,attack-pattern--fb8d023d-45be-47e9-bc51-f56bcae6435b
intrusion-set--f40eb8ce-2a74-4e56-89a1-227021410142,attack-pattern--df8b2a25-8bdf-4856-953c-a04372b1c161
intrusion-set--44d37b89-a739-4810-9111-0d2617a8939b,attack-pattern--ceaeb6d8-95ee-4da2-9d42-dc6aa6ca43ae
intrusion-set--e6db1e55-b199-4b6b-8633-989345ee45e0,attack-pattern--212306d8-efa4-44c9-8c2d-ed3d2e224aa0
intrusion-set--94873029-f950-4268-9cfd-5032e15cb182,attack-pattern--b97f1d35-4249-4486-a6b5-ee60ccf24fab
intrusion-set--fd66436e-4d33-450e-ac4c-f7810f1c85f4,attack-pattern--6151cbea-819b-455a-9fa6-99a1cc58797d
intrusion-set--174279b4-399f-4ddb-966e-5efedd1dd5f2,attack-pattern--cc723aff-ec88-40e3-a224-5af9fd983cc4
intrusion-set--82323c70-4186-4b61-94f5-b227c3b28e89,attack-pattern--ec8fc7e2-b356-455c-8db5-2e37be158e7d
intrusion-set--c93fccb1-e8e8-42cf-ae33-2ad1d183913a,attack-pattern--c325b232-d5bc-4dde-a3ec-71f3db9e8adc
intrusion-set--bef4c620-0787-42a8-a96d-b7eb6e85917c,attack-pattern--79da0971-3147-4af6-a4f5-e8cd447cd795
intrusion-set--d8bc9788-4f7d-41a9-9e9d-ee1ea18a8cf7,attack-pattern--3c4a2599-71ee-4405-ba1e-0e28414b4bc5
intrusion-set--fb366179-766c-4a4a-afa1-52bff1fd601c,attack-pattern--c3888c54-775d-4b2f-b759-75a2ececcbfd
intrusion-set--813636db-3939-4a45-bea9-6113e970c029,attack-pattern--a2fdce72-04b2-409a-ac10-cc1695f4fce0
intrusion-set--35d1b3be-49d4-42f1-aaa6-ef159c880bca,attack-pattern--d63a3fb8-9452-4e9d-a60a-54be68d5998c
intrusion-set--7a19ecb1-3c65-4de3-a230-993516aed6a6,attack-pattern--a2fdce72-04b2-409a-ac10-cc1695f4fce0
intrusion-set--467271fd-47c0-4e90-a3f9-d84f5cf790d0,attack-pattern--bf176076-b789-408e-8cba-7275e81c0ada
intrusion-set--e6db1e55-b199-4b6b-8633-989345ee45e0,attack-pattern--03d7999c-1f4c-42cc-8373-e7690d318104
intrusion-set--ebd7ce77-c9ba-4fba-bb28-58296ac66559,attack-pattern--30208d3e-0d6b-43c8-883e-44462a514619
intrusion-set--01e28736-2ffc-455b-9880-ed4d1407ae07,attack-pattern--212306d8-efa4-44c9-8c2d-ed3d2e224aa0
intrusion-set--2688b13e-8e71-405a-9c40-0dee94bddf87,attack-pattern--00f90846-cbd1-4fc5-9233-df5c2bf2a662
intrusion-set--ebd7ce77-c9ba-4fba-bb28-58296ac66559,attack-pattern--fb640c43-aa6b-431e-a961-a279010424ac
intrusion-set--1f21da59-6a13-455b-afd0-d58d0a5a7d27,attack-pattern--bbde9781-60aa-4b8a-a911-895b0c1b3872
intrusion-set--bef4c620-0787-42a8-a96d-b7eb6e85917c,attack-pattern--55fc4df0-b42c-479a-b860-7a6761bcaad0
intrusion-set--6fe8a2a1-a1b0-4af8-953d-4babd329f8f8,attack-pattern--e3a12395-188d-4051-9a16-ea8e14d07b88
intrusion-set--56319646-eb6e-41fc-ae53-aadfa7adb924,attack-pattern--2e34237d-8574-43f6-aace-ae2915de8597
intrusion-set--ecbf507f-6786-4121-a4cc-0fd6a8d3a29d,attack-pattern--707399d6-ab3e-4963-9315-d9d3818cd6a0
intrusion-set--8b1e16f6-e7c8-4b7a-a5df-f81232c13e2f,attack-pattern--e6919abc-99f9-4c6c-95a5-14761e7b2add
intrusion-set--4ca1929c-7d64-4aab-b849-badbfc0c760d,attack-pattern--354a7f88-63fb-41b5-a801-ce3b377b36f1
intrusion-set--afec6dc3-a18e-4b62-b1a4-5510e1a498d1,attack-pattern--d742a578-d70e-4d0e-96a6-02a9c30204e6
intrusion-set--a0cb9370-e39b-44d5-9f50-ef78e412b973,attack-pattern--eec23884-3fa1-4d8a-ac50-6f104d51e235
intrusion-set--d8bc9788-4f7d-41a9-9e9d-ee1ea18a8cf7,attack-pattern--2aed01ad-3df3-4410-a8cb-11ea4ded587c
intrusion-set--7a19ecb1-3c65-4de3-a230-993516aed6a6,attack-pattern--0f4a0c76-ab2d-4cb0-85d3-3f0efb8cba0d
intrusion-set--8a831aaa-f3e0-47a3-bed8-a9ced744dd12,attack-pattern--0d91b3c0-5e50-47c3-949a-2a796f04d144
intrusion-set--46599a4a-77ee-4697-9474-2683b6464859,attack-pattern--7bc57495-ea59-4380-be31-a64af124ef18
intrusion-set--02b16bd6-ae88-417a-8a3f-02c5e166175a,attack-pattern--707399d6-ab3e-4963-9315-d9d3818cd6a0
intrusion-set--461b8e25-8f4a-4ea2-a4a8-e39df7ce6630,attack-pattern--7bc57495-ea59-4380-be31-a64af124ef18
intrusion-set--2a7914cf-dff3-428d-ab0f-1014d1c28aeb,attack-pattern--143c0cbb-a297-4142-9624-87ffc778980b
intrusion-set--03506554-5f37-4f8f-9ce4-0e9f01a1b484,attack-pattern--0d91b3c0-5e50-47c3-949a-2a796f04d144
intrusion-set--46599a4a-77ee-4697-9474-2683b6464859,attack-pattern--88d31120-5bc7-4ce3-a9c0-7cf147be8e54
intrusion-set--c47f937f-1022-4f42-8525-e7a4779a14cb,attack-pattern--232b7f21-adf9-4b42-b936-b9d6f7df856e
intrusion-set--0bbdf25b-30ff-4894-a1cd-49260d0dd2d9,attack-pattern--005a06c6-14bf-4118-afa0-ebcd8aebb0c9
intrusion-set--899ce53f-13a0-479b-a0e4-67d46e241542,attack-pattern--954a1639-f2d6-407d-aef3-4917622ca493
intrusion-set--00f67a77-86a4-4adf-be26-1a54fc713340,attack-pattern--57340c81-c025-4189-8fa0-fc7ede51bae4
intrusion-set--3fc023b2-c5cc-481d-9c3e-70141ae1a87e,attack-pattern--cba37adb-d6fb-4610-b069-dd04c0643384
intrusion-set--bfc5ddb3-4dfb-4278-8928-020e1b3feddd,attack-pattern--df8b2a25-8bdf-4856-953c-a04372b1c161
intrusion-set--461b8e25-8f4a-4ea2-a4a8-e39df7ce6630,attack-pattern--6151cbea-819b-455a-9fa6-99a1cc58797d
intrusion-set--bef4c620-0787-42a8-a96d-b7eb6e85917c,attack-pattern--40f5caa0-4cb7-4117-89fc-d421bb493df3
intrusion-set--fd66436e-4d33-450e-ac4c-f7810f1c85f4,attack-pattern--4fe28b27-b13c-453e-a386-c2ef362a573b
intrusion-set--e1fc262c-dad2-4b82-abda-5f08dd134971,attack-pattern--f6dacc85-b37d-458e-b58d-74fc4bbf5755
intrusion-set--4a2ce82e-1a74-468a-a6fb-bbead541383c,attack-pattern--cc3502b5-30cc-4473-ad48-42d51a6ef6d1
intrusion-set--46599a4a-77ee-4697-9474-2683b6464859,attack-pattern--b18eae87-b469-4e14-b454-b171b416bc18
intrusion-set--894aab42-3371-47b1-8859-a4a074c804c8,attack-pattern--7385dfaf-6886-4229-9ecd-6fd678040830
intrusion-set--02b16bd6-ae88-417a-8a3f-02c5e166175a,attack-pattern--e3a12395-188d-4051-9a16-ea8e14d07b88
intrusion-set--247cb30b-955f-42eb-97a5-a89fef69341e,attack-pattern--42e8de7b-37b2-4258-905a-6897815e58e0
intrusion-set--222fbd21-fc4f-4b7e-9f85-0e6e3a76c33f,attack-pattern--e3a12395-188d-4051-9a16-ea8e14d07b88
intrusion-set--d8bc9788-4f7d-41a9-9e9d-ee1ea18a8cf7,attack-pattern--7ad38ef1-381a-406d-872a-38b136eb5ecc
intrusion-set--df71bb3b-813c-45eb-a8bc-f2a419837411,attack-pattern--365be77f-fc0e-42ee-bac8-4faf806d9336
intrusion-set--7eda3dd8-b09b-4705-8090-c2ad9fb8c14d,attack-pattern--40f5caa0-4cb7-4117-89fc-d421bb493df3
intrusion-set--c93fccb1-e8e8-42cf-ae33-2ad1d183913a,attack-pattern--e196b5c5-8118-4a1c-ab8a-936586ce3db5
intrusion-set--44e43fad-ffcb-4210-abcf-eaaed9735f80,attack-pattern--09a60ea3-a8d1-4ae5-976e-5783248b72a4
intrusion-set--2c40f629-6cf9-4f75-af32-9a98caec24ae,attack-pattern--df8b2a25-8bdf-4856-953c-a04372b1c161
intrusion-set--4283ae19-69c7-4347-a35e-b56f08eb660b,attack-pattern--354a7f88-63fb-41b5-a801-ce3b377b36f1
intrusion-set--674582ec-51c4-42ce-b409-797239e37a2a,attack-pattern--be2dcee9-a7a7-4e38-afd6-21b31ecc3d63
intrusion-set--2a7914cf-dff3-428d-ab0f-1014d1c28aeb,attack-pattern--2e34237d-8574-43f6-aace-ae2915de8597
intrusion-set--2e290bfe-93b5-48ce-97d6-edcd6d32b7cf,attack-pattern--ad255bfe-a9e6-4b52-a258-8d3462abe842
intrusion-set--0ec2f388-bf0f-4b5c-97b1-fc736d26c25f,attack-pattern--232b7f21-adf9-4b42-b936-b9d6f7df856e
intrusion-set--46bb06cb-f2d9-4b37-8c92-a27e224ad90d,attack-pattern--0c4b4fda-9062-47da-98b9-ceae2dcf052a
intrusion-set--44e43fad-ffcb-4210-abcf-eaaed9735f80,attack-pattern--3c4a2599-71ee-4405-ba1e-0e28414b4bc5
intrusion-set--02b16bd6-ae88-417a-8a3f-02c5e166175a,attack-pattern--e6919abc-99f9-4c6c-95a5-14761e7b2add
intrusion-set--73a80fab-2aa3-48e0-a4d0-3a4828200aee,attack-pattern--ffeb0780-356e-4261-b036-cfb6bd234335
intrusion-set--cc613a49-9bfa-4e22-98d1-15ffbb03f034,attack-pattern--3ee16395-03f0-4690-a32e-69ce9ada0f9e
intrusion-set--17862c7d-9e60-48a0-b48e-da4dc4c3f6b0,attack-pattern--7bc57495-ea59-4380-be31-a64af124ef18
intrusion-set--7b404cd0-3ae9-41d4-90c0-023793d35d97,attack-pattern--d4287702-e2f7-4946-bdfa-2c7f5aaa5032
intrusion-set--32bca8ff-d900-4877-aa65-d70baa041b74,attack-pattern--d511a6f6-4a33-41d5-bc95-c343875d1377
intrusion-set--7a19ecb1-3c65-4de3-a230-993516aed6a6,attack-pattern--677569f9-a8b0-459e-ab24-7f18091fa7bf
intrusion-set--1c63d4ec-0a75-4daa-b1df-0d11af3d3cc1,attack-pattern--8c4aef43-48d5-49aa-b2af-c0cd58d30c3d
intrusion-set--3fc023b2-c5cc-481d-9c3e-70141ae1a87e,attack-pattern--840a987a-99bd-4a80-a5c9-0cb2baa6cade
intrusion-set--d0b3393b-3bec-4ba3-bda9-199d30db47b6,attack-pattern--dfd7cc1d-e1d8-4394-a198-97c4cab8aa67
intrusion-set--d1acfbb3-647b-4723-9154-800ec119006e,attack-pattern--7bc57495-ea59-4380-be31-a64af124ef18
intrusion-set--319fd652-edde-46b2-9987-3519493989f5,attack-pattern--9efb1ea7-c37b-4595-9640-b7680cd84279
intrusion-set--88489675-d216-4884-a98f-49a89fcc1643,attack-pattern--2b742742-28c3-4e1b-bab7-8350d6300fa7
intrusion-set--0ec2f388-bf0f-4b5c-97b1-fc736d26c25f,attack-pattern--3257eb21-f9a7-4430-8de1-d8b6e288f529
intrusion-set--56319646-eb6e-41fc-ae53-aadfa7adb924,attack-pattern--e6919abc-99f9-4c6c-95a5-14761e7b2add
intrusion-set--918da025-04bd-48af-b6c4-f3e4d1b915eb,attack-pattern--391d824f-0ef1-47a0-b0ee-c59a75e27670
intrusion-set--44e43fad-ffcb-4210-abcf-eaaed9735f80,attack-pattern--970a3432-3237-47ad-bcca-7d8cbb217736
intrusion-set--0ec2f388-bf0f-4b5c-97b1-fc736d26c25f,attack-pattern--2b742742-28c3-4e1b-bab7-8350d6300fa7
intrusion-set--f8cb7b36-62ef-4488-8a6d-a7033e3271c1,attack-pattern--dfd7cc1d-e1d8-4394-a198-97c4cab8aa67
intrusion-set--44e43fad-ffcb-4210-abcf-eaaed9735f80,attack-pattern--30973a08-aed9-4edf-8604-9084ce1b5c4f
intrusion-set--38863958-a201-4ce1-9dbe-539b0b6804e0,attack-pattern--232b7f21-adf9-4b42-b936-b9d6f7df856e
intrusion-set--44e43fad-ffcb-4210-abcf-eaaed9735f80,attack-pattern--0a3ead4e-6d47-4ccb-854c-a6a4f9d96b22
intrusion-set--fd66436e-4d33-450e-ac4c-f7810f1c85f4,attack-pattern--60d0c01d-e2bf-49dd-a453-f8a9c9fa6f65
intrusion-set--18854f55-ac7c-4634-bd9a-352dd07613b7,attack-pattern--354a7f88-63fb-41b5-a801-ce3b377b36f1
intrusion-set--4ca1929c-7d64-4aab-b849-badbfc0c760d,attack-pattern--65f2d882-3f41-4d48-8a06-29af77ec9f90
intrusion-set--7f848c02-4d1e-4808-a4ae-4670681370a9,attack-pattern--df8b2a25-8bdf-4856-953c-a04372b1c161
intrusion-set--174279b4-399f-4ddb-966e-5efedd1dd5f2,attack-pattern--8f4a33ec-8b1f-4b80-a2f6-642b2e479580
intrusion-set--02b16bd6-ae88-417a-8a3f-02c5e166175a,attack-pattern--767dbf9e-df3f-45cb-8998-4903ab5f80c0
intrusion-set--46599a4a-77ee-4697-9474-2683b6464859,attack-pattern--73b24a10-6bf4-4af1-a81e-67b8bcb6c4e6
intrusion-set--dc6fe6ee-04c2-49be-ba3d-f38d2463c02a,attack-pattern--d511a6f6-4a33-41d5-bc95-c343875d1377
intrusion-set--4283ae19-69c7-4347-a35e-b56f08eb660b,attack-pattern--cca0ccb6-a068-4574-a722-b1556f86833a
intrusion-set--1c63d4ec-0a75-4daa-b1df-0d11af3d3cc1,attack-pattern--5d0d3609-d06d-49e1-b9c9-b544e0c618cb
intrusion-set--bef4c620-0787-42a8-a96d-b7eb6e85917c,attack-pattern--47f2d673-ca62-47e9-929b-1b0be9657611
intrusion-set--a7f57cc1-4540-4429-823f-f4e56b8473c9,attack-pattern--a782ebe2-daba-42c7-bc82-e8e9d923162d
intrusion-set--44d37b89-a739-4810-9111-0d2617a8939b,attack-pattern--57a3d31a-d04f-4663-b2da-7df8ec3f8c9d
intrusion-set--381fcf73-60f6-4ab2-9991-6af3cbc35192,attack-pattern--5502c4e9-24ef-4d5f-8ee9-9e906c2f82c4
intrusion-set--44d37b89-a739-4810-9111-0d2617a8939b,attack-pattern--e6919abc-99f9-4c6c-95a5-14761e7b2add
intrusion-set--3fc023b2-c5cc-481d-9c3e-70141ae1a87e,attack-pattern--2d3f5b3c-54ca-4f4d-bb1f-849346d31230
intrusion-set--2c40f629-6cf9-4f75-af32-9a98caec24ae,attack-pattern--b18eae87-b469-4e14-b454-b171b416bc18
intrusion-set--ead23196-d7b6-4ce6-a124-4ab4b67d81bd,attack-pattern--a2fdce72-04b2-409a-ac10-cc1695f4fce0
intrusion-set--2e290bfe-93b5-48ce-97d6-edcd6d32b7cf,attack-pattern--9e7452df-5144-4b6e-b04a-b66dd4016747
intrusion-set--64b52e7d-b2c4-4a02-9372-08a463f5dc11,attack-pattern--4f9ca633-15c5-463c-9724-bdcd54fde541
intrusion-set--02b16bd6-ae88-417a-8a3f-02c5e166175a,attack-pattern--eec096b8-c207-43df-b6c1-11523861e452
intrusion-set--fd66436e-4d33-450e-ac4c-f7810f1c85f4,attack-pattern--10d51417-ee35-4589-b1ff-b6df1c334e8d
intrusion-set--bef4c620-0787-42a8-a96d-b7eb6e85917c,attack-pattern--69b8fd78-40e8-4600-ae4d-662c9d7afdb3
intrusion-set--3fc023b2-c5cc-481d-9c3e-70141ae1a87e,attack-pattern--f3c544dc-673c-4ef3-accb-53229f1ae077
intrusion-set--18854f55-ac7c-4634-bd9a-352dd07613b7,attack-pattern--bd369cd9-abb8-41ce-b5bb-fff23ee86c00
intrusion-set--e6db1e55-b199-4b6b-8633-989345ee45e0,attack-pattern--df8b2a25-8bdf-4856-953c-a04372b1c161
intrusion-set--f9d6633a-55e6-4adc-9263-6ae080421a13,attack-pattern--970a3432-3237-47ad-bcca-7d8cbb217736
intrusion-set--f9d6633a-55e6-4adc-9263-6ae080421a13,attack-pattern--494ab9f0-36e0-4b06-b10d-57285b040a06
intrusion-set--0ec2f388-bf0f-4b5c-97b1-fc736d26c25f,attack-pattern--69e5226d-05dc-4f15-95d7-44f5ed78d06e
intrusion-set--f9d6633a-55e6-4adc-9263-6ae080421a13,attack-pattern--a2fdce72-04b2-409a-ac10-cc1695f4fce0
intrusion-set--c93fccb1-e8e8-42cf-ae33-2ad1d183913a,attack-pattern--e6919abc-99f9-4c6c-95a5-14761e7b2add
intrusion-set--1c3dcf91-b859-4aae-a09c-ae26dc8b6390,attack-pattern--34ab90a3-05f6-4259-8f21-621081fdaba5
intrusion-set--afec6dc3-a18e-4b62-b1a4-5510e1a498d1,attack-pattern--dfd7cc1d-e1d8-4394-a198-97c4cab8aa67
intrusion-set--9e729a7e-0dd6-4097-95bf-db8d64911383,attack-pattern--91541e7e-b969-40c6-bbd8-1b5352ec2938
intrusion-set--c21dd6f1-1364-4a70-a1f7-783080ec34ee,attack-pattern--3298ce88-1628-43b1-87d9-0b5336b193d7
intrusion-set--3fc023b2-c5cc-481d-9c3e-70141ae1a87e,attack-pattern--2b742742-28c3-4e1b-bab7-8350d6300fa7
intrusion-set--00f67a77-86a4-4adf-be26-1a54fc713340,attack-pattern--7e150503-88e7-4861-866b-ff1ac82c4475
intrusion-set--fb366179-766c-4a4a-afa1-52bff1fd601c,attack-pattern--3f886f2a-874f-4333-b794-aa6075009b1c
intrusion-set--85403903-15e0-4f9f-9be4-a259ecad4022,attack-pattern--69b8fd78-40e8-4600-ae4d-662c9d7afdb3
intrusion-set--75a07184-a7e5-4222-95a1-a04dbc96a29c,attack-pattern--7385dfaf-6886-4229-9ecd-6fd678040830
intrusion-set--ead23196-d7b6-4ce6-a124-4ab4b67d81bd,attack-pattern--9efb1ea7-c37b-4595-9640-b7680cd84279
intrusion-set--fe8796a4-2a02-41a0-9d27-7aa1e995feb6,attack-pattern--970a3432-3237-47ad-bcca-7d8cbb217736
intrusion-set--e1fc262c-dad2-4b82-abda-5f08dd134971,attack-pattern--2fee9321-3e71-4cf4-af24-d4d40d355b34
intrusion-set--44d37b89-a739-4810-9111-0d2617a8939b,attack-pattern--7d77a07d-02fe-4e88-8bd9-e9c008c01bf0
intrusion-set--f9c06633-dcff-48a1-8588-759e7cec5694,attack-pattern--e6919abc-99f9-4c6c-95a5-14761e7b2add
intrusion-set--0bbdf25b-30ff-4894-a1cd-49260d0dd2d9,attack-pattern--84e02621-8fdf-470f-bd58-993bb6a89d91
intrusion-set--03506554-5f37-4f8f-9ce4-0e9f01a1b484,attack-pattern--232b7f21-adf9-4b42-b936-b9d6f7df856e
intrusion-set--174279b4-399f-4ddb-966e-5efedd1dd5f2,attack-pattern--eb062747-2193-45de-8fa2-e62549c37ddf
intrusion-set--381fcf73-60f6-4ab2-9991-6af3cbc35192,attack-pattern--b1ccd744-3f78-4a0e-9bb2-2002057f7928
intrusion-set--174279b4-399f-4ddb-966e-5efedd1dd5f2,attack-pattern--e196b5c5-8118-4a1c-ab8a-936586ce3db5
intrusion-set--c93fccb1-e8e8-42cf-ae33-2ad1d183913a,attack-pattern--840a987a-99bd-4a80-a5c9-0cb2baa6cade
intrusion-set--2688b13e-8e71-405a-9c40-0dee94bddf87,attack-pattern--3c4a2599-71ee-4405-ba1e-0e28414b4bc5
intrusion-set--4ca1929c-7d64-4aab-b849-badbfc0c760d,attack-pattern--f24faf46-3b26-4dbb-98f2-63460498e433
intrusion-set--813636db-3939-4a45-bea9-6113e970c029,attack-pattern--2959d63f-73fd-46a1-abd2-109d7dcede32
intrusion-set--2e290bfe-93b5-48ce-97d6-edcd6d32b7cf,attack-pattern--01a5a209-b94c-450b-b7f9-946497d91055
intrusion-set--35d1b3be-49d4-42f1-aaa6-ef159c880bca,attack-pattern--7b50a1d3-4ca7-45d1-989d-a6503f04bfe1
intrusion-set--222fbd21-fc4f-4b7e-9f85-0e6e3a76c33f,attack-pattern--7e150503-88e7-4861-866b-ff1ac82c4475
intrusion-set--cc613a49-9bfa-4e22-98d1-15ffbb03f034,attack-pattern--6b57dc31-b814-4a03-8706-28bc20d739c4
intrusion-set--e44e0985-bc65-4a8f-b578-211c858128e3,attack-pattern--232b7f21-adf9-4b42-b936-b9d6f7df856e
intrusion-set--9e729a7e-0dd6-4097-95bf-db8d64911383,attack-pattern--0d91b3c0-5e50-47c3-949a-2a796f04d144
intrusion-set--3753cc21-2dae-4dfb-8481-d004e74502cc,attack-pattern--7385dfaf-6886-4229-9ecd-6fd678040830
intrusion-set--0bbdf25b-30ff-4894-a1cd-49260d0dd2d9,attack-pattern--1d24cdee-9ea2-4189-b08e-af110bf2435d
intrusion-set--82323c70-4186-4b61-94f5-b227c3b28e89,attack-pattern--830c9528-df21-472c-8c14-a036bf17d665
intrusion-set--f9d6633a-55e6-4adc-9263-6ae080421a13,attack-pattern--f9cc4d06-775f-4ee1-b401-4e2cc0da30ba
intrusion-set--c21dd6f1-1364-4a70-a1f7-783080ec34ee,attack-pattern--e358d692-23c0-4a31-9eb6-ecc13a8d7735
intrusion-set--93f52415-0fe4-4d3d-896c-fc9b8e88ab90,attack-pattern--cc3502b5-30cc-4473-ad48-42d51a6ef6d1
intrusion-set--03be849d-b5a2-4766-9dda-48976bae5710,attack-pattern--c877e33f-1df6-40d6-b1e7-ce70f16f4979
intrusion-set--5cbe0d3b-6fb1-471f-b591-4b192915116d,attack-pattern--d1fcf083-a721-4223-aedf-bf8960798d62
intrusion-set--7a19ecb1-3c65-4de3-a230-993516aed6a6,attack-pattern--dfd7cc1d-e1d8-4394-a198-97c4cab8aa67
intrusion-set--7f848c02-4d1e-4808-a4ae-4670681370a9,attack-pattern--a2fdce72-04b2-409a-ac10-cc1695f4fce0
intrusion-set--8cf6e33b-b6ef-4a1f-a77c-0ecdde93161f,attack-pattern--291ede6c-1473-454c-b614-5ac5ea63c987
intrusion-set--fb366179-766c-4a4a-afa1-52bff1fd601c,attack-pattern--e3a12395-188d-4051-9a16-ea8e14d07b88
intrusion-set--918da025-04bd-48af-b6c4-f3e4d1b915eb,attack-pattern--88d31120-5bc7-4ce3-a9c0-7cf147be8e54
intrusion-set--c4d50cdf-87ce-407d-86d8-862883485842,attack-pattern--40f5caa0-4cb7-4117-89fc-d421bb493df3
intrusion-set--64b52e7d-b2c4-4a02-9372-08a463f5dc11,attack-pattern--7bdca9d5-d500-4d7d-8c52-5fd47baf4c0c
intrusion-set--e6db1e55-b199-4b6b-8633-989345ee45e0,attack-pattern--65013dd2-bc61-43e3-afb5-a14c4fa7437a
intrusion-set--46599a4a-77ee-4697-9474-2683b6464859,attack-pattern--d4287702-e2f7-4946-bdfa-2c7f5aaa5032
intrusion-set--54dfec3e-6464-4f74-9d69-b7c817b7e5a3,attack-pattern--391d824f-0ef1-47a0-b0ee-c59a75e27670
intrusion-set--35d1b3be-49d4-42f1-aaa6-ef159c880bca,attack-pattern--a9d4b653-6915-42af-98b2-5758c4ceee56
intrusion-set--cc613a49-9bfa-4e22-98d1-15ffbb03f034,attack-pattern--f303a39a-6255-4b89-aecc-18c4d8ca7163
intrusion-set--1c63d4ec-0a75-4daa-b1df-0d11af3d3cc1,attack-pattern--232b7f21-adf9-4b42-b936-b9d6f7df856e
intrusion-set--dd2d9ca6-505b-4860-a604-233685b802c7,attack-pattern--9db0cf3a-a3c9-4012-8268-123b9db6fd82
intrusion-set--2e290bfe-93b5-48ce-97d6-edcd6d32b7cf,attack-pattern--c21d5a77-d422-4a69-acd7-2c53c1faa34b
intrusion-set--01e28736-2ffc-455b-9880-ed4d1407ae07,attack-pattern--e01be9c5-e763-4caf-aeb7-000b416aef67
intrusion-set--f29b7c5e-2439-42ad-a86f-9f8984fafae3,attack-pattern--5282dd9a-d26d-4e16-88b7-7c0f4553daf4
intrusion-set--6713ab67-e25b-49cc-808d-2b36d4fbc35c,attack-pattern--e6919abc-99f9-4c6c-95a5-14761e7b2add
intrusion-set--174279b4-399f-4ddb-966e-5efedd1dd5f2,attack-pattern--731f4f55-b6d0-41d1-a7a9-072a66389aea
intrusion-set--4283ae19-69c7-4347-a35e-b56f08eb660b,attack-pattern--c32f7008-9fea-41f7-8366-5eb9b74bd896
intrusion-set--c77c5576-ca19-42ed-a36f-4b4486a84133,attack-pattern--9fa07bef-9c81-421e-a8e5-ad4366c5a925
intrusion-set--17862c7d-9e60-48a0-b48e-da4dc4c3f6b0,attack-pattern--32901740-b42c-4fdd-bc02-345b5dc57082
intrusion-set--06a11b7e-2a36-47fe-8d3e-82c265df3258,attack-pattern--d1fcf083-a721-4223-aedf-bf8960798d62
intrusion-set--2a7914cf-dff3-428d-ab0f-1014d1c28aeb,attack-pattern--bbde9781-60aa-4b8a-a911-895b0c1b3872
intrusion-set--bef4c620-0787-42a8-a96d-b7eb6e85917c,attack-pattern--2e34237d-8574-43f6-aace-ae2915de8597
intrusion-set--03be849d-b5a2-4766-9dda-48976bae5710,attack-pattern--cba37adb-d6fb-4610-b069-dd04c0643384
intrusion-set--0ec2f388-bf0f-4b5c-97b1-fc736d26c25f,attack-pattern--10ffac09-e42d-4f56-ab20-db94c67d76ff
intrusion-set--6713ab67-e25b-49cc-808d-2b36d4fbc35c,attack-pattern--25659dd6-ea12-45c4-97e6-381e3e4b593e
intrusion-set--3753cc21-2dae-4dfb-8481-d004e74502cc,attack-pattern--2db31dcd-54da-405d-acef-b9129b816ed6
intrusion-set--8c1f0187-0826-4320-bddc-5f326cfcfe2c,attack-pattern--359b00ad-9425-420b-bba5-6de8d600cbc0
intrusion-set--00f67a77-86a4-4adf-be26-1a54fc713340,attack-pattern--d63a3fb8-9452-4e9d-a60a-54be68d5998c
intrusion-set--a0cb9370-e39b-44d5-9f50-ef78e412b973,attack-pattern--3c4a2599-71ee-4405-ba1e-0e28414b4bc5
intrusion-set--b2e34388-6938-4c59-a702-80dc219e15e3,attack-pattern--5502c4e9-24ef-4d5f-8ee9-9e906c2f82c4
intrusion-set--1f0f9a14-11aa-49aa-9174-bcd0eaa979de,attack-pattern--29be378d-262d-4e99-b00d-852d573628e6
intrusion-set--0ec2f388-bf0f-4b5c-97b1-fc736d26c25f,attack-pattern--a2fdce72-04b2-409a-ac10-cc1695f4fce0
intrusion-set--fd66436e-4d33-450e-ac4c-f7810f1c85f4,attack-pattern--21875073-b0ee-49e3-9077-1e2a885359af
intrusion-set--64b52e7d-b2c4-4a02-9372-08a463f5dc11,attack-pattern--633a100c-b2c9-41bf-9be5-905c1b16c825
intrusion-set--420ac20b-f2b9-42b8-aa1a-6d4b72895ca4,attack-pattern--3ee16395-03f0-4690-a32e-69ce9ada0f9e
intrusion-set--4ca1929c-7d64-4aab-b849-badbfc0c760d,attack-pattern--df8b2a25-8bdf-4856-953c-a04372b1c161
intrusion-set--18854f55-ac7c-4634-bd9a-352dd07613b7,attack-pattern--15dbf668-795c-41e6-8219-f0447c0e64ce
intrusion-set--f8cb7b36-62ef-4488-8a6d-a7033e3271c1,attack-pattern--1e9eb839-294b-48cc-b0d3-c45555a2a004
intrusion-set--44d37b89-a739-4810-9111-0d2617a8939b,attack-pattern--2d3f5b3c-54ca-4f4d-bb1f-849346d31230
intrusion-set--a7f57cc1-4540-4429-823f-f4e56b8473c9,attack-pattern--1608f3e1-598a-42f4-a01a-2e252e81728f
intrusion-set--fbd29c89-18ba-4c2d-b792-51c0adee049f,attack-pattern--837f9164-50af-4ac0-8219-379d8a74cefc
intrusion-set--2688b13e-8e71-405a-9c40-0dee94bddf87,attack-pattern--31225cd3-cd46-4575-b287-c2c14011c074
intrusion-set--2e290bfe-93b5-48ce-97d6-edcd6d32b7cf,attack-pattern--7bc57495-ea59-4380-be31-a64af124ef18
intrusion-set--2a7914cf-dff3-428d-ab0f-1014d1c28aeb,attack-pattern--21875073-b0ee-49e3-9077-1e2a885359af
intrusion-set--174279b4-399f-4ddb-966e-5efedd1dd5f2,attack-pattern--e3b6daca-e963-4a69-aee6-ed4fd653ad58
intrusion-set--4ca1929c-7d64-4aab-b849-badbfc0c760d,attack-pattern--3c4a2599-71ee-4405-ba1e-0e28414b4bc5
intrusion-set--ead23196-d7b6-4ce6-a124-4ab4b67d81bd,attack-pattern--830c9528-df21-472c-8c14-a036bf17d665
intrusion-set--1c63d4ec-0a75-4daa-b1df-0d11af3d3cc1,attack-pattern--6ee2dc99-91ad-4534-a7d8-a649358c331f
intrusion-set--c416b28c-103b-4df1-909e-78089a7e0e5f,attack-pattern--2fee9321-3e71-4cf4-af24-d4d40d355b34
intrusion-set--7b404cd0-3ae9-41d4-90c0-023793d35d97,attack-pattern--d4bdbdea-eaec-4071-b4f9-5105e12ea4b6
intrusion-set--bef4c620-0787-42a8-a96d-b7eb6e85917c,attack-pattern--970a3432-3237-47ad-bcca-7d8cbb217736
intrusion-set--c5b81590-6814-4d2a-8baa-15c4b6c7f960,attack-pattern--2fee9321-3e71-4cf4-af24-d4d40d355b34
intrusion-set--bef4c620-0787-42a8-a96d-b7eb6e85917c,attack-pattern--8e350c1d-ac79-4b5c-bd4e-7476d7e84ec5
intrusion-set--44e43fad-ffcb-4210-abcf-eaaed9735f80,attack-pattern--565275d5-fcc3-4b66-b4e7-928e4cac6b8c
intrusion-set--00f67a77-86a4-4adf-be26-1a54fc713340,attack-pattern--e51137a5-1cdc-499e-911a-abaedaa5ac86
intrusion-set--e44e0985-bc65-4a8f-b578-211c858128e3,attack-pattern--0d91b3c0-5e50-47c3-949a-2a796f04d144
intrusion-set--4283ae19-69c7-4347-a35e-b56f08eb660b,attack-pattern--eb897572-8979-4242-a089-56f294f4c91d
intrusion-set--c93fccb1-e8e8-42cf-ae33-2ad1d183913a,attack-pattern--4ae4f953-fe58-4cc8-a327-33257e30a830
intrusion-set--03be849d-b5a2-4766-9dda-48976bae5710,attack-pattern--f9cc4d06-775f-4ee1-b401-4e2cc0da30ba
intrusion-set--c1aab4c9-4c34-4f4f-8541-d529e46a07f9,attack-pattern--47f2d673-ca62-47e9-929b-1b0be9657611
intrusion-set--64b52e7d-b2c4-4a02-9372-08a463f5dc11,attack-pattern--3aef9463-9a7a-43ba-8957-a867e07c1e6a
intrusion-set--222fbd21-fc4f-4b7e-9f85-0e6e3a76c33f,attack-pattern--00f90846-cbd1-4fc5-9233-df5c2bf2a662
intrusion-set--17862c7d-9e60-48a0-b48e-da4dc4c3f6b0,attack-pattern--2fee9321-3e71-4cf4-af24-d4d40d355b34
intrusion-set--c93fccb1-e8e8-42cf-ae33-2ad1d183913a,attack-pattern--212306d8-efa4-44c9-8c2d-ed3d2e224aa0
intrusion-set--fb366179-766c-4a4a-afa1-52bff1fd601c,attack-pattern--f3d95a1f-bba2-44ce-9af7-37866cd63fd0
intrusion-set--fbd29c89-18ba-4c2d-b792-51c0adee049f,attack-pattern--6add2ab5-2711-4e9d-87c8-7a0be8531530
intrusion-set--17862c7d-9e60-48a0-b48e-da4dc4c3f6b0,attack-pattern--57340c81-c025-4189-8fa0-fc7ede51bae4
intrusion-set--6fe8a2a1-a1b0-4af8-953d-4babd329f8f8,attack-pattern--a2fdce72-04b2-409a-ac10-cc1695f4fce0
intrusion-set--fd19bd82-1b14-49a1-a176-6cdc46b8a826,attack-pattern--fb8d023d-45be-47e9-bc51-f56bcae6435b
intrusion-set--f8cb7b36-62ef-4488-8a6d-a7033e3271c1,attack-pattern--232b7f21-adf9-4b42-b936-b9d6f7df856e
intrusion-set--7113eaa5-ba79-4fb3-b68a-398ee9cd698e,attack-pattern--5502c4e9-24ef-4d5f-8ee9-9e906c2f82c4
intrusion-set--fb366179-766c-4a4a-afa1-52bff1fd601c,attack-pattern--b200542e-e877-4395-875b-cf1a44537ca4
intrusion-set--fd19bd82-1b14-49a1-a176-6cdc46b8a826,attack-pattern--03d7999c-1f4c-42cc-8373-e7690d318104
intrusion-set--b7f627e2-0817-4cd5-8d50-e75f8aa85cc6,attack-pattern--ec8fc7e2-b356-455c-8db5-2e37be158e7d
intrusion-set--f9d6633a-55e6-4adc-9263-6ae080421a13,attack-pattern--d1fcf083-a721-4223-aedf-bf8960798d62
intrusion-set--269e8108-68c6-4f99-b911-14b2e765dec2,attack-pattern--a2fdce72-04b2-409a-ac10-cc1695f4fce0
intrusion-set--56319646-eb6e-41fc-ae53-aadfa7adb924,attack-pattern--8f4a33ec-8b1f-4b80-a2f6-642b2e479580
intrusion-set--381fcf73-60f6-4ab2-9991-6af3cbc35192,attack-pattern--274770e0-2612-4ccf-a678-ef8e7bad365d
intrusion-set--c1aab4c9-4c34-4f4f-8541-d529e46a07f9,attack-pattern--eb062747-2193-45de-8fa2-e62549c37ddf
intrusion-set--ebd7ce77-c9ba-4fba-bb28-58296ac66559,attack-pattern--b80d107d-fa0d-4b60-9684-b0433e8bdba0
intrusion-set--bef4c620-0787-42a8-a96d-b7eb6e85917c,attack-pattern--9efb1ea7-c37b-4595-9640-b7680cd84279
intrusion-set--dd2d9ca6-505b-4860-a604-233685b802c7,attack-pattern--00f90846-cbd1-4fc5-9233-df5c2bf2a662
intrusion-set--0ec2f388-bf0f-4b5c-97b1-fc736d26c25f,attack-pattern--fdc47f44-dd32-4b99-af5f-209f556f63c2
intrusion-set--381fcf73-60f6-4ab2-9991-6af3cbc35192,attack-pattern--04fd5427-79c7-44ea-ae13-11b24778ff1c
intrusion-set--44d37b89-a739-4810-9111-0d2617a8939b,attack-pattern--b17a1a56-e99c-403c-8948-561df0cffe81
intrusion-set--247cb30b-955f-42eb-97a5-a89fef69341e,attack-pattern--0f4a0c76-ab2d-4cb0-85d3-3f0efb8cba0d
intrusion-set--674582ec-51c4-42ce-b409-797239e37a2a,attack-pattern--0f4a0c76-ab2d-4cb0-85d3-3f0efb8cba0d
intrusion-set--1c63d4ec-0a75-4daa-b1df-0d11af3d3cc1,attack-pattern--b17a1a56-e99c-403c-8948-561df0cffe81
intrusion-set--7a19ecb1-3c65-4de3-a230-993516aed6a6,attack-pattern--0f2c410d-d740-4ed9-abb1-b8f4a7faf6c3
intrusion-set--b74f909f-8e52-4b69-b770-162bf59a1b4e,attack-pattern--e6919abc-99f9-4c6c-95a5-14761e7b2add
intrusion-set--b7f627e2-0817-4cd5-8d50-e75f8aa85cc6,attack-pattern--3ee16395-03f0-4690-a32e-69ce9ada0f9e
intrusion-set--f8cb7b36-62ef-4488-8a6d-a7033e3271c1,attack-pattern--3ee16395-03f0-4690-a32e-69ce9ada0f9e
intrusion-set--247cb30b-955f-42eb-97a5-a89fef69341e,attack-pattern--01a5a209-b94c-450b-b7f9-946497d91055
intrusion-set--ebd7ce77-c9ba-4fba-bb28-58296ac66559,attack-pattern--a62a8db3-f23a-4d8f-afd6-9dbc77e7813b
intrusion-set--46599a4a-77ee-4697-9474-2683b6464859,attack-pattern--42e8de7b-37b2-4258-905a-6897815e58e0
intrusion-set--420ac20b-f2b9-42b8-aa1a-6d4b72895ca4,attack-pattern--88d31120-5bc7-4ce3-a9c0-7cf147be8e54
intrusion-set--269e8108-68c6-4f99-b911-14b2e765dec2,attack-pattern--840a987a-99bd-4a80-a5c9-0cb2baa6cade
intrusion-set--18854f55-ac7c-4634-bd9a-352dd07613b7,attack-pattern--bed04f7d-e48a-4e76-bd0f-4c57fe31fc46
intrusion-set--420ac20b-f2b9-42b8-aa1a-6d4b72895ca4,attack-pattern--01a5a209-b94c-450b-b7f9-946497d91055
intrusion-set--44e43fad-ffcb-4210-abcf-eaaed9735f80,attack-pattern--cc89ecbd-3d33-4a41-bcca-001e702d18fd
intrusion-set--4a2ce82e-1a74-468a-a6fb-bbead541383c,attack-pattern--e6919abc-99f9-4c6c-95a5-14761e7b2add
intrusion-set--ebd7ce77-c9ba-4fba-bb28-58296ac66559,attack-pattern--5282dd9a-d26d-4e16-88b7-7c0f4553daf4
intrusion-set--3753cc21-2dae-4dfb-8481-d004e74502cc,attack-pattern--3f886f2a-874f-4333-b794-aa6075009b1c
intrusion-set--6713ab67-e25b-49cc-808d-2b36d4fbc35c,attack-pattern--03d7999c-1f4c-42cc-8373-e7690d318104
intrusion-set--3753cc21-2dae-4dfb-8481-d004e74502cc,attack-pattern--671cd17f-a765-48fd-adc4-dad1941b1ae3
intrusion-set--46599a4a-77ee-4697-9474-2683b6464859,attack-pattern--232b7f21-adf9-4b42-b936-b9d6f7df856e
intrusion-set--35d1b3be-49d4-42f1-aaa6-ef159c880bca,attack-pattern--9efb1ea7-c37b-4595-9640-b7680cd84279
intrusion-set--f9d6633a-55e6-4adc-9263-6ae080421a13,attack-pattern--4fe28b27-b13c-453e-a386-c2ef362a573b
intrusion-set--17862c7d-9e60-48a0-b48e-da4dc4c3f6b0,attack-pattern--c8e87b83-edbb-48d4-9295-4974897525b7
intrusion-set--f8cb7b36-62ef-4488-8a6d-a7033e3271c1,attack-pattern--3ccef7ae-cb5e-48f6-8302-897105fbf55c
intrusion-set--918da025-04bd-48af-b6c4-f3e4d1b915eb,attack-pattern--506f6f49-7045-4156-9007-7474cb44ad6d
intrusion-set--6713ab67-e25b-49cc-808d-2b36d4fbc35c,attack-pattern--c1b68a96-3c48-49ea-a6c0-9b27359f9c19
intrusion-set--f9d6633a-55e6-4adc-9263-6ae080421a13,attack-pattern--65013dd2-bc61-43e3-afb5-a14c4fa7437a
intrusion-set--90784c1e-4aba-40eb-9adf-7556235e6384,attack-pattern--19401639-28d0-4c3c-adcc-bc2ba22f6421
intrusion-set--319fd652-edde-46b2-9987-3519493989f5,attack-pattern--40f5caa0-4cb7-4117-89fc-d421bb493df3
intrusion-set--17862c7d-9e60-48a0-b48e-da4dc4c3f6b0,attack-pattern--b0533c6e-8fea-4788-874f-b799cacc4b92
intrusion-set--06a11b7e-2a36-47fe-8d3e-82c265df3258,attack-pattern--1644e709-12d2-41e5-a60f-3470991f5011
intrusion-set--afec6dc3-a18e-4b62-b1a4-5510e1a498d1,attack-pattern--cba37adb-d6fb-4610-b069-dd04c0643384
intrusion-set--c93fccb1-e8e8-42cf-ae33-2ad1d183913a,attack-pattern--677569f9-a8b0-459e-ab24-7f18091fa7bf
intrusion-set--00f67a77-86a4-4adf-be26-1a54fc713340,attack-pattern--09a60ea3-a8d1-4ae5-976e-5783248b72a4
intrusion-set--7a19ecb1-3c65-4de3-a230-993516aed6a6,attack-pattern--88d31120-5bc7-4ce3-a9c0-7cf147be8e54
intrusion-set--7b404cd0-3ae9-41d4-90c0-023793d35d97,attack-pattern--f5d8eed6-48a9-4cdf-a3d7-d1ffa99c3d2a
intrusion-set--73a80fab-2aa3-48e0-a4d0-3a4828200aee,attack-pattern--910906dd-8c0a-475a-9cc1-5e029e2fad58
intrusion-set--16ade1aa-0ea1-4bb7-88cc-9079df2ae756,attack-pattern--2e34237d-8574-43f6-aace-ae2915de8597
intrusion-set--06a11b7e-2a36-47fe-8d3e-82c265df3258,attack-pattern--b17a1a56-e99c-403c-8948-561df0cffe81
intrusion-set--0ec2f388-bf0f-4b5c-97b1-fc736d26c25f,attack-pattern--774a3188-6ba9-4dc4-879d-d54ee48a5ce9
intrusion-set--7a19ecb1-3c65-4de3-a230-993516aed6a6,attack-pattern--f4599aa0-4f85-4a32-80ea-fc39dc965945
intrusion-set--d8bc9788-4f7d-41a9-9e9d-ee1ea18a8cf7,attack-pattern--a2fdce72-04b2-409a-ac10-cc1695f4fce0
intrusion-set--1c63d4ec-0a75-4daa-b1df-0d11af3d3cc1,attack-pattern--707399d6-ab3e-4963-9315-d9d3818cd6a0
intrusion-set--18854f55-ac7c-4634-bd9a-352dd07613b7,attack-pattern--970a3432-3237-47ad-bcca-7d8cbb217736
intrusion-set--afec6dc3-a18e-4b62-b1a4-5510e1a498d1,attack-pattern--2e34237d-8574-43f6-aace-ae2915de8597
intrusion-set--38fd6a28-3353-4f2b-bb2b-459fecd5c648,attack-pattern--b17a1a56-e99c-403c-8948-561df0cffe81
intrusion-set--269e8108-68c6-4f99-b911-14b2e765dec2,attack-pattern--e261a979-f354-41a8-963e-6cadac27c4bf
intrusion-set--85403903-15e0-4f9f-9be4-a259ecad4022,attack-pattern--d63a3fb8-9452-4e9d-a60a-54be68d5998c
intrusion-set--93f52415-0fe4-4d3d-896c-fc9b8e88ab90,attack-pattern--2e34237d-8574-43f6-aace-ae2915de8597
intrusion-set--46599a4a-77ee-4697-9474-2683b6464859,attack-pattern--82caa33e-d11a-433a-94ea-9b5a5fbef81d
intrusion-set--f8cb7b36-62ef-4488-8a6d-a7033e3271c1,attack-pattern--2e34237d-8574-43f6-aace-ae2915de8597
intrusion-set--dc6fe6ee-04c2-49be-ba3d-f38d2463c02a,attack-pattern--005a06c6-14bf-4118-afa0-ebcd8aebb0c9
intrusion-set--16ade1aa-0ea1-4bb7-88cc-9079df2ae756,attack-pattern--707399d6-ab3e-4963-9315-d9d3818cd6a0
intrusion-set--bef4c620-0787-42a8-a96d-b7eb6e85917c,attack-pattern--0d91b3c0-5e50-47c3-949a-2a796f04d144
intrusion-set--1f21da59-6a13-455b-afd0-d58d0a5a7d27,attack-pattern--3ccef7ae-cb5e-48f6-8302-897105fbf55c
intrusion-set--bef4c620-0787-42a8-a96d-b7eb6e85917c,attack-pattern--be2dcee9-a7a7-4e38-afd6-21b31ecc3d63
intrusion-set--4283ae19-69c7-4347-a35e-b56f08eb660b,attack-pattern--d1fcf083-a721-4223-aedf-bf8960798d62
intrusion-set--bef4c620-0787-42a8-a96d-b7eb6e85917c,attack-pattern--3dc8c101-d4db-4f4d-8150-1b5a76ca5f1b
intrusion-set--fb366179-766c-4a4a-afa1-52bff1fd601c,attack-pattern--1c34f7aa-9341-4a48-bfab-af22e51aca6c
intrusion-set--c21dd6f1-1364-4a70-a1f7-783080ec34ee,attack-pattern--a93494bb-4b80-4ea1-8695-3236a49916fd
intrusion-set--269e8108-68c6-4f99-b911-14b2e765dec2,attack-pattern--01a5a209-b94c-450b-b7f9-946497d91055
intrusion-set--8cf6e33b-b6ef-4a1f-a77c-0ecdde93161f,attack-pattern--359b00ad-9425-420b-bba5-6de8d600cbc0
intrusion-set--2e290bfe-93b5-48ce-97d6-edcd6d32b7cf,attack-pattern--3b744087-9945-4a6f-91e8-9dbceda417a4
intrusion-set--d8bc9788-4f7d-41a9-9e9d-ee1ea18a8cf7,attack-pattern--d45a3d09-b3cf-48f4-9f0f-f521ee5cb05c
intrusion-set--fb366179-766c-4a4a-afa1-52bff1fd601c,attack-pattern--be2dcee9-a7a7-4e38-afd6-21b31ecc3d63
intrusion-set--73a80fab-2aa3-48e0-a4d0-3a4828200aee,attack-pattern--354a7f88-63fb-41b5-a801-ce3b377b36f1
intrusion-set--bef4c620-0787-42a8-a96d-b7eb6e85917c,attack-pattern--b4694861-542c-48ea-9eb1-10d356e7140a
intrusion-set--8a831aaa-f3e0-47a3-bed8-a9ced744dd12,attack-pattern--d1fcf083-a721-4223-aedf-bf8960798d62
intrusion-set--381fcf73-60f6-4ab2-9991-6af3cbc35192,attack-pattern--248d3fe1-7fe1-4d71-91c7-8bb7ef35cad3
intrusion-set--18854f55-ac7c-4634-bd9a-352dd07613b7,attack-pattern--0f20e3cb-245b-4a61-8a91-2d93f7cb0e9b
intrusion-set--c416b28c-103b-4df1-909e-78089a7e0e5f,attack-pattern--232b7f21-adf9-4b42-b936-b9d6f7df856e
intrusion-set--3fc023b2-c5cc-481d-9c3e-70141ae1a87e,attack-pattern--1c34f7aa-9341-4a48-bfab-af22e51aca6c
intrusion-set--0bbdf25b-30ff-4894-a1cd-49260d0dd2d9,attack-pattern--cbb66055-0325-4111-aca0-40547b6ad5b0
intrusion-set--ebd7ce77-c9ba-4fba-bb28-58296ac66559,attack-pattern--851e071f-208d-4c79-adc6-5974c85c78f3
intrusion-set--64d5f96a-f121-4d19-89f6-6709f5c49faa,attack-pattern--232b7f21-adf9-4b42-b936-b9d6f7df856e
intrusion-set--00f67a77-86a4-4adf-be26-1a54fc713340,attack-pattern--cba37adb-d6fb-4610-b069-dd04c0643384
intrusion-set--4283ae19-69c7-4347-a35e-b56f08eb660b,attack-pattern--88d31120-5bc7-4ce3-a9c0-7cf147be8e54
intrusion-set--44d37b89-a739-4810-9111-0d2617a8939b,attack-pattern--edf91964-b26e-4b4a-9600-ccacd7d7df24
intrusion-set--46599a4a-77ee-4697-9474-2683b6464859,attack-pattern--40597f16-0963-4249-bf4c-ac93b7fb9807
intrusion-set--82323c70-4186-4b61-94f5-b227c3b28e89,attack-pattern--1e9eb839-294b-48cc-b0d3-c45555a2a004
intrusion-set--381fcf73-60f6-4ab2-9991-6af3cbc35192,attack-pattern--10ffac09-e42d-4f56-ab20-db94c67d76ff
intrusion-set--0ec2f388-bf0f-4b5c-97b1-fc736d26c25f,attack-pattern--3ccef7ae-cb5e-48f6-8302-897105fbf55c
intrusion-set--8f5e8dc7-739d-4f5e-a8a1-a66e004d7063,attack-pattern--65f2d882-3f41-4d48-8a06-29af77ec9f90
intrusion-set--674582ec-51c4-42ce-b409-797239e37a2a,attack-pattern--69f897fd-12a9-4c89-ad6a-46d2f3c38262
intrusion-set--dd2d9ca6-505b-4860-a604-233685b802c7,attack-pattern--d1fcf083-a721-4223-aedf-bf8960798d62
intrusion-set--420ac20b-f2b9-42b8-aa1a-6d4b72895ca4,attack-pattern--24bfaeba-cb0d-4525-b3dc-507c77ecec41
intrusion-set--7113eaa5-ba79-4fb3-b68a-398ee9cd698e,attack-pattern--9c99724c-a483-4d60-ad9d-7f004e42e8e8
intrusion-set--174279b4-399f-4ddb-966e-5efedd1dd5f2,attack-pattern--b17a1a56-e99c-403c-8948-561df0cffe81
intrusion-set--8cf6e33b-b6ef-4a1f-a77c-0ecdde93161f,attack-pattern--bbde9781-60aa-4b8a-a911-895b0c1b3872
intrusion-set--fd19bd82-1b14-49a1-a176-6cdc46b8a826,attack-pattern--cba37adb-d6fb-4610-b069-dd04c0643384
intrusion-set--01e28736-2ffc-455b-9880-ed4d1407ae07,attack-pattern--57340c81-c025-4189-8fa0-fc7ede51bae4
intrusion-set--c93fccb1-e8e8-42cf-ae33-2ad1d183913a,attack-pattern--2db31dcd-54da-405d-acef-b9129b816ed6
intrusion-set--c21dd6f1-1364-4a70-a1f7-783080ec34ee,attack-pattern--9db0cf3a-a3c9-4012-8268-123b9db6fd82
intrusion-set--0ec2f388-bf0f-4b5c-97b1-fc736d26c25f,attack-pattern--e261a979-f354-41a8-963e-6cadac27c4bf
intrusion-set--44d37b89-a739-4810-9111-0d2617a8939b,attack-pattern--92d7da27-2d91-488e-a00c-059dc162766d
intrusion-set--dc6fe6ee-04c2-49be-ba3d-f38d2463c02a,attack-pattern--6e3bd510-6b33-41a4-af80-2d80f3ee0071
intrusion-set--03be849d-b5a2-4766-9dda-48976bae5710,attack-pattern--e6919abc-99f9-4c6c-95a5-14761e7b2add
intrusion-set--247cb30b-955f-42eb-97a5-a89fef69341e,attack-pattern--92a78814-b191-47ca-909c-1ccfe3777414
intrusion-set--0ec2f388-bf0f-4b5c-97b1-fc736d26c25f,attack-pattern--d511a6f6-4a33-41d5-bc95-c343875d1377
intrusion-set--269e8108-68c6-4f99-b911-14b2e765dec2,attack-pattern--9e7452df-5144-4b6e-b04a-b66dd4016747
intrusion-set--d13c8a7f-740b-4efa-a232-de7d6bb05321,attack-pattern--005a06c6-14bf-4118-afa0-ebcd8aebb0c9
intrusion-set--e6db1e55-b199-4b6b-8633-989345ee45e0,attack-pattern--69f897fd-12a9-4c89-ad6a-46d2f3c38262
intrusion-set--381fcf73-60f6-4ab2-9991-6af3cbc35192,attack-pattern--970a3432-3237-47ad-bcca-7d8cbb217736
intrusion-set--5636b7b3-d99b-4edd-aa05-ee649c1d4ef1,attack-pattern--df8b2a25-8bdf-4856-953c-a04372b1c161
intrusion-set--f3be6240-f68e-47e1-90d2-ad8f3b3bb8a6,attack-pattern--34b3f738-bd64-40e5-a112-29b0542bc8bf
intrusion-set--c5b81590-6814-4d2a-8baa-15c4b6c7f960,attack-pattern--69b8fd78-40e8-4600-ae4d-662c9d7afdb3
intrusion-set--8c1f0187-0826-4320-bddc-5f326cfcfe2c,attack-pattern--005a06c6-14bf-4118-afa0-ebcd8aebb0c9
intrusion-set--2e290bfe-93b5-48ce-97d6-edcd6d32b7cf,attack-pattern--30208d3e-0d6b-43c8-883e-44462a514619
intrusion-set--17862c7d-9e60-48a0-b48e-da4dc4c3f6b0,attack-pattern--58a3e6aa-4453-4cc8-a51f-4befe80b31a8
intrusion-set--8f5e8dc7-739d-4f5e-a8a1-a66e004d7063,attack-pattern--cabe189c-a0e3-4965-a473-dcff00f17213
intrusion-set--2e290bfe-93b5-48ce-97d6-edcd6d32b7cf,attack-pattern--1c4e5d32-1fe9-4116-9d9d-59e3925bd6a2
intrusion-set--9e729a7e-0dd6-4097-95bf-db8d64911383,attack-pattern--24bfaeba-cb0d-4525-b3dc-507c77ecec41
intrusion-set--4a2ce82e-1a74-468a-a6fb-bbead541383c,attack-pattern--df8b2a25-8bdf-4856-953c-a04372b1c161
intrusion-set--674582ec-51c4-42ce-b409-797239e37a2a,attack-pattern--82caa33e-d11a-433a-94ea-9b5a5fbef81d
intrusion-set--8cf6e33b-b6ef-4a1f-a77c-0ecdde93161f,attack-pattern--21875073-b0ee-49e3-9077-1e2a885359af
intrusion-set--17862c7d-9e60-48a0-b48e-da4dc4c3f6b0,attack-pattern--005a06c6-14bf-4118-afa0-ebcd8aebb0c9
intrusion-set--174279b4-399f-4ddb-966e-5efedd1dd5f2,attack-pattern--149b477f-f364-4824-b1b5-aa1d56115869
intrusion-set--32bca8ff-d900-4877-aa65-d70baa041b74,attack-pattern--a2fdce72-04b2-409a-ac10-cc1695f4fce0
intrusion-set--3fc023b2-c5cc-481d-9c3e-70141ae1a87e,attack-pattern--8f4a33ec-8b1f-4b80-a2f6-642b2e479580
intrusion-set--f3be6240-f68e-47e1-90d2-ad8f3b3bb8a6,attack-pattern--005a06c6-14bf-4118-afa0-ebcd8aebb0c9
intrusion-set--269e8108-68c6-4f99-b911-14b2e765dec2,attack-pattern--1ecfdab8-7d59-4c98-95d4-dc41970f57fc
intrusion-set--247cb30b-955f-42eb-97a5-a89fef69341e,attack-pattern--bf90d72c-c00b-45e3-b3aa-68560560d4c5
intrusion-set--cb41e991-65f4-4668-a65f-f4200545b5a1,attack-pattern--a62a8db3-f23a-4d8f-afd6-9dbc77e7813b
intrusion-set--247cb30b-955f-42eb-97a5-a89fef69341e,attack-pattern--f2857333-11d4-45bf-b064-2c28d8525be5
intrusion-set--174279b4-399f-4ddb-966e-5efedd1dd5f2,attack-pattern--09a60ea3-a8d1-4ae5-976e-5783248b72a4
intrusion-set--f29b7c5e-2439-42ad-a86f-9f8984fafae3,attack-pattern--354a7f88-63fb-41b5-a801-ce3b377b36f1
intrusion-set--ebd7ce77-c9ba-4fba-bb28-58296ac66559,attack-pattern--830c9528-df21-472c-8c14-a036bf17d665
intrusion-set--3753cc21-2dae-4dfb-8481-d004e74502cc,attack-pattern--84ae8255-b4f4-4237-b5c5-e717405a9701
intrusion-set--fbd29c89-18ba-4c2d-b792-51c0adee049f,attack-pattern--00f90846-cbd1-4fc5-9233-df5c2bf2a662
intrusion-set--3753cc21-2dae-4dfb-8481-d004e74502cc,attack-pattern--03d7999c-1f4c-42cc-8373-e7690d318104
intrusion-set--bef4c620-0787-42a8-a96d-b7eb6e85917c,attack-pattern--5d0d3609-d06d-49e1-b9c9-b544e0c618cb
intrusion-set--35d1b3be-49d4-42f1-aaa6-ef159c880bca,attack-pattern--dfefe2ed-4389-4318-8762-f0272b350a1b
intrusion-set--2a7914cf-dff3-428d-ab0f-1014d1c28aeb,attack-pattern--7385dfaf-6886-4229-9ecd-6fd678040830
intrusion-set--3753cc21-2dae-4dfb-8481-d004e74502cc,attack-pattern--005a06c6-14bf-4118-afa0-ebcd8aebb0c9
intrusion-set--dd2d9ca6-505b-4860-a604-233685b802c7,attack-pattern--01a5a209-b94c-450b-b7f9-946497d91055
intrusion-set--fa19de15-6169-428d-9cd6-3ca3d56075b7,attack-pattern--09a60ea3-a8d1-4ae5-976e-5783248b72a4
intrusion-set--64b52e7d-b2c4-4a02-9372-08a463f5dc11,attack-pattern--2959d63f-73fd-46a1-abd2-109d7dcede32
intrusion-set--a653431d-6a5e-4600-8ad3-609b5af57064,attack-pattern--8f4a33ec-8b1f-4b80-a2f6-642b2e479580
intrusion-set--4ca1929c-7d64-4aab-b849-badbfc0c760d,attack-pattern--291ede6c-1473-454c-b614-5ac5ea63c987
intrusion-set--467271fd-47c0-4e90-a3f9-d84f5cf790d0,attack-pattern--e6919abc-99f9-4c6c-95a5-14761e7b2add
intrusion-set--82323c70-4186-4b61-94f5-b227c3b28e89,attack-pattern--ae676644-d2d2-41b7-af7e-9bed1b55898c
intrusion-set--4a2ce82e-1a74-468a-a6fb-bbead541383c,attack-pattern--c2e147a9-d1a8-4074-811a-d8789202d916
intrusion-set--0ec2f388-bf0f-4b5c-97b1-fc736d26c25f,attack-pattern--3ee16395-03f0-4690-a32e-69ce9ada0f9e
intrusion-set--2688b13e-8e71-405a-9c40-0dee94bddf87,attack-pattern--03d7999c-1f4c-42cc-8373-e7690d318104
intrusion-set--03506554-5f37-4f8f-9ce4-0e9f01a1b484,attack-pattern--2b742742-28c3-4e1b-bab7-8350d6300fa7
intrusion-set--0ec2f388-bf0f-4b5c-97b1-fc736d26c25f,attack-pattern--e6919abc-99f9-4c6c-95a5-14761e7b2add
intrusion-set--00f67a77-86a4-4adf-be26-1a54fc713340,attack-pattern--2959d63f-73fd-46a1-abd2-109d7dcede32
intrusion-set--ebd7ce77-c9ba-4fba-bb28-58296ac66559,attack-pattern--970a3432-3237-47ad-bcca-7d8cbb217736
intrusion-set--174279b4-399f-4ddb-966e-5efedd1dd5f2,attack-pattern--1c4e5d32-1fe9-4116-9d9d-59e3925bd6a2
intrusion-set--918da025-04bd-48af-b6c4-f3e4d1b915eb,attack-pattern--d511a6f6-4a33-41d5-bc95-c343875d1377
intrusion-set--918da025-04bd-48af-b6c4-f3e4d1b915eb,attack-pattern--7bc57495-ea59-4380-be31-a64af124ef18
intrusion-set--b2e34388-6938-4c59-a702-80dc219e15e3,attack-pattern--bed04f7d-e48a-4e76-bd0f-4c57fe31fc46
intrusion-set--381fcf73-60f6-4ab2-9991-6af3cbc35192,attack-pattern--731f4f55-b6d0-41d1-a7a9-072a66389aea
intrusion-set--c4d50cdf-87ce-407d-86d8-862883485842,attack-pattern--232b7f21-adf9-4b42-b936-b9d6f7df856e
intrusion-set--18854f55-ac7c-4634-bd9a-352dd07613b7,attack-pattern--21875073-b0ee-49e3-9077-1e2a885359af
intrusion-set--899ce53f-13a0-479b-a0e4-67d46e241542,attack-pattern--1644e709-12d2-41e5-a60f-3470991f5011
intrusion-set--88b7dbc2-32d3-4e31-af2f-3fc24e1582d7,attack-pattern--707399d6-ab3e-4963-9315-d9d3818cd6a0
intrusion-set--b516b235-fc7d-4635-aca5-3d33312339c3,attack-pattern--3c4a2599-71ee-4405-ba1e-0e28414b4bc5
intrusion-set--0ec2f388-bf0f-4b5c-97b1-fc736d26c25f,attack-pattern--edadea33-549c-4ed1-9783-8f5a5853cbdf
intrusion-set--4c4a7846-45d5-4761-8eea-725fa989914c,attack-pattern--707399d6-ab3e-4963-9315-d9d3818cd6a0
intrusion-set--f9d6633a-55e6-4adc-9263-6ae080421a13,attack-pattern--ed730f20-0e44-48b9-85f8-0e2adeb76867
intrusion-set--1c63d4ec-0a75-4daa-b1df-0d11af3d3cc1,attack-pattern--e196b5c5-8118-4a1c-ab8a-936586ce3db5
intrusion-set--7a19ecb1-3c65-4de3-a230-993516aed6a6,attack-pattern--e6919abc-99f9-4c6c-95a5-14761e7b2add
intrusion-set--2a7914cf-dff3-428d-ab0f-1014d1c28aeb,attack-pattern--4fe28b27-b13c-453e-a386-c2ef362a573b
intrusion-set--ebd7ce77-c9ba-4fba-bb28-58296ac66559,attack-pattern--01a5a209-b94c-450b-b7f9-946497d91055
intrusion-set--467271fd-47c0-4e90-a3f9-d84f5cf790d0,attack-pattern--7bd9c723-2f78-4309-82c5-47cad406572b
intrusion-set--420ac20b-f2b9-42b8-aa1a-6d4b72895ca4,attack-pattern--a0e6614a-7740-4b24-bd65-f1bde09fc365
intrusion-set--6713ab67-e25b-49cc-808d-2b36d4fbc35c,attack-pattern--21875073-b0ee-49e3-9077-1e2a885359af
intrusion-set--44102191-3a31-45f8-acbe-34bdb441d5ad,attack-pattern--0f20e3cb-245b-4a61-8a91-2d93f7cb0e9b
intrusion-set--32bca8ff-d900-4877-aa65-d70baa041b74,attack-pattern--65f2d882-3f41-4d48-8a06-29af77ec9f90
intrusion-set--46bb06cb-f2d9-4b37-8c92-a27e224ad90d,attack-pattern--b24e2a20-3b3d-4bf0-823b-1ed765398fb0
intrusion-set--2a158b0a-7ef8-43cb-9985-bf34d1e12050,attack-pattern--c3d4bdd9-2cfe-4a80-9d0c-07a29ecdce8f
intrusion-set--1c63d4ec-0a75-4daa-b1df-0d11af3d3cc1,attack-pattern--7bc57495-ea59-4380-be31-a64af124ef18
intrusion-set--0ec2f388-bf0f-4b5c-97b1-fc736d26c25f,attack-pattern--bf1b6176-597c-4600-bfcd-ac989670f96b
intrusion-set--6688d679-ccdb-4f12-abf6-c7545dd767a4,attack-pattern--deb98323-e13f-4b0c-8d94-175379069062
intrusion-set--93f52415-0fe4-4d3d-896c-fc9b8e88ab90,attack-pattern--1c4e5d32-1fe9-4116-9d9d-59e3925bd6a2
intrusion-set--7a19ecb1-3c65-4de3-a230-993516aed6a6,attack-pattern--d336b553-5da9-46ca-98a8-0b23f49fb447
intrusion-set--420ac20b-f2b9-42b8-aa1a-6d4b72895ca4,attack-pattern--ef67e13e-5598-4adc-bdb2-998225874fa9
intrusion-set--a7f57cc1-4540-4429-823f-f4e56b8473c9,attack-pattern--0458aab9-ad42-4eac-9e22-706a95bafee2
intrusion-set--174279b4-399f-4ddb-966e-5efedd1dd5f2,attack-pattern--208884f1-7b83-4473-ac22-4e1cf6c41471
intrusion-set--17862c7d-9e60-48a0-b48e-da4dc4c3f6b0,attack-pattern--04fd5427-79c7-44ea-ae13-11b24778ff1c
intrusion-set--df71bb3b-813c-45eb-a8bc-f2a419837411,attack-pattern--ef67e13e-5598-4adc-bdb2-998225874fa9
intrusion-set--fb366179-766c-4a4a-afa1-52bff1fd601c,attack-pattern--bf1b6176-597c-4600-bfcd-ac989670f96b
intrusion-set--0ec2f388-bf0f-4b5c-97b1-fc736d26c25f,attack-pattern--cca0ccb6-a068-4574-a722-b1556f86833a
intrusion-set--fb366179-766c-4a4a-afa1-52bff1fd601c,attack-pattern--65f2d882-3f41-4d48-8a06-29af77ec9f90
intrusion-set--0ec2f388-bf0f-4b5c-97b1-fc736d26c25f,attack-pattern--cd92d2b8-ce43-4666-9472-f1b4b9f4f8be
intrusion-set--7ecc3b4f-5cdb-457e-b55a-df376b359446,attack-pattern--7e150503-88e7-4861-866b-ff1ac82c4475
intrusion-set--a0cb9370-e39b-44d5-9f50-ef78e412b973,attack-pattern--53ac20cd-aca3-406e-9aa0-9fc7fdc60a5a
intrusion-set--c0291346-defe-48d7-9542-9e074ba1bdfb,attack-pattern--cba37adb-d6fb-4610-b069-dd04c0643384
intrusion-set--461b8e25-8f4a-4ea2-a4a8-e39df7ce6630,attack-pattern--960c3c86-1480-4d72-b4e0-8c242e84a5c5
intrusion-set--c4d50cdf-87ce-407d-86d8-862883485842,attack-pattern--6a6f9892-c46a-46db-b331-c09a99200fcf
intrusion-set--44d37b89-a739-4810-9111-0d2617a8939b,attack-pattern--21875073-b0ee-49e3-9077-1e2a885359af
intrusion-set--75a07184-a7e5-4222-95a1-a04dbc96a29c,attack-pattern--df8b2a25-8bdf-4856-953c-a04372b1c161
intrusion-set--bef4c620-0787-42a8-a96d-b7eb6e85917c,attack-pattern--149b477f-f364-4824-b1b5-aa1d56115869
intrusion-set--2e290bfe-93b5-48ce-97d6-edcd6d32b7cf,attack-pattern--c726e0a2-a57a-4b7b-a973-d0f013246617
intrusion-set--56a05d27-4d47-418a-b330-781c5614f202,attack-pattern--359b00ad-9425-420b-bba5-6de8d600cbc0
intrusion-set--918da025-04bd-48af-b6c4-f3e4d1b915eb,attack-pattern--57340c81-c025-4189-8fa0-fc7ede51bae4
intrusion-set--75a07184-a7e5-4222-95a1-a04dbc96a29c,attack-pattern--69e5226d-05dc-4f15-95d7-44f5ed78d06e
intrusion-set--bef4c620-0787-42a8-a96d-b7eb6e85917c,attack-pattern--e624264c-033a-424d-9fd7-fc9c3bbdb03e
intrusion-set--4283ae19-69c7-4347-a35e-b56f08eb660b,attack-pattern--149b477f-f364-4824-b1b5-aa1d56115869
intrusion-set--b8137919-38cb-4db0-90f3-437be885faba,attack-pattern--e358d692-23c0-4a31-9eb6-ecc13a8d7735
intrusion-set--e44e0985-bc65-4a8f-b578-211c858128e3,attack-pattern--7bd9c723-2f78-4309-82c5-47cad406572b
intrusion-set--269e8108-68c6-4f99-b911-14b2e765dec2,attack-pattern--2e34237d-8574-43f6-aace-ae2915de8597
intrusion-set--e6db1e55-b199-4b6b-8633-989345ee45e0,attack-pattern--3ccef7ae-cb5e-48f6-8302-897105fbf55c
intrusion-set--381fcf73-60f6-4ab2-9991-6af3cbc35192,attack-pattern--be2dcee9-a7a7-4e38-afd6-21b31ecc3d63
intrusion-set--ecbf507f-6786-4121-a4cc-0fd6a8d3a29d,attack-pattern--a19e86f8-1c0a-4fea-8407-23b73d615776
intrusion-set--c93fccb1-e8e8-42cf-ae33-2ad1d183913a,attack-pattern--a10641f4-87b4-45a3-a906-92a149cb2c27
intrusion-set--afec6dc3-a18e-4b62-b1a4-5510e1a498d1,attack-pattern--ef67e13e-5598-4adc-bdb2-998225874fa9
intrusion-set--899ce53f-13a0-479b-a0e4-67d46e241542,attack-pattern--a2fdce72-04b2-409a-ac10-cc1695f4fce0
intrusion-set--2a7914cf-dff3-428d-ab0f-1014d1c28aeb,attack-pattern--248d3fe1-7fe1-4d71-91c7-8bb7ef35cad3
intrusion-set--0ec2f388-bf0f-4b5c-97b1-fc736d26c25f,attack-pattern--32901740-b42c-4fdd-bc02-345b5dc57082
intrusion-set--bef4c620-0787-42a8-a96d-b7eb6e85917c,attack-pattern--eb125d40-0b2d-41ac-a71a-3229241c2cd3
intrusion-set--46599a4a-77ee-4697-9474-2683b6464859,attack-pattern--a9d4b653-6915-42af-98b2-5758c4ceee56
intrusion-set--222fbd21-fc4f-4b7e-9f85-0e6e3a76c33f,attack-pattern--2e34237d-8574-43f6-aace-ae2915de8597
intrusion-set--918da025-04bd-48af-b6c4-f3e4d1b915eb,attack-pattern--a2fdce72-04b2-409a-ac10-cc1695f4fce0
intrusion-set--18854f55-ac7c-4634-bd9a-352dd07613b7,attack-pattern--58a3e6aa-4453-4cc8-a51f-4befe80b31a8
intrusion-set--38fd6a28-3353-4f2b-bb2b-459fecd5c648,attack-pattern--0d91b3c0-5e50-47c3-949a-2a796f04d144
intrusion-set--8a831aaa-f3e0-47a3-bed8-a9ced744dd12,attack-pattern--df8b2a25-8bdf-4856-953c-a04372b1c161
intrusion-set--8cf6e33b-b6ef-4a1f-a77c-0ecdde93161f,attack-pattern--c1b68a96-3c48-49ea-a6c0-9b27359f9c19
intrusion-set--7113eaa5-ba79-4fb3-b68a-398ee9cd698e,attack-pattern--01a5a209-b94c-450b-b7f9-946497d91055
intrusion-set--1c63d4ec-0a75-4daa-b1df-0d11af3d3cc1,attack-pattern--635cbe30-392d-4e27-978e-66774357c762
intrusion-set--8c1f0187-0826-4320-bddc-5f326cfcfe2c,attack-pattern--f1951e8a-500e-4a26-8803-76d95c4554b4
intrusion-set--c4d50cdf-87ce-407d-86d8-862883485842,attack-pattern--671cd17f-a765-48fd-adc4-dad1941b1ae3
intrusion-set--dc6fe6ee-04c2-49be-ba3d-f38d2463c02a,attack-pattern--bd369cd9-abb8-41ce-b5bb-fff23ee86c00
intrusion-set--3ea7add5-5b8f-45d8-b1f1-905d2729d62a,attack-pattern--232b7f21-adf9-4b42-b936-b9d6f7df856e
intrusion-set--afec6dc3-a18e-4b62-b1a4-5510e1a498d1,attack-pattern--f6ad61ee-65f3-4bd0-a3f5-2f0accb36317
intrusion-set--c93fccb1-e8e8-42cf-ae33-2ad1d183913a,attack-pattern--ec8fc7e2-b356-455c-8db5-2e37be158e7d
intrusion-set--b7f627e2-0817-4cd5-8d50-e75f8aa85cc6,attack-pattern--3b744087-9945-4a6f-91e8-9dbceda417a4
intrusion-set--bef4c620-0787-42a8-a96d-b7eb6e85917c,attack-pattern--a2fdce72-04b2-409a-ac10-cc1695f4fce0
intrusion-set--0ec2f388-bf0f-4b5c-97b1-fc736d26c25f,attack-pattern--7bdca9d5-d500-4d7d-8c52-5fd47baf4c0c
intrusion-set--64b52e7d-b2c4-4a02-9372-08a463f5dc11,attack-pattern--e624264c-033a-424d-9fd7-fc9c3bbdb03e
intrusion-set--cc613a49-9bfa-4e22-98d1-15ffbb03f034,attack-pattern--dfd7cc1d-e1d8-4394-a198-97c4cab8aa67
intrusion-set--467271fd-47c0-4e90-a3f9-d84f5cf790d0,attack-pattern--1c4e5d32-1fe9-4116-9d9d-59e3925bd6a2
intrusion-set--f40eb8ce-2a74-4e56-89a1-227021410142,attack-pattern--dfd7cc1d-e1d8-4394-a198-97c4cab8aa67
intrusion-set--7eda3dd8-b09b-4705-8090-c2ad9fb8c14d,attack-pattern--7e7c2fba-7cca-486c-9582-4c1bb2851961
intrusion-set--44d37b89-a739-4810-9111-0d2617a8939b,attack-pattern--24769ab5-14bd-4f4e-a752-cfb185da53ee
intrusion-set--4c4a7846-45d5-4761-8eea-725fa989914c,attack-pattern--25659dd6-ea12-45c4-97e6-381e3e4b593e
intrusion-set--4e868dad-682d-4897-b8df-2dc98f46c68a,attack-pattern--3c4a2599-71ee-4405-ba1e-0e28414b4bc5
intrusion-set--2688b13e-8e71-405a-9c40-0dee94bddf87,attack-pattern--0c4b4fda-9062-47da-98b9-ceae2dcf052a
intrusion-set--7f848c02-4d1e-4808-a4ae-4670681370a9,attack-pattern--7bd9c723-2f78-4309-82c5-47cad406572b
intrusion-set--ebd7ce77-c9ba-4fba-bb28-58296ac66559,attack-pattern--5d2be8b9-d24c-4e98-83bf-2f5f79477163
intrusion-set--2e290bfe-93b5-48ce-97d6-edcd6d32b7cf,attack-pattern--e6919abc-99f9-4c6c-95a5-14761e7b2add
intrusion-set--fa19de15-6169-428d-9cd6-3ca3d56075b7,attack-pattern--f6ad61ee-65f3-4bd0-a3f5-2f0accb36317
intrusion-set--129f2f77-1ab2-4c35-bd5e-21260cee92af,attack-pattern--f6ad61ee-65f3-4bd0-a3f5-2f0accb36317
intrusion-set--2fd2be6a-d3a2-4a65-b499-05ea2693abee,attack-pattern--232b7f21-adf9-4b42-b936-b9d6f7df856e
intrusion-set--44e43fad-ffcb-4210-abcf-eaaed9735f80,attack-pattern--4ab929c6-ee2d-4fb5-aab4-b14be2ed7179
intrusion-set--467271fd-47c0-4e90-a3f9-d84f5cf790d0,attack-pattern--cba37adb-d6fb-4610-b069-dd04c0643384
intrusion-set--00f67a77-86a4-4adf-be26-1a54fc713340,attack-pattern--120d5519-3098-4e1c-9191-2aa61232f073
intrusion-set--269e8108-68c6-4f99-b911-14b2e765dec2,attack-pattern--40f5caa0-4cb7-4117-89fc-d421bb493df3
intrusion-set--88b7dbc2-32d3-4e31-af2f-3fc24e1582d7,attack-pattern--2959d63f-73fd-46a1-abd2-109d7dcede32
intrusion-set--f29b7c5e-2439-42ad-a86f-9f8984fafae3,attack-pattern--40f5caa0-4cb7-4117-89fc-d421bb493df3
intrusion-set--7113eaa5-ba79-4fb3-b68a-398ee9cd698e,attack-pattern--2db31dcd-54da-405d-acef-b9129b816ed6
intrusion-set--35d1b3be-49d4-42f1-aaa6-ef159c880bca,attack-pattern--635cbe30-392d-4e27-978e-66774357c762
intrusion-set--b8137919-38cb-4db0-90f3-437be885faba,attack-pattern--bbde9781-60aa-4b8a-a911-895b0c1b3872
intrusion-set--dd2d9ca6-505b-4860-a604-233685b802c7,attack-pattern--a2fdce72-04b2-409a-ac10-cc1695f4fce0
intrusion-set--174279b4-399f-4ddb-966e-5efedd1dd5f2,attack-pattern--d1fcf083-a721-4223-aedf-bf8960798d62
intrusion-set--467271fd-47c0-4e90-a3f9-d84f5cf790d0,attack-pattern--005a06c6-14bf-4118-afa0-ebcd8aebb0c9
intrusion-set--44d37b89-a739-4810-9111-0d2617a8939b,attack-pattern--72b74d71-8169-42aa-92e0-e7b04b9f5a08
intrusion-set--7b404cd0-3ae9-41d4-90c0-023793d35d97,attack-pattern--5d2be8b9-d24c-4e98-83bf-2f5f79477163
intrusion-set--0ec2f388-bf0f-4b5c-97b1-fc736d26c25f,attack-pattern--30973a08-aed9-4edf-8604-9084ce1b5c4f
intrusion-set--1c63d4ec-0a75-4daa-b1df-0d11af3d3cc1,attack-pattern--dc31fe1e-d722-49da-8f5f-92c7b5aff534
intrusion-set--c21dd6f1-1364-4a70-a1f7-783080ec34ee,attack-pattern--635cbe30-392d-4e27-978e-66774357c762
intrusion-set--4ca1929c-7d64-4aab-b849-badbfc0c760d,attack-pattern--d1fcf083-a721-4223-aedf-bf8960798d62
intrusion-set--35d1b3be-49d4-42f1-aaa6-ef159c880bca,attack-pattern--322bad5a-1c49-4d23-ab79-76d641794afa
intrusion-set--f3be6240-f68e-47e1-90d2-ad8f3b3bb8a6,attack-pattern--df8b2a25-8bdf-4856-953c-a04372b1c161
intrusion-set--fb366179-766c-4a4a-afa1-52bff1fd601c,attack-pattern--d1fcf083-a721-4223-aedf-bf8960798d62
intrusion-set--0ec2f388-bf0f-4b5c-97b1-fc736d26c25f,attack-pattern--2f6b4ed7-fef1-44ba-bcb8-1b4beb610b64
intrusion-set--0ec2f388-bf0f-4b5c-97b1-fc736d26c25f,attack-pattern--be055942-6e63-49d7-9fa1-9cb7d8a8f3f4
intrusion-set--06a11b7e-2a36-47fe-8d3e-82c265df3258,attack-pattern--005a06c6-14bf-4118-afa0-ebcd8aebb0c9
intrusion-set--c93fccb1-e8e8-42cf-ae33-2ad1d183913a,attack-pattern--d45a3d09-b3cf-48f4-9f0f-f521ee5cb05c
intrusion-set--7113eaa5-ba79-4fb3-b68a-398ee9cd698e,attack-pattern--e6919abc-99f9-4c6c-95a5-14761e7b2add
intrusion-set--420ac20b-f2b9-42b8-aa1a-6d4b72895ca4,attack-pattern--e3a12395-188d-4051-9a16-ea8e14d07b88
intrusion-set--7251b44b-6072-476c-b8d9-a6e32c355b28,attack-pattern--970a3432-3237-47ad-bcca-7d8cbb217736
intrusion-set--44102191-3a31-45f8-acbe-34bdb441d5ad,attack-pattern--b3d682b6-98f2-4fb0-aa3b-b4df007ca70a
intrusion-set--2a158b0a-7ef8-43cb-9985-bf34d1e12050,attack-pattern--e358d692-23c0-4a31-9eb6-ecc13a8d7735
intrusion-set--ebd7ce77-c9ba-4fba-bb28-58296ac66559,attack-pattern--cbb66055-0325-4111-aca0-40547b6ad5b0
intrusion-set--9e729a7e-0dd6-4097-95bf-db8d64911383,attack-pattern--246fd3c7-f5e3-466d-8787-4c13d9e3b61c
intrusion-set--2e290bfe-93b5-48ce-97d6-edcd6d32b7cf,attack-pattern--01327cde-66c4-4123-bf34-5f258d59457b
intrusion-set--0d4ac089-ced4-4cc4-a989-174d08e6d030,attack-pattern--3ee16395-03f0-4690-a32e-69ce9ada0f9e
intrusion-set--899ce53f-13a0-479b-a0e4-67d46e241542,attack-pattern--ca9d3402-ada3-484d-876a-d717bd6e05f2
intrusion-set--bef4c620-0787-42a8-a96d-b7eb6e85917c,attack-pattern--cbb66055-0325-4111-aca0-40547b6ad5b0
intrusion-set--4ca1929c-7d64-4aab-b849-badbfc0c760d,attack-pattern--eb062747-2193-45de-8fa2-e62549c37ddf
intrusion-set--c5b81590-6814-4d2a-8baa-15c4b6c7f960,attack-pattern--cc3502b5-30cc-4473-ad48-42d51a6ef6d1
intrusion-set--a653431d-6a5e-4600-8ad3-609b5af57064,attack-pattern--e358d692-23c0-4a31-9eb6-ecc13a8d7735
intrusion-set--17862c7d-9e60-48a0-b48e-da4dc4c3f6b0,attack-pattern--b200542e-e877-4395-875b-cf1a44537ca4
intrusion-set--17862c7d-9e60-48a0-b48e-da4dc4c3f6b0,attack-pattern--eb062747-2193-45de-8fa2-e62549c37ddf
intrusion-set--46599a4a-77ee-4697-9474-2683b6464859,attack-pattern--212306d8-efa4-44c9-8c2d-ed3d2e224aa0
intrusion-set--56319646-eb6e-41fc-ae53-aadfa7adb924,attack-pattern--232b7f21-adf9-4b42-b936-b9d6f7df856e
intrusion-set--75a07184-a7e5-4222-95a1-a04dbc96a29c,attack-pattern--03d7999c-1f4c-42cc-8373-e7690d318104
intrusion-set--174279b4-399f-4ddb-966e-5efedd1dd5f2,attack-pattern--3f886f2a-874f-4333-b794-aa6075009b1c
intrusion-set--7113eaa5-ba79-4fb3-b68a-398ee9cd698e,attack-pattern--9efb1ea7-c37b-4595-9640-b7680cd84279
intrusion-set--8a831aaa-f3e0-47a3-bed8-a9ced744dd12,attack-pattern--232b7f21-adf9-4b42-b936-b9d6f7df856e
intrusion-set--18854f55-ac7c-4634-bd9a-352dd07613b7,attack-pattern--1c4e5d32-1fe9-4116-9d9d-59e3925bd6a2
intrusion-set--ebd7ce77-c9ba-4fba-bb28-58296ac66559,attack-pattern--40f5caa0-4cb7-4117-89fc-d421bb493df3
intrusion-set--4283ae19-69c7-4347-a35e-b56f08eb660b,attack-pattern--58a3e6aa-4453-4cc8-a51f-4befe80b31a8
intrusion-set--64d5f96a-f121-4d19-89f6-6709f5c49faa,attack-pattern--bf90d72c-c00b-45e3-b3aa-68560560d4c5
intrusion-set--d519164e-f5fa-4b8c-a1fb-cf0172ad0983,attack-pattern--d1fcf083-a721-4223-aedf-bf8960798d62
intrusion-set--55033a4d-3ffe-46b2-99b4-2c1541e9ce1c,attack-pattern--7bdca9d5-d500-4d7d-8c52-5fd47baf4c0c
intrusion-set--d13c8a7f-740b-4efa-a232-de7d6bb05321,attack-pattern--43e7dc91-05b2-474c-b9ac-2ed4fe101f4d
intrusion-set--6a2e693f-24e5-451a-9f88-b36a108e5662,attack-pattern--65f2d882-3f41-4d48-8a06-29af77ec9f90
intrusion-set--2e290bfe-93b5-48ce-97d6-edcd6d32b7cf,attack-pattern--671cd17f-a765-48fd-adc4-dad1941b1ae3
intrusion-set--1c3dcf91-b859-4aae-a09c-ae26dc8b6390,attack-pattern--4fe28b27-b13c-453e-a386-c2ef362a573b
intrusion-set--b7f627e2-0817-4cd5-8d50-e75f8aa85cc6,attack-pattern--92d7da27-2d91-488e-a00c-059dc162766d
intrusion-set--c21dd6f1-1364-4a70-a1f7-783080ec34ee,attack-pattern--00f90846-cbd1-4fc5-9233-df5c2bf2a662
intrusion-set--0ec2f388-bf0f-4b5c-97b1-fc736d26c25f,attack-pattern--20fb2507-d71c-455d-9b6d-6104461cf26b
intrusion-set--b7f627e2-0817-4cd5-8d50-e75f8aa85cc6,attack-pattern--31fe0ba2-62fd-4fd9-9293-4043d84f7fe9
intrusion-set--420ac20b-f2b9-42b8-aa1a-6d4b72895ca4,attack-pattern--3ccef7ae-cb5e-48f6-8302-897105fbf55c
intrusion-set--c21dd6f1-1364-4a70-a1f7-783080ec34ee,attack-pattern--d511a6f6-4a33-41d5-bc95-c343875d1377
intrusion-set--467271fd-47c0-4e90-a3f9-d84f5cf790d0,attack-pattern--deb98323-e13f-4b0c-8d94-175379069062
intrusion-set--82323c70-4186-4b61-94f5-b227c3b28e89,attack-pattern--246fd3c7-f5e3-466d-8787-4c13d9e3b61c
intrusion-set--dcd81c6e-ebf7-4a16-93e0-9a97fa49c88a,attack-pattern--143c0cbb-a297-4142-9624-87ffc778980b
intrusion-set--44102191-3a31-45f8-acbe-34bdb441d5ad,attack-pattern--830c9528-df21-472c-8c14-a036bf17d665
intrusion-set--94873029-f950-4268-9cfd-5032e15cb182,attack-pattern--69f897fd-12a9-4c89-ad6a-46d2f3c38262
intrusion-set--381fcf73-60f6-4ab2-9991-6af3cbc35192,attack-pattern--92d7da27-2d91-488e-a00c-059dc162766d
intrusion-set--c0291346-defe-48d7-9542-9e074ba1bdfb,attack-pattern--1c4e5d32-1fe9-4116-9d9d-59e3925bd6a2
intrusion-set--b8137919-38cb-4db0-90f3-437be885faba,attack-pattern--e3a12395-188d-4051-9a16-ea8e14d07b88
intrusion-set--cc613a49-9bfa-4e22-98d1-15ffbb03f034,attack-pattern--d742a578-d70e-4d0e-96a6-02a9c30204e6
intrusion-set--18854f55-ac7c-4634-bd9a-352dd07613b7,attack-pattern--2959d63f-73fd-46a1-abd2-109d7dcede32
intrusion-set--44d37b89-a739-4810-9111-0d2617a8939b,attack-pattern--0cf55441-b176-4332-89e7-2c4c7799d0ff
intrusion-set--8cf6e33b-b6ef-4a1f-a77c-0ecdde93161f,attack-pattern--937e4772-8441-4e4a-8bf0-8d447d667e23
intrusion-set--2e290bfe-93b5-48ce-97d6-edcd6d32b7cf,attack-pattern--045d0922-2310-4e60-b5e4-3302302cb3c5
intrusion-set--174279b4-399f-4ddb-966e-5efedd1dd5f2,attack-pattern--3fc9b85a-2862-4363-a64d-d692e3ffbee0
intrusion-set--ebd7ce77-c9ba-4fba-bb28-58296ac66559,attack-pattern--1035cdf2-3e5f-446f-a7a7-e8f6d7925967
intrusion-set--899ce53f-13a0-479b-a0e4-67d46e241542,attack-pattern--890c9858-598c-401d-a4d5-c67ebcdd703a
intrusion-set--e44e0985-bc65-4a8f-b578-211c858128e3,attack-pattern--f9cc4d06-775f-4ee1-b401-4e2cc0da30ba
intrusion-set--fd66436e-4d33-450e-ac4c-f7810f1c85f4,attack-pattern--e3a12395-188d-4051-9a16-ea8e14d07b88
intrusion-set--1f0f9a14-11aa-49aa-9174-bcd0eaa979de,attack-pattern--d4287702-e2f7-4946-bdfa-2c7f5aaa5032
intrusion-set--35d1b3be-49d4-42f1-aaa6-ef159c880bca,attack-pattern--7e150503-88e7-4861-866b-ff1ac82c4475
intrusion-set--82323c70-4186-4b61-94f5-b227c3b28e89,attack-pattern--232b7f21-adf9-4b42-b936-b9d6f7df856e
intrusion-set--319fd652-edde-46b2-9987-3519493989f5,attack-pattern--1c4e5d32-1fe9-4116-9d9d-59e3925bd6a2
intrusion-set--2a158b0a-7ef8-43cb-9985-bf34d1e12050,attack-pattern--9efb1ea7-c37b-4595-9640-b7680cd84279
intrusion-set--6688d679-ccdb-4f12-abf6-c7545dd767a4,attack-pattern--cba37adb-d6fb-4610-b069-dd04c0643384
intrusion-set--8c1f0187-0826-4320-bddc-5f326cfcfe2c,attack-pattern--92d7da27-2d91-488e-a00c-059dc162766d
intrusion-set--85403903-15e0-4f9f-9be4-a259ecad4022,attack-pattern--1c34f7aa-9341-4a48-bfab-af22e51aca6c
intrusion-set--2688b13e-8e71-405a-9c40-0dee94bddf87,attack-pattern--b21c3b2d-02e6-45b1-980b-e69051040839
intrusion-set--0ec2f388-bf0f-4b5c-97b1-fc736d26c25f,attack-pattern--5e4a2073-9643-44cb-a0b5-e7f4048446c7
intrusion-set--dd2d9ca6-505b-4860-a604-233685b802c7,attack-pattern--2959d63f-73fd-46a1-abd2-109d7dcede32
intrusion-set--f9d6633a-55e6-4adc-9263-6ae080421a13,attack-pattern--355be19c-ffc9-46d5-8d50-d6a036c675b6
intrusion-set--bef4c620-0787-42a8-a96d-b7eb6e85917c,attack-pattern--a782ebe2-daba-42c7-bc82-e8e9d923162d
intrusion-set--d8bc9788-4f7d-41a9-9e9d-ee1ea18a8cf7,attack-pattern--cff94884-3b1c-4987-a70b-6d5643c621c3
intrusion-set--6b9ebeb5-20bf-48b0-afb7-988d769a2f01,attack-pattern--232b7f21-adf9-4b42-b936-b9d6f7df856e
intrusion-set--c93fccb1-e8e8-42cf-ae33-2ad1d183913a,attack-pattern--937e4772-8441-4e4a-8bf0-8d447d667e23
intrusion-set--0ec2f388-bf0f-4b5c-97b1-fc736d26c25f,attack-pattern--ef67e13e-5598-4adc-bdb2-998225874fa9
intrusion-set--b8137919-38cb-4db0-90f3-437be885faba,attack-pattern--c3d4bdd9-2cfe-4a80-9d0c-07a29ecdce8f
intrusion-set--dd2d9ca6-505b-4860-a604-233685b802c7,attack-pattern--4f9ca633-15c5-463c-9724-bdcd54fde541
intrusion-set--cc613a49-9bfa-4e22-98d1-15ffbb03f034,attack-pattern--e358d692-23c0-4a31-9eb6-ecc13a8d7735
intrusion-set--39d6890e-7f23-4474-b8ef-e7b0343c5fc8,attack-pattern--7e150503-88e7-4861-866b-ff1ac82c4475
intrusion-set--bf668120-e9a6-4017-a014-bfc0f5232656,attack-pattern--58a3e6aa-4453-4cc8-a51f-4befe80b31a8
intrusion-set--06a11b7e-2a36-47fe-8d3e-82c265df3258,attack-pattern--b3d682b6-98f2-4fb0-aa3b-b4df007ca70a
intrusion-set--fb366179-766c-4a4a-afa1-52bff1fd601c,attack-pattern--315f51f0-6b03-4c1e-bfb2-84740afb8e21
intrusion-set--c93fccb1-e8e8-42cf-ae33-2ad1d183913a,attack-pattern--391d824f-0ef1-47a0-b0ee-c59a75e27670
intrusion-set--9e729a7e-0dd6-4097-95bf-db8d64911383,attack-pattern--354a7f88-63fb-41b5-a801-ce3b377b36f1
intrusion-set--dd2d9ca6-505b-4860-a604-233685b802c7,attack-pattern--7dd95ff6-712e-4056-9626-312ea4ab4c5e
intrusion-set--899ce53f-13a0-479b-a0e4-67d46e241542,attack-pattern--7bd9c723-2f78-4309-82c5-47cad406572b
intrusion-set--7113eaa5-ba79-4fb3-b68a-398ee9cd698e,attack-pattern--0d91b3c0-5e50-47c3-949a-2a796f04d144
intrusion-set--461b8e25-8f4a-4ea2-a4a8-e39df7ce6630,attack-pattern--b21c3b2d-02e6-45b1-980b-e69051040839
intrusion-set--2a7914cf-dff3-428d-ab0f-1014d1c28aeb,attack-pattern--d511a6f6-4a33-41d5-bc95-c343875d1377
intrusion-set--c93fccb1-e8e8-42cf-ae33-2ad1d183913a,attack-pattern--b17a1a56-e99c-403c-8948-561df0cffe81
intrusion-set--319fd652-edde-46b2-9987-3519493989f5,attack-pattern--a2fdce72-04b2-409a-ac10-cc1695f4fce0
intrusion-set--bef4c620-0787-42a8-a96d-b7eb6e85917c,attack-pattern--40597f16-0963-4249-bf4c-ac93b7fb9807
intrusion-set--420ac20b-f2b9-42b8-aa1a-6d4b72895ca4,attack-pattern--7e150503-88e7-4861-866b-ff1ac82c4475
intrusion-set--f29b7c5e-2439-42ad-a86f-9f8984fafae3,attack-pattern--a93494bb-4b80-4ea1-8695-3236a49916fd
intrusion-set--02b16bd6-ae88-417a-8a3f-02c5e166175a,attack-pattern--208884f1-7b83-4473-ac22-4e1cf6c41471
intrusion-set--381fcf73-60f6-4ab2-9991-6af3cbc35192,attack-pattern--005a06c6-14bf-4118-afa0-ebcd8aebb0c9
intrusion-set--222fbd21-fc4f-4b7e-9f85-0e6e3a76c33f,attack-pattern--e6919abc-99f9-4c6c-95a5-14761e7b2add
intrusion-set--18854f55-ac7c-4634-bd9a-352dd07613b7,attack-pattern--9a60a291-8960-4387-8a4a-2ab5c18bb50b
intrusion-set--461b8e25-8f4a-4ea2-a4a8-e39df7ce6630,attack-pattern--6bc7f9aa-b91f-4b23-84b8-5e756eba68eb
intrusion-set--00f67a77-86a4-4adf-be26-1a54fc713340,attack-pattern--d742a578-d70e-4d0e-96a6-02a9c30204e6
intrusion-set--461b8e25-8f4a-4ea2-a4a8-e39df7ce6630,attack-pattern--4a2975db-414e-4c0c-bd92-775987514b4b
intrusion-set--420ac20b-f2b9-42b8-aa1a-6d4b72895ca4,attack-pattern--dfd7cc1d-e1d8-4394-a198-97c4cab8aa67
intrusion-set--bef4c620-0787-42a8-a96d-b7eb6e85917c,attack-pattern--09a60ea3-a8d1-4ae5-976e-5783248b72a4
intrusion-set--02b16bd6-ae88-417a-8a3f-02c5e166175a,attack-pattern--005a06c6-14bf-4118-afa0-ebcd8aebb0c9
intrusion-set--d13c8a7f-740b-4efa-a232-de7d6bb05321,attack-pattern--9efb1ea7-c37b-4595-9640-b7680cd84279
intrusion-set--899ce53f-13a0-479b-a0e4-67d46e241542,attack-pattern--b21c3b2d-02e6-45b1-980b-e69051040839
intrusion-set--269e8108-68c6-4f99-b911-14b2e765dec2,attack-pattern--34ab90a3-05f6-4259-8f21-621081fdaba5
intrusion-set--e1fc262c-dad2-4b82-abda-5f08dd134971,attack-pattern--cc7b8c4e-9be0-47ca-b0bb-83915ec3ee2f
intrusion-set--93f52415-0fe4-4d3d-896c-fc9b8e88ab90,attack-pattern--0259baeb-9f63-4c69-bf10-eb038c390688
intrusion-set--6b9ebeb5-20bf-48b0-afb7-988d769a2f01,attack-pattern--b77cf5f3-6060-475d-bd60-40ccbf28fdc2
intrusion-set--4ca1929c-7d64-4aab-b849-badbfc0c760d,attack-pattern--5d0d3609-d06d-49e1-b9c9-b544e0c618cb
intrusion-set--cc613a49-9bfa-4e22-98d1-15ffbb03f034,attack-pattern--ae797531-3219-49a4-bccf-324ad7a4c7b2
intrusion-set--f9d6633a-55e6-4adc-9263-6ae080421a13,attack-pattern--df8b2a25-8bdf-4856-953c-a04372b1c161
intrusion-set--dd2d9ca6-505b-4860-a604-233685b802c7,attack-pattern--c3d4bdd9-2cfe-4a80-9d0c-07a29ecdce8f
intrusion-set--fd66436e-4d33-450e-ac4c-f7810f1c85f4,attack-pattern--5d0d3609-d06d-49e1-b9c9-b544e0c618cb
intrusion-set--38863958-a201-4ce1-9dbe-539b0b6804e0,attack-pattern--2b742742-28c3-4e1b-bab7-8350d6300fa7
intrusion-set--7113eaa5-ba79-4fb3-b68a-398ee9cd698e,attack-pattern--bc76d0a4-db11-4551-9ac4-01a469cfb161
intrusion-set--918da025-04bd-48af-b6c4-f3e4d1b915eb,attack-pattern--25659dd6-ea12-45c4-97e6-381e3e4b593e
intrusion-set--9b36c218-4d80-4ec6-a68d-cc2886bbe410,attack-pattern--40f5caa0-4cb7-4117-89fc-d421bb493df3
intrusion-set--7a19ecb1-3c65-4de3-a230-993516aed6a6,attack-pattern--731f4f55-b6d0-41d1-a7a9-072a66389aea
intrusion-set--2fd2be6a-d3a2-4a65-b499-05ea2693abee,attack-pattern--b3d682b6-98f2-4fb0-aa3b-b4df007ca70a
intrusion-set--b74f909f-8e52-4b69-b770-162bf59a1b4e,attack-pattern--2fee9321-3e71-4cf4-af24-d4d40d355b34
intrusion-set--a7f57cc1-4540-4429-823f-f4e56b8473c9,attack-pattern--53ac20cd-aca3-406e-9aa0-9fc7fdc60a5a
intrusion-set--4ca1929c-7d64-4aab-b849-badbfc0c760d,attack-pattern--212306d8-efa4-44c9-8c2d-ed3d2e224aa0
intrusion-set--fe8796a4-2a02-41a0-9d27-7aa1e995feb6,attack-pattern--cbb66055-0325-4111-aca0-40547b6ad5b0
intrusion-set--2a158b0a-7ef8-43cb-9985-bf34d1e12050,attack-pattern--cba37adb-d6fb-4610-b069-dd04c0643384
intrusion-set--dcd81c6e-ebf7-4a16-93e0-9a97fa49c88a,attack-pattern--00f90846-cbd1-4fc5-9233-df5c2bf2a662
intrusion-set--02b16bd6-ae88-417a-8a3f-02c5e166175a,attack-pattern--8cdeb020-e31e-4f88-a582-f53dcfbda819
intrusion-set--18854f55-ac7c-4634-bd9a-352dd07613b7,attack-pattern--e358d692-23c0-4a31-9eb6-ecc13a8d7735
intrusion-set--1c63d4ec-0a75-4daa-b1df-0d11af3d3cc1,attack-pattern--be2dcee9-a7a7-4e38-afd6-21b31ecc3d63
intrusion-set--f29b7c5e-2439-42ad-a86f-9f8984fafae3,attack-pattern--005a06c6-14bf-4118-afa0-ebcd8aebb0c9
intrusion-set--abc5a1d4-f0dc-49d1-88a1-4a80e478bb03,attack-pattern--ef67e13e-5598-4adc-bdb2-998225874fa9
intrusion-set--6eded342-33e5-4451-b6b2-e1c62863129f,attack-pattern--ef67e13e-5598-4adc-bdb2-998225874fa9
intrusion-set--3753cc21-2dae-4dfb-8481-d004e74502cc,attack-pattern--01327cde-66c4-4123-bf34-5f258d59457b
intrusion-set--674582ec-51c4-42ce-b409-797239e37a2a,attack-pattern--d1fcf083-a721-4223-aedf-bf8960798d62
intrusion-set--4ca1929c-7d64-4aab-b849-badbfc0c760d,attack-pattern--3ee16395-03f0-4690-a32e-69ce9ada0f9e
intrusion-set--00f67a77-86a4-4adf-be26-1a54fc713340,attack-pattern--7bc57495-ea59-4380-be31-a64af124ef18
intrusion-set--93f52415-0fe4-4d3d-896c-fc9b8e88ab90,attack-pattern--42e8de7b-37b2-4258-905a-6897815e58e0
intrusion-set--ebd7ce77-c9ba-4fba-bb28-58296ac66559,attack-pattern--3f886f2a-874f-4333-b794-aa6075009b1c
intrusion-set--64d5f96a-f121-4d19-89f6-6709f5c49faa,attack-pattern--3b744087-9945-4a6f-91e8-9dbceda417a4
intrusion-set--01e28736-2ffc-455b-9880-ed4d1407ae07,attack-pattern--1c4e5d32-1fe9-4116-9d9d-59e3925bd6a2
intrusion-set--7eda3dd8-b09b-4705-8090-c2ad9fb8c14d,attack-pattern--365be77f-fc0e-42ee-bac8-4faf806d9336
intrusion-set--420ac20b-f2b9-42b8-aa1a-6d4b72895ca4,attack-pattern--77e29a47-e263-4f11-8692-e5012f44dbac
intrusion-set--461b8e25-8f4a-4ea2-a4a8-e39df7ce6630,attack-pattern--212306d8-efa4-44c9-8c2d-ed3d2e224aa0
intrusion-set--39d6890e-7f23-4474-b8ef-e7b0343c5fc8,attack-pattern--be2dcee9-a7a7-4e38-afd6-21b31ecc3d63
intrusion-set--dcd81c6e-ebf7-4a16-93e0-9a97fa49c88a,attack-pattern--970a3432-3237-47ad-bcca-7d8cbb217736
intrusion-set--420ac20b-f2b9-42b8-aa1a-6d4b72895ca4,attack-pattern--bf1b6176-597c-4600-bfcd-ac989670f96b
intrusion-set--174279b4-399f-4ddb-966e-5efedd1dd5f2,attack-pattern--7dd95ff6-712e-4056-9626-312ea4ab4c5e
intrusion-set--467271fd-47c0-4e90-a3f9-d84f5cf790d0,attack-pattern--354a7f88-63fb-41b5-a801-ce3b377b36f1
intrusion-set--06a11b7e-2a36-47fe-8d3e-82c265df3258,attack-pattern--32901740-b42c-4fdd-bc02-345b5dc57082
intrusion-set--6eded342-33e5-4451-b6b2-e1c62863129f,attack-pattern--bf1b6176-597c-4600-bfcd-ac989670f96b
intrusion-set--df71bb3b-813c-45eb-a8bc-f2a419837411,attack-pattern--e6919abc-99f9-4c6c-95a5-14761e7b2add
intrusion-set--18854f55-ac7c-4634-bd9a-352dd07613b7,attack-pattern--deb98323-e13f-4b0c-8d94-175379069062
intrusion-set--4ca1929c-7d64-4aab-b849-badbfc0c760d,attack-pattern--42e8de7b-37b2-4258-905a-6897815e58e0
intrusion-set--8c1f0187-0826-4320-bddc-5f326cfcfe2c,attack-pattern--b17a1a56-e99c-403c-8948-561df0cffe81
intrusion-set--420ac20b-f2b9-42b8-aa1a-6d4b72895ca4,attack-pattern--005a06c6-14bf-4118-afa0-ebcd8aebb0c9
intrusion-set--c0291346-defe-48d7-9542-9e074ba1bdfb,attack-pattern--799ace7f-e227-4411-baa0-8868704f2a69
intrusion-set--1f21da59-6a13-455b-afd0-d58d0a5a7d27,attack-pattern--391d824f-0ef1-47a0-b0ee-c59a75e27670
intrusion-set--247cb30b-955f-42eb-97a5-a89fef69341e,attack-pattern--341e222a-a6e3-4f6f-b69c-831d792b1580
intrusion-set--3753cc21-2dae-4dfb-8481-d004e74502cc,attack-pattern--1c4e5d32-1fe9-4116-9d9d-59e3925bd6a2
intrusion-set--2688b13e-8e71-405a-9c40-0dee94bddf87,attack-pattern--810d8072-afb6-4a56-9ee7-86379ac4a6f3
intrusion-set--5f3d0238-d058-44a9-8812-3dd1b6741a8c,attack-pattern--bf1b6176-597c-4600-bfcd-ac989670f96b
intrusion-set--44e43fad-ffcb-4210-abcf-eaaed9735f80,attack-pattern--3489cfc5-640f-4bb3-a103-9137b97de79f
intrusion-set--4ca1929c-7d64-4aab-b849-badbfc0c760d,attack-pattern--4061e78c-1284-44b4-9116-73e4ac3912f7
intrusion-set--56319646-eb6e-41fc-ae53-aadfa7adb924,attack-pattern--b8902400-e6c5-4ba2-95aa-2d35b442b118
intrusion-set--bef4c620-0787-42a8-a96d-b7eb6e85917c,attack-pattern--7bc57495-ea59-4380-be31-a64af124ef18
intrusion-set--fb366179-766c-4a4a-afa1-52bff1fd601c,attack-pattern--2e34237d-8574-43f6-aace-ae2915de8597
intrusion-set--f9d6633a-55e6-4adc-9263-6ae080421a13,attack-pattern--b80d107d-fa0d-4b60-9684-b0433e8bdba0
intrusion-set--dc6fe6ee-04c2-49be-ba3d-f38d2463c02a,attack-pattern--cba37adb-d6fb-4610-b069-dd04c0643384
intrusion-set--fd66436e-4d33-450e-ac4c-f7810f1c85f4,attack-pattern--354a7f88-63fb-41b5-a801-ce3b377b36f1
intrusion-set--2a7914cf-dff3-428d-ab0f-1014d1c28aeb,attack-pattern--0f4a0c76-ab2d-4cb0-85d3-3f0efb8cba0d
intrusion-set--e44e0985-bc65-4a8f-b578-211c858128e3,attack-pattern--dfd7cc1d-e1d8-4394-a198-97c4cab8aa67
intrusion-set--1f21da59-6a13-455b-afd0-d58d0a5a7d27,attack-pattern--9efb1ea7-c37b-4595-9640-b7680cd84279
intrusion-set--420ac20b-f2b9-42b8-aa1a-6d4b72895ca4,attack-pattern--21875073-b0ee-49e3-9077-1e2a885359af
intrusion-set--381fcf73-60f6-4ab2-9991-6af3cbc35192,attack-pattern--3f886f2a-874f-4333-b794-aa6075009b1c
intrusion-set--8b1e16f6-e7c8-4b7a-a5df-f81232c13e2f,attack-pattern--5d2be8b9-d24c-4e98-83bf-2f5f79477163
intrusion-set--7a19ecb1-3c65-4de3-a230-993516aed6a6,attack-pattern--b21c3b2d-02e6-45b1-980b-e69051040839
intrusion-set--ecbf507f-6786-4121-a4cc-0fd6a8d3a29d,attack-pattern--d63a3fb8-9452-4e9d-a60a-54be68d5998c
intrusion-set--674582ec-51c4-42ce-b409-797239e37a2a,attack-pattern--32901740-b42c-4fdd-bc02-345b5dc57082
intrusion-set--269e8108-68c6-4f99-b911-14b2e765dec2,attack-pattern--2f6b4ed7-fef1-44ba-bcb8-1b4beb610b64
intrusion-set--fd19bd82-1b14-49a1-a176-6cdc46b8a826,attack-pattern--eb062747-2193-45de-8fa2-e62549c37ddf
intrusion-set--7113eaa5-ba79-4fb3-b68a-398ee9cd698e,attack-pattern--65f2d882-3f41-4d48-8a06-29af77ec9f90
intrusion-set--ecbf507f-6786-4121-a4cc-0fd6a8d3a29d,attack-pattern--d1fcf083-a721-4223-aedf-bf8960798d62
intrusion-set--44102191-3a31-45f8-acbe-34bdb441d5ad,attack-pattern--a9d4b653-6915-42af-98b2-5758c4ceee56
intrusion-set--269e8108-68c6-4f99-b911-14b2e765dec2,attack-pattern--b18eae87-b469-4e14-b454-b171b416bc18
intrusion-set--f9d6633a-55e6-4adc-9263-6ae080421a13,attack-pattern--132d5b37-aac5-4378-a8dc-3127b18a73dc
intrusion-set--0ec2f388-bf0f-4b5c-97b1-fc736d26c25f,attack-pattern--9e7452df-5144-4b6e-b04a-b66dd4016747
intrusion-set--8a831aaa-f3e0-47a3-bed8-a9ced744dd12,attack-pattern--deb98323-e13f-4b0c-8d94-175379069062
intrusion-set--f9d6633a-55e6-4adc-9263-6ae080421a13,attack-pattern--3dc8c101-d4db-4f4d-8150-1b5a76ca5f1b
intrusion-set--18854f55-ac7c-4634-bd9a-352dd07613b7,attack-pattern--32901740-b42c-4fdd-bc02-345b5dc57082
intrusion-set--93f52415-0fe4-4d3d-896c-fc9b8e88ab90,attack-pattern--a2fdce72-04b2-409a-ac10-cc1695f4fce0
intrusion-set--fe8796a4-2a02-41a0-9d27-7aa1e995feb6,attack-pattern--707399d6-ab3e-4963-9315-d9d3818cd6a0
intrusion-set--44102191-3a31-45f8-acbe-34bdb441d5ad,attack-pattern--354a7f88-63fb-41b5-a801-ce3b377b36f1
intrusion-set--5f3d0238-d058-44a9-8812-3dd1b6741a8c,attack-pattern--be055942-6e63-49d7-9fa1-9cb7d8a8f3f4
intrusion-set--02b16bd6-ae88-417a-8a3f-02c5e166175a,attack-pattern--d63a3fb8-9452-4e9d-a60a-54be68d5998c
intrusion-set--381fcf73-60f6-4ab2-9991-6af3cbc35192,attack-pattern--c3d4bdd9-2cfe-4a80-9d0c-07a29ecdce8f
intrusion-set--674582ec-51c4-42ce-b409-797239e37a2a,attack-pattern--ef67e13e-5598-4adc-bdb2-998225874fa9
intrusion-set--a0cb9370-e39b-44d5-9f50-ef78e412b973,attack-pattern--810d8072-afb6-4a56-9ee7-86379ac4a6f3
intrusion-set--c93fccb1-e8e8-42cf-ae33-2ad1d183913a,attack-pattern--0533ab23-3f7d-463f-9bd8-634d27e4dee1
intrusion-set--44d37b89-a739-4810-9111-0d2617a8939b,attack-pattern--b1ccd744-3f78-4a0e-9bb2-2002057f7928
intrusion-set--3fc023b2-c5cc-481d-9c3e-70141ae1a87e,attack-pattern--0f4a0c76-ab2d-4cb0-85d3-3f0efb8cba0d
intrusion-set--ebd7ce77-c9ba-4fba-bb28-58296ac66559,attack-pattern--b4694861-542c-48ea-9eb1-10d356e7140a
intrusion-set--73a80fab-2aa3-48e0-a4d0-3a4828200aee,attack-pattern--2959d63f-73fd-46a1-abd2-109d7dcede32
intrusion-set--bef4c620-0787-42a8-a96d-b7eb6e85917c,attack-pattern--3f886f2a-874f-4333-b794-aa6075009b1c
intrusion-set--4a2ce82e-1a74-468a-a6fb-bbead541383c,attack-pattern--be055942-6e63-49d7-9fa1-9cb7d8a8f3f4
intrusion-set--c21dd6f1-1364-4a70-a1f7-783080ec34ee,attack-pattern--3c4a2599-71ee-4405-ba1e-0e28414b4bc5
intrusion-set--56319646-eb6e-41fc-ae53-aadfa7adb924,attack-pattern--df8b2a25-8bdf-4856-953c-a04372b1c161
intrusion-set--3fc023b2-c5cc-481d-9c3e-70141ae1a87e,attack-pattern--0d91b3c0-5e50-47c3-949a-2a796f04d144
intrusion-set--b7f627e2-0817-4cd5-8d50-e75f8aa85cc6,attack-pattern--84ae8255-b4f4-4237-b5c5-e717405a9701
intrusion-set--3753cc21-2dae-4dfb-8481-d004e74502cc,attack-pattern--cbb66055-0325-4111-aca0-40547b6ad5b0
intrusion-set--a7f57cc1-4540-4429-823f-f4e56b8473c9,attack-pattern--42e8de7b-37b2-4258-905a-6897815e58e0
intrusion-set--35d1b3be-49d4-42f1-aaa6-ef159c880bca,attack-pattern--2959d63f-73fd-46a1-abd2-109d7dcede32
intrusion-set--fd19bd82-1b14-49a1-a176-6cdc46b8a826,attack-pattern--65f2d882-3f41-4d48-8a06-29af77ec9f90
intrusion-set--fe8796a4-2a02-41a0-9d27-7aa1e995feb6,attack-pattern--03d7999c-1f4c-42cc-8373-e7690d318104
intrusion-set--90784c1e-4aba-40eb-9adf-7556235e6384,attack-pattern--16cdd21f-da65-4e4f-bc04-dd7d198c7b26
intrusion-set--7a19ecb1-3c65-4de3-a230-993516aed6a6,attack-pattern--1b20efbf-8063-4fc3-a07d-b575318a301b
intrusion-set--7a19ecb1-3c65-4de3-a230-993516aed6a6,attack-pattern--7e150503-88e7-4861-866b-ff1ac82c4475
intrusion-set--f9d6633a-55e6-4adc-9263-6ae080421a13,attack-pattern--005a06c6-14bf-4118-afa0-ebcd8aebb0c9
intrusion-set--b516b235-fc7d-4635-aca5-3d33312339c3,attack-pattern--2aed01ad-3df3-4410-a8cb-11ea4ded587c
intrusion-set--f9c06633-dcff-48a1-8588-759e7cec5694,attack-pattern--232b7f21-adf9-4b42-b936-b9d6f7df856e
intrusion-set--899ce53f-13a0-479b-a0e4-67d46e241542,attack-pattern--910906dd-8c0a-475a-9cc1-5e029e2fad58
intrusion-set--dcd81c6e-ebf7-4a16-93e0-9a97fa49c88a,attack-pattern--731f4f55-b6d0-41d1-a7a9-072a66389aea
intrusion-set--319fd652-edde-46b2-9987-3519493989f5,attack-pattern--d4287702-e2f7-4946-bdfa-2c7f5aaa5032
intrusion-set--7113eaa5-ba79-4fb3-b68a-398ee9cd698e,attack-pattern--274770e0-2612-4ccf-a678-ef8e7bad365d
intrusion-set--d69e568e-9ac8-4c08-b32c-d93b43ba9172,attack-pattern--970a3432-3237-47ad-bcca-7d8cbb217736
intrusion-set--fbe9387f-34e6-4828-ac28-3080020c597b,attack-pattern--bf90d72c-c00b-45e3-b3aa-68560560d4c5
intrusion-set--46599a4a-77ee-4697-9474-2683b6464859,attack-pattern--70910fbd-58dc-4c1c-8c48-814d11fcd022
intrusion-set--0ec2f388-bf0f-4b5c-97b1-fc736d26c25f,attack-pattern--3f886f2a-874f-4333-b794-aa6075009b1c
intrusion-set--420ac20b-f2b9-42b8-aa1a-6d4b72895ca4,attack-pattern--2d3f5b3c-54ca-4f4d-bb1f-849346d31230
intrusion-set--c21dd6f1-1364-4a70-a1f7-783080ec34ee,attack-pattern--cdfc5f0a-9bb9-4352-b896-553cfa2d8fd8
intrusion-set--e1fc262c-dad2-4b82-abda-5f08dd134971,attack-pattern--01a5a209-b94c-450b-b7f9-946497d91055
intrusion-set--420ac20b-f2b9-42b8-aa1a-6d4b72895ca4,attack-pattern--a1df809c-7d0e-459f-8fe5-25474bab770b
intrusion-set--01e28736-2ffc-455b-9880-ed4d1407ae07,attack-pattern--322bad5a-1c49-4d23-ab79-76d641794afa
intrusion-set--381fcf73-60f6-4ab2-9991-6af3cbc35192,attack-pattern--edf91964-b26e-4b4a-9600-ccacd7d7df24
intrusion-set--3753cc21-2dae-4dfb-8481-d004e74502cc,attack-pattern--2b742742-28c3-4e1b-bab7-8350d6300fa7
intrusion-set--381fcf73-60f6-4ab2-9991-6af3cbc35192,attack-pattern--42e8de7b-37b2-4258-905a-6897815e58e0
intrusion-set--fd66436e-4d33-450e-ac4c-f7810f1c85f4,attack-pattern--707399d6-ab3e-4963-9315-d9d3818cd6a0
intrusion-set--899ce53f-13a0-479b-a0e4-67d46e241542,attack-pattern--9efb1ea7-c37b-4595-9640-b7680cd84279
intrusion-set--39d6890e-7f23-4474-b8ef-e7b0343c5fc8,attack-pattern--3c4a2599-71ee-4405-ba1e-0e28414b4bc5
intrusion-set--c4d50cdf-87ce-407d-86d8-862883485842,attack-pattern--01a5a209-b94c-450b-b7f9-946497d91055
intrusion-set--174279b4-399f-4ddb-966e-5efedd1dd5f2,attack-pattern--9d48cab2-7929-4812-ad22-f536665f0109
intrusion-set--7a19ecb1-3c65-4de3-a230-993516aed6a6,attack-pattern--391d824f-0ef1-47a0-b0ee-c59a75e27670
intrusion-set--b8137919-38cb-4db0-90f3-437be885faba,attack-pattern--3ccef7ae-cb5e-48f6-8302-897105fbf55c
intrusion-set--ebd7ce77-c9ba-4fba-bb28-58296ac66559,attack-pattern--7dd95ff6-712e-4056-9626-312ea4ab4c5e
intrusion-set--f9d6633a-55e6-4adc-9263-6ae080421a13,attack-pattern--baf60e1a-afe5-4d31-830f-1b1ba2351884
intrusion-set--420ac20b-f2b9-42b8-aa1a-6d4b72895ca4,attack-pattern--ec8fc7e2-b356-455c-8db5-2e37be158e7d
intrusion-set--8c1f0187-0826-4320-bddc-5f326cfcfe2c,attack-pattern--e624264c-033a-424d-9fd7-fc9c3bbdb03e
intrusion-set--222fbd21-fc4f-4b7e-9f85-0e6e3a76c33f,attack-pattern--a2fdce72-04b2-409a-ac10-cc1695f4fce0
intrusion-set--8cf6e33b-b6ef-4a1f-a77c-0ecdde93161f,attack-pattern--731f4f55-b6d0-41d1-a7a9-072a66389aea
intrusion-set--222fbd21-fc4f-4b7e-9f85-0e6e3a76c33f,attack-pattern--232b7f21-adf9-4b42-b936-b9d6f7df856e
intrusion-set--02b16bd6-ae88-417a-8a3f-02c5e166175a,attack-pattern--2959d63f-73fd-46a1-abd2-109d7dcede32
intrusion-set--6713ab67-e25b-49cc-808d-2b36d4fbc35c,attack-pattern--3ccef7ae-cb5e-48f6-8302-897105fbf55c
intrusion-set--4ca1929c-7d64-4aab-b849-badbfc0c760d,attack-pattern--a6937325-9321-4e2e-bb2b-3ed2d40b2a9d
intrusion-set--82323c70-4186-4b61-94f5-b227c3b28e89,attack-pattern--3c4a2599-71ee-4405-ba1e-0e28414b4bc5
intrusion-set--c1aab4c9-4c34-4f4f-8541-d529e46a07f9,attack-pattern--866d0d6d-02c6-42bd-aa2f-02907fdc0969
intrusion-set--94873029-f950-4268-9cfd-5032e15cb182,attack-pattern--232b7f21-adf9-4b42-b936-b9d6f7df856e
intrusion-set--18854f55-ac7c-4634-bd9a-352dd07613b7,attack-pattern--ec4be82f-940c-4dcb-87fe-2bbdd17c692f
intrusion-set--7b404cd0-3ae9-41d4-90c0-023793d35d97,attack-pattern--3298ce88-1628-43b1-87d9-0b5336b193d7
intrusion-set--fb366179-766c-4a4a-afa1-52bff1fd601c,attack-pattern--c32f7008-9fea-41f7-8366-5eb9b74bd896
intrusion-set--fed4f0a2-4347-4530-b0f5-6dfd49b29172,attack-pattern--d1fcf083-a721-4223-aedf-bf8960798d62
intrusion-set--2e290bfe-93b5-48ce-97d6-edcd6d32b7cf,attack-pattern--2e34237d-8574-43f6-aace-ae2915de8597
intrusion-set--7ecc3b4f-5cdb-457e-b55a-df376b359446,attack-pattern--0a3ead4e-6d47-4ccb-854c-a6a4f9d96b22
intrusion-set--a7f57cc1-4540-4429-823f-f4e56b8473c9,attack-pattern--5502c4e9-24ef-4d5f-8ee9-9e906c2f82c4
intrusion-set--44d37b89-a739-4810-9111-0d2617a8939b,attack-pattern--10ffac09-e42d-4f56-ab20-db94c67d76ff
intrusion-set--a7f57cc1-4540-4429-823f-f4e56b8473c9,attack-pattern--79da0971-3147-4af6-a4f5-e8cd447cd795
intrusion-set--35d1b3be-49d4-42f1-aaa6-ef159c880bca,attack-pattern--3ee16395-03f0-4690-a32e-69ce9ada0f9e
intrusion-set--46bb06cb-f2d9-4b37-8c92-a27e224ad90d,attack-pattern--767dbf9e-df3f-45cb-8998-4903ab5f80c0
intrusion-set--0ea72cd5-ca30-46ba-bc04-378f701c658f,attack-pattern--01327cde-66c4-4123-bf34-5f258d59457b
intrusion-set--18854f55-ac7c-4634-bd9a-352dd07613b7,attack-pattern--a2fdce72-04b2-409a-ac10-cc1695f4fce0
intrusion-set--2e290bfe-93b5-48ce-97d6-edcd6d32b7cf,attack-pattern--354a7f88-63fb-41b5-a801-ce3b377b36f1
intrusion-set--df71bb3b-813c-45eb-a8bc-f2a419837411,attack-pattern--32901740-b42c-4fdd-bc02-345b5dc57082
intrusion-set--7a19ecb1-3c65-4de3-a230-993516aed6a6,attack-pattern--54b4c251-1f0e-4eba-ba6b-dbc7a6f6f06b
intrusion-set--44e43fad-ffcb-4210-abcf-eaaed9735f80,attack-pattern--f1951e8a-500e-4a26-8803-76d95c4554b4
intrusion-set--f29b7c5e-2439-42ad-a86f-9f8984fafae3,attack-pattern--232b7f21-adf9-4b42-b936-b9d6f7df856e
intrusion-set--420ac20b-f2b9-42b8-aa1a-6d4b72895ca4,attack-pattern--840a987a-99bd-4a80-a5c9-0cb2baa6cade
intrusion-set--35d1b3be-49d4-42f1-aaa6-ef159c880bca,attack-pattern--d1fcf083-a721-4223-aedf-bf8960798d62
intrusion-set--a7f57cc1-4540-4429-823f-f4e56b8473c9,attack-pattern--866d0d6d-02c6-42bd-aa2f-02907fdc0969
intrusion-set--247cb30b-955f-42eb-97a5-a89fef69341e,attack-pattern--43e7dc91-05b2-474c-b9ac-2ed4fe101f4d
intrusion-set--fb366179-766c-4a4a-afa1-52bff1fd601c,attack-pattern--1ecfdab8-7d59-4c98-95d4-dc41970f57fc
intrusion-set--247cb30b-955f-42eb-97a5-a89fef69341e,attack-pattern--09cd431f-eaf4-4d2a-acaf-2a7acfe7ed58
intrusion-set--d8bc9788-4f7d-41a9-9e9d-ee1ea18a8cf7,attack-pattern--0c4b4fda-9062-47da-98b9-ceae2dcf052a
intrusion-set--7b404cd0-3ae9-41d4-90c0-023793d35d97,attack-pattern--970a3432-3237-47ad-bcca-7d8cbb217736
intrusion-set--a7f57cc1-4540-4429-823f-f4e56b8473c9,attack-pattern--3f886f2a-874f-4333-b794-aa6075009b1c
intrusion-set--44102191-3a31-45f8-acbe-34bdb441d5ad,attack-pattern--355be19c-ffc9-46d5-8d50-d6a036c675b6
intrusion-set--18854f55-ac7c-4634-bd9a-352dd07613b7,attack-pattern--3e6831b2-bf4c-4ae6-b328-2e7c6633b291
intrusion-set--9735c036-8ebe-47e9-9c77-b0ae656dab93,attack-pattern--5d0d3609-d06d-49e1-b9c9-b544e0c618cb
intrusion-set--abc5a1d4-f0dc-49d1-88a1-4a80e478bb03,attack-pattern--840a987a-99bd-4a80-a5c9-0cb2baa6cade
intrusion-set--813636db-3939-4a45-bea9-6113e970c029,attack-pattern--e3a12395-188d-4051-9a16-ea8e14d07b88
intrusion-set--a0cb9370-e39b-44d5-9f50-ef78e412b973,attack-pattern--d742a578-d70e-4d0e-96a6-02a9c30204e6
intrusion-set--d13c8a7f-740b-4efa-a232-de7d6bb05321,attack-pattern--dfd7cc1d-e1d8-4394-a198-97c4cab8aa67
intrusion-set--c1aab4c9-4c34-4f4f-8541-d529e46a07f9,attack-pattern--bbde9781-60aa-4b8a-a911-895b0c1b3872
intrusion-set--0d4ac089-ced4-4cc4-a989-174d08e6d030,attack-pattern--1c4e5d32-1fe9-4116-9d9d-59e3925bd6a2
intrusion-set--3753cc21-2dae-4dfb-8481-d004e74502cc,attack-pattern--7bdca9d5-d500-4d7d-8c52-5fd47baf4c0c
intrusion-set--9e729a7e-0dd6-4097-95bf-db8d64911383,attack-pattern--09a60ea3-a8d1-4ae5-976e-5783248b72a4
intrusion-set--44d37b89-a739-4810-9111-0d2617a8939b,attack-pattern--a2fdce72-04b2-409a-ac10-cc1695f4fce0
intrusion-set--fd66436e-4d33-450e-ac4c-f7810f1c85f4,attack-pattern--f6dacc85-b37d-458e-b58d-74fc4bbf5755
intrusion-set--c0291346-defe-48d7-9542-9e074ba1bdfb,attack-pattern--bb5a00de-e086-4859-a231-fa793f6797e2
intrusion-set--06a11b7e-2a36-47fe-8d3e-82c265df3258,attack-pattern--92d7da27-2d91-488e-a00c-059dc162766d
intrusion-set--64b52e7d-b2c4-4a02-9372-08a463f5dc11,attack-pattern--2fee9321-3e71-4cf4-af24-d4d40d355b34
intrusion-set--54dfec3e-6464-4f74-9d69-b7c817b7e5a3,attack-pattern--92d7da27-2d91-488e-a00c-059dc162766d
intrusion-set--3753cc21-2dae-4dfb-8481-d004e74502cc,attack-pattern--045d0922-2310-4e60-b5e4-3302302cb3c5
intrusion-set--df71bb3b-813c-45eb-a8bc-f2a419837411,attack-pattern--fbd91bfc-75c2-4f0c-8116-3b4e722906b3
intrusion-set--6a2e693f-24e5-451a-9f88-b36a108e5662,attack-pattern--8f4a33ec-8b1f-4b80-a2f6-642b2e479580
intrusion-set--6eded342-33e5-4451-b6b2-e1c62863129f,attack-pattern--dc31fe1e-d722-49da-8f5f-92c7b5aff534
intrusion-set--7b404cd0-3ae9-41d4-90c0-023793d35d97,attack-pattern--d45a3d09-b3cf-48f4-9f0f-f521ee5cb05c
intrusion-set--9b36c218-4d80-4ec6-a68d-cc2886bbe410,attack-pattern--b4694861-542c-48ea-9eb1-10d356e7140a
intrusion-set--6a2e693f-24e5-451a-9f88-b36a108e5662,attack-pattern--3c4a2599-71ee-4405-ba1e-0e28414b4bc5
intrusion-set--06a11b7e-2a36-47fe-8d3e-82c265df3258,attack-pattern--3c4a2599-71ee-4405-ba1e-0e28414b4bc5
intrusion-set--44e43fad-ffcb-4210-abcf-eaaed9735f80,attack-pattern--0d91b3c0-5e50-47c3-949a-2a796f04d144
intrusion-set--467271fd-47c0-4e90-a3f9-d84f5cf790d0,attack-pattern--bbde9781-60aa-4b8a-a911-895b0c1b3872
intrusion-set--0bbdf25b-30ff-4894-a1cd-49260d0dd2d9,attack-pattern--58a3e6aa-4453-4cc8-a51f-4befe80b31a8
intrusion-set--899ce53f-13a0-479b-a0e4-67d46e241542,attack-pattern--a009cb25-4801-4116-9105-80a91cf15c1b
intrusion-set--4ca1929c-7d64-4aab-b849-badbfc0c760d,attack-pattern--e3a12395-188d-4051-9a16-ea8e14d07b88
intrusion-set--420ac20b-f2b9-42b8-aa1a-6d4b72895ca4,attack-pattern--ea4c2f9c-9df1-477c-8c42-6da1118f2ac4
intrusion-set--381fcf73-60f6-4ab2-9991-6af3cbc35192,attack-pattern--2d3f5b3c-54ca-4f4d-bb1f-849346d31230
intrusion-set--85403903-15e0-4f9f-9be4-a259ecad4022,attack-pattern--7385dfaf-6886-4229-9ecd-6fd678040830
intrusion-set--7251b44b-6072-476c-b8d9-a6e32c355b28,attack-pattern--0f4a0c76-ab2d-4cb0-85d3-3f0efb8cba0d
intrusion-set--d13c8a7f-740b-4efa-a232-de7d6bb05321,attack-pattern--57340c81-c025-4189-8fa0-fc7ede51bae4
intrusion-set--18854f55-ac7c-4634-bd9a-352dd07613b7,attack-pattern--4f9ca633-15c5-463c-9724-bdcd54fde541
intrusion-set--cb41e991-65f4-4668-a65f-f4200545b5a1,attack-pattern--d1fcf083-a721-4223-aedf-bf8960798d62
intrusion-set--c93fccb1-e8e8-42cf-ae33-2ad1d183913a,attack-pattern--c32f7008-9fea-41f7-8366-5eb9b74bd896
intrusion-set--4e868dad-682d-4897-b8df-2dc98f46c68a,attack-pattern--e3b6daca-e963-4a69-aee6-ed4fd653ad58
intrusion-set--4ca1929c-7d64-4aab-b849-badbfc0c760d,attack-pattern--25659dd6-ea12-45c4-97e6-381e3e4b593e
intrusion-set--8c1f0187-0826-4320-bddc-5f326cfcfe2c,attack-pattern--df8b2a25-8bdf-4856-953c-a04372b1c161
intrusion-set--c93fccb1-e8e8-42cf-ae33-2ad1d183913a,attack-pattern--69b8fd78-40e8-4600-ae4d-662c9d7afdb3
intrusion-set--38863958-a201-4ce1-9dbe-539b0b6804e0,attack-pattern--d1fcf083-a721-4223-aedf-bf8960798d62
intrusion-set--44d37b89-a739-4810-9111-0d2617a8939b,attack-pattern--60b508a1-6a5e-46b1-821a-9f7b78752abf
intrusion-set--fd19bd82-1b14-49a1-a176-6cdc46b8a826,attack-pattern--a2fdce72-04b2-409a-ac10-cc1695f4fce0
intrusion-set--222fbd21-fc4f-4b7e-9f85-0e6e3a76c33f,attack-pattern--69b8fd78-40e8-4600-ae4d-662c9d7afdb3
intrusion-set--3753cc21-2dae-4dfb-8481-d004e74502cc,attack-pattern--01a5a209-b94c-450b-b7f9-946497d91055
intrusion-set--813636db-3939-4a45-bea9-6113e970c029,attack-pattern--3489cfc5-640f-4bb3-a103-9137b97de79f
intrusion-set--420ac20b-f2b9-42b8-aa1a-6d4b72895ca4,attack-pattern--65013dd2-bc61-43e3-afb5-a14c4fa7437a
intrusion-set--dd2d9ca6-505b-4860-a604-233685b802c7,attack-pattern--43e7dc91-05b2-474c-b9ac-2ed4fe101f4d
intrusion-set--2e290bfe-93b5-48ce-97d6-edcd6d32b7cf,attack-pattern--dfd7cc1d-e1d8-4394-a198-97c4cab8aa67
intrusion-set--fd66436e-4d33-450e-ac4c-f7810f1c85f4,attack-pattern--ac9e6b22-11bf-45d7-9181-c1cb08360931
intrusion-set--f8cb7b36-62ef-4488-8a6d-a7033e3271c1,attack-pattern--d1fcf083-a721-4223-aedf-bf8960798d62
intrusion-set--247cb30b-955f-42eb-97a5-a89fef69341e,attack-pattern--2e34237d-8574-43f6-aace-ae2915de8597
intrusion-set--2e290bfe-93b5-48ce-97d6-edcd6d32b7cf,attack-pattern--0259baeb-9f63-4c69-bf10-eb038c390688
intrusion-set--fd19bd82-1b14-49a1-a176-6cdc46b8a826,attack-pattern--232b7f21-adf9-4b42-b936-b9d6f7df856e
intrusion-set--00f67a77-86a4-4adf-be26-1a54fc713340,attack-pattern--d1fcf083-a721-4223-aedf-bf8960798d62
intrusion-set--269e8108-68c6-4f99-b911-14b2e765dec2,attack-pattern--d1fcf083-a721-4223-aedf-bf8960798d62
intrusion-set--a7f57cc1-4540-4429-823f-f4e56b8473c9,attack-pattern--10d51417-ee35-4589-b1ff-b6df1c334e8d
intrusion-set--319fd652-edde-46b2-9987-3519493989f5,attack-pattern--970a3432-3237-47ad-bcca-7d8cbb217736
intrusion-set--c93fccb1-e8e8-42cf-ae33-2ad1d183913a,attack-pattern--0d91b3c0-5e50-47c3-949a-2a796f04d144
intrusion-set--fd66436e-4d33-450e-ac4c-f7810f1c85f4,attack-pattern--970a3432-3237-47ad-bcca-7d8cbb217736
intrusion-set--6a2e693f-24e5-451a-9f88-b36a108e5662,attack-pattern--e624264c-033a-424d-9fd7-fc9c3bbdb03e
intrusion-set--269e8108-68c6-4f99-b911-14b2e765dec2,attack-pattern--7807d3a4-a885-4639-a786-c1ed41484970
intrusion-set--38fd6a28-3353-4f2b-bb2b-459fecd5c648,attack-pattern--10d51417-ee35-4589-b1ff-b6df1c334e8d
intrusion-set--06a11b7e-2a36-47fe-8d3e-82c265df3258,attack-pattern--2fee9321-3e71-4cf4-af24-d4d40d355b34
intrusion-set--4283ae19-69c7-4347-a35e-b56f08eb660b,attack-pattern--cc3502b5-30cc-4473-ad48-42d51a6ef6d1
intrusion-set--fd19bd82-1b14-49a1-a176-6cdc46b8a826,attack-pattern--e7cbc1de-1f79-48ee-abfd-da1241c65a15
intrusion-set--a7f57cc1-4540-4429-823f-f4e56b8473c9,attack-pattern--30208d3e-0d6b-43c8-883e-44462a514619
intrusion-set--c0291346-defe-48d7-9542-9e074ba1bdfb,attack-pattern--40f5caa0-4cb7-4117-89fc-d421bb493df3
intrusion-set--f29b7c5e-2439-42ad-a86f-9f8984fafae3,attack-pattern--bf1b6176-597c-4600-bfcd-ac989670f96b
intrusion-set--e1fc262c-dad2-4b82-abda-5f08dd134971,attack-pattern--a9d4b653-6915-42af-98b2-5758c4ceee56
intrusion-set--88b7dbc2-32d3-4e31-af2f-3fc24e1582d7,attack-pattern--21875073-b0ee-49e3-9077-1e2a885359af
intrusion-set--fbd29c89-18ba-4c2d-b792-51c0adee049f,attack-pattern--58a3e6aa-4453-4cc8-a51f-4befe80b31a8
intrusion-set--bef4c620-0787-42a8-a96d-b7eb6e85917c,attack-pattern--fde016f6-211a-41c8-a4ab-301f1e419c62
intrusion-set--fe8796a4-2a02-41a0-9d27-7aa1e995feb6,attack-pattern--045d0922-2310-4e60-b5e4-3302302cb3c5
intrusion-set--899ce53f-13a0-479b-a0e4-67d46e241542,attack-pattern--7decb26c-715c-40cf-b7e0-026f7d7cc215
intrusion-set--899ce53f-13a0-479b-a0e4-67d46e241542,attack-pattern--1cec9319-743b-4840-bb65-431547bce82a
intrusion-set--ead23196-d7b6-4ce6-a124-4ab4b67d81bd,attack-pattern--a782ebe2-daba-42c7-bc82-e8e9d923162d
intrusion-set--899ce53f-13a0-479b-a0e4-67d46e241542,attack-pattern--3c4a2599-71ee-4405-ba1e-0e28414b4bc5
intrusion-set--3753cc21-2dae-4dfb-8481-d004e74502cc,attack-pattern--4933e63b-9b77-476e-ab29-761bc5b7d15a
intrusion-set--46599a4a-77ee-4697-9474-2683b6464859,attack-pattern--40f5caa0-4cb7-4117-89fc-d421bb493df3
intrusion-set--467271fd-47c0-4e90-a3f9-d84f5cf790d0,attack-pattern--7807d3a4-a885-4639-a786-c1ed41484970
intrusion-set--4ca1929c-7d64-4aab-b849-badbfc0c760d,attack-pattern--bf147104-abf9-4221-95d1-e81585859441
intrusion-set--247cb30b-955f-42eb-97a5-a89fef69341e,attack-pattern--3489cfc5-640f-4bb3-a103-9137b97de79f
intrusion-set--7113eaa5-ba79-4fb3-b68a-398ee9cd698e,attack-pattern--a782ebe2-daba-42c7-bc82-e8e9d923162d
intrusion-set--8cf6e33b-b6ef-4a1f-a77c-0ecdde93161f,attack-pattern--75b9a4d2-d4e2-4ca1-9aab-1badd9e05fd0
intrusion-set--899ce53f-13a0-479b-a0e4-67d46e241542,attack-pattern--e6919abc-99f9-4c6c-95a5-14761e7b2add
intrusion-set--674582ec-51c4-42ce-b409-797239e37a2a,attack-pattern--0d91b3c0-5e50-47c3-949a-2a796f04d144
intrusion-set--ead23196-d7b6-4ce6-a124-4ab4b67d81bd,attack-pattern--e3b6daca-e963-4a69-aee6-ed4fd653ad58
intrusion-set--fbd29c89-18ba-4c2d-b792-51c0adee049f,attack-pattern--8d7bd4f5-3a89-4453-9c82-2c8894d5655e
intrusion-set--fd66436e-4d33-450e-ac4c-f7810f1c85f4,attack-pattern--005a06c6-14bf-4118-afa0-ebcd8aebb0c9
intrusion-set--a7f57cc1-4540-4429-823f-f4e56b8473c9,attack-pattern--b18eae87-b469-4e14-b454-b171b416bc18
intrusion-set--fed4f0a2-4347-4530-b0f5-6dfd49b29172,attack-pattern--42e8de7b-37b2-4258-905a-6897815e58e0
intrusion-set--9e729a7e-0dd6-4097-95bf-db8d64911383,attack-pattern--2e34237d-8574-43f6-aace-ae2915de8597
intrusion-set--f8cb7b36-62ef-4488-8a6d-a7033e3271c1,attack-pattern--ef67e13e-5598-4adc-bdb2-998225874fa9
intrusion-set--c93fccb1-e8e8-42cf-ae33-2ad1d183913a,attack-pattern--84e02621-8fdf-470f-bd58-993bb6a89d91
intrusion-set--8c1f0187-0826-4320-bddc-5f326cfcfe2c,attack-pattern--391d824f-0ef1-47a0-b0ee-c59a75e27670
intrusion-set--899ce53f-13a0-479b-a0e4-67d46e241542,attack-pattern--d94b3ae9-8059-4989-8e9f-ea0f601f80a7
intrusion-set--32bca8ff-d900-4877-aa65-d70baa041b74,attack-pattern--3fc9b85a-2862-4363-a64d-d692e3ffbee0
intrusion-set--3fc023b2-c5cc-481d-9c3e-70141ae1a87e,attack-pattern--774a3188-6ba9-4dc4-879d-d54ee48a5ce9
intrusion-set--420ac20b-f2b9-42b8-aa1a-6d4b72895ca4,attack-pattern--d4287702-e2f7-4946-bdfa-2c7f5aaa5032
intrusion-set--c21dd6f1-1364-4a70-a1f7-783080ec34ee,attack-pattern--01327cde-66c4-4123-bf34-5f258d59457b
intrusion-set--4283ae19-69c7-4347-a35e-b56f08eb660b,attack-pattern--9efb1ea7-c37b-4595-9640-b7680cd84279
intrusion-set--381fcf73-60f6-4ab2-9991-6af3cbc35192,attack-pattern--10d51417-ee35-4589-b1ff-b6df1c334e8d
intrusion-set--f9c06633-dcff-48a1-8588-759e7cec5694,attack-pattern--b21c3b2d-02e6-45b1-980b-e69051040839
intrusion-set--fbe9387f-34e6-4828-ac28-3080020c597b,attack-pattern--03d7999c-1f4c-42cc-8373-e7690d318104
intrusion-set--fb366179-766c-4a4a-afa1-52bff1fd601c,attack-pattern--fbd91bfc-75c2-4f0c-8116-3b4e722906b3
intrusion-set--96e239be-ad99-49eb-b127-3007b8c1bec9,attack-pattern--f244b8dd-af6c-4391-a497-fc03627ce995
intrusion-set--174279b4-399f-4ddb-966e-5efedd1dd5f2,attack-pattern--00f90846-cbd1-4fc5-9233-df5c2bf2a662
intrusion-set--fb366179-766c-4a4a-afa1-52bff1fd601c,attack-pattern--232b7f21-adf9-4b42-b936-b9d6f7df856e
intrusion-set--0ec2f388-bf0f-4b5c-97b1-fc736d26c25f,attack-pattern--bbe5b322-e2af-4a5e-9625-a4e62bf84ed3
intrusion-set--420ac20b-f2b9-42b8-aa1a-6d4b72895ca4,attack-pattern--0a3ead4e-6d47-4ccb-854c-a6a4f9d96b22
intrusion-set--8cf6e33b-b6ef-4a1f-a77c-0ecdde93161f,attack-pattern--eb062747-2193-45de-8fa2-e62549c37ddf
intrusion-set--269e8108-68c6-4f99-b911-14b2e765dec2,attack-pattern--4cbc6a62-9e34-4f94-8a19-5c1a11392a49
intrusion-set--2e290bfe-93b5-48ce-97d6-edcd6d32b7cf,attack-pattern--cba37adb-d6fb-4610-b069-dd04c0643384
intrusion-set--7eda3dd8-b09b-4705-8090-c2ad9fb8c14d,attack-pattern--57340c81-c025-4189-8fa0-fc7ede51bae4
intrusion-set--a7f57cc1-4540-4429-823f-f4e56b8473c9,attack-pattern--d63a3fb8-9452-4e9d-a60a-54be68d5998c
intrusion-set--44102191-3a31-45f8-acbe-34bdb441d5ad,attack-pattern--e6919abc-99f9-4c6c-95a5-14761e7b2add
intrusion-set--174279b4-399f-4ddb-966e-5efedd1dd5f2,attack-pattern--f3c544dc-673c-4ef3-accb-53229f1ae077
intrusion-set--174279b4-399f-4ddb-966e-5efedd1dd5f2,attack-pattern--2aed01ad-3df3-4410-a8cb-11ea4ded587c
intrusion-set--b7f627e2-0817-4cd5-8d50-e75f8aa85cc6,attack-pattern--212306d8-efa4-44c9-8c2d-ed3d2e224aa0
intrusion-set--d8bc9788-4f7d-41a9-9e9d-ee1ea18a8cf7,attack-pattern--79da0971-3147-4af6-a4f5-e8cd447cd795
intrusion-set--8cf6e33b-b6ef-4a1f-a77c-0ecdde93161f,attack-pattern--212306d8-efa4-44c9-8c2d-ed3d2e224aa0
intrusion-set--1c63d4ec-0a75-4daa-b1df-0d11af3d3cc1,attack-pattern--1d24cdee-9ea2-4189-b08e-af110bf2435d
intrusion-set--18854f55-ac7c-4634-bd9a-352dd07613b7,attack-pattern--03259939-0b57-482f-8eb5-87c0e0d54334
intrusion-set--35d1b3be-49d4-42f1-aaa6-ef159c880bca,attack-pattern--56e0d8b8-3e25-49dd-9050-3aa252f5aa92
intrusion-set--7eda3dd8-b09b-4705-8090-c2ad9fb8c14d,attack-pattern--a2fdce72-04b2-409a-ac10-cc1695f4fce0
intrusion-set--269e8108-68c6-4f99-b911-14b2e765dec2,attack-pattern--1c4e5d32-1fe9-4116-9d9d-59e3925bd6a2
intrusion-set--44e43fad-ffcb-4210-abcf-eaaed9735f80,attack-pattern--a2fdce72-04b2-409a-ac10-cc1695f4fce0
intrusion-set--381fcf73-60f6-4ab2-9991-6af3cbc35192,attack-pattern--212306d8-efa4-44c9-8c2d-ed3d2e224aa0
intrusion-set--b516b235-fc7d-4635-aca5-3d33312339c3,attack-pattern--005a06c6-14bf-4118-afa0-ebcd8aebb0c9
intrusion-set--1f21da59-6a13-455b-afd0-d58d0a5a7d27,attack-pattern--970a3432-3237-47ad-bcca-7d8cbb217736
intrusion-set--174279b4-399f-4ddb-966e-5efedd1dd5f2,attack-pattern--707399d6-ab3e-4963-9315-d9d3818cd6a0
intrusion-set--4a2ce82e-1a74-468a-a6fb-bbead541383c,attack-pattern--354a7f88-63fb-41b5-a801-ce3b377b36f1
intrusion-set--85403903-15e0-4f9f-9be4-a259ecad4022,attack-pattern--e358d692-23c0-4a31-9eb6-ecc13a8d7735
intrusion-set--7f848c02-4d1e-4808-a4ae-4670681370a9,attack-pattern--2e34237d-8574-43f6-aace-ae2915de8597
intrusion-set--3753cc21-2dae-4dfb-8481-d004e74502cc,attack-pattern--dfd7cc1d-e1d8-4394-a198-97c4cab8aa67
intrusion-set--d8bc9788-4f7d-41a9-9e9d-ee1ea18a8cf7,attack-pattern--cc723aff-ec88-40e3-a224-5af9fd983cc4
intrusion-set--c4d50cdf-87ce-407d-86d8-862883485842,attack-pattern--0f4a0c76-ab2d-4cb0-85d3-3f0efb8cba0d
intrusion-set--73a80fab-2aa3-48e0-a4d0-3a4828200aee,attack-pattern--005a06c6-14bf-4118-afa0-ebcd8aebb0c9
intrusion-set--fbd29c89-18ba-4c2d-b792-51c0adee049f,attack-pattern--0d91b3c0-5e50-47c3-949a-2a796f04d144
intrusion-set--00f67a77-86a4-4adf-be26-1a54fc713340,attack-pattern--3ccef7ae-cb5e-48f6-8302-897105fbf55c
intrusion-set--9735c036-8ebe-47e9-9c77-b0ae656dab93,attack-pattern--3f886f2a-874f-4333-b794-aa6075009b1c
intrusion-set--64d5f96a-f121-4d19-89f6-6709f5c49faa,attack-pattern--deb98323-e13f-4b0c-8d94-175379069062
intrusion-set--918da025-04bd-48af-b6c4-f3e4d1b915eb,attack-pattern--b1ccd744-3f78-4a0e-9bb2-2002057f7928
intrusion-set--2688b13e-8e71-405a-9c40-0dee94bddf87,attack-pattern--d1fcf083-a721-4223-aedf-bf8960798d62
intrusion-set--df71bb3b-813c-45eb-a8bc-f2a419837411,attack-pattern--005a06c6-14bf-4118-afa0-ebcd8aebb0c9
intrusion-set--17862c7d-9e60-48a0-b48e-da4dc4c3f6b0,attack-pattern--9efb1ea7-c37b-4595-9640-b7680cd84279
intrusion-set--06a11b7e-2a36-47fe-8d3e-82c265df3258,attack-pattern--a2fdce72-04b2-409a-ac10-cc1695f4fce0
intrusion-set--ecbf507f-6786-4121-a4cc-0fd6a8d3a29d,attack-pattern--970a3432-3237-47ad-bcca-7d8cbb217736
intrusion-set--c93fccb1-e8e8-42cf-ae33-2ad1d183913a,attack-pattern--e3a12395-188d-4051-9a16-ea8e14d07b88
intrusion-set--1f0f9a14-11aa-49aa-9174-bcd0eaa979de,attack-pattern--10ffac09-e42d-4f56-ab20-db94c67d76ff
intrusion-set--381fcf73-60f6-4ab2-9991-6af3cbc35192,attack-pattern--92a78814-b191-47ca-909c-1ccfe3777414
intrusion-set--0d4ac089-ced4-4cc4-a989-174d08e6d030,attack-pattern--2b742742-28c3-4e1b-bab7-8350d6300fa7
intrusion-set--c93fccb1-e8e8-42cf-ae33-2ad1d183913a,attack-pattern--3c4a2599-71ee-4405-ba1e-0e28414b4bc5
intrusion-set--02b16bd6-ae88-417a-8a3f-02c5e166175a,attack-pattern--eb062747-2193-45de-8fa2-e62549c37ddf
intrusion-set--247cb30b-955f-42eb-97a5-a89fef69341e,attack-pattern--03d7999c-1f4c-42cc-8373-e7690d318104
intrusion-set--17862c7d-9e60-48a0-b48e-da4dc4c3f6b0,attack-pattern--1c34f7aa-9341-4a48-bfab-af22e51aca6c
intrusion-set--3fc023b2-c5cc-481d-9c3e-70141ae1a87e,attack-pattern--e6919abc-99f9-4c6c-95a5-14761e7b2add
intrusion-set--ebd7ce77-c9ba-4fba-bb28-58296ac66559,attack-pattern--c3d4bdd9-2cfe-4a80-9d0c-07a29ecdce8f
intrusion-set--06a11b7e-2a36-47fe-8d3e-82c265df3258,attack-pattern--01a5a209-b94c-450b-b7f9-946497d91055
intrusion-set--174279b4-399f-4ddb-966e-5efedd1dd5f2,attack-pattern--e358d692-23c0-4a31-9eb6-ecc13a8d7735
intrusion-set--35d1b3be-49d4-42f1-aaa6-ef159c880bca,attack-pattern--0470e792-32f8-46b0-a351-652bc35e9336
intrusion-set--e6db1e55-b199-4b6b-8633-989345ee45e0,attack-pattern--937e4772-8441-4e4a-8bf0-8d447d667e23
intrusion-set--247cb30b-955f-42eb-97a5-a89fef69341e,attack-pattern--b18eae87-b469-4e14-b454-b171b416bc18
intrusion-set--269e8108-68c6-4f99-b911-14b2e765dec2,attack-pattern--21875073-b0ee-49e3-9077-1e2a885359af
intrusion-set--a7f57cc1-4540-4429-823f-f4e56b8473c9,attack-pattern--bf90d72c-c00b-45e3-b3aa-68560560d4c5
intrusion-set--8f5e8dc7-739d-4f5e-a8a1-a66e004d7063,attack-pattern--a2fdce72-04b2-409a-ac10-cc1695f4fce0
intrusion-set--90784c1e-4aba-40eb-9adf-7556235e6384,attack-pattern--1608f3e1-598a-42f4-a01a-2e252e81728f
intrusion-set--44d37b89-a739-4810-9111-0d2617a8939b,attack-pattern--5282dd9a-d26d-4e16-88b7-7c0f4553daf4
intrusion-set--4ca1929c-7d64-4aab-b849-badbfc0c760d,attack-pattern--2aed01ad-3df3-4410-a8cb-11ea4ded587c
intrusion-set--174279b4-399f-4ddb-966e-5efedd1dd5f2,attack-pattern--01a5a209-b94c-450b-b7f9-946497d91055
intrusion-set--54dfec3e-6464-4f74-9d69-b7c817b7e5a3,attack-pattern--2fee9321-3e71-4cf4-af24-d4d40d355b34
intrusion-set--381fcf73-60f6-4ab2-9991-6af3cbc35192,attack-pattern--810d8072-afb6-4a56-9ee7-86379ac4a6f3
intrusion-set--6a2e693f-24e5-451a-9f88-b36a108e5662,attack-pattern--40f5caa0-4cb7-4117-89fc-d421bb493df3
intrusion-set--ead23196-d7b6-4ce6-a124-4ab4b67d81bd,attack-pattern--7bc57495-ea59-4380-be31-a64af124ef18
intrusion-set--18854f55-ac7c-4634-bd9a-352dd07613b7,attack-pattern--635cbe30-392d-4e27-978e-66774357c762
intrusion-set--894aab42-3371-47b1-8859-a4a074c804c8,attack-pattern--58a3e6aa-4453-4cc8-a51f-4befe80b31a8
intrusion-set--899ce53f-13a0-479b-a0e4-67d46e241542,attack-pattern--2e34237d-8574-43f6-aace-ae2915de8597
intrusion-set--54dfec3e-6464-4f74-9d69-b7c817b7e5a3,attack-pattern--f3c544dc-673c-4ef3-accb-53229f1ae077
intrusion-set--c93fccb1-e8e8-42cf-ae33-2ad1d183913a,attack-pattern--20fb2507-d71c-455d-9b6d-6104461cf26b
intrusion-set--420ac20b-f2b9-42b8-aa1a-6d4b72895ca4,attack-pattern--f303a39a-6255-4b89-aecc-18c4d8ca7163
intrusion-set--381fcf73-60f6-4ab2-9991-6af3cbc35192,attack-pattern--2b742742-28c3-4e1b-bab7-8350d6300fa7
intrusion-set--02b16bd6-ae88-417a-8a3f-02c5e166175a,attack-pattern--bbde9781-60aa-4b8a-a911-895b0c1b3872
intrusion-set--c93fccb1-e8e8-42cf-ae33-2ad1d183913a,attack-pattern--707399d6-ab3e-4963-9315-d9d3818cd6a0
intrusion-set--174279b4-399f-4ddb-966e-5efedd1dd5f2,attack-pattern--10d51417-ee35-4589-b1ff-b6df1c334e8d
intrusion-set--2a7914cf-dff3-428d-ab0f-1014d1c28aeb,attack-pattern--830c9528-df21-472c-8c14-a036bf17d665
intrusion-set--7113eaa5-ba79-4fb3-b68a-398ee9cd698e,attack-pattern--5bfccc3f-2326-4112-86cc-c1ece9d8a2b5
intrusion-set--c93fccb1-e8e8-42cf-ae33-2ad1d183913a,attack-pattern--19401639-28d0-4c3c-adcc-bc2ba22f6421
intrusion-set--090242d7-73fc-4738-af68-20162f7a5aae,attack-pattern--88d31120-5bc7-4ce3-a9c0-7cf147be8e54
intrusion-set--7251b44b-6072-476c-b8d9-a6e32c355b28,attack-pattern--deb98323-e13f-4b0c-8d94-175379069062
intrusion-set--96e239be-ad99-49eb-b127-3007b8c1bec9,attack-pattern--791481f8-e96a-41be-b089-a088763083d4
intrusion-set--0bbdf25b-30ff-4894-a1cd-49260d0dd2d9,attack-pattern--d1fcf083-a721-4223-aedf-bf8960798d62
intrusion-set--9735c036-8ebe-47e9-9c77-b0ae656dab93,attack-pattern--a2fdce72-04b2-409a-ac10-cc1695f4fce0
intrusion-set--bef4c620-0787-42a8-a96d-b7eb6e85917c,attack-pattern--ae676644-d2d2-41b7-af7e-9bed1b55898c
intrusion-set--6713ab67-e25b-49cc-808d-2b36d4fbc35c,attack-pattern--768dce68-8d0d-477a-b01d-0eea98b963a1
intrusion-set--c0291346-defe-48d7-9542-9e074ba1bdfb,attack-pattern--04fd5427-79c7-44ea-ae13-11b24778ff1c
intrusion-set--b8137919-38cb-4db0-90f3-437be885faba,attack-pattern--5d0d3609-d06d-49e1-b9c9-b544e0c618cb
intrusion-set--82323c70-4186-4b61-94f5-b227c3b28e89,attack-pattern--30208d3e-0d6b-43c8-883e-44462a514619
intrusion-set--420ac20b-f2b9-42b8-aa1a-6d4b72895ca4,attack-pattern--2cd950a6-16c4-404a-aa01-044322395107
intrusion-set--fd66436e-4d33-450e-ac4c-f7810f1c85f4,attack-pattern--635cbe30-392d-4e27-978e-66774357c762
intrusion-set--abc5a1d4-f0dc-49d1-88a1-4a80e478bb03,attack-pattern--3ee16395-03f0-4690-a32e-69ce9ada0f9e
intrusion-set--ead23196-d7b6-4ce6-a124-4ab4b67d81bd,attack-pattern--2e34237d-8574-43f6-aace-ae2915de8597
intrusion-set--f8cb7b36-62ef-4488-8a6d-a7033e3271c1,attack-pattern--1c4e5d32-1fe9-4116-9d9d-59e3925bd6a2
intrusion-set--32bca8ff-d900-4877-aa65-d70baa041b74,attack-pattern--e3a12395-188d-4051-9a16-ea8e14d07b88
intrusion-set--8cf6e33b-b6ef-4a1f-a77c-0ecdde93161f,attack-pattern--d63a3fb8-9452-4e9d-a60a-54be68d5998c
intrusion-set--420ac20b-f2b9-42b8-aa1a-6d4b72895ca4,attack-pattern--3dc8c101-d4db-4f4d-8150-1b5a76ca5f1b
intrusion-set--3753cc21-2dae-4dfb-8481-d004e74502cc,attack-pattern--4061e78c-1284-44b4-9116-73e4ac3912f7
intrusion-set--56319646-eb6e-41fc-ae53-aadfa7adb924,attack-pattern--ec8fc7e2-b356-455c-8db5-2e37be158e7d
intrusion-set--129f2f77-1ab2-4c35-bd5e-21260cee92af,attack-pattern--b1ccd744-3f78-4a0e-9bb2-2002057f7928
intrusion-set--fd66436e-4d33-450e-ac4c-f7810f1c85f4,attack-pattern--1644e709-12d2-41e5-a60f-3470991f5011
intrusion-set--f29b7c5e-2439-42ad-a86f-9f8984fafae3,attack-pattern--b1ccd744-3f78-4a0e-9bb2-2002057f7928
intrusion-set--3753cc21-2dae-4dfb-8481-d004e74502cc,attack-pattern--ec8fc7e2-b356-455c-8db5-2e37be158e7d
intrusion-set--c77c5576-ca19-42ed-a36f-4b4486a84133,attack-pattern--3f886f2a-874f-4333-b794-aa6075009b1c
intrusion-set--381fcf73-60f6-4ab2-9991-6af3cbc35192,attack-pattern--e358d692-23c0-4a31-9eb6-ecc13a8d7735
intrusion-set--6713ab67-e25b-49cc-808d-2b36d4fbc35c,attack-pattern--4f9ca633-15c5-463c-9724-bdcd54fde541
intrusion-set--17862c7d-9e60-48a0-b48e-da4dc4c3f6b0,attack-pattern--1c4e5d32-1fe9-4116-9d9d-59e3925bd6a2
intrusion-set--44e43fad-ffcb-4210-abcf-eaaed9735f80,attack-pattern--eb062747-2193-45de-8fa2-e62549c37ddf
intrusion-set--c0291346-defe-48d7-9542-9e074ba1bdfb,attack-pattern--3298ce88-1628-43b1-87d9-0b5336b193d7
intrusion-set--8c1f0187-0826-4320-bddc-5f326cfcfe2c,attack-pattern--d4b96d2c-1032-4b22-9235-2b5b649d0605
intrusion-set--174279b4-399f-4ddb-966e-5efedd1dd5f2,attack-pattern--3ccef7ae-cb5e-48f6-8302-897105fbf55c
intrusion-set--2e290bfe-93b5-48ce-97d6-edcd6d32b7cf,attack-pattern--3c4a2599-71ee-4405-ba1e-0e28414b4bc5
intrusion-set--0ec2f388-bf0f-4b5c-97b1-fc736d26c25f,attack-pattern--ea4c2f9c-9df1-477c-8c42-6da1118f2ac4
intrusion-set--02b16bd6-ae88-417a-8a3f-02c5e166175a,attack-pattern--c1b68a96-3c48-49ea-a6c0-9b27359f9c19
intrusion-set--06a11b7e-2a36-47fe-8d3e-82c265df3258,attack-pattern--7610cada-1499-41a4-b3dd-46467b68d177
intrusion-set--dd2d9ca6-505b-4860-a604-233685b802c7,attack-pattern--54a649ff-439a-41a4-9856-8d144a2551ba
intrusion-set--46599a4a-77ee-4697-9474-2683b6464859,attack-pattern--f6ad61ee-65f3-4bd0-a3f5-2f0accb36317
intrusion-set--918da025-04bd-48af-b6c4-f3e4d1b915eb,attack-pattern--bf1b6176-597c-4600-bfcd-ac989670f96b
intrusion-set--46599a4a-77ee-4697-9474-2683b6464859,attack-pattern--b63a34e8-0a61-4c97-a23b-bf8a2ed812e2
intrusion-set--269e8108-68c6-4f99-b911-14b2e765dec2,attack-pattern--0f4a0c76-ab2d-4cb0-85d3-3f0efb8cba0d
intrusion-set--e44e0985-bc65-4a8f-b578-211c858128e3,attack-pattern--2b742742-28c3-4e1b-bab7-8350d6300fa7
intrusion-set--b8137919-38cb-4db0-90f3-437be885faba,attack-pattern--3c4a2599-71ee-4405-ba1e-0e28414b4bc5
intrusion-set--247cb30b-955f-42eb-97a5-a89fef69341e,attack-pattern--354a7f88-63fb-41b5-a801-ce3b377b36f1
intrusion-set--44e43fad-ffcb-4210-abcf-eaaed9735f80,attack-pattern--03d7999c-1f4c-42cc-8373-e7690d318104
intrusion-set--d8bc9788-4f7d-41a9-9e9d-ee1ea18a8cf7,attack-pattern--731f4f55-b6d0-41d1-a7a9-072a66389aea
intrusion-set--f9d6633a-55e6-4adc-9263-6ae080421a13,attack-pattern--eb062747-2193-45de-8fa2-e62549c37ddf
intrusion-set--6a2e693f-24e5-451a-9f88-b36a108e5662,attack-pattern--00f90846-cbd1-4fc5-9233-df5c2bf2a662
intrusion-set--a7f57cc1-4540-4429-823f-f4e56b8473c9,attack-pattern--c21d5a77-d422-4a69-acd7-2c53c1faa34b
intrusion-set--bf668120-e9a6-4017-a014-bfc0f5232656,attack-pattern--f4599aa0-4f85-4a32-80ea-fc39dc965945
intrusion-set--dd2d9ca6-505b-4860-a604-233685b802c7,attack-pattern--eb062747-2193-45de-8fa2-e62549c37ddf
intrusion-set--dd2d9ca6-505b-4860-a604-233685b802c7,attack-pattern--e624264c-033a-424d-9fd7-fc9c3bbdb03e
intrusion-set--c1aab4c9-4c34-4f4f-8541-d529e46a07f9,attack-pattern--31225cd3-cd46-4575-b287-c2c14011c074
intrusion-set--8cf6e33b-b6ef-4a1f-a77c-0ecdde93161f,attack-pattern--1644e709-12d2-41e5-a60f-3470991f5011
intrusion-set--222fbd21-fc4f-4b7e-9f85-0e6e3a76c33f,attack-pattern--b17a1a56-e99c-403c-8948-561df0cffe81
intrusion-set--56a05d27-4d47-418a-b330-781c5614f202,attack-pattern--1e9eb839-294b-48cc-b0d3-c45555a2a004
intrusion-set--8cf6e33b-b6ef-4a1f-a77c-0ecdde93161f,attack-pattern--7bc57495-ea59-4380-be31-a64af124ef18
intrusion-set--7f848c02-4d1e-4808-a4ae-4670681370a9,attack-pattern--232b7f21-adf9-4b42-b936-b9d6f7df856e
intrusion-set--56a05d27-4d47-418a-b330-781c5614f202,attack-pattern--197ef1b9-e764-46c3-b96c-23f77985dc81
intrusion-set--90784c1e-4aba-40eb-9adf-7556235e6384,attack-pattern--2d3f5b3c-54ca-4f4d-bb1f-849346d31230
intrusion-set--9b36c218-4d80-4ec6-a68d-cc2886bbe410,attack-pattern--c3c8c916-2f3c-4e71-94b2-240bdfc996f0
intrusion-set--420ac20b-f2b9-42b8-aa1a-6d4b72895ca4,attack-pattern--00f90846-cbd1-4fc5-9233-df5c2bf2a662
intrusion-set--899ce53f-13a0-479b-a0e4-67d46e241542,attack-pattern--f232fa7a-025c-4d43-abc7-318e81a73d65
intrusion-set--56a05d27-4d47-418a-b330-781c5614f202,attack-pattern--c071d8c1-3b3a-4f22-9407-ca4e96921069
intrusion-set--0ec2f388-bf0f-4b5c-97b1-fc736d26c25f,attack-pattern--0d91b3c0-5e50-47c3-949a-2a796f04d144
intrusion-set--a653431d-6a5e-4600-8ad3-609b5af57064,attack-pattern--5d0d3609-d06d-49e1-b9c9-b544e0c618cb
intrusion-set--cc613a49-9bfa-4e22-98d1-15ffbb03f034,attack-pattern--0f4a0c76-ab2d-4cb0-85d3-3f0efb8cba0d
intrusion-set--44d37b89-a739-4810-9111-0d2617a8939b,attack-pattern--e49920b0-6c54-40c1-9571-73723653205f
intrusion-set--01e28736-2ffc-455b-9880-ed4d1407ae07,attack-pattern--0458aab9-ad42-4eac-9e22-706a95bafee2
intrusion-set--c4d50cdf-87ce-407d-86d8-862883485842,attack-pattern--cd92d2b8-ce43-4666-9472-f1b4b9f4f8be
intrusion-set--be8847e0-9512-45db-895e-f871ab6d3820,attack-pattern--b1ccd744-3f78-4a0e-9bb2-2002057f7928
intrusion-set--247cb30b-955f-42eb-97a5-a89fef69341e,attack-pattern--40f5caa0-4cb7-4117-89fc-d421bb493df3
intrusion-set--fd19bd82-1b14-49a1-a176-6cdc46b8a826,attack-pattern--b21c3b2d-02e6-45b1-980b-e69051040839
intrusion-set--00f67a77-86a4-4adf-be26-1a54fc713340,attack-pattern--dfd7cc1d-e1d8-4394-a198-97c4cab8aa67
intrusion-set--461b8e25-8f4a-4ea2-a4a8-e39df7ce6630,attack-pattern--9c306d8d-cde7-4b4c-b6e8-d0bb16caca36
intrusion-set--06a11b7e-2a36-47fe-8d3e-82c265df3258,attack-pattern--60c4b628-4807-4b0b-bbf5-fdac8643c337
intrusion-set--4ca1929c-7d64-4aab-b849-badbfc0c760d,attack-pattern--0259baeb-9f63-4c69-bf10-eb038c390688
intrusion-set--319fd652-edde-46b2-9987-3519493989f5,attack-pattern--d1fcf083-a721-4223-aedf-bf8960798d62
intrusion-set--f9d6633a-55e6-4adc-9263-6ae080421a13,attack-pattern--4bc31b94-045b-4752-8920-aebaebdb6470
intrusion-set--fe8796a4-2a02-41a0-9d27-7aa1e995feb6,attack-pattern--57340c81-c025-4189-8fa0-fc7ede51bae4
intrusion-set--d69e568e-9ac8-4c08-b32c-d93b43ba9172,attack-pattern--fb8d023d-45be-47e9-bc51-f56bcae6435b
intrusion-set--247cb30b-955f-42eb-97a5-a89fef69341e,attack-pattern--c32f7008-9fea-41f7-8366-5eb9b74bd896
intrusion-set--1c63d4ec-0a75-4daa-b1df-0d11af3d3cc1,attack-pattern--31fe0ba2-62fd-4fd9-9293-4043d84f7fe9
intrusion-set--2a7914cf-dff3-428d-ab0f-1014d1c28aeb,attack-pattern--3c4a2599-71ee-4405-ba1e-0e28414b4bc5
intrusion-set--4ca1929c-7d64-4aab-b849-badbfc0c760d,attack-pattern--1b7ba276-eedc-4951-a762-0ceea2c030ec
intrusion-set--cb41e991-65f4-4668-a65f-f4200545b5a1,attack-pattern--d4bdbdea-eaec-4071-b4f9-5105e12ea4b6
intrusion-set--2688b13e-8e71-405a-9c40-0dee94bddf87,attack-pattern--8f4a33ec-8b1f-4b80-a2f6-642b2e479580
intrusion-set--2688b13e-8e71-405a-9c40-0dee94bddf87,attack-pattern--65f2d882-3f41-4d48-8a06-29af77ec9f90
intrusion-set--247cb30b-955f-42eb-97a5-a89fef69341e,attack-pattern--d511a6f6-4a33-41d5-bc95-c343875d1377
intrusion-set--b7f627e2-0817-4cd5-8d50-e75f8aa85cc6,attack-pattern--df8b2a25-8bdf-4856-953c-a04372b1c161
intrusion-set--8b1e16f6-e7c8-4b7a-a5df-f81232c13e2f,attack-pattern--bf1b6176-597c-4600-bfcd-ac989670f96b
intrusion-set--44102191-3a31-45f8-acbe-34bdb441d5ad,attack-pattern--a718a0c8-5768-41a1-9958-a1cc3f995e99
intrusion-set--8c1f0187-0826-4320-bddc-5f326cfcfe2c,attack-pattern--1996eef1-ced3-4d7f-bf94-33298cabbf72
intrusion-set--247cb30b-955f-42eb-97a5-a89fef69341e,attack-pattern--d1fcf083-a721-4223-aedf-bf8960798d62
intrusion-set--247cb30b-955f-42eb-97a5-a89fef69341e,attack-pattern--fb8d023d-45be-47e9-bc51-f56bcae6435b
intrusion-set--2e290bfe-93b5-48ce-97d6-edcd6d32b7cf,attack-pattern--ae676644-d2d2-41b7-af7e-9bed1b55898c
intrusion-set--6566aac9-dad8-4332-ae73-20c23bad7f02,attack-pattern--232b7f21-adf9-4b42-b936-b9d6f7df856e
intrusion-set--38863958-a201-4ce1-9dbe-539b0b6804e0,attack-pattern--dfd7cc1d-e1d8-4394-a198-97c4cab8aa67
intrusion-set--4a2ce82e-1a74-468a-a6fb-bbead541383c,attack-pattern--232b7f21-adf9-4b42-b936-b9d6f7df856e
intrusion-set--44102191-3a31-45f8-acbe-34bdb441d5ad,attack-pattern--c726e0a2-a57a-4b7b-a973-d0f013246617
intrusion-set--461b8e25-8f4a-4ea2-a4a8-e39df7ce6630,attack-pattern--31e5011f-090e-45be-9bb6-17a1c5e8219b
intrusion-set--0ec2f388-bf0f-4b5c-97b1-fc736d26c25f,attack-pattern--cdfc5f0a-9bb9-4352-b896-553cfa2d8fd8
intrusion-set--ebd7ce77-c9ba-4fba-bb28-58296ac66559,attack-pattern--fbd91bfc-75c2-4f0c-8116-3b4e722906b3
intrusion-set--64b52e7d-b2c4-4a02-9372-08a463f5dc11,attack-pattern--eb062747-2193-45de-8fa2-e62549c37ddf
intrusion-set--1f0f9a14-11aa-49aa-9174-bcd0eaa979de,attack-pattern--2b742742-28c3-4e1b-bab7-8350d6300fa7
intrusion-set--fe8796a4-2a02-41a0-9d27-7aa1e995feb6,attack-pattern--d742a578-d70e-4d0e-96a6-02a9c30204e6
intrusion-set--269e8108-68c6-4f99-b911-14b2e765dec2,attack-pattern--88d31120-5bc7-4ce3-a9c0-7cf147be8e54
intrusion-set--64b52e7d-b2c4-4a02-9372-08a463f5dc11,attack-pattern--3c4a2599-71ee-4405-ba1e-0e28414b4bc5
intrusion-set--44d37b89-a739-4810-9111-0d2617a8939b,attack-pattern--b80d107d-fa0d-4b60-9684-b0433e8bdba0
intrusion-set--82323c70-4186-4b61-94f5-b227c3b28e89,attack-pattern--7bc57495-ea59-4380-be31-a64af124ef18
intrusion-set--44102191-3a31-45f8-acbe-34bdb441d5ad,attack-pattern--633a100c-b2c9-41bf-9be5-905c1b16c825
intrusion-set--8c1f0187-0826-4320-bddc-5f326cfcfe2c,attack-pattern--767dbf9e-df3f-45cb-8998-4903ab5f80c0
intrusion-set--7b404cd0-3ae9-41d4-90c0-023793d35d97,attack-pattern--005a06c6-14bf-4118-afa0-ebcd8aebb0c9
intrusion-set--e1fc262c-dad2-4b82-abda-5f08dd134971,attack-pattern--b18eae87-b469-4e14-b454-b171b416bc18
intrusion-set--f9d6633a-55e6-4adc-9263-6ae080421a13,attack-pattern--e6919abc-99f9-4c6c-95a5-14761e7b2add
intrusion-set--fd66436e-4d33-450e-ac4c-f7810f1c85f4,attack-pattern--edf91964-b26e-4b4a-9600-ccacd7d7df24
intrusion-set--0bbdf25b-30ff-4894-a1cd-49260d0dd2d9,attack-pattern--707399d6-ab3e-4963-9315-d9d3818cd6a0
intrusion-set--18854f55-ac7c-4634-bd9a-352dd07613b7,attack-pattern--1b7b1806-7746-41a1-a35d-e48dae25ddba
intrusion-set--44102191-3a31-45f8-acbe-34bdb441d5ad,attack-pattern--ec8fc7e2-b356-455c-8db5-2e37be158e7d
intrusion-set--18854f55-ac7c-4634-bd9a-352dd07613b7,attack-pattern--75b9a4d2-d4e2-4ca1-9aab-1badd9e05fd0
intrusion-set--c5b81590-6814-4d2a-8baa-15c4b6c7f960,attack-pattern--a01bf75f-00b2-4568-a58f-565ff9bf202b
intrusion-set--3753cc21-2dae-4dfb-8481-d004e74502cc,attack-pattern--970a3432-3237-47ad-bcca-7d8cbb217736
intrusion-set--e1fc262c-dad2-4b82-abda-5f08dd134971,attack-pattern--10d51417-ee35-4589-b1ff-b6df1c334e8d
intrusion-set--9e729a7e-0dd6-4097-95bf-db8d64911383,attack-pattern--8f4a33ec-8b1f-4b80-a2f6-642b2e479580
intrusion-set--f29b7c5e-2439-42ad-a86f-9f8984fafae3,attack-pattern--132d5b37-aac5-4378-a8dc-3127b18a73dc
intrusion-set--b8137919-38cb-4db0-90f3-437be885faba,attack-pattern--0458aab9-ad42-4eac-9e22-706a95bafee2
intrusion-set--0ec2f388-bf0f-4b5c-97b1-fc736d26c25f,attack-pattern--76551c52-b111-4884-bc47-ff3e728f0156
intrusion-set--174279b4-399f-4ddb-966e-5efedd1dd5f2,attack-pattern--bf90d72c-c00b-45e3-b3aa-68560560d4c5
intrusion-set--4c4a7846-45d5-4761-8eea-725fa989914c,attack-pattern--291ede6c-1473-454c-b614-5ac5ea63c987
intrusion-set--3ea7add5-5b8f-45d8-b1f1-905d2729d62a,attack-pattern--ae797531-3219-49a4-bccf-324ad7a4c7b2
intrusion-set--e1fc262c-dad2-4b82-abda-5f08dd134971,attack-pattern--bf90d72c-c00b-45e3-b3aa-68560560d4c5
intrusion-set--bef4c620-0787-42a8-a96d-b7eb6e85917c,attack-pattern--0259baeb-9f63-4c69-bf10-eb038c390688
intrusion-set--ecbf507f-6786-4121-a4cc-0fd6a8d3a29d,attack-pattern--00f90846-cbd1-4fc5-9233-df5c2bf2a662
intrusion-set--1c3dcf91-b859-4aae-a09c-ae26dc8b6390,attack-pattern--212306d8-efa4-44c9-8c2d-ed3d2e224aa0
intrusion-set--46599a4a-77ee-4697-9474-2683b6464859,attack-pattern--6a6f9892-c46a-46db-b331-c09a99200fcf
intrusion-set--4a2ce82e-1a74-468a-a6fb-bbead541383c,attack-pattern--b4b7458f-81f2-4d38-84be-1c5ba0167a52
intrusion-set--4ca1929c-7d64-4aab-b849-badbfc0c760d,attack-pattern--322bad5a-1c49-4d23-ab79-76d641794afa
intrusion-set--f8cb7b36-62ef-4488-8a6d-a7033e3271c1,attack-pattern--1c34f7aa-9341-4a48-bfab-af22e51aca6c
intrusion-set--ebd7ce77-c9ba-4fba-bb28-58296ac66559,attack-pattern--cd92d2b8-ce43-4666-9472-f1b4b9f4f8be
intrusion-set--6688d679-ccdb-4f12-abf6-c7545dd767a4,attack-pattern--be2dcee9-a7a7-4e38-afd6-21b31ecc3d63
intrusion-set--cb41e991-65f4-4668-a65f-f4200545b5a1,attack-pattern--21875073-b0ee-49e3-9077-1e2a885359af
intrusion-set--cc613a49-9bfa-4e22-98d1-15ffbb03f034,attack-pattern--9db0cf3a-a3c9-4012-8268-123b9db6fd82
intrusion-set--420ac20b-f2b9-42b8-aa1a-6d4b72895ca4,attack-pattern--799ace7f-e227-4411-baa0-8868704f2a69
intrusion-set--2e290bfe-93b5-48ce-97d6-edcd6d32b7cf,attack-pattern--3ee16395-03f0-4690-a32e-69ce9ada0f9e
intrusion-set--df71bb3b-813c-45eb-a8bc-f2a419837411,attack-pattern--3ccef7ae-cb5e-48f6-8302-897105fbf55c
intrusion-set--1f0f9a14-11aa-49aa-9174-bcd0eaa979de,attack-pattern--120d5519-3098-4e1c-9191-2aa61232f073
intrusion-set--abc5a1d4-f0dc-49d1-88a1-4a80e478bb03,attack-pattern--232b7f21-adf9-4b42-b936-b9d6f7df856e
intrusion-set--fe8796a4-2a02-41a0-9d27-7aa1e995feb6,attack-pattern--2959d63f-73fd-46a1-abd2-109d7dcede32
intrusion-set--54dfec3e-6464-4f74-9d69-b7c817b7e5a3,attack-pattern--f6dacc85-b37d-458e-b58d-74fc4bbf5755
intrusion-set--44102191-3a31-45f8-acbe-34bdb441d5ad,attack-pattern--2acf44aa-542f-4366-b4eb-55ef5747759c
intrusion-set--0ec2f388-bf0f-4b5c-97b1-fc736d26c25f,attack-pattern--045d0922-2310-4e60-b5e4-3302302cb3c5
intrusion-set--efed95ba-d7e8-47ff-8c53-99c42426ee7c,attack-pattern--232b7f21-adf9-4b42-b936-b9d6f7df856e
intrusion-set--7eda3dd8-b09b-4705-8090-c2ad9fb8c14d,attack-pattern--232b7f21-adf9-4b42-b936-b9d6f7df856e
intrusion-set--56a05d27-4d47-418a-b330-781c5614f202,attack-pattern--b831f51c-d22f-4724-bbab-60d056bd1150
intrusion-set--461b8e25-8f4a-4ea2-a4a8-e39df7ce6630,attack-pattern--045d0922-2310-4e60-b5e4-3302302cb3c5
intrusion-set--918da025-04bd-48af-b6c4-f3e4d1b915eb,attack-pattern--3aef9463-9a7a-43ba-8957-a867e07c1e6a
intrusion-set--6713ab67-e25b-49cc-808d-2b36d4fbc35c,attack-pattern--92d7da27-2d91-488e-a00c-059dc162766d
intrusion-set--18854f55-ac7c-4634-bd9a-352dd07613b7,attack-pattern--25659dd6-ea12-45c4-97e6-381e3e4b593e
intrusion-set--8c1f0187-0826-4320-bddc-5f326cfcfe2c,attack-pattern--00f90846-cbd1-4fc5-9233-df5c2bf2a662
intrusion-set--918da025-04bd-48af-b6c4-f3e4d1b915eb,attack-pattern--d21bb61f-08ad-4dc1-b001-81ca6cb79954
intrusion-set--899ce53f-13a0-479b-a0e4-67d46e241542,attack-pattern--005a06c6-14bf-4118-afa0-ebcd8aebb0c9
intrusion-set--269e8108-68c6-4f99-b911-14b2e765dec2,attack-pattern--dfd7cc1d-e1d8-4394-a198-97c4cab8aa67
intrusion-set--ecbf507f-6786-4121-a4cc-0fd6a8d3a29d,attack-pattern--e358d692-23c0-4a31-9eb6-ecc13a8d7735
intrusion-set--7a19ecb1-3c65-4de3-a230-993516aed6a6,attack-pattern--4f9ca633-15c5-463c-9724-bdcd54fde541
intrusion-set--fe8796a4-2a02-41a0-9d27-7aa1e995feb6,attack-pattern--df8b2a25-8bdf-4856-953c-a04372b1c161
intrusion-set--4a2ce82e-1a74-468a-a6fb-bbead541383c,attack-pattern--120d5519-3098-4e1c-9191-2aa61232f073
intrusion-set--18854f55-ac7c-4634-bd9a-352dd07613b7,attack-pattern--df8b2a25-8bdf-4856-953c-a04372b1c161
intrusion-set--269e8108-68c6-4f99-b911-14b2e765dec2,attack-pattern--707399d6-ab3e-4963-9315-d9d3818cd6a0
intrusion-set--efed95ba-d7e8-47ff-8c53-99c42426ee7c,attack-pattern--34b3f738-bd64-40e5-a112-29b0542bc8bf
intrusion-set--02b16bd6-ae88-417a-8a3f-02c5e166175a,attack-pattern--53ac20cd-aca3-406e-9aa0-9fc7fdc60a5a
intrusion-set--da49b9f1-ca99-443f-9728-0a074db66850,attack-pattern--b3d682b6-98f2-4fb0-aa3b-b4df007ca70a
intrusion-set--129f2f77-1ab2-4c35-bd5e-21260cee92af,attack-pattern--2e34237d-8574-43f6-aace-ae2915de8597
intrusion-set--82323c70-4186-4b61-94f5-b227c3b28e89,attack-pattern--d1fcf083-a721-4223-aedf-bf8960798d62
intrusion-set--4a2ce82e-1a74-468a-a6fb-bbead541383c,attack-pattern--03d7999c-1f4c-42cc-8373-e7690d318104
intrusion-set--9e729a7e-0dd6-4097-95bf-db8d64911383,attack-pattern--3ccef7ae-cb5e-48f6-8302-897105fbf55c
intrusion-set--ead23196-d7b6-4ce6-a124-4ab4b67d81bd,attack-pattern--354a7f88-63fb-41b5-a801-ce3b377b36f1
intrusion-set--2a7914cf-dff3-428d-ab0f-1014d1c28aeb,attack-pattern--9efb1ea7-c37b-4595-9640-b7680cd84279
intrusion-set--461b8e25-8f4a-4ea2-a4a8-e39df7ce6630,attack-pattern--1c34f7aa-9341-4a48-bfab-af22e51aca6c
intrusion-set--02b16bd6-ae88-417a-8a3f-02c5e166175a,attack-pattern--d1fcf083-a721-4223-aedf-bf8960798d62
intrusion-set--ecbf507f-6786-4121-a4cc-0fd6a8d3a29d,attack-pattern--8f4a33ec-8b1f-4b80-a2f6-642b2e479580
intrusion-set--0ec2f388-bf0f-4b5c-97b1-fc736d26c25f,attack-pattern--8c4aef43-48d5-49aa-b2af-c0cd58d30c3d
intrusion-set--bef4c620-0787-42a8-a96d-b7eb6e85917c,attack-pattern--09c4c11e-4fa1-4f8c-8dad-3cf8e69ad119
intrusion-set--fa19de15-6169-428d-9cd6-3ca3d56075b7,attack-pattern--2e34237d-8574-43f6-aace-ae2915de8597
intrusion-set--c4d50cdf-87ce-407d-86d8-862883485842,attack-pattern--7807d3a4-a885-4639-a786-c1ed41484970
intrusion-set--7f848c02-4d1e-4808-a4ae-4670681370a9,attack-pattern--0d91b3c0-5e50-47c3-949a-2a796f04d144
intrusion-set--44e43fad-ffcb-4210-abcf-eaaed9735f80,attack-pattern--deb98323-e13f-4b0c-8d94-175379069062
intrusion-set--467271fd-47c0-4e90-a3f9-d84f5cf790d0,attack-pattern--840a987a-99bd-4a80-a5c9-0cb2baa6cade
intrusion-set--82323c70-4186-4b61-94f5-b227c3b28e89,attack-pattern--970a3432-3237-47ad-bcca-7d8cbb217736
intrusion-set--dc6fe6ee-04c2-49be-ba3d-f38d2463c02a,attack-pattern--232a7e42-cd6e-4902-8fe9-2960f529dd4d
intrusion-set--c93fccb1-e8e8-42cf-ae33-2ad1d183913a,attack-pattern--24bfaeba-cb0d-4525-b3dc-507c77ecec41
intrusion-set--3753cc21-2dae-4dfb-8481-d004e74502cc,attack-pattern--4fe28b27-b13c-453e-a386-c2ef362a573b
intrusion-set--0ec2f388-bf0f-4b5c-97b1-fc736d26c25f,attack-pattern--278716b1-61ce-4a74-8d17-891d0c494101
intrusion-set--4ca1929c-7d64-4aab-b849-badbfc0c760d,attack-pattern--3731fbcd-0e43-47ae-ae6c-d15e510f0d42
intrusion-set--73a80fab-2aa3-48e0-a4d0-3a4828200aee,attack-pattern--731f4f55-b6d0-41d1-a7a9-072a66389aea
intrusion-set--6a2e693f-24e5-451a-9f88-b36a108e5662,attack-pattern--30208d3e-0d6b-43c8-883e-44462a514619
intrusion-set--ebd7ce77-c9ba-4fba-bb28-58296ac66559,attack-pattern--1c4e5d32-1fe9-4116-9d9d-59e3925bd6a2
intrusion-set--44e43fad-ffcb-4210-abcf-eaaed9735f80,attack-pattern--92d7da27-2d91-488e-a00c-059dc162766d
intrusion-set--93f52415-0fe4-4d3d-896c-fc9b8e88ab90,attack-pattern--120d5519-3098-4e1c-9191-2aa61232f073
intrusion-set--420ac20b-f2b9-42b8-aa1a-6d4b72895ca4,attack-pattern--df8b2a25-8bdf-4856-953c-a04372b1c161
intrusion-set--899ce53f-13a0-479b-a0e4-67d46e241542,attack-pattern--132d5b37-aac5-4378-a8dc-3127b18a73dc
intrusion-set--a7f57cc1-4540-4429-823f-f4e56b8473c9,attack-pattern--6faf650d-bf31-4eb4-802d-1000cf38efaf
intrusion-set--2e290bfe-93b5-48ce-97d6-edcd6d32b7cf,attack-pattern--fbd91bfc-75c2-4f0c-8116-3b4e722906b3
intrusion-set--222fbd21-fc4f-4b7e-9f85-0e6e3a76c33f,attack-pattern--707399d6-ab3e-4963-9315-d9d3818cd6a0
intrusion-set--0ec2f388-bf0f-4b5c-97b1-fc736d26c25f,attack-pattern--d63a3fb8-9452-4e9d-a60a-54be68d5998c
intrusion-set--e44e0985-bc65-4a8f-b578-211c858128e3,attack-pattern--1c4e5d32-1fe9-4116-9d9d-59e3925bd6a2
intrusion-set--e1fc262c-dad2-4b82-abda-5f08dd134971,attack-pattern--3257eb21-f9a7-4430-8de1-d8b6e288f529
intrusion-set--894aab42-3371-47b1-8859-a4a074c804c8,attack-pattern--3fc9b85a-2862-4363-a64d-d692e3ffbee0
intrusion-set--e1fc262c-dad2-4b82-abda-5f08dd134971,attack-pattern--7bc57495-ea59-4380-be31-a64af124ef18
intrusion-set--1c63d4ec-0a75-4daa-b1df-0d11af3d3cc1,attack-pattern--c32f7008-9fea-41f7-8366-5eb9b74bd896
intrusion-set--a653431d-6a5e-4600-8ad3-609b5af57064,attack-pattern--b0533c6e-8fea-4788-874f-b799cacc4b92
intrusion-set--01e28736-2ffc-455b-9880-ed4d1407ae07,attack-pattern--bbde9781-60aa-4b8a-a911-895b0c1b3872
intrusion-set--0bbdf25b-30ff-4894-a1cd-49260d0dd2d9,attack-pattern--7e150503-88e7-4861-866b-ff1ac82c4475
intrusion-set--e1fc262c-dad2-4b82-abda-5f08dd134971,attack-pattern--eec096b8-c207-43df-b6c1-11523861e452
intrusion-set--16ade1aa-0ea1-4bb7-88cc-9079df2ae756,attack-pattern--1c4e5d32-1fe9-4116-9d9d-59e3925bd6a2
intrusion-set--e5603ea8-4c36-40e7-b7af-a077d24fedc1,attack-pattern--40f5caa0-4cb7-4117-89fc-d421bb493df3
intrusion-set--c21dd6f1-1364-4a70-a1f7-783080ec34ee,attack-pattern--837f9164-50af-4ac0-8219-379d8a74cefc
intrusion-set--894aab42-3371-47b1-8859-a4a074c804c8,attack-pattern--8f4a33ec-8b1f-4b80-a2f6-642b2e479580
intrusion-set--fbe9387f-34e6-4828-ac28-3080020c597b,attack-pattern--d1fcf083-a721-4223-aedf-bf8960798d62
intrusion-set--918da025-04bd-48af-b6c4-f3e4d1b915eb,attack-pattern--df8b2a25-8bdf-4856-953c-a04372b1c161
intrusion-set--7251b44b-6072-476c-b8d9-a6e32c355b28,attack-pattern--0259baeb-9f63-4c69-bf10-eb038c390688
intrusion-set--c1aab4c9-4c34-4f4f-8541-d529e46a07f9,attack-pattern--1c34f7aa-9341-4a48-bfab-af22e51aca6c
intrusion-set--56a05d27-4d47-418a-b330-781c5614f202,attack-pattern--c2f59d25-87fe-44aa-8f83-e8e59d077bf5
intrusion-set--abc5a1d4-f0dc-49d1-88a1-4a80e478bb03,attack-pattern--830c9528-df21-472c-8c14-a036bf17d665
intrusion-set--03be849d-b5a2-4766-9dda-48976bae5710,attack-pattern--707399d6-ab3e-4963-9315-d9d3818cd6a0
intrusion-set--dd2d9ca6-505b-4860-a604-233685b802c7,attack-pattern--34e793de-0274-4982-9c1a-246ed1c19dee
intrusion-set--44e43fad-ffcb-4210-abcf-eaaed9735f80,attack-pattern--232b7f21-adf9-4b42-b936-b9d6f7df856e
intrusion-set--381fcf73-60f6-4ab2-9991-6af3cbc35192,attack-pattern--76551c52-b111-4884-bc47-ff3e728f0156
intrusion-set--35d1b3be-49d4-42f1-aaa6-ef159c880bca,attack-pattern--a19e86f8-1c0a-4fea-8407-23b73d615776
intrusion-set--899ce53f-13a0-479b-a0e4-67d46e241542,attack-pattern--212306d8-efa4-44c9-8c2d-ed3d2e224aa0
intrusion-set--46599a4a-77ee-4697-9474-2683b6464859,attack-pattern--bbde9781-60aa-4b8a-a911-895b0c1b3872
intrusion-set--9b36c218-4d80-4ec6-a68d-cc2886bbe410,attack-pattern--232b7f21-adf9-4b42-b936-b9d6f7df856e
intrusion-set--461b8e25-8f4a-4ea2-a4a8-e39df7ce6630,attack-pattern--3975dbb5-0e1e-4f5b-bae1-cf2ab84b46dc
intrusion-set--88b7dbc2-32d3-4e31-af2f-3fc24e1582d7,attack-pattern--1c34f7aa-9341-4a48-bfab-af22e51aca6c
intrusion-set--6a2e693f-24e5-451a-9f88-b36a108e5662,attack-pattern--b4694861-542c-48ea-9eb1-10d356e7140a
intrusion-set--f9c06633-dcff-48a1-8588-759e7cec5694,attack-pattern--f5946b5e-9408-485f-a7f7-b5efc88909b6
intrusion-set--7b404cd0-3ae9-41d4-90c0-023793d35d97,attack-pattern--8f104855-e5b7-4077-b1f5-bc3103b41abe
intrusion-set--39d6890e-7f23-4474-b8ef-e7b0343c5fc8,attack-pattern--0dda99f0-4701-48ca-9774-8504922e92d3
intrusion-set--918da025-04bd-48af-b6c4-f3e4d1b915eb,attack-pattern--eec096b8-c207-43df-b6c1-11523861e452
intrusion-set--c93fccb1-e8e8-42cf-ae33-2ad1d183913a,attack-pattern--354a7f88-63fb-41b5-a801-ce3b377b36f1
intrusion-set--247cb30b-955f-42eb-97a5-a89fef69341e,attack-pattern--2fee9321-3e71-4cf4-af24-d4d40d355b34
intrusion-set--129f2f77-1ab2-4c35-bd5e-21260cee92af,attack-pattern--be2dcee9-a7a7-4e38-afd6-21b31ecc3d63
intrusion-set--7113eaa5-ba79-4fb3-b68a-398ee9cd698e,attack-pattern--40f5caa0-4cb7-4117-89fc-d421bb493df3
intrusion-set--dd2d9ca6-505b-4860-a604-233685b802c7,attack-pattern--bf90d72c-c00b-45e3-b3aa-68560560d4c5
intrusion-set--7a19ecb1-3c65-4de3-a230-993516aed6a6,attack-pattern--9efb1ea7-c37b-4595-9640-b7680cd84279
intrusion-set--fe8796a4-2a02-41a0-9d27-7aa1e995feb6,attack-pattern--7385dfaf-6886-4229-9ecd-6fd678040830
intrusion-set--420ac20b-f2b9-42b8-aa1a-6d4b72895ca4,attack-pattern--e358d692-23c0-4a31-9eb6-ecc13a8d7735
intrusion-set--c4d50cdf-87ce-407d-86d8-862883485842,attack-pattern--810d8072-afb6-4a56-9ee7-86379ac4a6f3
intrusion-set--44d37b89-a739-4810-9111-0d2617a8939b,attack-pattern--a9d4b653-6915-42af-98b2-5758c4ceee56
intrusion-set--fd66436e-4d33-450e-ac4c-f7810f1c85f4,attack-pattern--3f886f2a-874f-4333-b794-aa6075009b1c
intrusion-set--ebd7ce77-c9ba-4fba-bb28-58296ac66559,attack-pattern--9b00925a-7c4b-4e53-bfc8-9a6a806fde03
intrusion-set--9e729a7e-0dd6-4097-95bf-db8d64911383,attack-pattern--d742a578-d70e-4d0e-96a6-02a9c30204e6
intrusion-set--18854f55-ac7c-4634-bd9a-352dd07613b7,attack-pattern--3489cfc5-640f-4bb3-a103-9137b97de79f
intrusion-set--0bbdf25b-30ff-4894-a1cd-49260d0dd2d9,attack-pattern--69b8fd78-40e8-4600-ae4d-662c9d7afdb3
intrusion-set--44d37b89-a739-4810-9111-0d2617a8939b,attack-pattern--10d51417-ee35-4589-b1ff-b6df1c334e8d
intrusion-set--f29b7c5e-2439-42ad-a86f-9f8984fafae3,attack-pattern--910906dd-8c0a-475a-9cc1-5e029e2fad58
intrusion-set--35d1b3be-49d4-42f1-aaa6-ef159c880bca,attack-pattern--8f4a33ec-8b1f-4b80-a2f6-642b2e479580
intrusion-set--a653431d-6a5e-4600-8ad3-609b5af57064,attack-pattern--b97f1d35-4249-4486-a6b5-ee60ccf24fab
intrusion-set--420ac20b-f2b9-42b8-aa1a-6d4b72895ca4,attack-pattern--2aed01ad-3df3-4410-a8cb-11ea4ded587c
intrusion-set--88b7dbc2-32d3-4e31-af2f-3fc24e1582d7,attack-pattern--dcaa092b-7de9-4a21-977f-7fcb77e89c48
intrusion-set--0ec2f388-bf0f-4b5c-97b1-fc736d26c25f,attack-pattern--d4287702-e2f7-4946-bdfa-2c7f5aaa5032
intrusion-set--35d1b3be-49d4-42f1-aaa6-ef159c880bca,attack-pattern--970a3432-3237-47ad-bcca-7d8cbb217736
intrusion-set--39d6890e-7f23-4474-b8ef-e7b0343c5fc8,attack-pattern--d742a578-d70e-4d0e-96a6-02a9c30204e6
intrusion-set--4ca1929c-7d64-4aab-b849-badbfc0c760d,attack-pattern--970a3432-3237-47ad-bcca-7d8cbb217736
intrusion-set--cc613a49-9bfa-4e22-98d1-15ffbb03f034,attack-pattern--1c4e5d32-1fe9-4116-9d9d-59e3925bd6a2
intrusion-set--88b7dbc2-32d3-4e31-af2f-3fc24e1582d7,attack-pattern--25659dd6-ea12-45c4-97e6-381e3e4b593e
intrusion-set--54dfec3e-6464-4f74-9d69-b7c817b7e5a3,attack-pattern--232b7f21-adf9-4b42-b936-b9d6f7df856e
intrusion-set--c93fccb1-e8e8-42cf-ae33-2ad1d183913a,attack-pattern--03d7999c-1f4c-42cc-8373-e7690d318104
intrusion-set--7a19ecb1-3c65-4de3-a230-993516aed6a6,attack-pattern--3c4a2599-71ee-4405-ba1e-0e28414b4bc5
intrusion-set--fd19bd82-1b14-49a1-a176-6cdc46b8a826,attack-pattern--910906dd-8c0a-475a-9cc1-5e029e2fad58
intrusion-set--381fcf73-60f6-4ab2-9991-6af3cbc35192,attack-pattern--b17a1a56-e99c-403c-8948-561df0cffe81
intrusion-set--9735c036-8ebe-47e9-9c77-b0ae656dab93,attack-pattern--1c4e5d32-1fe9-4116-9d9d-59e3925bd6a2
intrusion-set--56a05d27-4d47-418a-b330-781c5614f202,attack-pattern--79da0971-3147-4af6-a4f5-e8cd447cd795
intrusion-set--420ac20b-f2b9-42b8-aa1a-6d4b72895ca4,attack-pattern--c325b232-d5bc-4dde-a3ec-71f3db9e8adc
intrusion-set--f40eb8ce-2a74-4e56-89a1-227021410142,attack-pattern--232b7f21-adf9-4b42-b936-b9d6f7df856e
intrusion-set--56a05d27-4d47-418a-b330-781c5614f202,attack-pattern--19401639-28d0-4c3c-adcc-bc2ba22f6421
intrusion-set--3753cc21-2dae-4dfb-8481-d004e74502cc,attack-pattern--42fe883a-21ea-4cfb-b94a-78b6476dcc83
intrusion-set--8b1e16f6-e7c8-4b7a-a5df-f81232c13e2f,attack-pattern--a2fdce72-04b2-409a-ac10-cc1695f4fce0
intrusion-set--1c3dcf91-b859-4aae-a09c-ae26dc8b6390,attack-pattern--fb8d023d-45be-47e9-bc51-f56bcae6435b
intrusion-set--1f21da59-6a13-455b-afd0-d58d0a5a7d27,attack-pattern--d1fcf083-a721-4223-aedf-bf8960798d62
intrusion-set--1c63d4ec-0a75-4daa-b1df-0d11af3d3cc1,attack-pattern--2e34237d-8574-43f6-aace-ae2915de8597
intrusion-set--420ac20b-f2b9-42b8-aa1a-6d4b72895ca4,attack-pattern--fb8d023d-45be-47e9-bc51-f56bcae6435b
intrusion-set--222fbd21-fc4f-4b7e-9f85-0e6e3a76c33f,attack-pattern--29ba5a15-3b7b-4732-b817-65ea8f6468e6
intrusion-set--a7f57cc1-4540-4429-823f-f4e56b8473c9,attack-pattern--4fe28b27-b13c-453e-a386-c2ef362a573b
intrusion-set--18854f55-ac7c-4634-bd9a-352dd07613b7,attack-pattern--b8017880-4b1e-42de-ad10-ae7ac6705166
intrusion-set--d0b3393b-3bec-4ba3-bda9-199d30db47b6,attack-pattern--a782ebe2-daba-42c7-bc82-e8e9d923162d
intrusion-set--174279b4-399f-4ddb-966e-5efedd1dd5f2,attack-pattern--a0e6614a-7740-4b24-bd65-f1bde09fc365
intrusion-set--c93fccb1-e8e8-42cf-ae33-2ad1d183913a,attack-pattern--4933e63b-9b77-476e-ab29-761bc5b7d15a
intrusion-set--894aab42-3371-47b1-8859-a4a074c804c8,attack-pattern--707399d6-ab3e-4963-9315-d9d3818cd6a0
intrusion-set--ecbf507f-6786-4121-a4cc-0fd6a8d3a29d,attack-pattern--d511a6f6-4a33-41d5-bc95-c343875d1377
intrusion-set--bef4c620-0787-42a8-a96d-b7eb6e85917c,attack-pattern--88d31120-5bc7-4ce3-a9c0-7cf147be8e54
intrusion-set--8cf6e33b-b6ef-4a1f-a77c-0ecdde93161f,attack-pattern--767dbf9e-df3f-45cb-8998-4903ab5f80c0
intrusion-set--c77c5576-ca19-42ed-a36f-4b4486a84133,attack-pattern--0259baeb-9f63-4c69-bf10-eb038c390688
intrusion-set--cb41e991-65f4-4668-a65f-f4200545b5a1,attack-pattern--7dd95ff6-712e-4056-9626-312ea4ab4c5e
intrusion-set--174279b4-399f-4ddb-966e-5efedd1dd5f2,attack-pattern--f2514ae4-4e9b-4f26-a5ba-c4ae85fe93c3
intrusion-set--222fbd21-fc4f-4b7e-9f85-0e6e3a76c33f,attack-pattern--bd5b58a4-a52d-4a29-bc0d-3f1d3968eb6b
intrusion-set--73a80fab-2aa3-48e0-a4d0-3a4828200aee,attack-pattern--01a5a209-b94c-450b-b7f9-946497d91055
intrusion-set--35d1b3be-49d4-42f1-aaa6-ef159c880bca,attack-pattern--19bf235b-8620-4997-b5b4-94e0659ed7c3
intrusion-set--7a19ecb1-3c65-4de3-a230-993516aed6a6,attack-pattern--c32f7008-9fea-41f7-8366-5eb9b74bd896
intrusion-set--3753cc21-2dae-4dfb-8481-d004e74502cc,attack-pattern--232a7e42-cd6e-4902-8fe9-2960f529dd4d
intrusion-set--6fe8a2a1-a1b0-4af8-953d-4babd329f8f8,attack-pattern--3f886f2a-874f-4333-b794-aa6075009b1c
intrusion-set--bef4c620-0787-42a8-a96d-b7eb6e85917c,attack-pattern--8f4a33ec-8b1f-4b80-a2f6-642b2e479580
intrusion-set--3753cc21-2dae-4dfb-8481-d004e74502cc,attack-pattern--2aed01ad-3df3-4410-a8cb-11ea4ded587c
intrusion-set--c0291346-defe-48d7-9542-9e074ba1bdfb,attack-pattern--dfd7cc1d-e1d8-4394-a198-97c4cab8aa67
intrusion-set--4ca1929c-7d64-4aab-b849-badbfc0c760d,attack-pattern--d63a3fb8-9452-4e9d-a60a-54be68d5998c
intrusion-set--2a7914cf-dff3-428d-ab0f-1014d1c28aeb,attack-pattern--d1fcf083-a721-4223-aedf-bf8960798d62
intrusion-set--bef4c620-0787-42a8-a96d-b7eb6e85917c,attack-pattern--d742a578-d70e-4d0e-96a6-02a9c30204e6
intrusion-set--35d1b3be-49d4-42f1-aaa6-ef159c880bca,attack-pattern--3aef9463-9a7a-43ba-8957-a867e07c1e6a
intrusion-set--c93fccb1-e8e8-42cf-ae33-2ad1d183913a,attack-pattern--92d7da27-2d91-488e-a00c-059dc162766d
intrusion-set--18854f55-ac7c-4634-bd9a-352dd07613b7,attack-pattern--f244b8dd-af6c-4391-a497-fc03627ce995
intrusion-set--7b404cd0-3ae9-41d4-90c0-023793d35d97,attack-pattern--f303a39a-6255-4b89-aecc-18c4d8ca7163
intrusion-set--44102191-3a31-45f8-acbe-34bdb441d5ad,attack-pattern--cc3502b5-30cc-4473-ad48-42d51a6ef6d1
intrusion-set--7b404cd0-3ae9-41d4-90c0-023793d35d97,attack-pattern--e24fcba8-2557-4442-a139-1ee2f2e784db
intrusion-set--18854f55-ac7c-4634-bd9a-352dd07613b7,attack-pattern--5d2be8b9-d24c-4e98-83bf-2f5f79477163
intrusion-set--d8bc9788-4f7d-41a9-9e9d-ee1ea18a8cf7,attack-pattern--21875073-b0ee-49e3-9077-1e2a885359af
intrusion-set--2e290bfe-93b5-48ce-97d6-edcd6d32b7cf,attack-pattern--9c99724c-a483-4d60-ad9d-7f004e42e8e8
intrusion-set--1c63d4ec-0a75-4daa-b1df-0d11af3d3cc1,attack-pattern--d742a578-d70e-4d0e-96a6-02a9c30204e6
intrusion-set--8b1e16f6-e7c8-4b7a-a5df-f81232c13e2f,attack-pattern--b17a1a56-e99c-403c-8948-561df0cffe81
intrusion-set--381fcf73-60f6-4ab2-9991-6af3cbc35192,attack-pattern--2e34237d-8574-43f6-aace-ae2915de8597
intrusion-set--46bb06cb-f2d9-4b37-8c92-a27e224ad90d,attack-pattern--1c4e5d32-1fe9-4116-9d9d-59e3925bd6a2
intrusion-set--4ca1929c-7d64-4aab-b849-badbfc0c760d,attack-pattern--a2fdce72-04b2-409a-ac10-cc1695f4fce0
intrusion-set--93f52415-0fe4-4d3d-896c-fc9b8e88ab90,attack-pattern--dfd7cc1d-e1d8-4394-a198-97c4cab8aa67
intrusion-set--7b404cd0-3ae9-41d4-90c0-023793d35d97,attack-pattern--bf1b6176-597c-4600-bfcd-ac989670f96b
intrusion-set--18854f55-ac7c-4634-bd9a-352dd07613b7,attack-pattern--5502c4e9-24ef-4d5f-8ee9-9e906c2f82c4
intrusion-set--420ac20b-f2b9-42b8-aa1a-6d4b72895ca4,attack-pattern--2b742742-28c3-4e1b-bab7-8350d6300fa7
intrusion-set--cc613a49-9bfa-4e22-98d1-15ffbb03f034,attack-pattern--3ccef7ae-cb5e-48f6-8302-897105fbf55c
intrusion-set--35d1b3be-49d4-42f1-aaa6-ef159c880bca,attack-pattern--1c34f7aa-9341-4a48-bfab-af22e51aca6c
intrusion-set--7a19ecb1-3c65-4de3-a230-993516aed6a6,attack-pattern--322bad5a-1c49-4d23-ab79-76d641794afa
intrusion-set--35d1b3be-49d4-42f1-aaa6-ef159c880bca,attack-pattern--5502c4e9-24ef-4d5f-8ee9-9e906c2f82c4
intrusion-set--fd19bd82-1b14-49a1-a176-6cdc46b8a826,attack-pattern--2b742742-28c3-4e1b-bab7-8350d6300fa7
intrusion-set--ecbf507f-6786-4121-a4cc-0fd6a8d3a29d,attack-pattern--212306d8-efa4-44c9-8c2d-ed3d2e224aa0
intrusion-set--c21dd6f1-1364-4a70-a1f7-783080ec34ee,attack-pattern--5e4a2073-9643-44cb-a0b5-e7f4048446c7
intrusion-set--64b52e7d-b2c4-4a02-9372-08a463f5dc11,attack-pattern--e6919abc-99f9-4c6c-95a5-14761e7b2add
intrusion-set--d69e568e-9ac8-4c08-b32c-d93b43ba9172,attack-pattern--d4287702-e2f7-4946-bdfa-2c7f5aaa5032
intrusion-set--9b36c218-4d80-4ec6-a68d-cc2886bbe410,attack-pattern--3ee16395-03f0-4690-a32e-69ce9ada0f9e
intrusion-set--1c3dcf91-b859-4aae-a09c-ae26dc8b6390,attack-pattern--6b57dc31-b814-4a03-8706-28bc20d739c4
intrusion-set--35d1b3be-49d4-42f1-aaa6-ef159c880bca,attack-pattern--c283d88f-8c23-4318-9da5-3d50cecad756
intrusion-set--02b16bd6-ae88-417a-8a3f-02c5e166175a,attack-pattern--7610cada-1499-41a4-b3dd-46467b68d177
intrusion-set--38863958-a201-4ce1-9dbe-539b0b6804e0,attack-pattern--cc3502b5-30cc-4473-ad48-42d51a6ef6d1
intrusion-set--7eda3dd8-b09b-4705-8090-c2ad9fb8c14d,attack-pattern--29ba5a15-3b7b-4732-b817-65ea8f6468e6
intrusion-set--46599a4a-77ee-4697-9474-2683b6464859,attack-pattern--63b24abc-5702-4745-b1e4-ac70b20a43f2
intrusion-set--90784c1e-4aba-40eb-9adf-7556235e6384,attack-pattern--76551c52-b111-4884-bc47-ff3e728f0156
intrusion-set--46bb06cb-f2d9-4b37-8c92-a27e224ad90d,attack-pattern--b17a1a56-e99c-403c-8948-561df0cffe81
intrusion-set--4c4a7846-45d5-4761-8eea-725fa989914c,attack-pattern--354a7f88-63fb-41b5-a801-ce3b377b36f1
intrusion-set--03506554-5f37-4f8f-9ce4-0e9f01a1b484,attack-pattern--2e34237d-8574-43f6-aace-ae2915de8597
intrusion-set--55033a4d-3ffe-46b2-99b4-2c1541e9ce1c,attack-pattern--045d0922-2310-4e60-b5e4-3302302cb3c5
intrusion-set--c93fccb1-e8e8-42cf-ae33-2ad1d183913a,attack-pattern--be055942-6e63-49d7-9fa1-9cb7d8a8f3f4
intrusion-set--899ce53f-13a0-479b-a0e4-67d46e241542,attack-pattern--88d31120-5bc7-4ce3-a9c0-7cf147be8e54
intrusion-set--00f67a77-86a4-4adf-be26-1a54fc713340,attack-pattern--ff73aa03-0090-4464-83ac-f89e233c02bc
intrusion-set--4283ae19-69c7-4347-a35e-b56f08eb660b,attack-pattern--24bfaeba-cb0d-4525-b3dc-507c77ecec41
intrusion-set--dd2d9ca6-505b-4860-a604-233685b802c7,attack-pattern--232b7f21-adf9-4b42-b936-b9d6f7df856e
intrusion-set--7eda3dd8-b09b-4705-8090-c2ad9fb8c14d,attack-pattern--0d91b3c0-5e50-47c3-949a-2a796f04d144
intrusion-set--6713ab67-e25b-49cc-808d-2b36d4fbc35c,attack-pattern--30208d3e-0d6b-43c8-883e-44462a514619
intrusion-set--c4d50cdf-87ce-407d-86d8-862883485842,attack-pattern--88d31120-5bc7-4ce3-a9c0-7cf147be8e54
intrusion-set--899ce53f-13a0-479b-a0e4-67d46e241542,attack-pattern--a782ebe2-daba-42c7-bc82-e8e9d923162d
intrusion-set--8a831aaa-f3e0-47a3-bed8-a9ced744dd12,attack-pattern--a6937325-9321-4e2e-bb2b-3ed2d40b2a9d
intrusion-set--6566aac9-dad8-4332-ae73-20c23bad7f02,attack-pattern--77eae145-55db-4519-8ae5-77b0c7215d69
intrusion-set--00f67a77-86a4-4adf-be26-1a54fc713340,attack-pattern--ef67e13e-5598-4adc-bdb2-998225874fa9
intrusion-set--93f52415-0fe4-4d3d-896c-fc9b8e88ab90,attack-pattern--04fd5427-79c7-44ea-ae13-11b24778ff1c
intrusion-set--0ec2f388-bf0f-4b5c-97b1-fc736d26c25f,attack-pattern--60c4b628-4807-4b0b-bbf5-fdac8643c337
intrusion-set--54dfec3e-6464-4f74-9d69-b7c817b7e5a3,attack-pattern--0d91b3c0-5e50-47c3-949a-2a796f04d144
intrusion-set--46599a4a-77ee-4697-9474-2683b6464859,attack-pattern--d1fcf083-a721-4223-aedf-bf8960798d62
intrusion-set--467271fd-47c0-4e90-a3f9-d84f5cf790d0,attack-pattern--a2fdce72-04b2-409a-ac10-cc1695f4fce0
intrusion-set--f9d6633a-55e6-4adc-9263-6ae080421a13,attack-pattern--3f886f2a-874f-4333-b794-aa6075009b1c
intrusion-set--c21dd6f1-1364-4a70-a1f7-783080ec34ee,attack-pattern--d1fcf083-a721-4223-aedf-bf8960798d62
intrusion-set--bef4c620-0787-42a8-a96d-b7eb6e85917c,attack-pattern--5502c4e9-24ef-4d5f-8ee9-9e906c2f82c4
intrusion-set--a7f57cc1-4540-4429-823f-f4e56b8473c9,attack-pattern--a93494bb-4b80-4ea1-8695-3236a49916fd
intrusion-set--44d37b89-a739-4810-9111-0d2617a8939b,attack-pattern--2db31dcd-54da-405d-acef-b9129b816ed6
intrusion-set--bef4c620-0787-42a8-a96d-b7eb6e85917c,attack-pattern--bc0f5e80-91c0-4e04-9fbb-e4e332c85dae
intrusion-set--44e43fad-ffcb-4210-abcf-eaaed9735f80,attack-pattern--005a06c6-14bf-4118-afa0-ebcd8aebb0c9
intrusion-set--44d37b89-a739-4810-9111-0d2617a8939b,attack-pattern--8c32eb4d-805f-4fc5-bf60-c4d476c131b5
intrusion-set--93f52415-0fe4-4d3d-896c-fc9b8e88ab90,attack-pattern--e3b6daca-e963-4a69-aee6-ed4fd653ad58
intrusion-set--0ec2f388-bf0f-4b5c-97b1-fc736d26c25f,attack-pattern--60b508a1-6a5e-46b1-821a-9f7b78752abf
intrusion-set--18854f55-ac7c-4634-bd9a-352dd07613b7,attack-pattern--3c4a2599-71ee-4405-ba1e-0e28414b4bc5
intrusion-set--fbd29c89-18ba-4c2d-b792-51c0adee049f,attack-pattern--2e34237d-8574-43f6-aace-ae2915de8597
intrusion-set--5ce5392a-3a6c-4e07-9df3-9b6a9159ac45,attack-pattern--9efb1ea7-c37b-4595-9640-b7680cd84279
intrusion-set--73a80fab-2aa3-48e0-a4d0-3a4828200aee,attack-pattern--d1fcf083-a721-4223-aedf-bf8960798d62
intrusion-set--c93fccb1-e8e8-42cf-ae33-2ad1d183913a,attack-pattern--53ac20cd-aca3-406e-9aa0-9fc7fdc60a5a
intrusion-set--9b36c218-4d80-4ec6-a68d-cc2886bbe410,attack-pattern--10ffac09-e42d-4f56-ab20-db94c67d76ff
intrusion-set--899ce53f-13a0-479b-a0e4-67d46e241542,attack-pattern--03259939-0b57-482f-8eb5-87c0e0d54334
intrusion-set--0bbdf25b-30ff-4894-a1cd-49260d0dd2d9,attack-pattern--045d0922-2310-4e60-b5e4-3302302cb3c5
intrusion-set--18854f55-ac7c-4634-bd9a-352dd07613b7,attack-pattern--10d51417-ee35-4589-b1ff-b6df1c334e8d
intrusion-set--00f67a77-86a4-4adf-be26-1a54fc713340,attack-pattern--df8b2a25-8bdf-4856-953c-a04372b1c161
intrusion-set--4ca1929c-7d64-4aab-b849-badbfc0c760d,attack-pattern--232b7f21-adf9-4b42-b936-b9d6f7df856e
intrusion-set--00f67a77-86a4-4adf-be26-1a54fc713340,attack-pattern--e6919abc-99f9-4c6c-95a5-14761e7b2add
intrusion-set--d8bc9788-4f7d-41a9-9e9d-ee1ea18a8cf7,attack-pattern--10d51417-ee35-4589-b1ff-b6df1c334e8d
intrusion-set--6fe8a2a1-a1b0-4af8-953d-4babd329f8f8,attack-pattern--2db31dcd-54da-405d-acef-b9129b816ed6
intrusion-set--269e8108-68c6-4f99-b911-14b2e765dec2,attack-pattern--9efb1ea7-c37b-4595-9640-b7680cd84279
intrusion-set--44d37b89-a739-4810-9111-0d2617a8939b,attack-pattern--b4409cd8-0da9-46e1-a401-a241afd4d1cc
intrusion-set--4ca1929c-7d64-4aab-b849-badbfc0c760d,attack-pattern--10d51417-ee35-4589-b1ff-b6df1c334e8d
intrusion-set--fd19bd82-1b14-49a1-a176-6cdc46b8a826,attack-pattern--005a06c6-14bf-4118-afa0-ebcd8aebb0c9
intrusion-set--381fcf73-60f6-4ab2-9991-6af3cbc35192,attack-pattern--232b7f21-adf9-4b42-b936-b9d6f7df856e
intrusion-set--174279b4-399f-4ddb-966e-5efedd1dd5f2,attack-pattern--69f897fd-12a9-4c89-ad6a-46d2f3c38262
intrusion-set--85403903-15e0-4f9f-9be4-a259ecad4022,attack-pattern--30208d3e-0d6b-43c8-883e-44462a514619
intrusion-set--2a7914cf-dff3-428d-ab0f-1014d1c28aeb,attack-pattern--a2fdce72-04b2-409a-ac10-cc1695f4fce0
intrusion-set--fd66436e-4d33-450e-ac4c-f7810f1c85f4,attack-pattern--5282dd9a-d26d-4e16-88b7-7c0f4553daf4
intrusion-set--d8bc9788-4f7d-41a9-9e9d-ee1ea18a8cf7,attack-pattern--b17a1a56-e99c-403c-8948-561df0cffe81
intrusion-set--bef4c620-0787-42a8-a96d-b7eb6e85917c,attack-pattern--9fa07bef-9c81-421e-a8e5-ad4366c5a925
intrusion-set--6eded342-33e5-4451-b6b2-e1c62863129f,attack-pattern--dfd7cc1d-e1d8-4394-a198-97c4cab8aa67
intrusion-set--2a7914cf-dff3-428d-ab0f-1014d1c28aeb,attack-pattern--d63a3fb8-9452-4e9d-a60a-54be68d5998c
intrusion-set--2fd2be6a-d3a2-4a65-b499-05ea2693abee,attack-pattern--00f90846-cbd1-4fc5-9233-df5c2bf2a662
intrusion-set--222fbd21-fc4f-4b7e-9f85-0e6e3a76c33f,attack-pattern--09a60ea3-a8d1-4ae5-976e-5783248b72a4
intrusion-set--7a19ecb1-3c65-4de3-a230-993516aed6a6,attack-pattern--a93494bb-4b80-4ea1-8695-3236a49916fd
intrusion-set--174279b4-399f-4ddb-966e-5efedd1dd5f2,attack-pattern--29be378d-262d-4e99-b00d-852d573628e6
intrusion-set--319fd652-edde-46b2-9987-3519493989f5,attack-pattern--3ccef7ae-cb5e-48f6-8302-897105fbf55c
intrusion-set--56319646-eb6e-41fc-ae53-aadfa7adb924,attack-pattern--dc31fe1e-d722-49da-8f5f-92c7b5aff534
intrusion-set--7a19ecb1-3c65-4de3-a230-993516aed6a6,attack-pattern--bf90d72c-c00b-45e3-b3aa-68560560d4c5
intrusion-set--73a80fab-2aa3-48e0-a4d0-3a4828200aee,attack-pattern--65f2d882-3f41-4d48-8a06-29af77ec9f90
intrusion-set--02b16bd6-ae88-417a-8a3f-02c5e166175a,attack-pattern--57340c81-c025-4189-8fa0-fc7ede51bae4
intrusion-set--18854f55-ac7c-4634-bd9a-352dd07613b7,attack-pattern--d63a3fb8-9452-4e9d-a60a-54be68d5998c
intrusion-set--461b8e25-8f4a-4ea2-a4a8-e39df7ce6630,attack-pattern--cc3502b5-30cc-4473-ad48-42d51a6ef6d1
intrusion-set--0bbdf25b-30ff-4894-a1cd-49260d0dd2d9,attack-pattern--b3d682b6-98f2-4fb0-aa3b-b4df007ca70a
intrusion-set--bef4c620-0787-42a8-a96d-b7eb6e85917c,attack-pattern--348f1eef-964b-4eb6-bb53-69b3dcb0c643
intrusion-set--f9d6633a-55e6-4adc-9263-6ae080421a13,attack-pattern--232b7f21-adf9-4b42-b936-b9d6f7df856e
intrusion-set--420ac20b-f2b9-42b8-aa1a-6d4b72895ca4,attack-pattern--92d7da27-2d91-488e-a00c-059dc162766d
intrusion-set--efed95ba-d7e8-47ff-8c53-99c42426ee7c,attack-pattern--fdc47f44-dd32-4b99-af5f-209f556f63c2
intrusion-set--2a7914cf-dff3-428d-ab0f-1014d1c28aeb,attack-pattern--edf91964-b26e-4b4a-9600-ccacd7d7df24
intrusion-set--6fe8a2a1-a1b0-4af8-953d-4babd329f8f8,attack-pattern--391d824f-0ef1-47a0-b0ee-c59a75e27670
intrusion-set--46599a4a-77ee-4697-9474-2683b6464859,attack-pattern--851e071f-208d-4c79-adc6-5974c85c78f3
intrusion-set--0ec2f388-bf0f-4b5c-97b1-fc736d26c25f,attack-pattern--4933e63b-9b77-476e-ab29-761bc5b7d15a
intrusion-set--8c1f0187-0826-4320-bddc-5f326cfcfe2c,attack-pattern--60d0c01d-e2bf-49dd-a453-f8a9c9fa6f65
intrusion-set--7eda3dd8-b09b-4705-8090-c2ad9fb8c14d,attack-pattern--deb98323-e13f-4b0c-8d94-175379069062
intrusion-set--247cb30b-955f-42eb-97a5-a89fef69341e,attack-pattern--2b742742-28c3-4e1b-bab7-8350d6300fa7
intrusion-set--f9d6633a-55e6-4adc-9263-6ae080421a13,attack-pattern--045d0922-2310-4e60-b5e4-3302302cb3c5
intrusion-set--4283ae19-69c7-4347-a35e-b56f08eb660b,attack-pattern--f3c544dc-673c-4ef3-accb-53229f1ae077
intrusion-set--8c1f0187-0826-4320-bddc-5f326cfcfe2c,attack-pattern--7bc57495-ea59-4380-be31-a64af124ef18
intrusion-set--319fd652-edde-46b2-9987-3519493989f5,attack-pattern--d349c66e-18e1-4d8b-a2d7-65af7cbd2ba0
intrusion-set--bef4c620-0787-42a8-a96d-b7eb6e85917c,attack-pattern--d1fcf083-a721-4223-aedf-bf8960798d62
intrusion-set--06a11b7e-2a36-47fe-8d3e-82c265df3258,attack-pattern--10d51417-ee35-4589-b1ff-b6df1c334e8d
intrusion-set--8c1f0187-0826-4320-bddc-5f326cfcfe2c,attack-pattern--21875073-b0ee-49e3-9077-1e2a885359af
intrusion-set--00f67a77-86a4-4adf-be26-1a54fc713340,attack-pattern--bbde9781-60aa-4b8a-a911-895b0c1b3872
intrusion-set--dd2d9ca6-505b-4860-a604-233685b802c7,attack-pattern--005a06c6-14bf-4118-afa0-ebcd8aebb0c9
intrusion-set--7eda3dd8-b09b-4705-8090-c2ad9fb8c14d,attack-pattern--837f9164-50af-4ac0-8219-379d8a74cefc
intrusion-set--8c1f0187-0826-4320-bddc-5f326cfcfe2c,attack-pattern--8f4a33ec-8b1f-4b80-a2f6-642b2e479580
intrusion-set--f9d6633a-55e6-4adc-9263-6ae080421a13,attack-pattern--d511a6f6-4a33-41d5-bc95-c343875d1377
intrusion-set--174279b4-399f-4ddb-966e-5efedd1dd5f2,attack-pattern--edf91964-b26e-4b4a-9600-ccacd7d7df24
intrusion-set--4283ae19-69c7-4347-a35e-b56f08eb660b,attack-pattern--3ccef7ae-cb5e-48f6-8302-897105fbf55c
intrusion-set--56a05d27-4d47-418a-b330-781c5614f202,attack-pattern--00f90846-cbd1-4fc5-9233-df5c2bf2a662
intrusion-set--269e8108-68c6-4f99-b911-14b2e765dec2,attack-pattern--3ccef7ae-cb5e-48f6-8302-897105fbf55c
intrusion-set--94873029-f950-4268-9cfd-5032e15cb182,attack-pattern--045d0922-2310-4e60-b5e4-3302302cb3c5
intrusion-set--46bb06cb-f2d9-4b37-8c92-a27e224ad90d,attack-pattern--3fc01293-ef5e-41c6-86ce-61f10706b64a
intrusion-set--b516b235-fc7d-4635-aca5-3d33312339c3,attack-pattern--f6ad61ee-65f3-4bd0-a3f5-2f0accb36317
intrusion-set--55033a4d-3ffe-46b2-99b4-2c1541e9ce1c,attack-pattern--b17a1a56-e99c-403c-8948-561df0cffe81
intrusion-set--9735c036-8ebe-47e9-9c77-b0ae656dab93,attack-pattern--f4599aa0-4f85-4a32-80ea-fc39dc965945
intrusion-set--0ec2f388-bf0f-4b5c-97b1-fc736d26c25f,attack-pattern--dd43c543-bb85-4a6f-aa6e-160d90d06a49
intrusion-set--44e43fad-ffcb-4210-abcf-eaaed9735f80,attack-pattern--d63a3fb8-9452-4e9d-a60a-54be68d5998c
intrusion-set--c77c5576-ca19-42ed-a36f-4b4486a84133,attack-pattern--4061e78c-1284-44b4-9116-73e4ac3912f7
intrusion-set--56319646-eb6e-41fc-ae53-aadfa7adb924,attack-pattern--03d7999c-1f4c-42cc-8373-e7690d318104
intrusion-set--420ac20b-f2b9-42b8-aa1a-6d4b72895ca4,attack-pattern--92a78814-b191-47ca-909c-1ccfe3777414
intrusion-set--381fcf73-60f6-4ab2-9991-6af3cbc35192,attack-pattern--391d824f-0ef1-47a0-b0ee-c59a75e27670
intrusion-set--319fd652-edde-46b2-9987-3519493989f5,attack-pattern--bb5a00de-e086-4859-a231-fa793f6797e2
intrusion-set--c0291346-defe-48d7-9542-9e074ba1bdfb,attack-pattern--0259baeb-9f63-4c69-bf10-eb038c390688
intrusion-set--3753cc21-2dae-4dfb-8481-d004e74502cc,attack-pattern--eb062747-2193-45de-8fa2-e62549c37ddf
intrusion-set--93f52415-0fe4-4d3d-896c-fc9b8e88ab90,attack-pattern--df8b2a25-8bdf-4856-953c-a04372b1c161
intrusion-set--fb366179-766c-4a4a-afa1-52bff1fd601c,attack-pattern--03d7999c-1f4c-42cc-8373-e7690d318104
intrusion-set--381fcf73-60f6-4ab2-9991-6af3cbc35192,attack-pattern--a2fdce72-04b2-409a-ac10-cc1695f4fce0
intrusion-set--01e28736-2ffc-455b-9880-ed4d1407ae07,attack-pattern--1c34f7aa-9341-4a48-bfab-af22e51aca6c
intrusion-set--56319646-eb6e-41fc-ae53-aadfa7adb924,attack-pattern--e3a12395-188d-4051-9a16-ea8e14d07b88
intrusion-set--2a158b0a-7ef8-43cb-9985-bf34d1e12050,attack-pattern--e3a12395-188d-4051-9a16-ea8e14d07b88
intrusion-set--93f52415-0fe4-4d3d-896c-fc9b8e88ab90,attack-pattern--ae676644-d2d2-41b7-af7e-9bed1b55898c
intrusion-set--2a158b0a-7ef8-43cb-9985-bf34d1e12050,attack-pattern--01a5a209-b94c-450b-b7f9-946497d91055
intrusion-set--0bbdf25b-30ff-4894-a1cd-49260d0dd2d9,attack-pattern--2b742742-28c3-4e1b-bab7-8350d6300fa7
intrusion-set--918da025-04bd-48af-b6c4-f3e4d1b915eb,attack-pattern--cbb66055-0325-4111-aca0-40547b6ad5b0
intrusion-set--56a05d27-4d47-418a-b330-781c5614f202,attack-pattern--4a2975db-414e-4c0c-bd92-775987514b4b
intrusion-set--01e28736-2ffc-455b-9880-ed4d1407ae07,attack-pattern--eb062747-2193-45de-8fa2-e62549c37ddf
intrusion-set--32bca8ff-d900-4877-aa65-d70baa041b74,attack-pattern--6add2ab5-2711-4e9d-87c8-7a0be8531530
intrusion-set--674582ec-51c4-42ce-b409-797239e37a2a,attack-pattern--bbde9781-60aa-4b8a-a911-895b0c1b3872
intrusion-set--d0b3393b-3bec-4ba3-bda9-199d30db47b6,attack-pattern--232b7f21-adf9-4b42-b936-b9d6f7df856e
intrusion-set--174279b4-399f-4ddb-966e-5efedd1dd5f2,attack-pattern--deb98323-e13f-4b0c-8d94-175379069062
intrusion-set--fe8796a4-2a02-41a0-9d27-7aa1e995feb6,attack-pattern--0d91b3c0-5e50-47c3-949a-2a796f04d144
intrusion-set--6566aac9-dad8-4332-ae73-20c23bad7f02,attack-pattern--1c4e5d32-1fe9-4116-9d9d-59e3925bd6a2
intrusion-set--94873029-f950-4268-9cfd-5032e15cb182,attack-pattern--c2e147a9-d1a8-4074-811a-d8789202d916
intrusion-set--c93fccb1-e8e8-42cf-ae33-2ad1d183913a,attack-pattern--be2dcee9-a7a7-4e38-afd6-21b31ecc3d63
intrusion-set--dd2d9ca6-505b-4860-a604-233685b802c7,attack-pattern--d511a6f6-4a33-41d5-bc95-c343875d1377
intrusion-set--b8137919-38cb-4db0-90f3-437be885faba,attack-pattern--1c34f7aa-9341-4a48-bfab-af22e51aca6c
intrusion-set--174279b4-399f-4ddb-966e-5efedd1dd5f2,attack-pattern--24bfaeba-cb0d-4525-b3dc-507c77ecec41
intrusion-set--fd19bd82-1b14-49a1-a176-6cdc46b8a826,attack-pattern--ef67e13e-5598-4adc-bdb2-998225874fa9
intrusion-set--b7f627e2-0817-4cd5-8d50-e75f8aa85cc6,attack-pattern--e6919abc-99f9-4c6c-95a5-14761e7b2add
intrusion-set--c47f937f-1022-4f42-8525-e7a4779a14cb,attack-pattern--be055942-6e63-49d7-9fa1-9cb7d8a8f3f4
intrusion-set--a7f57cc1-4540-4429-823f-f4e56b8473c9,attack-pattern--7807d3a4-a885-4639-a786-c1ed41484970
intrusion-set--319fd652-edde-46b2-9987-3519493989f5,attack-pattern--2fee9321-3e71-4cf4-af24-d4d40d355b34
intrusion-set--222fbd21-fc4f-4b7e-9f85-0e6e3a76c33f,attack-pattern--21875073-b0ee-49e3-9077-1e2a885359af
intrusion-set--381fcf73-60f6-4ab2-9991-6af3cbc35192,attack-pattern--60c4b628-4807-4b0b-bbf5-fdac8643c337
intrusion-set--d8bc9788-4f7d-41a9-9e9d-ee1ea18a8cf7,attack-pattern--7807d3a4-a885-4639-a786-c1ed41484970
intrusion-set--813636db-3939-4a45-bea9-6113e970c029,attack-pattern--a93494bb-4b80-4ea1-8695-3236a49916fd
intrusion-set--df71bb3b-813c-45eb-a8bc-f2a419837411,attack-pattern--2e34237d-8574-43f6-aace-ae2915de8597
intrusion-set--88b7dbc2-32d3-4e31-af2f-3fc24e1582d7,attack-pattern--f6dacc85-b37d-458e-b58d-74fc4bbf5755
intrusion-set--7eda3dd8-b09b-4705-8090-c2ad9fb8c14d,attack-pattern--dfd7cc1d-e1d8-4394-a198-97c4cab8aa67
intrusion-set--8b1e16f6-e7c8-4b7a-a5df-f81232c13e2f,attack-pattern--851e071f-208d-4c79-adc6-5974c85c78f3
intrusion-set--269e8108-68c6-4f99-b911-14b2e765dec2,attack-pattern--232a7e42-cd6e-4902-8fe9-2960f529dd4d
intrusion-set--5ce5392a-3a6c-4e07-9df3-9b6a9159ac45,attack-pattern--bbde9781-60aa-4b8a-a911-895b0c1b3872
intrusion-set--8a831aaa-f3e0-47a3-bed8-a9ced744dd12,attack-pattern--d742a578-d70e-4d0e-96a6-02a9c30204e6
intrusion-set--2688b13e-8e71-405a-9c40-0dee94bddf87,attack-pattern--3298ce88-1628-43b1-87d9-0b5336b193d7
intrusion-set--dc6fe6ee-04c2-49be-ba3d-f38d2463c02a,attack-pattern--232b7f21-adf9-4b42-b936-b9d6f7df856e
intrusion-set--ead23196-d7b6-4ce6-a124-4ab4b67d81bd,attack-pattern--970a3432-3237-47ad-bcca-7d8cbb217736
intrusion-set--88b7dbc2-32d3-4e31-af2f-3fc24e1582d7,attack-pattern--10ffac09-e42d-4f56-ab20-db94c67d76ff
intrusion-set--17862c7d-9e60-48a0-b48e-da4dc4c3f6b0,attack-pattern--2e34237d-8574-43f6-aace-ae2915de8597
intrusion-set--8b1e16f6-e7c8-4b7a-a5df-f81232c13e2f,attack-pattern--731f4f55-b6d0-41d1-a7a9-072a66389aea
intrusion-set--8cf6e33b-b6ef-4a1f-a77c-0ecdde93161f,attack-pattern--cd92d2b8-ce43-4666-9472-f1b4b9f4f8be
intrusion-set--44e43fad-ffcb-4210-abcf-eaaed9735f80,attack-pattern--be055942-6e63-49d7-9fa1-9cb7d8a8f3f4
intrusion-set--bf668120-e9a6-4017-a014-bfc0f5232656,attack-pattern--851e071f-208d-4c79-adc6-5974c85c78f3
intrusion-set--ebd7ce77-c9ba-4fba-bb28-58296ac66559,attack-pattern--21875073-b0ee-49e3-9077-1e2a885359af
intrusion-set--9e729a7e-0dd6-4097-95bf-db8d64911383,attack-pattern--3b744087-9945-4a6f-91e8-9dbceda417a4
intrusion-set--46599a4a-77ee-4697-9474-2683b6464859,attack-pattern--fb8d023d-45be-47e9-bc51-f56bcae6435b
intrusion-set--4283ae19-69c7-4347-a35e-b56f08eb660b,attack-pattern--2d3f5b3c-54ca-4f4d-bb1f-849346d31230
intrusion-set--247cb30b-955f-42eb-97a5-a89fef69341e,attack-pattern--2d3f5b3c-54ca-4f4d-bb1f-849346d31230
intrusion-set--899ce53f-13a0-479b-a0e4-67d46e241542,attack-pattern--d4dc46e3-5ba5-45b9-8204-010867cacfcb
intrusion-set--6a2e693f-24e5-451a-9f88-b36a108e5662,attack-pattern--2b742742-28c3-4e1b-bab7-8350d6300fa7
intrusion-set--918da025-04bd-48af-b6c4-f3e4d1b915eb,attack-pattern--3489cfc5-640f-4bb3-a103-9137b97de79f
intrusion-set--dc6fe6ee-04c2-49be-ba3d-f38d2463c02a,attack-pattern--b21c3b2d-02e6-45b1-980b-e69051040839
intrusion-set--899ce53f-13a0-479b-a0e4-67d46e241542,attack-pattern--d63a3fb8-9452-4e9d-a60a-54be68d5998c
intrusion-set--fb366179-766c-4a4a-afa1-52bff1fd601c,attack-pattern--3ee16395-03f0-4690-a32e-69ce9ada0f9e
intrusion-set--dd2d9ca6-505b-4860-a604-233685b802c7,attack-pattern--d63a3fb8-9452-4e9d-a60a-54be68d5998c
intrusion-set--01e28736-2ffc-455b-9880-ed4d1407ae07,attack-pattern--315f51f0-6b03-4c1e-bfb2-84740afb8e21
intrusion-set--bef4c620-0787-42a8-a96d-b7eb6e85917c,attack-pattern--48b836c6-e4ca-435a-82a3-29c03e5b492e
intrusion-set--269e8108-68c6-4f99-b911-14b2e765dec2,attack-pattern--d511a6f6-4a33-41d5-bc95-c343875d1377
intrusion-set--03be849d-b5a2-4766-9dda-48976bae5710,attack-pattern--3ee16395-03f0-4690-a32e-69ce9ada0f9e
intrusion-set--fd66436e-4d33-450e-ac4c-f7810f1c85f4,attack-pattern--7bdca9d5-d500-4d7d-8c52-5fd47baf4c0c
intrusion-set--17862c7d-9e60-48a0-b48e-da4dc4c3f6b0,attack-pattern--d511a6f6-4a33-41d5-bc95-c343875d1377
intrusion-set--16ade1aa-0ea1-4bb7-88cc-9079df2ae756,attack-pattern--7bc57495-ea59-4380-be31-a64af124ef18
intrusion-set--88b7dbc2-32d3-4e31-af2f-3fc24e1582d7,attack-pattern--57340c81-c025-4189-8fa0-fc7ede51bae4
intrusion-set--f29b7c5e-2439-42ad-a86f-9f8984fafae3,attack-pattern--a01bf75f-00b2-4568-a58f-565ff9bf202b
intrusion-set--6713ab67-e25b-49cc-808d-2b36d4fbc35c,attack-pattern--7bc57495-ea59-4380-be31-a64af124ef18
intrusion-set--3753cc21-2dae-4dfb-8481-d004e74502cc,attack-pattern--63e3d25c-d57d-407d-8e6a-2cecd71f90be
intrusion-set--174279b4-399f-4ddb-966e-5efedd1dd5f2,attack-pattern--65f2d882-3f41-4d48-8a06-29af77ec9f90
intrusion-set--dd2d9ca6-505b-4860-a604-233685b802c7,attack-pattern--8d7bd4f5-3a89-4453-9c82-2c8894d5655e
intrusion-set--899ce53f-13a0-479b-a0e4-67d46e241542,attack-pattern--be2dcee9-a7a7-4e38-afd6-21b31ecc3d63
intrusion-set--4ca1929c-7d64-4aab-b849-badbfc0c760d,attack-pattern--c3d4bdd9-2cfe-4a80-9d0c-07a29ecdce8f
intrusion-set--c4d50cdf-87ce-407d-86d8-862883485842,attack-pattern--7bdca9d5-d500-4d7d-8c52-5fd47baf4c0c
intrusion-set--02b16bd6-ae88-417a-8a3f-02c5e166175a,attack-pattern--b200542e-e877-4395-875b-cf1a44537ca4
intrusion-set--420ac20b-f2b9-42b8-aa1a-6d4b72895ca4,attack-pattern--035bb001-ab69-4a0b-9f6c-2de8b09e1b9d
intrusion-set--d13c8a7f-740b-4efa-a232-de7d6bb05321,attack-pattern--eb062747-2193-45de-8fa2-e62549c37ddf
intrusion-set--7113eaa5-ba79-4fb3-b68a-398ee9cd698e,attack-pattern--65013dd2-bc61-43e3-afb5-a14c4fa7437a
intrusion-set--13ef3485-70d2-4567-b934-0e83c1eafcf1,attack-pattern--0f4a0c76-ab2d-4cb0-85d3-3f0efb8cba0d
intrusion-set--b7f627e2-0817-4cd5-8d50-e75f8aa85cc6,attack-pattern--cabe189c-a0e3-4965-a473-dcff00f17213
intrusion-set--75a07184-a7e5-4222-95a1-a04dbc96a29c,attack-pattern--79da0971-3147-4af6-a4f5-e8cd447cd795
intrusion-set--cc613a49-9bfa-4e22-98d1-15ffbb03f034,attack-pattern--40f5caa0-4cb7-4117-89fc-d421bb493df3
intrusion-set--ebd7ce77-c9ba-4fba-bb28-58296ac66559,attack-pattern--7807d3a4-a885-4639-a786-c1ed41484970
intrusion-set--44d37b89-a739-4810-9111-0d2617a8939b,attack-pattern--cd92d2b8-ce43-4666-9472-f1b4b9f4f8be
intrusion-set--46bb06cb-f2d9-4b37-8c92-a27e224ad90d,attack-pattern--e358d692-23c0-4a31-9eb6-ecc13a8d7735
intrusion-set--7b404cd0-3ae9-41d4-90c0-023793d35d97,attack-pattern--55bb4471-ff1f-43b4-88c1-c9384ec47abf
intrusion-set--32bca8ff-d900-4877-aa65-d70baa041b74,attack-pattern--58a3e6aa-4453-4cc8-a51f-4befe80b31a8
intrusion-set--3fc023b2-c5cc-481d-9c3e-70141ae1a87e,attack-pattern--9efb1ea7-c37b-4595-9640-b7680cd84279
intrusion-set--247cb30b-955f-42eb-97a5-a89fef69341e,attack-pattern--25659dd6-ea12-45c4-97e6-381e3e4b593e
intrusion-set--44e43fad-ffcb-4210-abcf-eaaed9735f80,attack-pattern--00f90846-cbd1-4fc5-9233-df5c2bf2a662
intrusion-set--f9d6633a-55e6-4adc-9263-6ae080421a13,attack-pattern--e3a12395-188d-4051-9a16-ea8e14d07b88
intrusion-set--fd66436e-4d33-450e-ac4c-f7810f1c85f4,attack-pattern--4f9ca633-15c5-463c-9724-bdcd54fde541
intrusion-set--75a07184-a7e5-4222-95a1-a04dbc96a29c,attack-pattern--0f4a0c76-ab2d-4cb0-85d3-3f0efb8cba0d
intrusion-set--0ec2f388-bf0f-4b5c-97b1-fc736d26c25f,attack-pattern--16cdd21f-da65-4e4f-bc04-dd7d198c7b26
intrusion-set--06a11b7e-2a36-47fe-8d3e-82c265df3258,attack-pattern--deb98323-e13f-4b0c-8d94-175379069062
intrusion-set--94873029-f950-4268-9cfd-5032e15cb182,attack-pattern--2e34237d-8574-43f6-aace-ae2915de8597
intrusion-set--44102191-3a31-45f8-acbe-34bdb441d5ad,attack-pattern--e3a12395-188d-4051-9a16-ea8e14d07b88
intrusion-set--174279b4-399f-4ddb-966e-5efedd1dd5f2,attack-pattern--75b9a4d2-d4e2-4ca1-9aab-1badd9e05fd0
intrusion-set--dc6fe6ee-04c2-49be-ba3d-f38d2463c02a,attack-pattern--4cbc6a62-9e34-4f94-8a19-5c1a11392a49
intrusion-set--899ce53f-13a0-479b-a0e4-67d46e241542,attack-pattern--7b211ac6-c815-4189-93a9-ab415deca926
intrusion-set--44102191-3a31-45f8-acbe-34bdb441d5ad,attack-pattern--806a49c4-970d-43f9-9acc-ac0ee11e6662
intrusion-set--82323c70-4186-4b61-94f5-b227c3b28e89,attack-pattern--1c4e5d32-1fe9-4116-9d9d-59e3925bd6a2
intrusion-set--c93fccb1-e8e8-42cf-ae33-2ad1d183913a,attack-pattern--970a3432-3237-47ad-bcca-7d8cbb217736
intrusion-set--2688b13e-8e71-405a-9c40-0dee94bddf87,attack-pattern--30208d3e-0d6b-43c8-883e-44462a514619
intrusion-set--c93fccb1-e8e8-42cf-ae33-2ad1d183913a,attack-pattern--2b742742-28c3-4e1b-bab7-8350d6300fa7
intrusion-set--4ca1929c-7d64-4aab-b849-badbfc0c760d,attack-pattern--b6075259-dba3-44e9-87c7-e954f37ec0d5
intrusion-set--fbe9387f-34e6-4828-ac28-3080020c597b,attack-pattern--fdc47f44-dd32-4b99-af5f-209f556f63c2
intrusion-set--4a2ce82e-1a74-468a-a6fb-bbead541383c,attack-pattern--58a3e6aa-4453-4cc8-a51f-4befe80b31a8
intrusion-set--d13c8a7f-740b-4efa-a232-de7d6bb05321,attack-pattern--6faf650d-bf31-4eb4-802d-1000cf38efaf
intrusion-set--76565741-3452-4069-ab08-80c0ea95bbeb,attack-pattern--54b4c251-1f0e-4eba-ba6b-dbc7a6f6f06b
intrusion-set--ecbf507f-6786-4121-a4cc-0fd6a8d3a29d,attack-pattern--fdc47f44-dd32-4b99-af5f-209f556f63c2
intrusion-set--7a19ecb1-3c65-4de3-a230-993516aed6a6,attack-pattern--d742a578-d70e-4d0e-96a6-02a9c30204e6
intrusion-set--bef4c620-0787-42a8-a96d-b7eb6e85917c,attack-pattern--d74c4a7e-ffbf-432f-9365-7ebf1f787cab
intrusion-set--bef4c620-0787-42a8-a96d-b7eb6e85917c,attack-pattern--d63a3fb8-9452-4e9d-a60a-54be68d5998c
intrusion-set--4ca1929c-7d64-4aab-b849-badbfc0c760d,attack-pattern--3dc8c101-d4db-4f4d-8150-1b5a76ca5f1b
intrusion-set--17862c7d-9e60-48a0-b48e-da4dc4c3f6b0,attack-pattern--a2fdce72-04b2-409a-ac10-cc1695f4fce0
intrusion-set--3753cc21-2dae-4dfb-8481-d004e74502cc,attack-pattern--b80d107d-fa0d-4b60-9684-b0433e8bdba0
intrusion-set--2e290bfe-93b5-48ce-97d6-edcd6d32b7cf,attack-pattern--57340c81-c025-4189-8fa0-fc7ede51bae4
intrusion-set--b74f909f-8e52-4b69-b770-162bf59a1b4e,attack-pattern--65f2d882-3f41-4d48-8a06-29af77ec9f90
intrusion-set--247cb30b-955f-42eb-97a5-a89fef69341e,attack-pattern--970a3432-3237-47ad-bcca-7d8cbb217736
intrusion-set--c93fccb1-e8e8-42cf-ae33-2ad1d183913a,attack-pattern--1c34f7aa-9341-4a48-bfab-af22e51aca6c
intrusion-set--3753cc21-2dae-4dfb-8481-d004e74502cc,attack-pattern--a2fdce72-04b2-409a-ac10-cc1695f4fce0
intrusion-set--c1aab4c9-4c34-4f4f-8541-d529e46a07f9,attack-pattern--960c3c86-1480-4d72-b4e0-8c242e84a5c5
intrusion-set--c416b28c-103b-4df1-909e-78089a7e0e5f,attack-pattern--2e34237d-8574-43f6-aace-ae2915de8597
intrusion-set--0ec2f388-bf0f-4b5c-97b1-fc736d26c25f,attack-pattern--d1fcf083-a721-4223-aedf-bf8960798d62
intrusion-set--82323c70-4186-4b61-94f5-b227c3b28e89,attack-pattern--2e34237d-8574-43f6-aace-ae2915de8597
intrusion-set--c4d50cdf-87ce-407d-86d8-862883485842,attack-pattern--0d91b3c0-5e50-47c3-949a-2a796f04d144
intrusion-set--d1acfbb3-647b-4723-9154-800ec119006e,attack-pattern--ae676644-d2d2-41b7-af7e-9bed1b55898c
intrusion-set--ebd7ce77-c9ba-4fba-bb28-58296ac66559,attack-pattern--f5d8eed6-48a9-4cdf-a3d7-d1ffa99c3d2a
intrusion-set--4ca1929c-7d64-4aab-b849-badbfc0c760d,attack-pattern--21875073-b0ee-49e3-9077-1e2a885359af
intrusion-set--0ec2f388-bf0f-4b5c-97b1-fc736d26c25f,attack-pattern--40f5caa0-4cb7-4117-89fc-d421bb493df3
intrusion-set--1f21da59-6a13-455b-afd0-d58d0a5a7d27,attack-pattern--e6919abc-99f9-4c6c-95a5-14761e7b2add
intrusion-set--174279b4-399f-4ddb-966e-5efedd1dd5f2,attack-pattern--810d8072-afb6-4a56-9ee7-86379ac4a6f3
intrusion-set--c21dd6f1-1364-4a70-a1f7-783080ec34ee,attack-pattern--0d91b3c0-5e50-47c3-949a-2a796f04d144
intrusion-set--54dfec3e-6464-4f74-9d69-b7c817b7e5a3,attack-pattern--005a06c6-14bf-4118-afa0-ebcd8aebb0c9
intrusion-set--174279b4-399f-4ddb-966e-5efedd1dd5f2,attack-pattern--09312b1a-c3c6-4b45-9844-3ccc78e5d82f
intrusion-set--2e290bfe-93b5-48ce-97d6-edcd6d32b7cf,attack-pattern--132d5b37-aac5-4378-a8dc-3127b18a73dc
intrusion-set--cc613a49-9bfa-4e22-98d1-15ffbb03f034,attack-pattern--03d7999c-1f4c-42cc-8373-e7690d318104
intrusion-set--fbd29c89-18ba-4c2d-b792-51c0adee049f,attack-pattern--65f2d882-3f41-4d48-8a06-29af77ec9f90
intrusion-set--dd2d9ca6-505b-4860-a604-233685b802c7,attack-pattern--fb8d023d-45be-47e9-bc51-f56bcae6435b
intrusion-set--44e43fad-ffcb-4210-abcf-eaaed9735f80,attack-pattern--5d0d3609-d06d-49e1-b9c9-b544e0c618cb
intrusion-set--b7f627e2-0817-4cd5-8d50-e75f8aa85cc6,attack-pattern--a2fdce72-04b2-409a-ac10-cc1695f4fce0
intrusion-set--222fbd21-fc4f-4b7e-9f85-0e6e3a76c33f,attack-pattern--edf91964-b26e-4b4a-9600-ccacd7d7df24
intrusion-set--6713ab67-e25b-49cc-808d-2b36d4fbc35c,attack-pattern--10d51417-ee35-4589-b1ff-b6df1c334e8d
intrusion-set--fd66436e-4d33-450e-ac4c-f7810f1c85f4,attack-pattern--65f2d882-3f41-4d48-8a06-29af77ec9f90
intrusion-set--3753cc21-2dae-4dfb-8481-d004e74502cc,attack-pattern--937e4772-8441-4e4a-8bf0-8d447d667e23
intrusion-set--bfc5ddb3-4dfb-4278-8928-020e1b3feddd,attack-pattern--d1fcf083-a721-4223-aedf-bf8960798d62
intrusion-set--467271fd-47c0-4e90-a3f9-d84f5cf790d0,attack-pattern--ef67e13e-5598-4adc-bdb2-998225874fa9
intrusion-set--7b404cd0-3ae9-41d4-90c0-023793d35d97,attack-pattern--8861073d-d1b8-4941-82ce-dce621d398f0
intrusion-set--2e290bfe-93b5-48ce-97d6-edcd6d32b7cf,attack-pattern--4933e63b-9b77-476e-ab29-761bc5b7d15a
intrusion-set--918da025-04bd-48af-b6c4-f3e4d1b915eb,attack-pattern--a782ebe2-daba-42c7-bc82-e8e9d923162d
intrusion-set--d13c8a7f-740b-4efa-a232-de7d6bb05321,attack-pattern--0f4a0c76-ab2d-4cb0-85d3-3f0efb8cba0d
intrusion-set--420ac20b-f2b9-42b8-aa1a-6d4b72895ca4,attack-pattern--5d0d3609-d06d-49e1-b9c9-b544e0c618cb
intrusion-set--b2e34388-6938-4c59-a702-80dc219e15e3,attack-pattern--5d0d3609-d06d-49e1-b9c9-b544e0c618cb
intrusion-set--3fc023b2-c5cc-481d-9c3e-70141ae1a87e,attack-pattern--df8b2a25-8bdf-4856-953c-a04372b1c161
intrusion-set--35d1b3be-49d4-42f1-aaa6-ef159c880bca,attack-pattern--deb98323-e13f-4b0c-8d94-175379069062
intrusion-set--44e43fad-ffcb-4210-abcf-eaaed9735f80,attack-pattern--e6919abc-99f9-4c6c-95a5-14761e7b2add
intrusion-set--d8bc9788-4f7d-41a9-9e9d-ee1ea18a8cf7,attack-pattern--6a5d222a-a7e0-4656-b110-782c33098289
intrusion-set--674582ec-51c4-42ce-b409-797239e37a2a,attack-pattern--cd92d2b8-ce43-4666-9472-f1b4b9f4f8be
intrusion-set--88b7dbc2-32d3-4e31-af2f-3fc24e1582d7,attack-pattern--7e150503-88e7-4861-866b-ff1ac82c4475
intrusion-set--46599a4a-77ee-4697-9474-2683b6464859,attack-pattern--0f4a0c76-ab2d-4cb0-85d3-3f0efb8cba0d
intrusion-set--03be849d-b5a2-4766-9dda-48976bae5710,attack-pattern--391d824f-0ef1-47a0-b0ee-c59a75e27670
intrusion-set--56a05d27-4d47-418a-b330-781c5614f202,attack-pattern--a2fdce72-04b2-409a-ac10-cc1695f4fce0
intrusion-set--381fcf73-60f6-4ab2-9991-6af3cbc35192,attack-pattern--e3b168bd-fcd7-439e-9382-2e6c2f63514d
intrusion-set--18854f55-ac7c-4634-bd9a-352dd07613b7,attack-pattern--2e34237d-8574-43f6-aace-ae2915de8597
intrusion-set--899ce53f-13a0-479b-a0e4-67d46e241542,attack-pattern--ef67e13e-5598-4adc-bdb2-998225874fa9
intrusion-set--38fd6a28-3353-4f2b-bb2b-459fecd5c648,attack-pattern--d63a3fb8-9452-4e9d-a60a-54be68d5998c
intrusion-set--00f67a77-86a4-4adf-be26-1a54fc713340,attack-pattern--deb98323-e13f-4b0c-8d94-175379069062
intrusion-set--3753cc21-2dae-4dfb-8481-d004e74502cc,attack-pattern--f1951e8a-500e-4a26-8803-76d95c4554b4
intrusion-set--dd2d9ca6-505b-4860-a604-233685b802c7,attack-pattern--bbde9781-60aa-4b8a-a911-895b0c1b3872
intrusion-set--c1aab4c9-4c34-4f4f-8541-d529e46a07f9,attack-pattern--09a60ea3-a8d1-4ae5-976e-5783248b72a4
intrusion-set--dd2d9ca6-505b-4860-a604-233685b802c7,attack-pattern--cba37adb-d6fb-4610-b069-dd04c0643384
intrusion-set--c5b81590-6814-4d2a-8baa-15c4b6c7f960,attack-pattern--09a60ea3-a8d1-4ae5-976e-5783248b72a4
intrusion-set--8cf6e33b-b6ef-4a1f-a77c-0ecdde93161f,attack-pattern--a2fdce72-04b2-409a-ac10-cc1695f4fce0
intrusion-set--7113eaa5-ba79-4fb3-b68a-398ee9cd698e,attack-pattern--2b742742-28c3-4e1b-bab7-8350d6300fa7
intrusion-set--3ea7add5-5b8f-45d8-b1f1-905d2729d62a,attack-pattern--79da0971-3147-4af6-a4f5-e8cd447cd795
intrusion-set--44d37b89-a739-4810-9111-0d2617a8939b,attack-pattern--40f5caa0-4cb7-4117-89fc-d421bb493df3
intrusion-set--1c63d4ec-0a75-4daa-b1df-0d11af3d3cc1,attack-pattern--40f5caa0-4cb7-4117-89fc-d421bb493df3
intrusion-set--6713ab67-e25b-49cc-808d-2b36d4fbc35c,attack-pattern--e358d692-23c0-4a31-9eb6-ecc13a8d7735
intrusion-set--06a11b7e-2a36-47fe-8d3e-82c265df3258,attack-pattern--5d0d3609-d06d-49e1-b9c9-b544e0c618cb
intrusion-set--0ec2f388-bf0f-4b5c-97b1-fc736d26c25f,attack-pattern--c32f7008-9fea-41f7-8366-5eb9b74bd896
intrusion-set--c21dd6f1-1364-4a70-a1f7-783080ec34ee,attack-pattern--fb75213f-cfb0-40bf-a02f-3bad93d6601e
intrusion-set--467271fd-47c0-4e90-a3f9-d84f5cf790d0,attack-pattern--40f5caa0-4cb7-4117-89fc-d421bb493df3
intrusion-set--8c1f0187-0826-4320-bddc-5f326cfcfe2c,attack-pattern--4f9ca633-15c5-463c-9724-bdcd54fde541
intrusion-set--918da025-04bd-48af-b6c4-f3e4d1b915eb,attack-pattern--3f886f2a-874f-4333-b794-aa6075009b1c
intrusion-set--dc6fe6ee-04c2-49be-ba3d-f38d2463c02a,attack-pattern--b97f1d35-4249-4486-a6b5-ee60ccf24fab
intrusion-set--0bbdf25b-30ff-4894-a1cd-49260d0dd2d9,attack-pattern--3e6831b2-bf4c-4ae6-b328-2e7c6633b291
intrusion-set--381fcf73-60f6-4ab2-9991-6af3cbc35192,attack-pattern--7bc57495-ea59-4380-be31-a64af124ef18
intrusion-set--17862c7d-9e60-48a0-b48e-da4dc4c3f6b0,attack-pattern--d742a578-d70e-4d0e-96a6-02a9c30204e6
intrusion-set--f9d6633a-55e6-4adc-9263-6ae080421a13,attack-pattern--0dda99f0-4701-48ca-9774-8504922e92d3
intrusion-set--75a07184-a7e5-4222-95a1-a04dbc96a29c,attack-pattern--2e34237d-8574-43f6-aace-ae2915de8597
intrusion-set--8c1f0187-0826-4320-bddc-5f326cfcfe2c,attack-pattern--970a3432-3237-47ad-bcca-7d8cbb217736
intrusion-set--6a2e693f-24e5-451a-9f88-b36a108e5662,attack-pattern--707399d6-ab3e-4963-9315-d9d3818cd6a0
intrusion-set--0ec2f388-bf0f-4b5c-97b1-fc736d26c25f,attack-pattern--937e4772-8441-4e4a-8bf0-8d447d667e23
intrusion-set--c1aab4c9-4c34-4f4f-8541-d529e46a07f9,attack-pattern--f232fa7a-025c-4d43-abc7-318e81a73d65
intrusion-set--1c63d4ec-0a75-4daa-b1df-0d11af3d3cc1,attack-pattern--1644e709-12d2-41e5-a60f-3470991f5011
intrusion-set--4a2ce82e-1a74-468a-a6fb-bbead541383c,attack-pattern--ff73aa03-0090-4464-83ac-f89e233c02bc
intrusion-set--247cb30b-955f-42eb-97a5-a89fef69341e,attack-pattern--65f2d882-3f41-4d48-8a06-29af77ec9f90
intrusion-set--1c63d4ec-0a75-4daa-b1df-0d11af3d3cc1,attack-pattern--8982a661-d84c-48c0-b4ec-1db29c6cf3bc
intrusion-set--247cb30b-955f-42eb-97a5-a89fef69341e,attack-pattern--e3a12395-188d-4051-9a16-ea8e14d07b88
intrusion-set--fbd29c89-18ba-4c2d-b792-51c0adee049f,attack-pattern--2b742742-28c3-4e1b-bab7-8350d6300fa7
intrusion-set--8cf6e33b-b6ef-4a1f-a77c-0ecdde93161f,attack-pattern--65f2d882-3f41-4d48-8a06-29af77ec9f90
intrusion-set--0d4ac089-ced4-4cc4-a989-174d08e6d030,attack-pattern--f9cc4d06-775f-4ee1-b401-4e2cc0da30ba
intrusion-set--b516b235-fc7d-4635-aca5-3d33312339c3,attack-pattern--21875073-b0ee-49e3-9077-1e2a885359af
intrusion-set--54dfec3e-6464-4f74-9d69-b7c817b7e5a3,attack-pattern--354a7f88-63fb-41b5-a801-ce3b377b36f1
intrusion-set--bef4c620-0787-42a8-a96d-b7eb6e85917c,attack-pattern--53ac20cd-aca3-406e-9aa0-9fc7fdc60a5a
intrusion-set--39d6890e-7f23-4474-b8ef-e7b0343c5fc8,attack-pattern--8f4a33ec-8b1f-4b80-a2f6-642b2e479580
intrusion-set--420ac20b-f2b9-42b8-aa1a-6d4b72895ca4,attack-pattern--66b34be7-6915-4b83-8d5a-b0f0592b5e41
intrusion-set--174279b4-399f-4ddb-966e-5efedd1dd5f2,attack-pattern--7e150503-88e7-4861-866b-ff1ac82c4475
intrusion-set--c93fccb1-e8e8-42cf-ae33-2ad1d183913a,attack-pattern--bd5b58a4-a52d-4a29-bc0d-3f1d3968eb6b
intrusion-set--bef4c620-0787-42a8-a96d-b7eb6e85917c,attack-pattern--e6919abc-99f9-4c6c-95a5-14761e7b2add
intrusion-set--18854f55-ac7c-4634-bd9a-352dd07613b7,attack-pattern--bbde9781-60aa-4b8a-a911-895b0c1b3872
intrusion-set--6713ab67-e25b-49cc-808d-2b36d4fbc35c,attack-pattern--1644e709-12d2-41e5-a60f-3470991f5011
intrusion-set--420ac20b-f2b9-42b8-aa1a-6d4b72895ca4,attack-pattern--e7cbc1de-1f79-48ee-abfd-da1241c65a15
intrusion-set--54dfec3e-6464-4f74-9d69-b7c817b7e5a3,attack-pattern--2e34237d-8574-43f6-aace-ae2915de8597
intrusion-set--7b404cd0-3ae9-41d4-90c0-023793d35d97,attack-pattern--60d0c01d-e2bf-49dd-a453-f8a9c9fa6f65
intrusion-set--fb366179-766c-4a4a-afa1-52bff1fd601c,attack-pattern--5d0d3609-d06d-49e1-b9c9-b544e0c618cb
intrusion-set--93f52415-0fe4-4d3d-896c-fc9b8e88ab90,attack-pattern--bbde9781-60aa-4b8a-a911-895b0c1b3872
intrusion-set--277d2f87-2ae5-4730-a3aa-50c1fdff9656,attack-pattern--f6dacc85-b37d-458e-b58d-74fc4bbf5755
intrusion-set--0ec2f388-bf0f-4b5c-97b1-fc736d26c25f,attack-pattern--df8b2a25-8bdf-4856-953c-a04372b1c161
intrusion-set--174279b4-399f-4ddb-966e-5efedd1dd5f2,attack-pattern--25659dd6-ea12-45c4-97e6-381e3e4b593e
intrusion-set--56a05d27-4d47-418a-b330-781c5614f202,attack-pattern--3f886f2a-874f-4333-b794-aa6075009b1c
intrusion-set--c93fccb1-e8e8-42cf-ae33-2ad1d183913a,attack-pattern--01a5a209-b94c-450b-b7f9-946497d91055
intrusion-set--a0cb9370-e39b-44d5-9f50-ef78e412b973,attack-pattern--b83e166d-13d7-4b52-8677-dff90c548fd7
intrusion-set--8c1f0187-0826-4320-bddc-5f326cfcfe2c,attack-pattern--edf91964-b26e-4b4a-9600-ccacd7d7df24
intrusion-set--d8bc9788-4f7d-41a9-9e9d-ee1ea18a8cf7,attack-pattern--8c32eb4d-805f-4fc5-bf60-c4d476c131b5
intrusion-set--fb366179-766c-4a4a-afa1-52bff1fd601c,attack-pattern--9efb1ea7-c37b-4595-9640-b7680cd84279
intrusion-set--174279b4-399f-4ddb-966e-5efedd1dd5f2,attack-pattern--5e4a2073-9643-44cb-a0b5-e7f4048446c7
intrusion-set--3753cc21-2dae-4dfb-8481-d004e74502cc,attack-pattern--88d31120-5bc7-4ce3-a9c0-7cf147be8e54
intrusion-set--461b8e25-8f4a-4ea2-a4a8-e39df7ce6630,attack-pattern--67720091-eee3-4d2d-ae16-8264567f6f5b
intrusion-set--56319646-eb6e-41fc-ae53-aadfa7adb924,attack-pattern--707399d6-ab3e-4963-9315-d9d3818cd6a0
intrusion-set--0ec2f388-bf0f-4b5c-97b1-fc736d26c25f,attack-pattern--b1ccd744-3f78-4a0e-9bb2-2002057f7928
intrusion-set--918da025-04bd-48af-b6c4-f3e4d1b915eb,attack-pattern--ffbcfdb0-de22-4106-9ed3-fc23c8a01407
intrusion-set--cb41e991-65f4-4668-a65f-f4200545b5a1,attack-pattern--355be19c-ffc9-46d5-8d50-d6a036c675b6
intrusion-set--fd66436e-4d33-450e-ac4c-f7810f1c85f4,attack-pattern--ec8fc7e2-b356-455c-8db5-2e37be158e7d
intrusion-set--46599a4a-77ee-4697-9474-2683b6464859,attack-pattern--e0232cb0-ded5-4c2e-9dc7-2893142a5c11
intrusion-set--c93fccb1-e8e8-42cf-ae33-2ad1d183913a,attack-pattern--df8b2a25-8bdf-4856-953c-a04372b1c161
intrusion-set--64d5f96a-f121-4d19-89f6-6709f5c49faa,attack-pattern--212306d8-efa4-44c9-8c2d-ed3d2e224aa0
intrusion-set--01e28736-2ffc-455b-9880-ed4d1407ae07,attack-pattern--9d48cab2-7929-4812-ad22-f536665f0109
intrusion-set--00f67a77-86a4-4adf-be26-1a54fc713340,attack-pattern--5e4a2073-9643-44cb-a0b5-e7f4048446c7
intrusion-set--fb366179-766c-4a4a-afa1-52bff1fd601c,attack-pattern--0d91b3c0-5e50-47c3-949a-2a796f04d144
intrusion-set--7b404cd0-3ae9-41d4-90c0-023793d35d97,attack-pattern--3f886f2a-874f-4333-b794-aa6075009b1c
intrusion-set--381fcf73-60f6-4ab2-9991-6af3cbc35192,attack-pattern--7e150503-88e7-4861-866b-ff1ac82c4475
intrusion-set--4ca1929c-7d64-4aab-b849-badbfc0c760d,attack-pattern--1ecfdab8-7d59-4c98-95d4-dc41970f57fc
intrusion-set--1f0f9a14-11aa-49aa-9174-bcd0eaa979de,attack-pattern--d63a3fb8-9452-4e9d-a60a-54be68d5998c
intrusion-set--420ac20b-f2b9-42b8-aa1a-6d4b72895ca4,attack-pattern--3b744087-9945-4a6f-91e8-9dbceda417a4
intrusion-set--b8137919-38cb-4db0-90f3-437be885faba,attack-pattern--692074ae-bb62-4a5e-a735-02cb6bde458c
intrusion-set--00f67a77-86a4-4adf-be26-1a54fc713340,attack-pattern--75b9a4d2-d4e2-4ca1-9aab-1badd9e05fd0
intrusion-set--c21dd6f1-1364-4a70-a1f7-783080ec34ee,attack-pattern--4f9ca633-15c5-463c-9724-bdcd54fde541
intrusion-set--7a19ecb1-3c65-4de3-a230-993516aed6a6,attack-pattern--e196b5c5-8118-4a1c-ab8a-936586ce3db5
intrusion-set--d8bc9788-4f7d-41a9-9e9d-ee1ea18a8cf7,attack-pattern--9664ad0e-789e-40ac-82e2-d7b17fbe8fb3
intrusion-set--b7f627e2-0817-4cd5-8d50-e75f8aa85cc6,attack-pattern--3c4a2599-71ee-4405-ba1e-0e28414b4bc5
intrusion-set--f9d6633a-55e6-4adc-9263-6ae080421a13,attack-pattern--0259baeb-9f63-4c69-bf10-eb038c390688
intrusion-set--3ea7add5-5b8f-45d8-b1f1-905d2729d62a,attack-pattern--354a7f88-63fb-41b5-a801-ce3b377b36f1
intrusion-set--cb41e991-65f4-4668-a65f-f4200545b5a1,attack-pattern--e3a12395-188d-4051-9a16-ea8e14d07b88
intrusion-set--269e8108-68c6-4f99-b911-14b2e765dec2,attack-pattern--c726e0a2-a57a-4b7b-a973-d0f013246617
intrusion-set--73a80fab-2aa3-48e0-a4d0-3a4828200aee,attack-pattern--045d0922-2310-4e60-b5e4-3302302cb3c5
intrusion-set--4a2ce82e-1a74-468a-a6fb-bbead541383c,attack-pattern--3c4a2599-71ee-4405-ba1e-0e28414b4bc5
intrusion-set--f9d6633a-55e6-4adc-9263-6ae080421a13,attack-pattern--b8902400-e6c5-4ba2-95aa-2d35b442b118
intrusion-set--c47f937f-1022-4f42-8525-e7a4779a14cb,attack-pattern--83a766f8-1501-4b3a-a2de-2e2849e8dfc1
intrusion-set--bef4c620-0787-42a8-a96d-b7eb6e85917c,attack-pattern--cca0ccb6-a068-4574-a722-b1556f86833a
intrusion-set--35d1b3be-49d4-42f1-aaa6-ef159c880bca,attack-pattern--b0c74ef9-c61e-4986-88cb-78da98a355ec
intrusion-set--f29b7c5e-2439-42ad-a86f-9f8984fafae3,attack-pattern--e358d692-23c0-4a31-9eb6-ecc13a8d7735
intrusion-set--6fe8a2a1-a1b0-4af8-953d-4babd329f8f8,attack-pattern--be2dcee9-a7a7-4e38-afd6-21b31ecc3d63
intrusion-set--f29b7c5e-2439-42ad-a86f-9f8984fafae3,attack-pattern--eb062747-2193-45de-8fa2-e62549c37ddf
intrusion-set--efed95ba-d7e8-47ff-8c53-99c42426ee7c,attack-pattern--1cec9319-743b-4840-bb65-431547bce82a
intrusion-set--c93fccb1-e8e8-42cf-ae33-2ad1d183913a,attack-pattern--650c784b-7504-4df7-ab2c-4ea882384d1e
intrusion-set--17862c7d-9e60-48a0-b48e-da4dc4c3f6b0,attack-pattern--ef67e13e-5598-4adc-bdb2-998225874fa9
intrusion-set--4283ae19-69c7-4347-a35e-b56f08eb660b,attack-pattern--2b742742-28c3-4e1b-bab7-8350d6300fa7
intrusion-set--2a7914cf-dff3-428d-ab0f-1014d1c28aeb,attack-pattern--dcaa092b-7de9-4a21-977f-7fcb77e89c48
intrusion-set--420ac20b-f2b9-42b8-aa1a-6d4b72895ca4,attack-pattern--d1fcf083-a721-4223-aedf-bf8960798d62
intrusion-set--a653431d-6a5e-4600-8ad3-609b5af57064,attack-pattern--cbb66055-0325-4111-aca0-40547b6ad5b0
intrusion-set--44102191-3a31-45f8-acbe-34bdb441d5ad,attack-pattern--f7827069-0bf2-4764-af4f-23fae0d181b7
intrusion-set--4ca1929c-7d64-4aab-b849-badbfc0c760d,attack-pattern--3ccef7ae-cb5e-48f6-8302-897105fbf55c
intrusion-set--3fc023b2-c5cc-481d-9c3e-70141ae1a87e,attack-pattern--232a7e42-cd6e-4902-8fe9-2960f529dd4d
intrusion-set--f9d6633a-55e6-4adc-9263-6ae080421a13,attack-pattern--dfd7cc1d-e1d8-4394-a198-97c4cab8aa67
intrusion-set--82323c70-4186-4b61-94f5-b227c3b28e89,attack-pattern--dfd7cc1d-e1d8-4394-a198-97c4cab8aa67
intrusion-set--7113eaa5-ba79-4fb3-b68a-398ee9cd698e,attack-pattern--d742a578-d70e-4d0e-96a6-02a9c30204e6
intrusion-set--3ea7add5-5b8f-45d8-b1f1-905d2729d62a,attack-pattern--31fe0ba2-62fd-4fd9-9293-4043d84f7fe9
intrusion-set--0ec2f388-bf0f-4b5c-97b1-fc736d26c25f,attack-pattern--851e071f-208d-4c79-adc6-5974c85c78f3
intrusion-set--bfc5ddb3-4dfb-4278-8928-020e1b3feddd,attack-pattern--7807d3a4-a885-4639-a786-c1ed41484970
intrusion-set--e1fc262c-dad2-4b82-abda-5f08dd134971,attack-pattern--bf176076-b789-408e-8cba-7275e81c0ada
intrusion-set--abc5a1d4-f0dc-49d1-88a1-4a80e478bb03,attack-pattern--0f4a0c76-ab2d-4cb0-85d3-3f0efb8cba0d
intrusion-set--a7f57cc1-4540-4429-823f-f4e56b8473c9,attack-pattern--692074ae-bb62-4a5e-a735-02cb6bde458c
intrusion-set--0bbdf25b-30ff-4894-a1cd-49260d0dd2d9,attack-pattern--ef67e13e-5598-4adc-bdb2-998225874fa9
intrusion-set--90784c1e-4aba-40eb-9adf-7556235e6384,attack-pattern--7d77a07d-02fe-4e88-8bd9-e9c008c01bf0
intrusion-set--38fd6a28-3353-4f2b-bb2b-459fecd5c648,attack-pattern--f3d95a1f-bba2-44ce-9af7-37866cd63fd0
intrusion-set--1f0f9a14-11aa-49aa-9174-bcd0eaa979de,attack-pattern--2fee9321-3e71-4cf4-af24-d4d40d355b34
intrusion-set--174279b4-399f-4ddb-966e-5efedd1dd5f2,attack-pattern--970a3432-3237-47ad-bcca-7d8cbb217736
intrusion-set--899ce53f-13a0-479b-a0e4-67d46e241542,attack-pattern--1c4e5d32-1fe9-4116-9d9d-59e3925bd6a2
intrusion-set--174279b4-399f-4ddb-966e-5efedd1dd5f2,attack-pattern--866d0d6d-02c6-42bd-aa2f-02907fdc0969
intrusion-set--0ec2f388-bf0f-4b5c-97b1-fc736d26c25f,attack-pattern--635cbe30-392d-4e27-978e-66774357c762
intrusion-set--c416b28c-103b-4df1-909e-78089a7e0e5f,attack-pattern--d4287702-e2f7-4946-bdfa-2c7f5aaa5032
intrusion-set--d13c8a7f-740b-4efa-a232-de7d6bb05321,attack-pattern--a6937325-9321-4e2e-bb2b-3ed2d40b2a9d
intrusion-set--a7f57cc1-4540-4429-823f-f4e56b8473c9,attack-pattern--db8f5003-3b20-48f0-9b76-123e44208120
intrusion-set--8c1f0187-0826-4320-bddc-5f326cfcfe2c,attack-pattern--1c34f7aa-9341-4a48-bfab-af22e51aca6c
intrusion-set--c77c5576-ca19-42ed-a36f-4b4486a84133,attack-pattern--bd369cd9-abb8-41ce-b5bb-fff23ee86c00
intrusion-set--7a19ecb1-3c65-4de3-a230-993516aed6a6,attack-pattern--21875073-b0ee-49e3-9077-1e2a885359af
intrusion-set--fd19bd82-1b14-49a1-a176-6cdc46b8a826,attack-pattern--830c9528-df21-472c-8c14-a036bf17d665
intrusion-set--fb366179-766c-4a4a-afa1-52bff1fd601c,attack-pattern--2959d63f-73fd-46a1-abd2-109d7dcede32
intrusion-set--fd66436e-4d33-450e-ac4c-f7810f1c85f4,attack-pattern--837f9164-50af-4ac0-8219-379d8a74cefc
intrusion-set--0bbdf25b-30ff-4894-a1cd-49260d0dd2d9,attack-pattern--92d7da27-2d91-488e-a00c-059dc162766d
intrusion-set--fb366179-766c-4a4a-afa1-52bff1fd601c,attack-pattern--9fa07bef-9c81-421e-a8e5-ad4366c5a925
intrusion-set--abc5a1d4-f0dc-49d1-88a1-4a80e478bb03,attack-pattern--40f5caa0-4cb7-4117-89fc-d421bb493df3
intrusion-set--dd2d9ca6-505b-4860-a604-233685b802c7,attack-pattern--045d0922-2310-4e60-b5e4-3302302cb3c5
intrusion-set--ebd7ce77-c9ba-4fba-bb28-58296ac66559,attack-pattern--92a78814-b191-47ca-909c-1ccfe3777414
intrusion-set--381fcf73-60f6-4ab2-9991-6af3cbc35192,attack-pattern--58a3e6aa-4453-4cc8-a51f-4befe80b31a8
intrusion-set--2e290bfe-93b5-48ce-97d6-edcd6d32b7cf,attack-pattern--2f6b4ed7-fef1-44ba-bcb8-1b4beb610b64
intrusion-set--fb366179-766c-4a4a-afa1-52bff1fd601c,attack-pattern--707399d6-ab3e-4963-9315-d9d3818cd6a0
intrusion-set--56319646-eb6e-41fc-ae53-aadfa7adb924,attack-pattern--a3e1e6c5-9c74-4fc0-a16c-a9d228c17829
intrusion-set--46599a4a-77ee-4697-9474-2683b6464859,attack-pattern--edadea33-549c-4ed1-9783-8f5a5853cbdf
intrusion-set--c93fccb1-e8e8-42cf-ae33-2ad1d183913a,attack-pattern--8f4a33ec-8b1f-4b80-a2f6-642b2e479580
intrusion-set--f9d6633a-55e6-4adc-9263-6ae080421a13,attack-pattern--1411e6b8-80a6-4465-9909-54eaa9c67ce0
intrusion-set--56319646-eb6e-41fc-ae53-aadfa7adb924,attack-pattern--9efb1ea7-c37b-4595-9640-b7680cd84279
intrusion-set--bef4c620-0787-42a8-a96d-b7eb6e85917c,attack-pattern--232a7e42-cd6e-4902-8fe9-2960f529dd4d
intrusion-set--02b16bd6-ae88-417a-8a3f-02c5e166175a,attack-pattern--8c41090b-aa47-4331-986b-8c9a51a91103
intrusion-set--56319646-eb6e-41fc-ae53-aadfa7adb924,attack-pattern--5d0d3609-d06d-49e1-b9c9-b544e0c618cb
intrusion-set--fb366179-766c-4a4a-afa1-52bff1fd601c,attack-pattern--e6919abc-99f9-4c6c-95a5-14761e7b2add
intrusion-set--bef4c620-0787-42a8-a96d-b7eb6e85917c,attack-pattern--1c4e5d32-1fe9-4116-9d9d-59e3925bd6a2
intrusion-set--319fd652-edde-46b2-9987-3519493989f5,attack-pattern--232b7f21-adf9-4b42-b936-b9d6f7df856e
intrusion-set--94873029-f950-4268-9cfd-5032e15cb182,attack-pattern--04fd5427-79c7-44ea-ae13-11b24778ff1c
intrusion-set--17862c7d-9e60-48a0-b48e-da4dc4c3f6b0,attack-pattern--cba37adb-d6fb-4610-b069-dd04c0643384
intrusion-set--18854f55-ac7c-4634-bd9a-352dd07613b7,attack-pattern--005a06c6-14bf-4118-afa0-ebcd8aebb0c9
intrusion-set--cc613a49-9bfa-4e22-98d1-15ffbb03f034,attack-pattern--2de47683-f398-448f-b947-9abcc3e32fad
intrusion-set--56319646-eb6e-41fc-ae53-aadfa7adb924,attack-pattern--bf176076-b789-408e-8cba-7275e81c0ada
intrusion-set--4ca1929c-7d64-4aab-b849-badbfc0c760d,attack-pattern--32901740-b42c-4fdd-bc02-345b5dc57082
intrusion-set--3753cc21-2dae-4dfb-8481-d004e74502cc,attack-pattern--91541e7e-b969-40c6-bbd8-1b5352ec2938
intrusion-set--c93fccb1-e8e8-42cf-ae33-2ad1d183913a,attack-pattern--9efb1ea7-c37b-4595-9640-b7680cd84279
intrusion-set--7251b44b-6072-476c-b8d9-a6e32c355b28,attack-pattern--731f4f55-b6d0-41d1-a7a9-072a66389aea
intrusion-set--18854f55-ac7c-4634-bd9a-352dd07613b7,attack-pattern--9efb1ea7-c37b-4595-9640-b7680cd84279
intrusion-set--467271fd-47c0-4e90-a3f9-d84f5cf790d0,attack-pattern--43e7dc91-05b2-474c-b9ac-2ed4fe101f4d
intrusion-set--afec6dc3-a18e-4b62-b1a4-5510e1a498d1,attack-pattern--9efb1ea7-c37b-4595-9640-b7680cd84279
intrusion-set--3ea7add5-5b8f-45d8-b1f1-905d2729d62a,attack-pattern--8e350c1d-ac79-4b5c-bd4e-7476d7e84ec5
intrusion-set--fd66436e-4d33-450e-ac4c-f7810f1c85f4,attack-pattern--851e071f-208d-4c79-adc6-5974c85c78f3
intrusion-set--dc6fe6ee-04c2-49be-ba3d-f38d2463c02a,attack-pattern--43e7dc91-05b2-474c-b9ac-2ed4fe101f4d
intrusion-set--44102191-3a31-45f8-acbe-34bdb441d5ad,attack-pattern--03259939-0b57-482f-8eb5-87c0e0d54334
intrusion-set--7113eaa5-ba79-4fb3-b68a-398ee9cd698e,attack-pattern--910906dd-8c0a-475a-9cc1-5e029e2fad58
intrusion-set--7b404cd0-3ae9-41d4-90c0-023793d35d97,attack-pattern--8f4a33ec-8b1f-4b80-a2f6-642b2e479580
intrusion-set--85403903-15e0-4f9f-9be4-a259ecad4022,attack-pattern--a93494bb-4b80-4ea1-8695-3236a49916fd
intrusion-set--fb366179-766c-4a4a-afa1-52bff1fd601c,attack-pattern--09a60ea3-a8d1-4ae5-976e-5783248b72a4
intrusion-set--8cf6e33b-b6ef-4a1f-a77c-0ecdde93161f,attack-pattern--232b7f21-adf9-4b42-b936-b9d6f7df856e
intrusion-set--35d1b3be-49d4-42f1-aaa6-ef159c880bca,attack-pattern--0f20e3cb-245b-4a61-8a91-2d93f7cb0e9b
intrusion-set--44e43fad-ffcb-4210-abcf-eaaed9735f80,attack-pattern--3a32740a-11b0-4bcf-b0a9-3abd0f6d3cd5
intrusion-set--ebd7ce77-c9ba-4fba-bb28-58296ac66559,attack-pattern--65f2d882-3f41-4d48-8a06-29af77ec9f90
intrusion-set--64b52e7d-b2c4-4a02-9372-08a463f5dc11,attack-pattern--322bad5a-1c49-4d23-ab79-76d641794afa
intrusion-set--cb41e991-65f4-4668-a65f-f4200545b5a1,attack-pattern--f1951e8a-500e-4a26-8803-76d95c4554b4
intrusion-set--35d1b3be-49d4-42f1-aaa6-ef159c880bca,attack-pattern--60b508a1-6a5e-46b1-821a-9f7b78752abf
intrusion-set--269e8108-68c6-4f99-b911-14b2e765dec2,attack-pattern--cba37adb-d6fb-4610-b069-dd04c0643384
intrusion-set--93f52415-0fe4-4d3d-896c-fc9b8e88ab90,attack-pattern--f3c544dc-673c-4ef3-accb-53229f1ae077
intrusion-set--1f0f9a14-11aa-49aa-9174-bcd0eaa979de,attack-pattern--ef67e13e-5598-4adc-bdb2-998225874fa9
intrusion-set--e1fc262c-dad2-4b82-abda-5f08dd134971,attack-pattern--f1951e8a-500e-4a26-8803-76d95c4554b4
intrusion-set--247cb30b-955f-42eb-97a5-a89fef69341e,attack-pattern--31fe0ba2-62fd-4fd9-9293-4043d84f7fe9
intrusion-set--899ce53f-13a0-479b-a0e4-67d46e241542,attack-pattern--692074ae-bb62-4a5e-a735-02cb6bde458c
intrusion-set--6eded342-33e5-4451-b6b2-e1c62863129f,attack-pattern--2e34237d-8574-43f6-aace-ae2915de8597
intrusion-set--674582ec-51c4-42ce-b409-797239e37a2a,attack-pattern--970a3432-3237-47ad-bcca-7d8cbb217736
intrusion-set--b8137919-38cb-4db0-90f3-437be885faba,attack-pattern--30208d3e-0d6b-43c8-883e-44462a514619
intrusion-set--c4d50cdf-87ce-407d-86d8-862883485842,attack-pattern--a2fdce72-04b2-409a-ac10-cc1695f4fce0
intrusion-set--e44e0985-bc65-4a8f-b578-211c858128e3,attack-pattern--40f5caa0-4cb7-4117-89fc-d421bb493df3
intrusion-set--7113eaa5-ba79-4fb3-b68a-398ee9cd698e,attack-pattern--c2e147a9-d1a8-4074-811a-d8789202d916
intrusion-set--381fcf73-60f6-4ab2-9991-6af3cbc35192,attack-pattern--20fb2507-d71c-455d-9b6d-6104461cf26b
intrusion-set--b8137919-38cb-4db0-90f3-437be885faba,attack-pattern--1644e709-12d2-41e5-a60f-3470991f5011
intrusion-set--02b16bd6-ae88-417a-8a3f-02c5e166175a,attack-pattern--df8b2a25-8bdf-4856-953c-a04372b1c161
intrusion-set--3fc023b2-c5cc-481d-9c3e-70141ae1a87e,attack-pattern--7bc57495-ea59-4380-be31-a64af124ef18
intrusion-set--e1fc262c-dad2-4b82-abda-5f08dd134971,attack-pattern--7e150503-88e7-4861-866b-ff1ac82c4475
intrusion-set--bf668120-e9a6-4017-a014-bfc0f5232656,attack-pattern--354a7f88-63fb-41b5-a801-ce3b377b36f1
intrusion-set--73a80fab-2aa3-48e0-a4d0-3a4828200aee,attack-pattern--dcaa092b-7de9-4a21-977f-7fcb77e89c48
intrusion-set--c21dd6f1-1364-4a70-a1f7-783080ec34ee,attack-pattern--3f886f2a-874f-4333-b794-aa6075009b1c
intrusion-set--02b16bd6-ae88-417a-8a3f-02c5e166175a,attack-pattern--21875073-b0ee-49e3-9077-1e2a885359af
intrusion-set--82323c70-4186-4b61-94f5-b227c3b28e89,attack-pattern--00f90846-cbd1-4fc5-9233-df5c2bf2a662
intrusion-set--ecbf507f-6786-4121-a4cc-0fd6a8d3a29d,attack-pattern--4f9ca633-15c5-463c-9724-bdcd54fde541
intrusion-set--247cb30b-955f-42eb-97a5-a89fef69341e,attack-pattern--92d7da27-2d91-488e-a00c-059dc162766d
intrusion-set--f9d6633a-55e6-4adc-9263-6ae080421a13,attack-pattern--5502c4e9-24ef-4d5f-8ee9-9e906c2f82c4
intrusion-set--461b8e25-8f4a-4ea2-a4a8-e39df7ce6630,attack-pattern--47f2d673-ca62-47e9-929b-1b0be9657611
intrusion-set--4283ae19-69c7-4347-a35e-b56f08eb660b,attack-pattern--40f5caa0-4cb7-4117-89fc-d421bb493df3
intrusion-set--7113eaa5-ba79-4fb3-b68a-398ee9cd698e,attack-pattern--b1ccd744-3f78-4a0e-9bb2-2002057f7928
intrusion-set--88b7dbc2-32d3-4e31-af2f-3fc24e1582d7,attack-pattern--01a5a209-b94c-450b-b7f9-946497d91055
intrusion-set--7a19ecb1-3c65-4de3-a230-993516aed6a6,attack-pattern--bbde9781-60aa-4b8a-a911-895b0c1b3872
intrusion-set--f8cb7b36-62ef-4488-8a6d-a7033e3271c1,attack-pattern--a2fdce72-04b2-409a-ac10-cc1695f4fce0
intrusion-set--cc613a49-9bfa-4e22-98d1-15ffbb03f034,attack-pattern--970a3432-3237-47ad-bcca-7d8cbb217736
intrusion-set--c5b81590-6814-4d2a-8baa-15c4b6c7f960,attack-pattern--0a3ead4e-6d47-4ccb-854c-a6a4f9d96b22
intrusion-set--8b1e16f6-e7c8-4b7a-a5df-f81232c13e2f,attack-pattern--c3d4bdd9-2cfe-4a80-9d0c-07a29ecdce8f
intrusion-set--d8bc9788-4f7d-41a9-9e9d-ee1ea18a8cf7,attack-pattern--20fb2507-d71c-455d-9b6d-6104461cf26b
intrusion-set--fb366179-766c-4a4a-afa1-52bff1fd601c,attack-pattern--970a3432-3237-47ad-bcca-7d8cbb217736
intrusion-set--46599a4a-77ee-4697-9474-2683b6464859,attack-pattern--d63a3fb8-9452-4e9d-a60a-54be68d5998c
intrusion-set--cc613a49-9bfa-4e22-98d1-15ffbb03f034,attack-pattern--cc3502b5-30cc-4473-ad48-42d51a6ef6d1
intrusion-set--df71bb3b-813c-45eb-a8bc-f2a419837411,attack-pattern--8f4a33ec-8b1f-4b80-a2f6-642b2e479580
intrusion-set--f29b7c5e-2439-42ad-a86f-9f8984fafae3,attack-pattern--3dc8c101-d4db-4f4d-8150-1b5a76ca5f1b
intrusion-set--269e8108-68c6-4f99-b911-14b2e765dec2,attack-pattern--1c34f7aa-9341-4a48-bfab-af22e51aca6c
intrusion-set--a7f57cc1-4540-4429-823f-f4e56b8473c9,attack-pattern--5d0d3609-d06d-49e1-b9c9-b544e0c618cb
intrusion-set--899ce53f-13a0-479b-a0e4-67d46e241542,attack-pattern--b4694861-542c-48ea-9eb1-10d356e7140a
intrusion-set--ead23196-d7b6-4ce6-a124-4ab4b67d81bd,attack-pattern--232b7f21-adf9-4b42-b936-b9d6f7df856e
intrusion-set--cc613a49-9bfa-4e22-98d1-15ffbb03f034,attack-pattern--8f4a33ec-8b1f-4b80-a2f6-642b2e479580
intrusion-set--c93fccb1-e8e8-42cf-ae33-2ad1d183913a,attack-pattern--bbde9781-60aa-4b8a-a911-895b0c1b3872
intrusion-set--247cb30b-955f-42eb-97a5-a89fef69341e,attack-pattern--7bdca9d5-d500-4d7d-8c52-5fd47baf4c0c
intrusion-set--abc5a1d4-f0dc-49d1-88a1-4a80e478bb03,attack-pattern--dfd7cc1d-e1d8-4394-a198-97c4cab8aa67
intrusion-set--129f2f77-1ab2-4c35-bd5e-21260cee92af,attack-pattern--2b742742-28c3-4e1b-bab7-8350d6300fa7
intrusion-set--75a07184-a7e5-4222-95a1-a04dbc96a29c,attack-pattern--7bdca9d5-d500-4d7d-8c52-5fd47baf4c0c
intrusion-set--2a158b0a-7ef8-43cb-9985-bf34d1e12050,attack-pattern--34f1d81d-fe88-4f97-bd3b-a3164536255d
intrusion-set--1c63d4ec-0a75-4daa-b1df-0d11af3d3cc1,attack-pattern--3c4a2599-71ee-4405-ba1e-0e28414b4bc5
intrusion-set--7eda3dd8-b09b-4705-8090-c2ad9fb8c14d,attack-pattern--0f4a0c76-ab2d-4cb0-85d3-3f0efb8cba0d
intrusion-set--35d1b3be-49d4-42f1-aaa6-ef159c880bca,attack-pattern--4a5b7ade-8bb5-4853-84ed-23f262002665
intrusion-set--467271fd-47c0-4e90-a3f9-d84f5cf790d0,attack-pattern--970a3432-3237-47ad-bcca-7d8cbb217736
intrusion-set--00f67a77-86a4-4adf-be26-1a54fc713340,attack-pattern--840a987a-99bd-4a80-a5c9-0cb2baa6cade
intrusion-set--269e8108-68c6-4f99-b911-14b2e765dec2,attack-pattern--0259baeb-9f63-4c69-bf10-eb038c390688
intrusion-set--f9d6633a-55e6-4adc-9263-6ae080421a13,attack-pattern--d349c66e-18e1-4d8b-a2d7-65af7cbd2ba0
intrusion-set--247cb30b-955f-42eb-97a5-a89fef69341e,attack-pattern--0a3ead4e-6d47-4ccb-854c-a6a4f9d96b22
intrusion-set--420ac20b-f2b9-42b8-aa1a-6d4b72895ca4,attack-pattern--a3e1e6c5-9c74-4fc0-a16c-a9d228c17829
intrusion-set--00f67a77-86a4-4adf-be26-1a54fc713340,attack-pattern--47f2d673-ca62-47e9-929b-1b0be9657611
intrusion-set--b516b235-fc7d-4635-aca5-3d33312339c3,attack-pattern--c21d5a77-d422-4a69-acd7-2c53c1faa34b
intrusion-set--3ea7add5-5b8f-45d8-b1f1-905d2729d62a,attack-pattern--3c4a2599-71ee-4405-ba1e-0e28414b4bc5
intrusion-set--b516b235-fc7d-4635-aca5-3d33312339c3,attack-pattern--c3d4bdd9-2cfe-4a80-9d0c-07a29ecdce8f
intrusion-set--6713ab67-e25b-49cc-808d-2b36d4fbc35c,attack-pattern--707399d6-ab3e-4963-9315-d9d3818cd6a0
intrusion-set--d13c8a7f-740b-4efa-a232-de7d6bb05321,attack-pattern--92a78814-b191-47ca-909c-1ccfe3777414
intrusion-set--c0291346-defe-48d7-9542-9e074ba1bdfb,attack-pattern--cd92d2b8-ce43-4666-9472-f1b4b9f4f8be
intrusion-set--3ea7add5-5b8f-45d8-b1f1-905d2729d62a,attack-pattern--b1ccd744-3f78-4a0e-9bb2-2002057f7928
intrusion-set--a653431d-6a5e-4600-8ad3-609b5af57064,attack-pattern--970a3432-3237-47ad-bcca-7d8cbb217736
intrusion-set--01e28736-2ffc-455b-9880-ed4d1407ae07,attack-pattern--970a3432-3237-47ad-bcca-7d8cbb217736
intrusion-set--56319646-eb6e-41fc-ae53-aadfa7adb924,attack-pattern--d1fcf083-a721-4223-aedf-bf8960798d62
intrusion-set--82323c70-4186-4b61-94f5-b227c3b28e89,attack-pattern--24bfaeba-cb0d-4525-b3dc-507c77ecec41
intrusion-set--4ca1929c-7d64-4aab-b849-badbfc0c760d,attack-pattern--fb8d023d-45be-47e9-bc51-f56bcae6435b
intrusion-set--c1aab4c9-4c34-4f4f-8541-d529e46a07f9,attack-pattern--00f90846-cbd1-4fc5-9233-df5c2bf2a662
intrusion-set--1c3dcf91-b859-4aae-a09c-ae26dc8b6390,attack-pattern--3257eb21-f9a7-4430-8de1-d8b6e288f529
intrusion-set--8c1f0187-0826-4320-bddc-5f326cfcfe2c,attack-pattern--0c4b4fda-9062-47da-98b9-ceae2dcf052a
intrusion-set--d0b3393b-3bec-4ba3-bda9-199d30db47b6,attack-pattern--0cf55441-b176-4332-89e7-2c4c7799d0ff
intrusion-set--247cb30b-955f-42eb-97a5-a89fef69341e,attack-pattern--fdc47f44-dd32-4b99-af5f-209f556f63c2
intrusion-set--dc6fe6ee-04c2-49be-ba3d-f38d2463c02a,attack-pattern--970a3432-3237-47ad-bcca-7d8cbb217736
intrusion-set--a0cb9370-e39b-44d5-9f50-ef78e412b973,attack-pattern--eb062747-2193-45de-8fa2-e62549c37ddf
intrusion-set--222fbd21-fc4f-4b7e-9f85-0e6e3a76c33f,attack-pattern--2cd950a6-16c4-404a-aa01-044322395107
intrusion-set--c21dd6f1-1364-4a70-a1f7-783080ec34ee,attack-pattern--315f51f0-6b03-4c1e-bfb2-84740afb8e21
intrusion-set--c93fccb1-e8e8-42cf-ae33-2ad1d183913a,attack-pattern--69f897fd-12a9-4c89-ad6a-46d2f3c38262
intrusion-set--44d37b89-a739-4810-9111-0d2617a8939b,attack-pattern--707399d6-ab3e-4963-9315-d9d3818cd6a0
intrusion-set--f40eb8ce-2a74-4e56-89a1-227021410142,attack-pattern--005a06c6-14bf-4118-afa0-ebcd8aebb0c9
intrusion-set--7b404cd0-3ae9-41d4-90c0-023793d35d97,attack-pattern--cba37adb-d6fb-4610-b069-dd04c0643384
intrusion-set--a7f57cc1-4540-4429-823f-f4e56b8473c9,attack-pattern--cdfc5f0a-9bb9-4352-b896-553cfa2d8fd8
intrusion-set--247cb30b-955f-42eb-97a5-a89fef69341e,attack-pattern--5282dd9a-d26d-4e16-88b7-7c0f4553daf4
intrusion-set--2a158b0a-7ef8-43cb-9985-bf34d1e12050,attack-pattern--707399d6-ab3e-4963-9315-d9d3818cd6a0
intrusion-set--2a158b0a-7ef8-43cb-9985-bf34d1e12050,attack-pattern--1c4e5d32-1fe9-4116-9d9d-59e3925bd6a2
intrusion-set--420ac20b-f2b9-42b8-aa1a-6d4b72895ca4,attack-pattern--65f2d882-3f41-4d48-8a06-29af77ec9f90
intrusion-set--46599a4a-77ee-4697-9474-2683b6464859,attack-pattern--a2fdce72-04b2-409a-ac10-cc1695f4fce0
intrusion-set--afec6dc3-a18e-4b62-b1a4-5510e1a498d1,attack-pattern--e3b6daca-e963-4a69-aee6-ed4fd653ad58
intrusion-set--00f67a77-86a4-4adf-be26-1a54fc713340,attack-pattern--eec096b8-c207-43df-b6c1-11523861e452
intrusion-set--bef4c620-0787-42a8-a96d-b7eb6e85917c,attack-pattern--30208d3e-0d6b-43c8-883e-44462a514619
intrusion-set--6eded342-33e5-4451-b6b2-e1c62863129f,attack-pattern--be2dcee9-a7a7-4e38-afd6-21b31ecc3d63
intrusion-set--247cb30b-955f-42eb-97a5-a89fef69341e,attack-pattern--47f2d673-ca62-47e9-929b-1b0be9657611
intrusion-set--7113eaa5-ba79-4fb3-b68a-398ee9cd698e,attack-pattern--970a3432-3237-47ad-bcca-7d8cbb217736
intrusion-set--c21dd6f1-1364-4a70-a1f7-783080ec34ee,attack-pattern--edf91964-b26e-4b4a-9600-ccacd7d7df24
intrusion-set--8c1f0187-0826-4320-bddc-5f326cfcfe2c,attack-pattern--3489cfc5-640f-4bb3-a103-9137b97de79f
intrusion-set--75a07184-a7e5-4222-95a1-a04dbc96a29c,attack-pattern--0259baeb-9f63-4c69-bf10-eb038c390688
intrusion-set--cc613a49-9bfa-4e22-98d1-15ffbb03f034,attack-pattern--005a06c6-14bf-4118-afa0-ebcd8aebb0c9
intrusion-set--54dfec3e-6464-4f74-9d69-b7c817b7e5a3,attack-pattern--df8b2a25-8bdf-4856-953c-a04372b1c161
intrusion-set--1c63d4ec-0a75-4daa-b1df-0d11af3d3cc1,attack-pattern--d63a3fb8-9452-4e9d-a60a-54be68d5998c
intrusion-set--7eda3dd8-b09b-4705-8090-c2ad9fb8c14d,attack-pattern--ef67e13e-5598-4adc-bdb2-998225874fa9
intrusion-set--7ecc3b4f-5cdb-457e-b55a-df376b359446,attack-pattern--322bad5a-1c49-4d23-ab79-76d641794afa
intrusion-set--c4d50cdf-87ce-407d-86d8-862883485842,attack-pattern--212306d8-efa4-44c9-8c2d-ed3d2e224aa0
intrusion-set--7251b44b-6072-476c-b8d9-a6e32c355b28,attack-pattern--b21c3b2d-02e6-45b1-980b-e69051040839
intrusion-set--18854f55-ac7c-4634-bd9a-352dd07613b7,attack-pattern--70e52b04-2a0c-4cea-9d18-7149f1df9dc5
intrusion-set--7113eaa5-ba79-4fb3-b68a-398ee9cd698e,attack-pattern--4ab929c6-ee2d-4fb5-aab4-b14be2ed7179
intrusion-set--7b404cd0-3ae9-41d4-90c0-023793d35d97,attack-pattern--b80d107d-fa0d-4b60-9684-b0433e8bdba0
intrusion-set--3753cc21-2dae-4dfb-8481-d004e74502cc,attack-pattern--0f4a0c76-ab2d-4cb0-85d3-3f0efb8cba0d
intrusion-set--dd2d9ca6-505b-4860-a604-233685b802c7,attack-pattern--f2877f7f-9a4c-4251-879f-1224e3006bee
intrusion-set--fd66436e-4d33-450e-ac4c-f7810f1c85f4,attack-pattern--a2fdce72-04b2-409a-ac10-cc1695f4fce0
intrusion-set--d8bc9788-4f7d-41a9-9e9d-ee1ea18a8cf7,attack-pattern--70910fbd-58dc-4c1c-8c48-814d11fcd022
intrusion-set--64b52e7d-b2c4-4a02-9372-08a463f5dc11,attack-pattern--866d0d6d-02c6-42bd-aa2f-02907fdc0969
intrusion-set--bef4c620-0787-42a8-a96d-b7eb6e85917c,attack-pattern--f232fa7a-025c-4d43-abc7-318e81a73d65
intrusion-set--247cb30b-955f-42eb-97a5-a89fef69341e,attack-pattern--d742a578-d70e-4d0e-96a6-02a9c30204e6
intrusion-set--420ac20b-f2b9-42b8-aa1a-6d4b72895ca4,attack-pattern--a2fdce72-04b2-409a-ac10-cc1695f4fce0
intrusion-set--b8137919-38cb-4db0-90f3-437be885faba,attack-pattern--00f90846-cbd1-4fc5-9233-df5c2bf2a662
intrusion-set--93f52415-0fe4-4d3d-896c-fc9b8e88ab90,attack-pattern--d742a578-d70e-4d0e-96a6-02a9c30204e6
intrusion-set--bef4c620-0787-42a8-a96d-b7eb6e85917c,attack-pattern--dc31fe1e-d722-49da-8f5f-92c7b5aff534
intrusion-set--d8bc9788-4f7d-41a9-9e9d-ee1ea18a8cf7,attack-pattern--a009cb25-4801-4116-9105-80a91cf15c1b
intrusion-set--56319646-eb6e-41fc-ae53-aadfa7adb924,attack-pattern--391d824f-0ef1-47a0-b0ee-c59a75e27670
intrusion-set--dc6fe6ee-04c2-49be-ba3d-f38d2463c02a,attack-pattern--a2fdce72-04b2-409a-ac10-cc1695f4fce0
intrusion-set--129f2f77-1ab2-4c35-bd5e-21260cee92af,attack-pattern--232b7f21-adf9-4b42-b936-b9d6f7df856e
intrusion-set--174279b4-399f-4ddb-966e-5efedd1dd5f2,attack-pattern--b21c3b2d-02e6-45b1-980b-e69051040839
intrusion-set--467271fd-47c0-4e90-a3f9-d84f5cf790d0,attack-pattern--0d91b3c0-5e50-47c3-949a-2a796f04d144
intrusion-set--01e28736-2ffc-455b-9880-ed4d1407ae07,attack-pattern--c3d4bdd9-2cfe-4a80-9d0c-07a29ecdce8f
intrusion-set--b8137919-38cb-4db0-90f3-437be885faba,attack-pattern--42e8de7b-37b2-4258-905a-6897815e58e0
intrusion-set--899ce53f-13a0-479b-a0e4-67d46e241542,attack-pattern--5bfccc3f-2326-4112-86cc-c1ece9d8a2b5
intrusion-set--dd2d9ca6-505b-4860-a604-233685b802c7,attack-pattern--970a3432-3237-47ad-bcca-7d8cbb217736
intrusion-set--82323c70-4186-4b61-94f5-b227c3b28e89,attack-pattern--df8b2a25-8bdf-4856-953c-a04372b1c161
intrusion-set--64b52e7d-b2c4-4a02-9372-08a463f5dc11,attack-pattern--2db31dcd-54da-405d-acef-b9129b816ed6
intrusion-set--0ec2f388-bf0f-4b5c-97b1-fc736d26c25f,attack-pattern--322bad5a-1c49-4d23-ab79-76d641794afa
intrusion-set--7a19ecb1-3c65-4de3-a230-993516aed6a6,attack-pattern--09b008a9-b4eb-462a-a751-a0eb58050cd9
intrusion-set--894aab42-3371-47b1-8859-a4a074c804c8,attack-pattern--24bfaeba-cb0d-4525-b3dc-507c77ecec41
intrusion-set--bef4c620-0787-42a8-a96d-b7eb6e85917c,attack-pattern--3c4a2599-71ee-4405-ba1e-0e28414b4bc5
intrusion-set--2688b13e-8e71-405a-9c40-0dee94bddf87,attack-pattern--9d48cab2-7929-4812-ad22-f536665f0109
intrusion-set--7b404cd0-3ae9-41d4-90c0-023793d35d97,attack-pattern--851e071f-208d-4c79-adc6-5974c85c78f3
intrusion-set--a7f57cc1-4540-4429-823f-f4e56b8473c9,attack-pattern--0cfe31a7-81fc-472c-bc45-e2808d1066a3
intrusion-set--17862c7d-9e60-48a0-b48e-da4dc4c3f6b0,attack-pattern--be2dcee9-a7a7-4e38-afd6-21b31ecc3d63
intrusion-set--bef4c620-0787-42a8-a96d-b7eb6e85917c,attack-pattern--0c4b4fda-9062-47da-98b9-ceae2dcf052a
intrusion-set--dd2d9ca6-505b-4860-a604-233685b802c7,attack-pattern--bf1b6176-597c-4600-bfcd-ac989670f96b
intrusion-set--b7f627e2-0817-4cd5-8d50-e75f8aa85cc6,attack-pattern--ef67e13e-5598-4adc-bdb2-998225874fa9
intrusion-set--0ec2f388-bf0f-4b5c-97b1-fc736d26c25f,attack-pattern--7bd9c723-2f78-4309-82c5-47cad406572b
intrusion-set--fa19de15-6169-428d-9cd6-3ca3d56075b7,attack-pattern--232b7f21-adf9-4b42-b936-b9d6f7df856e
intrusion-set--894aab42-3371-47b1-8859-a4a074c804c8,attack-pattern--c32f7008-9fea-41f7-8366-5eb9b74bd896
intrusion-set--2688b13e-8e71-405a-9c40-0dee94bddf87,attack-pattern--5d0d3609-d06d-49e1-b9c9-b544e0c618cb
intrusion-set--ebd7ce77-c9ba-4fba-bb28-58296ac66559,attack-pattern--d94b3ae9-8059-4989-8e9f-ea0f601f80a7
intrusion-set--3753cc21-2dae-4dfb-8481-d004e74502cc,attack-pattern--9efb1ea7-c37b-4595-9640-b7680cd84279
intrusion-set--2e290bfe-93b5-48ce-97d6-edcd6d32b7cf,attack-pattern--c32f7008-9fea-41f7-8366-5eb9b74bd896
intrusion-set--247cb30b-955f-42eb-97a5-a89fef69341e,attack-pattern--045d0922-2310-4e60-b5e4-3302302cb3c5
intrusion-set--f40eb8ce-2a74-4e56-89a1-227021410142,attack-pattern--e6919abc-99f9-4c6c-95a5-14761e7b2add
intrusion-set--8c1f0187-0826-4320-bddc-5f326cfcfe2c,attack-pattern--1c4e5d32-1fe9-4116-9d9d-59e3925bd6a2
intrusion-set--420ac20b-f2b9-42b8-aa1a-6d4b72895ca4,attack-pattern--19401639-28d0-4c3c-adcc-bc2ba22f6421
intrusion-set--2a7914cf-dff3-428d-ab0f-1014d1c28aeb,attack-pattern--b21c3b2d-02e6-45b1-980b-e69051040839
intrusion-set--9b36c218-4d80-4ec6-a68d-cc2886bbe410,attack-pattern--5282dd9a-d26d-4e16-88b7-7c0f4553daf4
intrusion-set--8a831aaa-f3e0-47a3-bed8-a9ced744dd12,attack-pattern--9efb1ea7-c37b-4595-9640-b7680cd84279
intrusion-set--54dfec3e-6464-4f74-9d69-b7c817b7e5a3,attack-pattern--c325b232-d5bc-4dde-a3ec-71f3db9e8adc
intrusion-set--3753cc21-2dae-4dfb-8481-d004e74502cc,attack-pattern--31fe0ba2-62fd-4fd9-9293-4043d84f7fe9
intrusion-set--82323c70-4186-4b61-94f5-b227c3b28e89,attack-pattern--4bc31b94-045b-4752-8920-aebaebdb6470
intrusion-set--01e28736-2ffc-455b-9880-ed4d1407ae07,attack-pattern--837f9164-50af-4ac0-8219-379d8a74cefc
intrusion-set--6a2e693f-24e5-451a-9f88-b36a108e5662,attack-pattern--1e9eb839-294b-48cc-b0d3-c45555a2a004
intrusion-set--46599a4a-77ee-4697-9474-2683b6464859,attack-pattern--d10cbd34-42e3-45c0-84d2-535a09849584
intrusion-set--381fcf73-60f6-4ab2-9991-6af3cbc35192,attack-pattern--b18eae87-b469-4e14-b454-b171b416bc18
intrusion-set--ecbf507f-6786-4121-a4cc-0fd6a8d3a29d,attack-pattern--75b9a4d2-d4e2-4ca1-9aab-1badd9e05fd0
intrusion-set--7eda3dd8-b09b-4705-8090-c2ad9fb8c14d,attack-pattern--3ee16395-03f0-4690-a32e-69ce9ada0f9e
intrusion-set--fbe9387f-34e6-4828-ac28-3080020c597b,attack-pattern--9efb1ea7-c37b-4595-9640-b7680cd84279
intrusion-set--c47f937f-1022-4f42-8525-e7a4779a14cb,attack-pattern--be2dcee9-a7a7-4e38-afd6-21b31ecc3d63
intrusion-set--44d37b89-a739-4810-9111-0d2617a8939b,attack-pattern--7bc57495-ea59-4380-be31-a64af124ef18
intrusion-set--dd2d9ca6-505b-4860-a604-233685b802c7,attack-pattern--57340c81-c025-4189-8fa0-fc7ede51bae4
intrusion-set--62a64fd3-aaf7-4d09-a375-d6f8bb118481,attack-pattern--2e34237d-8574-43f6-aace-ae2915de8597
intrusion-set--bef4c620-0787-42a8-a96d-b7eb6e85917c,attack-pattern--b17a1a56-e99c-403c-8948-561df0cffe81
intrusion-set--d8bc9788-4f7d-41a9-9e9d-ee1ea18a8cf7,attack-pattern--7d77a07d-02fe-4e88-8bd9-e9c008c01bf0
intrusion-set--b74f909f-8e52-4b69-b770-162bf59a1b4e,attack-pattern--b21c3b2d-02e6-45b1-980b-e69051040839
intrusion-set--64d5f96a-f121-4d19-89f6-6709f5c49faa,attack-pattern--7bc57495-ea59-4380-be31-a64af124ef18
intrusion-set--420ac20b-f2b9-42b8-aa1a-6d4b72895ca4,attack-pattern--143c0cbb-a297-4142-9624-87ffc778980b
intrusion-set--247cb30b-955f-42eb-97a5-a89fef69341e,attack-pattern--7385dfaf-6886-4229-9ecd-6fd678040830
intrusion-set--1c63d4ec-0a75-4daa-b1df-0d11af3d3cc1,attack-pattern--7385dfaf-6886-4229-9ecd-6fd678040830
intrusion-set--fd66436e-4d33-450e-ac4c-f7810f1c85f4,attack-pattern--8cdeb020-e31e-4f88-a582-f53dcfbda819
intrusion-set--2688b13e-8e71-405a-9c40-0dee94bddf87,attack-pattern--69f897fd-12a9-4c89-ad6a-46d2f3c38262
intrusion-set--c0291346-defe-48d7-9542-9e074ba1bdfb,attack-pattern--707399d6-ab3e-4963-9315-d9d3818cd6a0
intrusion-set--247cb30b-955f-42eb-97a5-a89fef69341e,attack-pattern--57340c81-c025-4189-8fa0-fc7ede51bae4
intrusion-set--02b16bd6-ae88-417a-8a3f-02c5e166175a,attack-pattern--bf90d72c-c00b-45e3-b3aa-68560560d4c5
intrusion-set--247cb30b-955f-42eb-97a5-a89fef69341e,attack-pattern--54b4c251-1f0e-4eba-ba6b-dbc7a6f6f06b
intrusion-set--f9d6633a-55e6-4adc-9263-6ae080421a13,attack-pattern--69f897fd-12a9-4c89-ad6a-46d2f3c38262
intrusion-set--f29b7c5e-2439-42ad-a86f-9f8984fafae3,attack-pattern--692074ae-bb62-4a5e-a735-02cb6bde458c
intrusion-set--ebd7ce77-c9ba-4fba-bb28-58296ac66559,attack-pattern--79da0971-3147-4af6-a4f5-e8cd447cd795
intrusion-set--269e8108-68c6-4f99-b911-14b2e765dec2,attack-pattern--df8b2a25-8bdf-4856-953c-a04372b1c161
intrusion-set--0ec2f388-bf0f-4b5c-97b1-fc736d26c25f,attack-pattern--5bfccc3f-2326-4112-86cc-c1ece9d8a2b5
intrusion-set--02b16bd6-ae88-417a-8a3f-02c5e166175a,attack-pattern--79da0971-3147-4af6-a4f5-e8cd447cd795
intrusion-set--247cb30b-955f-42eb-97a5-a89fef69341e,attack-pattern--53ac20cd-aca3-406e-9aa0-9fc7fdc60a5a
intrusion-set--dd2d9ca6-505b-4860-a604-233685b802c7,attack-pattern--f5d8eed6-48a9-4cdf-a3d7-d1ffa99c3d2a
intrusion-set--c0291346-defe-48d7-9542-9e074ba1bdfb,attack-pattern--25659dd6-ea12-45c4-97e6-381e3e4b593e
intrusion-set--14225573-63b5-4e50-ba9a-5fdcaf6a7b4c,attack-pattern--851e071f-208d-4c79-adc6-5974c85c78f3
intrusion-set--8c1f0187-0826-4320-bddc-5f326cfcfe2c,attack-pattern--bf90d72c-c00b-45e3-b3aa-68560560d4c5
intrusion-set--d13c8a7f-740b-4efa-a232-de7d6bb05321,attack-pattern--0259baeb-9f63-4c69-bf10-eb038c390688
intrusion-set--269e8108-68c6-4f99-b911-14b2e765dec2,attack-pattern--bbde9781-60aa-4b8a-a911-895b0c1b3872
intrusion-set--fd66436e-4d33-450e-ac4c-f7810f1c85f4,attack-pattern--e6919abc-99f9-4c6c-95a5-14761e7b2add
intrusion-set--420ac20b-f2b9-42b8-aa1a-6d4b72895ca4,attack-pattern--d63a3fb8-9452-4e9d-a60a-54be68d5998c
intrusion-set--f9d6633a-55e6-4adc-9263-6ae080421a13,attack-pattern--ef67e13e-5598-4adc-bdb2-998225874fa9
intrusion-set--269e8108-68c6-4f99-b911-14b2e765dec2,attack-pattern--e3b6daca-e963-4a69-aee6-ed4fd653ad58
intrusion-set--00f67a77-86a4-4adf-be26-1a54fc713340,attack-pattern--d45a3d09-b3cf-48f4-9f0f-f521ee5cb05c
intrusion-set--56319646-eb6e-41fc-ae53-aadfa7adb924,attack-pattern--2fee9321-3e71-4cf4-af24-d4d40d355b34
intrusion-set--44e43fad-ffcb-4210-abcf-eaaed9735f80,attack-pattern--ef67e13e-5598-4adc-bdb2-998225874fa9
intrusion-set--b8137919-38cb-4db0-90f3-437be885faba,attack-pattern--65f2d882-3f41-4d48-8a06-29af77ec9f90
intrusion-set--46599a4a-77ee-4697-9474-2683b6464859,attack-pattern--92d7da27-2d91-488e-a00c-059dc162766d
intrusion-set--64b52e7d-b2c4-4a02-9372-08a463f5dc11,attack-pattern--57340c81-c025-4189-8fa0-fc7ede51bae4
intrusion-set--6713ab67-e25b-49cc-808d-2b36d4fbc35c,attack-pattern--a2fdce72-04b2-409a-ac10-cc1695f4fce0
intrusion-set--174279b4-399f-4ddb-966e-5efedd1dd5f2,attack-pattern--0259baeb-9f63-4c69-bf10-eb038c390688
intrusion-set--0ec2f388-bf0f-4b5c-97b1-fc736d26c25f,attack-pattern--3dc8c101-d4db-4f4d-8150-1b5a76ca5f1b
intrusion-set--cc613a49-9bfa-4e22-98d1-15ffbb03f034,attack-pattern--2fee9321-3e71-4cf4-af24-d4d40d355b34
intrusion-set--88b7dbc2-32d3-4e31-af2f-3fc24e1582d7,attack-pattern--767dbf9e-df3f-45cb-8998-4903ab5f80c0
intrusion-set--918da025-04bd-48af-b6c4-f3e4d1b915eb,attack-pattern--65013dd2-bc61-43e3-afb5-a14c4fa7437a
intrusion-set--b516b235-fc7d-4635-aca5-3d33312339c3,attack-pattern--391d824f-0ef1-47a0-b0ee-c59a75e27670
intrusion-set--894aab42-3371-47b1-8859-a4a074c804c8,attack-pattern--df8b2a25-8bdf-4856-953c-a04372b1c161
intrusion-set--ebd7ce77-c9ba-4fba-bb28-58296ac66559,attack-pattern--88d31120-5bc7-4ce3-a9c0-7cf147be8e54
intrusion-set--bf668120-e9a6-4017-a014-bfc0f5232656,attack-pattern--dfd7cc1d-e1d8-4394-a198-97c4cab8aa67
intrusion-set--cb41e991-65f4-4668-a65f-f4200545b5a1,attack-pattern--4061e78c-1284-44b4-9116-73e4ac3912f7
intrusion-set--381fcf73-60f6-4ab2-9991-6af3cbc35192,attack-pattern--d63a3fb8-9452-4e9d-a60a-54be68d5998c
intrusion-set--2688b13e-8e71-405a-9c40-0dee94bddf87,attack-pattern--cfb525cc-5494-401d-a82b-2539ca46a561
intrusion-set--85403903-15e0-4f9f-9be4-a259ecad4022,attack-pattern--75b9a4d2-d4e2-4ca1-9aab-1badd9e05fd0
intrusion-set--56319646-eb6e-41fc-ae53-aadfa7adb924,attack-pattern--7bc57495-ea59-4380-be31-a64af124ef18
intrusion-set--dc6fe6ee-04c2-49be-ba3d-f38d2463c02a,attack-pattern--eb062747-2193-45de-8fa2-e62549c37ddf
intrusion-set--247cb30b-955f-42eb-97a5-a89fef69341e,attack-pattern--ef67e13e-5598-4adc-bdb2-998225874fa9
intrusion-set--efed95ba-d7e8-47ff-8c53-99c42426ee7c,attack-pattern--9efb1ea7-c37b-4595-9640-b7680cd84279
intrusion-set--2e290bfe-93b5-48ce-97d6-edcd6d32b7cf,attack-pattern--1b7ba276-eedc-4951-a762-0ceea2c030ec
intrusion-set--f8cb7b36-62ef-4488-8a6d-a7033e3271c1,attack-pattern--3dc8c101-d4db-4f4d-8150-1b5a76ca5f1b
intrusion-set--88489675-d216-4884-a98f-49a89fcc1643,attack-pattern--ef67e13e-5598-4adc-bdb2-998225874fa9
intrusion-set--6713ab67-e25b-49cc-808d-2b36d4fbc35c,attack-pattern--774a3188-6ba9-4dc4-879d-d54ee48a5ce9
intrusion-set--c93fccb1-e8e8-42cf-ae33-2ad1d183913a,attack-pattern--fb640c43-aa6b-431e-a961-a279010424ac
intrusion-set--9b36c218-4d80-4ec6-a68d-cc2886bbe410,attack-pattern--65013dd2-bc61-43e3-afb5-a14c4fa7437a
intrusion-set--bef4c620-0787-42a8-a96d-b7eb6e85917c,attack-pattern--1b7ba276-eedc-4951-a762-0ceea2c030ec
intrusion-set--0ec2f388-bf0f-4b5c-97b1-fc736d26c25f,attack-pattern--143c0cbb-a297-4142-9624-87ffc778980b
intrusion-set--fb366179-766c-4a4a-afa1-52bff1fd601c,attack-pattern--b17a1a56-e99c-403c-8948-561df0cffe81
intrusion-set--44102191-3a31-45f8-acbe-34bdb441d5ad,attack-pattern--deb98323-e13f-4b0c-8d94-175379069062
intrusion-set--247cb30b-955f-42eb-97a5-a89fef69341e,attack-pattern--df8b2a25-8bdf-4856-953c-a04372b1c161
intrusion-set--7f848c02-4d1e-4808-a4ae-4670681370a9,attack-pattern--b8902400-e6c5-4ba2-95aa-2d35b442b118
intrusion-set--8c1f0187-0826-4320-bddc-5f326cfcfe2c,attack-pattern--322bad5a-1c49-4d23-ab79-76d641794afa
intrusion-set--6fe8a2a1-a1b0-4af8-953d-4babd329f8f8,attack-pattern--2e34237d-8574-43f6-aace-ae2915de8597
intrusion-set--8c1f0187-0826-4320-bddc-5f326cfcfe2c,attack-pattern--d511a6f6-4a33-41d5-bc95-c343875d1377
intrusion-set--8a831aaa-f3e0-47a3-bed8-a9ced744dd12,attack-pattern--7bc57495-ea59-4380-be31-a64af124ef18
intrusion-set--c93fccb1-e8e8-42cf-ae33-2ad1d183913a,attack-pattern--8c41090b-aa47-4331-986b-8c9a51a91103
intrusion-set--18854f55-ac7c-4634-bd9a-352dd07613b7,attack-pattern--a93494bb-4b80-4ea1-8695-3236a49916fd
intrusion-set--7113eaa5-ba79-4fb3-b68a-398ee9cd698e,attack-pattern--f4599aa0-4f85-4a32-80ea-fc39dc965945
intrusion-set--dd2d9ca6-505b-4860-a604-233685b802c7,attack-pattern--10d51417-ee35-4589-b1ff-b6df1c334e8d
intrusion-set--dd2d9ca6-505b-4860-a604-233685b802c7,attack-pattern--6836813e-8ec8-4375-b459-abb388cb1a35
intrusion-set--f9d6633a-55e6-4adc-9263-6ae080421a13,attack-pattern--be055942-6e63-49d7-9fa1-9cb7d8a8f3f4
intrusion-set--82323c70-4186-4b61-94f5-b227c3b28e89,attack-pattern--212306d8-efa4-44c9-8c2d-ed3d2e224aa0
intrusion-set--a7f57cc1-4540-4429-823f-f4e56b8473c9,attack-pattern--005a06c6-14bf-4118-afa0-ebcd8aebb0c9
intrusion-set--1f21da59-6a13-455b-afd0-d58d0a5a7d27,attack-pattern--2e34237d-8574-43f6-aace-ae2915de8597
intrusion-set--a0cb9370-e39b-44d5-9f50-ef78e412b973,attack-pattern--197ef1b9-e764-46c3-b96c-23f77985dc81
intrusion-set--420ac20b-f2b9-42b8-aa1a-6d4b72895ca4,attack-pattern--0a5231ec-41af-4a35-83d0-6bdf11f28c65
intrusion-set--899ce53f-13a0-479b-a0e4-67d46e241542,attack-pattern--54ca26f3-c172-4231-93e5-ccebcac2161f
intrusion-set--7113eaa5-ba79-4fb3-b68a-398ee9cd698e,attack-pattern--2e34237d-8574-43f6-aace-ae2915de8597
intrusion-set--01e28736-2ffc-455b-9880-ed4d1407ae07,attack-pattern--bf1b6176-597c-4600-bfcd-ac989670f96b
intrusion-set--46bb06cb-f2d9-4b37-8c92-a27e224ad90d,attack-pattern--eb062747-2193-45de-8fa2-e62549c37ddf
intrusion-set--18854f55-ac7c-4634-bd9a-352dd07613b7,attack-pattern--e624264c-033a-424d-9fd7-fc9c3bbdb03e
intrusion-set--269e8108-68c6-4f99-b911-14b2e765dec2,attack-pattern--7bc57495-ea59-4380-be31-a64af124ef18
intrusion-set--a0cb9370-e39b-44d5-9f50-ef78e412b973,attack-pattern--be2dcee9-a7a7-4e38-afd6-21b31ecc3d63
intrusion-set--f9d6633a-55e6-4adc-9263-6ae080421a13,attack-pattern--03d7999c-1f4c-42cc-8373-e7690d318104
intrusion-set--fb366179-766c-4a4a-afa1-52bff1fd601c,attack-pattern--31fe0ba2-62fd-4fd9-9293-4043d84f7fe9
intrusion-set--8cf6e33b-b6ef-4a1f-a77c-0ecdde93161f,attack-pattern--e358d692-23c0-4a31-9eb6-ecc13a8d7735
intrusion-set--06a11b7e-2a36-47fe-8d3e-82c265df3258,attack-pattern--65f2d882-3f41-4d48-8a06-29af77ec9f90
intrusion-set--461b8e25-8f4a-4ea2-a4a8-e39df7ce6630,attack-pattern--b831f51c-d22f-4724-bbab-60d056bd1150
intrusion-set--fb366179-766c-4a4a-afa1-52bff1fd601c,attack-pattern--a2fdce72-04b2-409a-ac10-cc1695f4fce0
intrusion-set--54dfec3e-6464-4f74-9d69-b7c817b7e5a3,attack-pattern--be2dcee9-a7a7-4e38-afd6-21b31ecc3d63
intrusion-set--4283ae19-69c7-4347-a35e-b56f08eb660b,attack-pattern--03d7999c-1f4c-42cc-8373-e7690d318104
intrusion-set--d13c8a7f-740b-4efa-a232-de7d6bb05321,attack-pattern--d511a6f6-4a33-41d5-bc95-c343875d1377
intrusion-set--c93fccb1-e8e8-42cf-ae33-2ad1d183913a,attack-pattern--a2fdce72-04b2-409a-ac10-cc1695f4fce0
intrusion-set--f8cb7b36-62ef-4488-8a6d-a7033e3271c1,attack-pattern--92d7da27-2d91-488e-a00c-059dc162766d
intrusion-set--88489675-d216-4884-a98f-49a89fcc1643,attack-pattern--2e34237d-8574-43f6-aace-ae2915de8597
intrusion-set--c4d50cdf-87ce-407d-86d8-862883485842,attack-pattern--b3d682b6-98f2-4fb0-aa3b-b4df007ca70a
intrusion-set--c93fccb1-e8e8-42cf-ae33-2ad1d183913a,attack-pattern--4ab929c6-ee2d-4fb5-aab4-b14be2ed7179
intrusion-set--6713ab67-e25b-49cc-808d-2b36d4fbc35c,attack-pattern--322bad5a-1c49-4d23-ab79-76d641794afa
intrusion-set--c0291346-defe-48d7-9542-9e074ba1bdfb,attack-pattern--65013dd2-bc61-43e3-afb5-a14c4fa7437a
intrusion-set--222fbd21-fc4f-4b7e-9f85-0e6e3a76c33f,attack-pattern--391d824f-0ef1-47a0-b0ee-c59a75e27670
intrusion-set--e1fc262c-dad2-4b82-abda-5f08dd134971,attack-pattern--dca670cf-eeec-438f-8185-fd959d9ef211
intrusion-set--fb366179-766c-4a4a-afa1-52bff1fd601c,attack-pattern--e358d692-23c0-4a31-9eb6-ecc13a8d7735
intrusion-set--918da025-04bd-48af-b6c4-f3e4d1b915eb,attack-pattern--b17a1a56-e99c-403c-8948-561df0cffe81
intrusion-set--6a2e693f-24e5-451a-9f88-b36a108e5662,attack-pattern--7807d3a4-a885-4639-a786-c1ed41484970
intrusion-set--6713ab67-e25b-49cc-808d-2b36d4fbc35c,attack-pattern--2959d63f-73fd-46a1-abd2-109d7dcede32
intrusion-set--8c1f0187-0826-4320-bddc-5f326cfcfe2c,attack-pattern--75b9a4d2-d4e2-4ca1-9aab-1badd9e05fd0
intrusion-set--0ec2f388-bf0f-4b5c-97b1-fc736d26c25f,attack-pattern--47f2d673-ca62-47e9-929b-1b0be9657611
intrusion-set--46bb06cb-f2d9-4b37-8c92-a27e224ad90d,attack-pattern--970a3432-3237-47ad-bcca-7d8cbb217736
intrusion-set--ebd7ce77-c9ba-4fba-bb28-58296ac66559,attack-pattern--291ede6c-1473-454c-b614-5ac5ea63c987
intrusion-set--8b1e16f6-e7c8-4b7a-a5df-f81232c13e2f,attack-pattern--3f886f2a-874f-4333-b794-aa6075009b1c
intrusion-set--c93fccb1-e8e8-42cf-ae33-2ad1d183913a,attack-pattern--dfd7cc1d-e1d8-4394-a198-97c4cab8aa67
intrusion-set--85403903-15e0-4f9f-9be4-a259ecad4022,attack-pattern--a2fdce72-04b2-409a-ac10-cc1695f4fce0
intrusion-set--4e868dad-682d-4897-b8df-2dc98f46c68a,attack-pattern--731f4f55-b6d0-41d1-a7a9-072a66389aea
intrusion-set--bf668120-e9a6-4017-a014-bfc0f5232656,attack-pattern--0d91b3c0-5e50-47c3-949a-2a796f04d144
intrusion-set--c93fccb1-e8e8-42cf-ae33-2ad1d183913a,attack-pattern--1b7b1806-7746-41a1-a35d-e48dae25ddba
intrusion-set--2e290bfe-93b5-48ce-97d6-edcd6d32b7cf,attack-pattern--dc31fe1e-d722-49da-8f5f-92c7b5aff534
intrusion-set--9e729a7e-0dd6-4097-95bf-db8d64911383,attack-pattern--82caa33e-d11a-433a-94ea-9b5a5fbef81d
intrusion-set--c93fccb1-e8e8-42cf-ae33-2ad1d183913a,attack-pattern--045d0922-2310-4e60-b5e4-3302302cb3c5
intrusion-set--02b16bd6-ae88-417a-8a3f-02c5e166175a,attack-pattern--3f886f2a-874f-4333-b794-aa6075009b1c
intrusion-set--2688b13e-8e71-405a-9c40-0dee94bddf87,attack-pattern--70910fbd-58dc-4c1c-8c48-814d11fcd022
intrusion-set--16ade1aa-0ea1-4bb7-88cc-9079df2ae756,attack-pattern--a01bf75f-00b2-4568-a58f-565ff9bf202b
intrusion-set--918da025-04bd-48af-b6c4-f3e4d1b915eb,attack-pattern--e6919abc-99f9-4c6c-95a5-14761e7b2add
intrusion-set--0ec2f388-bf0f-4b5c-97b1-fc736d26c25f,attack-pattern--2d3f5b3c-54ca-4f4d-bb1f-849346d31230
intrusion-set--dc6fe6ee-04c2-49be-ba3d-f38d2463c02a,attack-pattern--dfd7cc1d-e1d8-4394-a198-97c4cab8aa67
intrusion-set--46599a4a-77ee-4697-9474-2683b6464859,attack-pattern--bbe5b322-e2af-4a5e-9625-a4e62bf84ed3
intrusion-set--2e290bfe-93b5-48ce-97d6-edcd6d32b7cf,attack-pattern--bbde9781-60aa-4b8a-a911-895b0c1b3872
intrusion-set--f8cb7b36-62ef-4488-8a6d-a7033e3271c1,attack-pattern--40f5caa0-4cb7-4117-89fc-d421bb493df3
intrusion-set--0ea72cd5-ca30-46ba-bc04-378f701c658f,attack-pattern--2db31dcd-54da-405d-acef-b9129b816ed6
intrusion-set--8f5e8dc7-739d-4f5e-a8a1-a66e004d7063,attack-pattern--212306d8-efa4-44c9-8c2d-ed3d2e224aa0
intrusion-set--381fcf73-60f6-4ab2-9991-6af3cbc35192,attack-pattern--01a5a209-b94c-450b-b7f9-946497d91055
intrusion-set--7a19ecb1-3c65-4de3-a230-993516aed6a6,attack-pattern--348f1eef-964b-4eb6-bb53-69b3dcb0c643
intrusion-set--7a19ecb1-3c65-4de3-a230-993516aed6a6,attack-pattern--bf1b6176-597c-4600-bfcd-ac989670f96b
intrusion-set--3ea7add5-5b8f-45d8-b1f1-905d2729d62a,attack-pattern--65013dd2-bc61-43e3-afb5-a14c4fa7437a
intrusion-set--d8bc9788-4f7d-41a9-9e9d-ee1ea18a8cf7,attack-pattern--6ee2dc99-91ad-4534-a7d8-a649358c331f
intrusion-set--c93fccb1-e8e8-42cf-ae33-2ad1d183913a,attack-pattern--88d31120-5bc7-4ce3-a9c0-7cf147be8e54
intrusion-set--0ec2f388-bf0f-4b5c-97b1-fc736d26c25f,attack-pattern--887274fc-2d63-4bdc-82f3-fae56d1d5fdc
intrusion-set--64b52e7d-b2c4-4a02-9372-08a463f5dc11,attack-pattern--1c4e5d32-1fe9-4116-9d9d-59e3925bd6a2
intrusion-set--0ec2f388-bf0f-4b5c-97b1-fc736d26c25f,attack-pattern--55fc4df0-b42c-479a-b860-7a6761bcaad0
intrusion-set--dd2d9ca6-505b-4860-a604-233685b802c7,attack-pattern--7bdca9d5-d500-4d7d-8c52-5fd47baf4c0c
intrusion-set--46bb06cb-f2d9-4b37-8c92-a27e224ad90d,attack-pattern--851e071f-208d-4c79-adc6-5974c85c78f3
intrusion-set--f9d6633a-55e6-4adc-9263-6ae080421a13,attack-pattern--e74de37c-a829-446c-937d-56a44f0e9306
intrusion-set--381fcf73-60f6-4ab2-9991-6af3cbc35192,attack-pattern--4bc31b94-045b-4752-8920-aebaebdb6470
intrusion-set--319fd652-edde-46b2-9987-3519493989f5,attack-pattern--bb5e59c4-abe7-40c7-8196-e373cb1e5974
intrusion-set--247cb30b-955f-42eb-97a5-a89fef69341e,attack-pattern--1c4e5d32-1fe9-4116-9d9d-59e3925bd6a2
intrusion-set--6713ab67-e25b-49cc-808d-2b36d4fbc35c,attack-pattern--3f886f2a-874f-4333-b794-aa6075009b1c
intrusion-set--dc6fe6ee-04c2-49be-ba3d-f38d2463c02a,attack-pattern--be2dcee9-a7a7-4e38-afd6-21b31ecc3d63
intrusion-set--381fcf73-60f6-4ab2-9991-6af3cbc35192,attack-pattern--4f9ca633-15c5-463c-9724-bdcd54fde541
intrusion-set--d69e568e-9ac8-4c08-b32c-d93b43ba9172,attack-pattern--a2fdce72-04b2-409a-ac10-cc1695f4fce0
intrusion-set--00f67a77-86a4-4adf-be26-1a54fc713340,attack-pattern--a93494bb-4b80-4ea1-8695-3236a49916fd
intrusion-set--f9d6633a-55e6-4adc-9263-6ae080421a13,attack-pattern--d63a3fb8-9452-4e9d-a60a-54be68d5998c
intrusion-set--1c63d4ec-0a75-4daa-b1df-0d11af3d3cc1,attack-pattern--75b9a4d2-d4e2-4ca1-9aab-1badd9e05fd0
intrusion-set--c93fccb1-e8e8-42cf-ae33-2ad1d183913a,attack-pattern--09a60ea3-a8d1-4ae5-976e-5783248b72a4
intrusion-set--8cf6e33b-b6ef-4a1f-a77c-0ecdde93161f,attack-pattern--707399d6-ab3e-4963-9315-d9d3818cd6a0
intrusion-set--4ca1929c-7d64-4aab-b849-badbfc0c760d,attack-pattern--a93494bb-4b80-4ea1-8695-3236a49916fd
intrusion-set--899ce53f-13a0-479b-a0e4-67d46e241542,attack-pattern--970a3432-3237-47ad-bcca-7d8cbb217736
intrusion-set--4ca1929c-7d64-4aab-b849-badbfc0c760d,attack-pattern--dfd7cc1d-e1d8-4394-a198-97c4cab8aa67
intrusion-set--b7f627e2-0817-4cd5-8d50-e75f8aa85cc6,attack-pattern--2fee9321-3e71-4cf4-af24-d4d40d355b34
intrusion-set--18854f55-ac7c-4634-bd9a-352dd07613b7,attack-pattern--633a100c-b2c9-41bf-9be5-905c1b16c825
intrusion-set--0ec2f388-bf0f-4b5c-97b1-fc736d26c25f,attack-pattern--671cd17f-a765-48fd-adc4-dad1941b1ae3
intrusion-set--ead23196-d7b6-4ce6-a124-4ab4b67d81bd,attack-pattern--df8b2a25-8bdf-4856-953c-a04372b1c161
intrusion-set--7a19ecb1-3c65-4de3-a230-993516aed6a6,attack-pattern--be055942-6e63-49d7-9fa1-9cb7d8a8f3f4
intrusion-set--df71bb3b-813c-45eb-a8bc-f2a419837411,attack-pattern--2b742742-28c3-4e1b-bab7-8350d6300fa7
intrusion-set--7b404cd0-3ae9-41d4-90c0-023793d35d97,attack-pattern--f232fa7a-025c-4d43-abc7-318e81a73d65
intrusion-set--f8cb7b36-62ef-4488-8a6d-a7033e3271c1,attack-pattern--df8b2a25-8bdf-4856-953c-a04372b1c161
intrusion-set--4a2ce82e-1a74-468a-a6fb-bbead541383c,attack-pattern--232a7e42-cd6e-4902-8fe9-2960f529dd4d
intrusion-set--c93fccb1-e8e8-42cf-ae33-2ad1d183913a,attack-pattern--b18eae87-b469-4e14-b454-b171b416bc18
intrusion-set--4c4a7846-45d5-4761-8eea-725fa989914c,attack-pattern--a2fdce72-04b2-409a-ac10-cc1695f4fce0
intrusion-set--247cb30b-955f-42eb-97a5-a89fef69341e,attack-pattern--d63a3fb8-9452-4e9d-a60a-54be68d5998c
intrusion-set--73a80fab-2aa3-48e0-a4d0-3a4828200aee,attack-pattern--a718a0c8-5768-41a1-9958-a1cc3f995e99
intrusion-set--fb366179-766c-4a4a-afa1-52bff1fd601c,attack-pattern--40f5caa0-4cb7-4117-89fc-d421bb493df3
intrusion-set--f9d6633a-55e6-4adc-9263-6ae080421a13,attack-pattern--0d91b3c0-5e50-47c3-949a-2a796f04d144
intrusion-set--f9d6633a-55e6-4adc-9263-6ae080421a13,attack-pattern--2b742742-28c3-4e1b-bab7-8350d6300fa7
intrusion-set--82323c70-4186-4b61-94f5-b227c3b28e89,attack-pattern--25659dd6-ea12-45c4-97e6-381e3e4b593e
intrusion-set--269e8108-68c6-4f99-b911-14b2e765dec2,attack-pattern--120d5519-3098-4e1c-9191-2aa61232f073
intrusion-set--1c3dcf91-b859-4aae-a09c-ae26dc8b6390,attack-pattern--52759bf1-fe12-4052-ace6-c5b0cf7dd7fd
intrusion-set--0bbdf25b-30ff-4894-a1cd-49260d0dd2d9,attack-pattern--837f9164-50af-4ac0-8219-379d8a74cefc
intrusion-set--0ec2f388-bf0f-4b5c-97b1-fc736d26c25f,attack-pattern--e624264c-033a-424d-9fd7-fc9c3bbdb03e
intrusion-set--2688b13e-8e71-405a-9c40-0dee94bddf87,attack-pattern--bf1b6176-597c-4600-bfcd-ac989670f96b
intrusion-set--674582ec-51c4-42ce-b409-797239e37a2a,attack-pattern--232b7f21-adf9-4b42-b936-b9d6f7df856e
intrusion-set--918da025-04bd-48af-b6c4-f3e4d1b915eb,attack-pattern--8f4a33ec-8b1f-4b80-a2f6-642b2e479580
intrusion-set--2a158b0a-7ef8-43cb-9985-bf34d1e12050,attack-pattern--2e34237d-8574-43f6-aace-ae2915de8597
intrusion-set--b8137919-38cb-4db0-90f3-437be885faba,attack-pattern--eb062747-2193-45de-8fa2-e62549c37ddf
intrusion-set--7b404cd0-3ae9-41d4-90c0-023793d35d97,attack-pattern--b97f1d35-4249-4486-a6b5-ee60ccf24fab
intrusion-set--c47f937f-1022-4f42-8525-e7a4779a14cb,attack-pattern--2e34237d-8574-43f6-aace-ae2915de8597
intrusion-set--6eded342-33e5-4451-b6b2-e1c62863129f,attack-pattern--f2514ae4-4e9b-4f26-a5ba-c4ae85fe93c3
intrusion-set--7f848c02-4d1e-4808-a4ae-4670681370a9,attack-pattern--b21c3b2d-02e6-45b1-980b-e69051040839
intrusion-set--f9d6633a-55e6-4adc-9263-6ae080421a13,attack-pattern--6151cbea-819b-455a-9fa6-99a1cc58797d
intrusion-set--c93fccb1-e8e8-42cf-ae33-2ad1d183913a,attack-pattern--04fd5427-79c7-44ea-ae13-11b24778ff1c
intrusion-set--d8bc9788-4f7d-41a9-9e9d-ee1ea18a8cf7,attack-pattern--70857657-bd0b-4695-ad3e-b13f92cac1b4
intrusion-set--8c1f0187-0826-4320-bddc-5f326cfcfe2c,attack-pattern--707399d6-ab3e-4963-9315-d9d3818cd6a0
intrusion-set--fe8796a4-2a02-41a0-9d27-7aa1e995feb6,attack-pattern--2e34237d-8574-43f6-aace-ae2915de8597
intrusion-set--38863958-a201-4ce1-9dbe-539b0b6804e0,attack-pattern--005a06c6-14bf-4118-afa0-ebcd8aebb0c9
intrusion-set--7113eaa5-ba79-4fb3-b68a-398ee9cd698e,attack-pattern--e196b5c5-8118-4a1c-ab8a-936586ce3db5
intrusion-set--18854f55-ac7c-4634-bd9a-352dd07613b7,attack-pattern--d1fcf083-a721-4223-aedf-bf8960798d62
intrusion-set--18854f55-ac7c-4634-bd9a-352dd07613b7,attack-pattern--1644e709-12d2-41e5-a60f-3470991f5011
intrusion-set--0ec2f388-bf0f-4b5c-97b1-fc736d26c25f,attack-pattern--035bb001-ab69-4a0b-9f6c-2de8b09e1b9d
intrusion-set--a7f57cc1-4540-4429-823f-f4e56b8473c9,attack-pattern--9db0cf3a-a3c9-4012-8268-123b9db6fd82
intrusion-set--c1aab4c9-4c34-4f4f-8541-d529e46a07f9,attack-pattern--65f2d882-3f41-4d48-8a06-29af77ec9f90
intrusion-set--ebd7ce77-c9ba-4fba-bb28-58296ac66559,attack-pattern--341e222a-a6e3-4f6f-b69c-831d792b1580
intrusion-set--5f3d0238-d058-44a9-8812-3dd1b6741a8c,attack-pattern--731f4f55-b6d0-41d1-a7a9-072a66389aea
intrusion-set--ebd7ce77-c9ba-4fba-bb28-58296ac66559,attack-pattern--0c4b4fda-9062-47da-98b9-ceae2dcf052a
intrusion-set--319fd652-edde-46b2-9987-3519493989f5,attack-pattern--0d91b3c0-5e50-47c3-949a-2a796f04d144
intrusion-set--6713ab67-e25b-49cc-808d-2b36d4fbc35c,attack-pattern--1c4e5d32-1fe9-4116-9d9d-59e3925bd6a2
intrusion-set--d0b3393b-3bec-4ba3-bda9-199d30db47b6,attack-pattern--ef67e13e-5598-4adc-bdb2-998225874fa9
intrusion-set--82323c70-4186-4b61-94f5-b227c3b28e89,attack-pattern--a2029942-0a85-4947-b23c-ca434698171d
intrusion-set--7a19ecb1-3c65-4de3-a230-993516aed6a6,attack-pattern--df8b2a25-8bdf-4856-953c-a04372b1c161
intrusion-set--00f67a77-86a4-4adf-be26-1a54fc713340,attack-pattern--3489cfc5-640f-4bb3-a103-9137b97de79f
intrusion-set--64b52e7d-b2c4-4a02-9372-08a463f5dc11,attack-pattern--7807d3a4-a885-4639-a786-c1ed41484970
intrusion-set--4ca1929c-7d64-4aab-b849-badbfc0c760d,attack-pattern--2b742742-28c3-4e1b-bab7-8350d6300fa7
intrusion-set--02b16bd6-ae88-417a-8a3f-02c5e166175a,attack-pattern--3ee16395-03f0-4690-a32e-69ce9ada0f9e
intrusion-set--174279b4-399f-4ddb-966e-5efedd1dd5f2,attack-pattern--f6dacc85-b37d-458e-b58d-74fc4bbf5755
intrusion-set--7113eaa5-ba79-4fb3-b68a-398ee9cd698e,attack-pattern--be2dcee9-a7a7-4e38-afd6-21b31ecc3d63
intrusion-set--c93fccb1-e8e8-42cf-ae33-2ad1d183913a,attack-pattern--d742a578-d70e-4d0e-96a6-02a9c30204e6
intrusion-set--8cf6e33b-b6ef-4a1f-a77c-0ecdde93161f,attack-pattern--32901740-b42c-4fdd-bc02-345b5dc57082
intrusion-set--5cbe0d3b-6fb1-471f-b591-4b192915116d,attack-pattern--b17a1a56-e99c-403c-8948-561df0cffe81
intrusion-set--d6e88e18-81e8-4709-82d8-973095da1e70,attack-pattern--e196b5c5-8118-4a1c-ab8a-936586ce3db5
intrusion-set--f29b7c5e-2439-42ad-a86f-9f8984fafae3,attack-pattern--be055942-6e63-49d7-9fa1-9cb7d8a8f3f4
intrusion-set--8c1f0187-0826-4320-bddc-5f326cfcfe2c,attack-pattern--e3a12395-188d-4051-9a16-ea8e14d07b88
intrusion-set--4a2ce82e-1a74-468a-a6fb-bbead541383c,attack-pattern--391d824f-0ef1-47a0-b0ee-c59a75e27670
intrusion-set--fd19bd82-1b14-49a1-a176-6cdc46b8a826,attack-pattern--d511a6f6-4a33-41d5-bc95-c343875d1377
intrusion-set--269e8108-68c6-4f99-b911-14b2e765dec2,attack-pattern--e6919abc-99f9-4c6c-95a5-14761e7b2add
intrusion-set--dd2d9ca6-505b-4860-a604-233685b802c7,attack-pattern--21875073-b0ee-49e3-9077-1e2a885359af
intrusion-set--fb366179-766c-4a4a-afa1-52bff1fd601c,attack-pattern--d742a578-d70e-4d0e-96a6-02a9c30204e6
intrusion-set--90784c1e-4aba-40eb-9adf-7556235e6384,attack-pattern--65013dd2-bc61-43e3-afb5-a14c4fa7437a
intrusion-set--64b52e7d-b2c4-4a02-9372-08a463f5dc11,attack-pattern--cba37adb-d6fb-4610-b069-dd04c0643384
intrusion-set--00f67a77-86a4-4adf-be26-1a54fc713340,attack-pattern--7e7c2fba-7cca-486c-9582-4c1bb2851961
intrusion-set--9e729a7e-0dd6-4097-95bf-db8d64911383,attack-pattern--29be378d-262d-4e99-b00d-852d573628e6
intrusion-set--cc613a49-9bfa-4e22-98d1-15ffbb03f034,attack-pattern--57340c81-c025-4189-8fa0-fc7ede51bae4
intrusion-set--c93fccb1-e8e8-42cf-ae33-2ad1d183913a,attack-pattern--692074ae-bb62-4a5e-a735-02cb6bde458c
intrusion-set--c93fccb1-e8e8-42cf-ae33-2ad1d183913a,attack-pattern--232b7f21-adf9-4b42-b936-b9d6f7df856e
intrusion-set--c0291346-defe-48d7-9542-9e074ba1bdfb,attack-pattern--005a06c6-14bf-4118-afa0-ebcd8aebb0c9
intrusion-set--3ea7add5-5b8f-45d8-b1f1-905d2729d62a,attack-pattern--f3c544dc-673c-4ef3-accb-53229f1ae077
intrusion-set--b8137919-38cb-4db0-90f3-437be885faba,attack-pattern--3f886f2a-874f-4333-b794-aa6075009b1c
intrusion-set--3753cc21-2dae-4dfb-8481-d004e74502cc,attack-pattern--eec096b8-c207-43df-b6c1-11523861e452
intrusion-set--2e5d3a83-fe00-41a5-9b60-237efc84832f,attack-pattern--5bfccc3f-2326-4112-86cc-c1ece9d8a2b5
intrusion-set--c93fccb1-e8e8-42cf-ae33-2ad1d183913a,attack-pattern--32901740-b42c-4fdd-bc02-345b5dc57082
intrusion-set--7eda3dd8-b09b-4705-8090-c2ad9fb8c14d,attack-pattern--045d0922-2310-4e60-b5e4-3302302cb3c5
intrusion-set--7f848c02-4d1e-4808-a4ae-4670681370a9,attack-pattern--7bdca9d5-d500-4d7d-8c52-5fd47baf4c0c
intrusion-set--7331c66a-5601-4d3f-acf6-ad9e3035eb40,attack-pattern--09a60ea3-a8d1-4ae5-976e-5783248b72a4
intrusion-set--918da025-04bd-48af-b6c4-f3e4d1b915eb,attack-pattern--2f6b4ed7-fef1-44ba-bcb8-1b4beb610b64
intrusion-set--269e8108-68c6-4f99-b911-14b2e765dec2,attack-pattern--24bfaeba-cb0d-4525-b3dc-507c77ecec41
intrusion-set--18854f55-ac7c-4634-bd9a-352dd07613b7,attack-pattern--118f61a5-eb3e-4fb6-931f-2096647f4ecd
intrusion-set--5f3d0238-d058-44a9-8812-3dd1b6741a8c,attack-pattern--a2fdce72-04b2-409a-ac10-cc1695f4fce0
intrusion-set--18854f55-ac7c-4634-bd9a-352dd07613b7,attack-pattern--f1951e8a-500e-4a26-8803-76d95c4554b4
intrusion-set--cc613a49-9bfa-4e22-98d1-15ffbb03f034,attack-pattern--01a5a209-b94c-450b-b7f9-946497d91055
intrusion-set--8c1f0187-0826-4320-bddc-5f326cfcfe2c,attack-pattern--03d7999c-1f4c-42cc-8373-e7690d318104
intrusion-set--8c1f0187-0826-4320-bddc-5f326cfcfe2c,attack-pattern--25659dd6-ea12-45c4-97e6-381e3e4b593e
intrusion-set--54dfec3e-6464-4f74-9d69-b7c817b7e5a3,attack-pattern--4eeaf8a9-c86b-4954-a663-9555fb406466
intrusion-set--b7f627e2-0817-4cd5-8d50-e75f8aa85cc6,attack-pattern--9efb1ea7-c37b-4595-9640-b7680cd84279
intrusion-set--ebd7ce77-c9ba-4fba-bb28-58296ac66559,attack-pattern--d4287702-e2f7-4946-bdfa-2c7f5aaa5032
intrusion-set--ecbf507f-6786-4121-a4cc-0fd6a8d3a29d,attack-pattern--b17a1a56-e99c-403c-8948-561df0cffe81
intrusion-set--4a2ce82e-1a74-468a-a6fb-bbead541383c,attack-pattern--be2dcee9-a7a7-4e38-afd6-21b31ecc3d63
intrusion-set--9b36c218-4d80-4ec6-a68d-cc2886bbe410,attack-pattern--2e34237d-8574-43f6-aace-ae2915de8597
intrusion-set--1f21da59-6a13-455b-afd0-d58d0a5a7d27,attack-pattern--cbb66055-0325-4111-aca0-40547b6ad5b0
intrusion-set--44d37b89-a739-4810-9111-0d2617a8939b,attack-pattern--dfefe2ed-4389-4318-8762-f0272b350a1b
intrusion-set--73a80fab-2aa3-48e0-a4d0-3a4828200aee,attack-pattern--0d91b3c0-5e50-47c3-949a-2a796f04d144
intrusion-set--d13c8a7f-740b-4efa-a232-de7d6bb05321,attack-pattern--f1951e8a-500e-4a26-8803-76d95c4554b4
intrusion-set--7f848c02-4d1e-4808-a4ae-4670681370a9,attack-pattern--3ee16395-03f0-4690-a32e-69ce9ada0f9e
intrusion-set--82323c70-4186-4b61-94f5-b227c3b28e89,attack-pattern--354a7f88-63fb-41b5-a801-ce3b377b36f1
intrusion-set--fd66436e-4d33-450e-ac4c-f7810f1c85f4,attack-pattern--df8b2a25-8bdf-4856-953c-a04372b1c161
intrusion-set--ead23196-d7b6-4ce6-a124-4ab4b67d81bd,attack-pattern--3c4a2599-71ee-4405-ba1e-0e28414b4bc5
intrusion-set--fe98767f-9df8-42b9-83c9-004b1dec8647,attack-pattern--a2fdce72-04b2-409a-ac10-cc1695f4fce0
intrusion-set--06a11b7e-2a36-47fe-8d3e-82c265df3258,attack-pattern--00f90846-cbd1-4fc5-9233-df5c2bf2a662
intrusion-set--f047ee18-7985-4946-8bfb-4ed754d3a0dd,attack-pattern--2e34237d-8574-43f6-aace-ae2915de8597
intrusion-set--2a7914cf-dff3-428d-ab0f-1014d1c28aeb,attack-pattern--232b7f21-adf9-4b42-b936-b9d6f7df856e
intrusion-set--56319646-eb6e-41fc-ae53-aadfa7adb924,attack-pattern--0d91b3c0-5e50-47c3-949a-2a796f04d144
intrusion-set--ead23196-d7b6-4ce6-a124-4ab4b67d81bd,attack-pattern--840a987a-99bd-4a80-a5c9-0cb2baa6cade
intrusion-set--32bca8ff-d900-4877-aa65-d70baa041b74,attack-pattern--837f9164-50af-4ac0-8219-379d8a74cefc
intrusion-set--06a11b7e-2a36-47fe-8d3e-82c265df3258,attack-pattern--970a3432-3237-47ad-bcca-7d8cbb217736
intrusion-set--82323c70-4186-4b61-94f5-b227c3b28e89,attack-pattern--ef67e13e-5598-4adc-bdb2-998225874fa9
intrusion-set--f29b7c5e-2439-42ad-a86f-9f8984fafae3,attack-pattern--a2fdce72-04b2-409a-ac10-cc1695f4fce0
intrusion-set--c0291346-defe-48d7-9542-9e074ba1bdfb,attack-pattern--143122a8-fcda-4dd7-aded-5b9387d9c2d6
intrusion-set--2e290bfe-93b5-48ce-97d6-edcd6d32b7cf,attack-pattern--3ccef7ae-cb5e-48f6-8302-897105fbf55c
intrusion-set--03be849d-b5a2-4766-9dda-48976bae5710,attack-pattern--dfd7cc1d-e1d8-4394-a198-97c4cab8aa67
intrusion-set--467271fd-47c0-4e90-a3f9-d84f5cf790d0,attack-pattern--132d5b37-aac5-4378-a8dc-3127b18a73dc
intrusion-set--abc5a1d4-f0dc-49d1-88a1-4a80e478bb03,attack-pattern--1996eef1-ced3-4d7f-bf94-33298cabbf72
intrusion-set--4a2ce82e-1a74-468a-a6fb-bbead541383c,attack-pattern--43e7dc91-05b2-474c-b9ac-2ed4fe101f4d
intrusion-set--00f67a77-86a4-4adf-be26-1a54fc713340,attack-pattern--354a7f88-63fb-41b5-a801-ce3b377b36f1
intrusion-set--1c3dcf91-b859-4aae-a09c-ae26dc8b6390,attack-pattern--1d24cdee-9ea2-4189-b08e-af110bf2435d
intrusion-set--18854f55-ac7c-4634-bd9a-352dd07613b7,attack-pattern--1996eef1-ced3-4d7f-bf94-33298cabbf72
intrusion-set--efed95ba-d7e8-47ff-8c53-99c42426ee7c,attack-pattern--2959d63f-73fd-46a1-abd2-109d7dcede32
intrusion-set--90784c1e-4aba-40eb-9adf-7556235e6384,attack-pattern--69f897fd-12a9-4c89-ad6a-46d2f3c38262
intrusion-set--381fcf73-60f6-4ab2-9991-6af3cbc35192,attack-pattern--ef67e13e-5598-4adc-bdb2-998225874fa9
intrusion-set--7a19ecb1-3c65-4de3-a230-993516aed6a6,attack-pattern--f3c544dc-673c-4ef3-accb-53229f1ae077
intrusion-set--f9d6633a-55e6-4adc-9263-6ae080421a13,attack-pattern--7bc57495-ea59-4380-be31-a64af124ef18
intrusion-set--2a7914cf-dff3-428d-ab0f-1014d1c28aeb,attack-pattern--7bdca9d5-d500-4d7d-8c52-5fd47baf4c0c
intrusion-set--76565741-3452-4069-ab08-80c0ea95bbeb,attack-pattern--df8b2a25-8bdf-4856-953c-a04372b1c161
intrusion-set--dd2d9ca6-505b-4860-a604-233685b802c7,attack-pattern--4a6cfdae-1417-40c7-a84e-f59d21c58266
intrusion-set--0bbdf25b-30ff-4894-a1cd-49260d0dd2d9,attack-pattern--1c34f7aa-9341-4a48-bfab-af22e51aca6c
intrusion-set--44d37b89-a739-4810-9111-0d2617a8939b,attack-pattern--d4287702-e2f7-4946-bdfa-2c7f5aaa5032
intrusion-set--bef4c620-0787-42a8-a96d-b7eb6e85917c,attack-pattern--df8b2a25-8bdf-4856-953c-a04372b1c161
intrusion-set--269e8108-68c6-4f99-b911-14b2e765dec2,attack-pattern--bf1b6176-597c-4600-bfcd-ac989670f96b
intrusion-set--1f21da59-6a13-455b-afd0-d58d0a5a7d27,attack-pattern--806a49c4-970d-43f9-9acc-ac0ee11e6662
intrusion-set--4c4a7846-45d5-4761-8eea-725fa989914c,attack-pattern--5d0d3609-d06d-49e1-b9c9-b544e0c618cb
intrusion-set--afec6dc3-a18e-4b62-b1a4-5510e1a498d1,attack-pattern--2b742742-28c3-4e1b-bab7-8350d6300fa7
intrusion-set--420ac20b-f2b9-42b8-aa1a-6d4b72895ca4,attack-pattern--8f4a33ec-8b1f-4b80-a2f6-642b2e479580
intrusion-set--93f52415-0fe4-4d3d-896c-fc9b8e88ab90,attack-pattern--2fee9321-3e71-4cf4-af24-d4d40d355b34
intrusion-set--420ac20b-f2b9-42b8-aa1a-6d4b72895ca4,attack-pattern--354a7f88-63fb-41b5-a801-ce3b377b36f1
intrusion-set--38fd6a28-3353-4f2b-bb2b-459fecd5c648,attack-pattern--e6919abc-99f9-4c6c-95a5-14761e7b2add
intrusion-set--174279b4-399f-4ddb-966e-5efedd1dd5f2,attack-pattern--bbc3cba7-84ae-410d-b18b-16750731dfa2
intrusion-set--18854f55-ac7c-4634-bd9a-352dd07613b7,attack-pattern--e3a12395-188d-4051-9a16-ea8e14d07b88
intrusion-set--c93fccb1-e8e8-42cf-ae33-2ad1d183913a,attack-pattern--457c7820-d331-465a-915e-42f85500ccc4
intrusion-set--2688b13e-8e71-405a-9c40-0dee94bddf87,attack-pattern--b4694861-542c-48ea-9eb1-10d356e7140a
intrusion-set--269e8108-68c6-4f99-b911-14b2e765dec2,attack-pattern--58a3e6aa-4453-4cc8-a51f-4befe80b31a8
intrusion-set--420ac20b-f2b9-42b8-aa1a-6d4b72895ca4,attack-pattern--c21d5a77-d422-4a69-acd7-2c53c1faa34b
intrusion-set--44d37b89-a739-4810-9111-0d2617a8939b,attack-pattern--851e071f-208d-4c79-adc6-5974c85c78f3
intrusion-set--6a2e693f-24e5-451a-9f88-b36a108e5662,attack-pattern--7e150503-88e7-4861-866b-ff1ac82c4475
intrusion-set--2a158b0a-7ef8-43cb-9985-bf34d1e12050,attack-pattern--7bdca9d5-d500-4d7d-8c52-5fd47baf4c0c
intrusion-set--82323c70-4186-4b61-94f5-b227c3b28e89,attack-pattern--bf176076-b789-408e-8cba-7275e81c0ada
intrusion-set--dc6fe6ee-04c2-49be-ba3d-f38d2463c02a,attack-pattern--d63a3fb8-9452-4e9d-a60a-54be68d5998c
intrusion-set--7113eaa5-ba79-4fb3-b68a-398ee9cd698e,attack-pattern--dfd7cc1d-e1d8-4394-a198-97c4cab8aa67
intrusion-set--461b8e25-8f4a-4ea2-a4a8-e39df7ce6630,attack-pattern--143c0cbb-a297-4142-9624-87ffc778980b
intrusion-set--f9d6633a-55e6-4adc-9263-6ae080421a13,attack-pattern--707399d6-ab3e-4963-9315-d9d3818cd6a0
intrusion-set--129f2f77-1ab2-4c35-bd5e-21260cee92af,attack-pattern--65013dd2-bc61-43e3-afb5-a14c4fa7437a
intrusion-set--e44e0985-bc65-4a8f-b578-211c858128e3,attack-pattern--ec8fc7e2-b356-455c-8db5-2e37be158e7d
intrusion-set--918da025-04bd-48af-b6c4-f3e4d1b915eb,attack-pattern--4061e78c-1284-44b4-9116-73e4ac3912f7
intrusion-set--01e28736-2ffc-455b-9880-ed4d1407ae07,attack-pattern--d1fcf083-a721-4223-aedf-bf8960798d62
intrusion-set--d13c8a7f-740b-4efa-a232-de7d6bb05321,attack-pattern--69b8fd78-40e8-4600-ae4d-662c9d7afdb3
intrusion-set--17862c7d-9e60-48a0-b48e-da4dc4c3f6b0,attack-pattern--deb98323-e13f-4b0c-8d94-175379069062
intrusion-set--18854f55-ac7c-4634-bd9a-352dd07613b7,attack-pattern--00f90846-cbd1-4fc5-9233-df5c2bf2a662
intrusion-set--afec6dc3-a18e-4b62-b1a4-5510e1a498d1,attack-pattern--b4b7458f-81f2-4d38-84be-1c5ba0167a52
intrusion-set--abc5a1d4-f0dc-49d1-88a1-4a80e478bb03,attack-pattern--7807d3a4-a885-4639-a786-c1ed41484970
intrusion-set--01e28736-2ffc-455b-9880-ed4d1407ae07,attack-pattern--5d2be8b9-d24c-4e98-83bf-2f5f79477163
intrusion-set--269e8108-68c6-4f99-b911-14b2e765dec2,attack-pattern--a62a8db3-f23a-4d8f-afd6-9dbc77e7813b
intrusion-set--03506554-5f37-4f8f-9ce4-0e9f01a1b484,attack-pattern--ef67e13e-5598-4adc-bdb2-998225874fa9
intrusion-set--06a11b7e-2a36-47fe-8d3e-82c265df3258,attack-pattern--bf90d72c-c00b-45e3-b3aa-68560560d4c5
intrusion-set--dcd81c6e-ebf7-4a16-93e0-9a97fa49c88a,attack-pattern--045d0922-2310-4e60-b5e4-3302302cb3c5
intrusion-set--18854f55-ac7c-4634-bd9a-352dd07613b7,attack-pattern--045d0922-2310-4e60-b5e4-3302302cb3c5
intrusion-set--46599a4a-77ee-4697-9474-2683b6464859,attack-pattern--0458aab9-ad42-4eac-9e22-706a95bafee2
intrusion-set--01e28736-2ffc-455b-9880-ed4d1407ae07,attack-pattern--01a5a209-b94c-450b-b7f9-946497d91055
intrusion-set--56319646-eb6e-41fc-ae53-aadfa7adb924,attack-pattern--1c4e5d32-1fe9-4116-9d9d-59e3925bd6a2
intrusion-set--7a19ecb1-3c65-4de3-a230-993516aed6a6,attack-pattern--25659dd6-ea12-45c4-97e6-381e3e4b593e
intrusion-set--c21dd6f1-1364-4a70-a1f7-783080ec34ee,attack-pattern--25659dd6-ea12-45c4-97e6-381e3e4b593e
intrusion-set--56a05d27-4d47-418a-b330-781c5614f202,attack-pattern--fdc47f44-dd32-4b99-af5f-209f556f63c2
intrusion-set--674582ec-51c4-42ce-b409-797239e37a2a,attack-pattern--7385dfaf-6886-4229-9ecd-6fd678040830
intrusion-set--381fcf73-60f6-4ab2-9991-6af3cbc35192,attack-pattern--5d0d3609-d06d-49e1-b9c9-b544e0c618cb
intrusion-set--a0cb9370-e39b-44d5-9f50-ef78e412b973,attack-pattern--b17a1a56-e99c-403c-8948-561df0cffe81
intrusion-set--fd66436e-4d33-450e-ac4c-f7810f1c85f4,attack-pattern--e624264c-033a-424d-9fd7-fc9c3bbdb03e
intrusion-set--62a64fd3-aaf7-4d09-a375-d6f8bb118481,attack-pattern--be2dcee9-a7a7-4e38-afd6-21b31ecc3d63
intrusion-set--f8cb7b36-62ef-4488-8a6d-a7033e3271c1,attack-pattern--2fee9321-3e71-4cf4-af24-d4d40d355b34
intrusion-set--02b16bd6-ae88-417a-8a3f-02c5e166175a,attack-pattern--f5d8eed6-48a9-4cdf-a3d7-d1ffa99c3d2a
intrusion-set--f9d6633a-55e6-4adc-9263-6ae080421a13,attack-pattern--1c4e5d32-1fe9-4116-9d9d-59e3925bd6a2
intrusion-set--0bbdf25b-30ff-4894-a1cd-49260d0dd2d9,attack-pattern--c3d4bdd9-2cfe-4a80-9d0c-07a29ecdce8f
intrusion-set--ebd7ce77-c9ba-4fba-bb28-58296ac66559,attack-pattern--5502c4e9-24ef-4d5f-8ee9-9e906c2f82c4
intrusion-set--9b36c218-4d80-4ec6-a68d-cc2886bbe410,attack-pattern--8982a661-d84c-48c0-b4ec-1db29c6cf3bc
intrusion-set--35d1b3be-49d4-42f1-aaa6-ef159c880bca,attack-pattern--db8f5003-3b20-48f0-9b76-123e44208120
intrusion-set--467271fd-47c0-4e90-a3f9-d84f5cf790d0,attack-pattern--b200542e-e877-4395-875b-cf1a44537ca4
intrusion-set--44e43fad-ffcb-4210-abcf-eaaed9735f80,attack-pattern--3fc9b85a-2862-4363-a64d-d692e3ffbee0
intrusion-set--420ac20b-f2b9-42b8-aa1a-6d4b72895ca4,attack-pattern--be2dcee9-a7a7-4e38-afd6-21b31ecc3d63
intrusion-set--ebd7ce77-c9ba-4fba-bb28-58296ac66559,attack-pattern--0af0ca99-357d-4ba1-805f-674fdfb7bef9
intrusion-set--319fd652-edde-46b2-9987-3519493989f5,attack-pattern--cd92d2b8-ce43-4666-9472-f1b4b9f4f8be
intrusion-set--fbe9387f-34e6-4828-ac28-3080020c597b,attack-pattern--005a06c6-14bf-4118-afa0-ebcd8aebb0c9
intrusion-set--73a80fab-2aa3-48e0-a4d0-3a4828200aee,attack-pattern--57340c81-c025-4189-8fa0-fc7ede51bae4
intrusion-set--c21dd6f1-1364-4a70-a1f7-783080ec34ee,attack-pattern--21875073-b0ee-49e3-9077-1e2a885359af
intrusion-set--dc6fe6ee-04c2-49be-ba3d-f38d2463c02a,attack-pattern--120d5519-3098-4e1c-9191-2aa61232f073
intrusion-set--fbd29c89-18ba-4c2d-b792-51c0adee049f,attack-pattern--692074ae-bb62-4a5e-a735-02cb6bde458c
intrusion-set--b74f909f-8e52-4b69-b770-162bf59a1b4e,attack-pattern--a2fdce72-04b2-409a-ac10-cc1695f4fce0
intrusion-set--8c1f0187-0826-4320-bddc-5f326cfcfe2c,attack-pattern--4fe28b27-b13c-453e-a386-c2ef362a573b
intrusion-set--461b8e25-8f4a-4ea2-a4a8-e39df7ce6630,attack-pattern--be2dcee9-a7a7-4e38-afd6-21b31ecc3d63
intrusion-set--918da025-04bd-48af-b6c4-f3e4d1b915eb,attack-pattern--edf91964-b26e-4b4a-9600-ccacd7d7df24
intrusion-set--1f0f9a14-11aa-49aa-9174-bcd0eaa979de,attack-pattern--3fc9b85a-2862-4363-a64d-d692e3ffbee0
intrusion-set--4c4a7846-45d5-4761-8eea-725fa989914c,attack-pattern--212306d8-efa4-44c9-8c2d-ed3d2e224aa0
intrusion-set--88489675-d216-4884-a98f-49a89fcc1643,attack-pattern--0d91b3c0-5e50-47c3-949a-2a796f04d144
intrusion-set--f9c06633-dcff-48a1-8588-759e7cec5694,attack-pattern--09a60ea3-a8d1-4ae5-976e-5783248b72a4
intrusion-set--35d1b3be-49d4-42f1-aaa6-ef159c880bca,attack-pattern--e6919abc-99f9-4c6c-95a5-14761e7b2add
intrusion-set--17862c7d-9e60-48a0-b48e-da4dc4c3f6b0,attack-pattern--03d7999c-1f4c-42cc-8373-e7690d318104
intrusion-set--7eda3dd8-b09b-4705-8090-c2ad9fb8c14d,attack-pattern--3ccef7ae-cb5e-48f6-8302-897105fbf55c
intrusion-set--899ce53f-13a0-479b-a0e4-67d46e241542,attack-pattern--10d51417-ee35-4589-b1ff-b6df1c334e8d
intrusion-set--918da025-04bd-48af-b6c4-f3e4d1b915eb,attack-pattern--e358d692-23c0-4a31-9eb6-ecc13a8d7735
intrusion-set--7a19ecb1-3c65-4de3-a230-993516aed6a6,attack-pattern--ef67e13e-5598-4adc-bdb2-998225874fa9
intrusion-set--6713ab67-e25b-49cc-808d-2b36d4fbc35c,attack-pattern--f1951e8a-500e-4a26-8803-76d95c4554b4
intrusion-set--0ec2f388-bf0f-4b5c-97b1-fc736d26c25f,attack-pattern--cba37adb-d6fb-4610-b069-dd04c0643384
intrusion-set--918da025-04bd-48af-b6c4-f3e4d1b915eb,attack-pattern--f1951e8a-500e-4a26-8803-76d95c4554b4
intrusion-set--dc6fe6ee-04c2-49be-ba3d-f38d2463c02a,attack-pattern--ebbe170d-aa74-4946-8511-9921243415a3
intrusion-set--918da025-04bd-48af-b6c4-f3e4d1b915eb,attack-pattern--65f2d882-3f41-4d48-8a06-29af77ec9f90
intrusion-set--f9d6633a-55e6-4adc-9263-6ae080421a13,attack-pattern--3e6831b2-bf4c-4ae6-b328-2e7c6633b291
intrusion-set--c93fccb1-e8e8-42cf-ae33-2ad1d183913a,attack-pattern--41868330-6ee2-4d0f-b743-9f2294c3c9b6
intrusion-set--6fe8a2a1-a1b0-4af8-953d-4babd329f8f8,attack-pattern--77eae145-55db-4519-8ae5-77b0c7215d69
intrusion-set--c4d50cdf-87ce-407d-86d8-862883485842,attack-pattern--1c4e5d32-1fe9-4116-9d9d-59e3925bd6a2
intrusion-set--6713ab67-e25b-49cc-808d-2b36d4fbc35c,attack-pattern--3c4a2599-71ee-4405-ba1e-0e28414b4bc5
intrusion-set--64b52e7d-b2c4-4a02-9372-08a463f5dc11,attack-pattern--d1fcf083-a721-4223-aedf-bf8960798d62
intrusion-set--4ca1929c-7d64-4aab-b849-badbfc0c760d,attack-pattern--57340c81-c025-4189-8fa0-fc7ede51bae4
intrusion-set--d0b3393b-3bec-4ba3-bda9-199d30db47b6,attack-pattern--09a60ea3-a8d1-4ae5-976e-5783248b72a4
intrusion-set--277d2f87-2ae5-4730-a3aa-50c1fdff9656,attack-pattern--3731fbcd-0e43-47ae-ae6c-d15e510f0d42
intrusion-set--247cb30b-955f-42eb-97a5-a89fef69341e,attack-pattern--02c5abff-30bf-4703-ab92-1f6072fae939
intrusion-set--2a158b0a-7ef8-43cb-9985-bf34d1e12050,attack-pattern--005a06c6-14bf-4118-afa0-ebcd8aebb0c9
intrusion-set--269e8108-68c6-4f99-b911-14b2e765dec2,attack-pattern--00f90846-cbd1-4fc5-9233-df5c2bf2a662
intrusion-set--bef4c620-0787-42a8-a96d-b7eb6e85917c,attack-pattern--d28ef391-8ed4-45dc-bc4a-2f43abf54416
intrusion-set--a7f57cc1-4540-4429-823f-f4e56b8473c9,attack-pattern--970a3432-3237-47ad-bcca-7d8cbb217736
intrusion-set--ebd7ce77-c9ba-4fba-bb28-58296ac66559,attack-pattern--60c4b628-4807-4b0b-bbf5-fdac8643c337
intrusion-set--fd66436e-4d33-450e-ac4c-f7810f1c85f4,attack-pattern--d1fcf083-a721-4223-aedf-bf8960798d62
intrusion-set--461b8e25-8f4a-4ea2-a4a8-e39df7ce6630,attack-pattern--dca670cf-eeec-438f-8185-fd959d9ef211
intrusion-set--88b7dbc2-32d3-4e31-af2f-3fc24e1582d7,attack-pattern--132d5b37-aac5-4378-a8dc-3127b18a73dc
intrusion-set--b516b235-fc7d-4635-aca5-3d33312339c3,attack-pattern--8f4a33ec-8b1f-4b80-a2f6-642b2e479580
intrusion-set--f3be6240-f68e-47e1-90d2-ad8f3b3bb8a6,attack-pattern--970a3432-3237-47ad-bcca-7d8cbb217736
intrusion-set--00f67a77-86a4-4adf-be26-1a54fc713340,attack-pattern--d0613359-5781-4fd2-b5be-c269270be1f6
intrusion-set--f3be6240-f68e-47e1-90d2-ad8f3b3bb8a6,attack-pattern--bd5b58a4-a52d-4a29-bc0d-3f1d3968eb6b
intrusion-set--269e8108-68c6-4f99-b911-14b2e765dec2,attack-pattern--cd92d2b8-ce43-4666-9472-f1b4b9f4f8be
intrusion-set--73a80fab-2aa3-48e0-a4d0-3a4828200aee,attack-pattern--f1951e8a-500e-4a26-8803-76d95c4554b4
intrusion-set--4ca1929c-7d64-4aab-b849-badbfc0c760d,attack-pattern--348f1eef-964b-4eb6-bb53-69b3dcb0c643
intrusion-set--ebd7ce77-c9ba-4fba-bb28-58296ac66559,attack-pattern--e6919abc-99f9-4c6c-95a5-14761e7b2add
intrusion-set--dc6fe6ee-04c2-49be-ba3d-f38d2463c02a,attack-pattern--1996eef1-ced3-4d7f-bf94-33298cabbf72
intrusion-set--4ca1929c-7d64-4aab-b849-badbfc0c760d,attack-pattern--1996eef1-ced3-4d7f-bf94-33298cabbf72
intrusion-set--f9d6633a-55e6-4adc-9263-6ae080421a13,attack-pattern--2d3f5b3c-54ca-4f4d-bb1f-849346d31230
intrusion-set--44d37b89-a739-4810-9111-0d2617a8939b,attack-pattern--cff94884-3b1c-4987-a70b-6d5643c621c3
intrusion-set--4c4a7846-45d5-4761-8eea-725fa989914c,attack-pattern--32901740-b42c-4fdd-bc02-345b5dc57082
intrusion-set--35d1b3be-49d4-42f1-aaa6-ef159c880bca,attack-pattern--cba37adb-d6fb-4610-b069-dd04c0643384
intrusion-set--b516b235-fc7d-4635-aca5-3d33312339c3,attack-pattern--e358d692-23c0-4a31-9eb6-ecc13a8d7735
intrusion-set--17862c7d-9e60-48a0-b48e-da4dc4c3f6b0,attack-pattern--3c4a2599-71ee-4405-ba1e-0e28414b4bc5
intrusion-set--a5cfbc79-316c-42f2-915d-6e8fef4085f8,attack-pattern--ef67e13e-5598-4adc-bdb2-998225874fa9
intrusion-set--7331c66a-5601-4d3f-acf6-ad9e3035eb40,attack-pattern--0259baeb-9f63-4c69-bf10-eb038c390688
intrusion-set--75a07184-a7e5-4222-95a1-a04dbc96a29c,attack-pattern--d742a578-d70e-4d0e-96a6-02a9c30204e6
intrusion-set--381fcf73-60f6-4ab2-9991-6af3cbc35192,attack-pattern--045d0922-2310-4e60-b5e4-3302302cb3c5
intrusion-set--dc6fe6ee-04c2-49be-ba3d-f38d2463c02a,attack-pattern--0f4a0c76-ab2d-4cb0-85d3-3f0efb8cba0d
intrusion-set--4ca1929c-7d64-4aab-b849-badbfc0c760d,attack-pattern--e6919abc-99f9-4c6c-95a5-14761e7b2add
intrusion-set--7a19ecb1-3c65-4de3-a230-993516aed6a6,attack-pattern--f6dacc85-b37d-458e-b58d-74fc4bbf5755
intrusion-set--894aab42-3371-47b1-8859-a4a074c804c8,attack-pattern--03d7999c-1f4c-42cc-8373-e7690d318104
intrusion-set--88b7dbc2-32d3-4e31-af2f-3fc24e1582d7,attack-pattern--a782ebe2-daba-42c7-bc82-e8e9d923162d
intrusion-set--4ca1929c-7d64-4aab-b849-badbfc0c760d,attack-pattern--7e150503-88e7-4861-866b-ff1ac82c4475
intrusion-set--ebd7ce77-c9ba-4fba-bb28-58296ac66559,attack-pattern--354a7f88-63fb-41b5-a801-ce3b377b36f1
intrusion-set--54dfec3e-6464-4f74-9d69-b7c817b7e5a3,attack-pattern--0f4a0c76-ab2d-4cb0-85d3-3f0efb8cba0d
intrusion-set--319fd652-edde-46b2-9987-3519493989f5,attack-pattern--e6919abc-99f9-4c6c-95a5-14761e7b2add
intrusion-set--46599a4a-77ee-4697-9474-2683b6464859,attack-pattern--0d91b3c0-5e50-47c3-949a-2a796f04d144
intrusion-set--01e28736-2ffc-455b-9880-ed4d1407ae07,attack-pattern--b17a1a56-e99c-403c-8948-561df0cffe81
intrusion-set--467271fd-47c0-4e90-a3f9-d84f5cf790d0,attack-pattern--01a5a209-b94c-450b-b7f9-946497d91055
intrusion-set--bf668120-e9a6-4017-a014-bfc0f5232656,attack-pattern--cba37adb-d6fb-4610-b069-dd04c0643384
intrusion-set--bef4c620-0787-42a8-a96d-b7eb6e85917c,attack-pattern--045d0922-2310-4e60-b5e4-3302302cb3c5
intrusion-set--4283ae19-69c7-4347-a35e-b56f08eb660b,attack-pattern--a782ebe2-daba-42c7-bc82-e8e9d923162d
intrusion-set--35d1b3be-49d4-42f1-aaa6-ef159c880bca,attack-pattern--a718a0c8-5768-41a1-9958-a1cc3f995e99
intrusion-set--0bbdf25b-30ff-4894-a1cd-49260d0dd2d9,attack-pattern--3c4a2599-71ee-4405-ba1e-0e28414b4bc5
intrusion-set--93f52415-0fe4-4d3d-896c-fc9b8e88ab90,attack-pattern--65f2d882-3f41-4d48-8a06-29af77ec9f90
intrusion-set--6566aac9-dad8-4332-ae73-20c23bad7f02,attack-pattern--2e34237d-8574-43f6-aace-ae2915de8597
intrusion-set--3753cc21-2dae-4dfb-8481-d004e74502cc,attack-pattern--354a7f88-63fb-41b5-a801-ce3b377b36f1
intrusion-set--f3be6240-f68e-47e1-90d2-ad8f3b3bb8a6,attack-pattern--ef67e13e-5598-4adc-bdb2-998225874fa9
intrusion-set--c1aab4c9-4c34-4f4f-8541-d529e46a07f9,attack-pattern--1644e709-12d2-41e5-a60f-3470991f5011
intrusion-set--88b7dbc2-32d3-4e31-af2f-3fc24e1582d7,attack-pattern--a2fdce72-04b2-409a-ac10-cc1695f4fce0
intrusion-set--0d4ac089-ced4-4cc4-a989-174d08e6d030,attack-pattern--e5d550f3-2202-4634-85f2-4a200a1d49b3
intrusion-set--32bca8ff-d900-4877-aa65-d70baa041b74,attack-pattern--1ecfdab8-7d59-4c98-95d4-dc41970f57fc
intrusion-set--17862c7d-9e60-48a0-b48e-da4dc4c3f6b0,attack-pattern--232b7f21-adf9-4b42-b936-b9d6f7df856e
intrusion-set--cb41e991-65f4-4668-a65f-f4200545b5a1,attack-pattern--bbde9781-60aa-4b8a-a911-895b0c1b3872
intrusion-set--7113eaa5-ba79-4fb3-b68a-398ee9cd698e,attack-pattern--b17a1a56-e99c-403c-8948-561df0cffe81
intrusion-set--90784c1e-4aba-40eb-9adf-7556235e6384,attack-pattern--84ae8255-b4f4-4237-b5c5-e717405a9701
intrusion-set--82323c70-4186-4b61-94f5-b227c3b28e89,attack-pattern--005a06c6-14bf-4118-afa0-ebcd8aebb0c9
intrusion-set--222fbd21-fc4f-4b7e-9f85-0e6e3a76c33f,attack-pattern--1644e709-12d2-41e5-a60f-3470991f5011
intrusion-set--461b8e25-8f4a-4ea2-a4a8-e39df7ce6630,attack-pattern--bbde9781-60aa-4b8a-a911-895b0c1b3872
intrusion-set--d13c8a7f-740b-4efa-a232-de7d6bb05321,attack-pattern--32901740-b42c-4fdd-bc02-345b5dc57082
intrusion-set--129f2f77-1ab2-4c35-bd5e-21260cee92af,attack-pattern--830c9528-df21-472c-8c14-a036bf17d665
intrusion-set--bef4c620-0787-42a8-a96d-b7eb6e85917c,attack-pattern--00f90846-cbd1-4fc5-9233-df5c2bf2a662
intrusion-set--8c1f0187-0826-4320-bddc-5f326cfcfe2c,attack-pattern--c3d4bdd9-2cfe-4a80-9d0c-07a29ecdce8f
intrusion-set--35d1b3be-49d4-42f1-aaa6-ef159c880bca,attack-pattern--7bc57495-ea59-4380-be31-a64af124ef18
intrusion-set--0ec2f388-bf0f-4b5c-97b1-fc736d26c25f,attack-pattern--840a987a-99bd-4a80-a5c9-0cb2baa6cade
intrusion-set--f3be6240-f68e-47e1-90d2-ad8f3b3bb8a6,attack-pattern--e6919abc-99f9-4c6c-95a5-14761e7b2add
intrusion-set--56319646-eb6e-41fc-ae53-aadfa7adb924,attack-pattern--04fd5427-79c7-44ea-ae13-11b24778ff1c
intrusion-set--ecbf507f-6786-4121-a4cc-0fd6a8d3a29d,attack-pattern--e6919abc-99f9-4c6c-95a5-14761e7b2add
intrusion-set--1c63d4ec-0a75-4daa-b1df-0d11af3d3cc1,attack-pattern--eec096b8-c207-43df-b6c1-11523861e452
intrusion-set--9e729a7e-0dd6-4097-95bf-db8d64911383,attack-pattern--f3c544dc-673c-4ef3-accb-53229f1ae077
intrusion-set--fb366179-766c-4a4a-afa1-52bff1fd601c,attack-pattern--3ccef7ae-cb5e-48f6-8302-897105fbf55c
intrusion-set--3753cc21-2dae-4dfb-8481-d004e74502cc,attack-pattern--6faf650d-bf31-4eb4-802d-1000cf38efaf
intrusion-set--06a11b7e-2a36-47fe-8d3e-82c265df3258,attack-pattern--b0533c6e-8fea-4788-874f-b799cacc4b92
intrusion-set--174279b4-399f-4ddb-966e-5efedd1dd5f2,attack-pattern--a782ebe2-daba-42c7-bc82-e8e9d923162d
intrusion-set--03506554-5f37-4f8f-9ce4-0e9f01a1b484,attack-pattern--d742a578-d70e-4d0e-96a6-02a9c30204e6
intrusion-set--c21dd6f1-1364-4a70-a1f7-783080ec34ee,attack-pattern--2db31dcd-54da-405d-acef-b9129b816ed6
intrusion-set--0d4ac089-ced4-4cc4-a989-174d08e6d030,attack-pattern--31fe0ba2-62fd-4fd9-9293-4043d84f7fe9
intrusion-set--899ce53f-13a0-479b-a0e4-67d46e241542,attack-pattern--dca670cf-eeec-438f-8185-fd959d9ef211
intrusion-set--0ec2f388-bf0f-4b5c-97b1-fc736d26c25f,attack-pattern--92d7da27-2d91-488e-a00c-059dc162766d
intrusion-set--3753cc21-2dae-4dfb-8481-d004e74502cc,attack-pattern--b18eae87-b469-4e14-b454-b171b416bc18
intrusion-set--bef4c620-0787-42a8-a96d-b7eb6e85917c,attack-pattern--3ccef7ae-cb5e-48f6-8302-897105fbf55c
intrusion-set--b8137919-38cb-4db0-90f3-437be885faba,attack-pattern--a93494bb-4b80-4ea1-8695-3236a49916fd
intrusion-set--efed95ba-d7e8-47ff-8c53-99c42426ee7c,attack-pattern--1c4e5d32-1fe9-4116-9d9d-59e3925bd6a2
intrusion-set--b516b235-fc7d-4635-aca5-3d33312339c3,attack-pattern--7e150503-88e7-4861-866b-ff1ac82c4475
intrusion-set--0bbdf25b-30ff-4894-a1cd-49260d0dd2d9,attack-pattern--be2dcee9-a7a7-4e38-afd6-21b31ecc3d63
intrusion-set--7a19ecb1-3c65-4de3-a230-993516aed6a6,attack-pattern--910906dd-8c0a-475a-9cc1-5e029e2fad58
intrusion-set--4ca1929c-7d64-4aab-b849-badbfc0c760d,attack-pattern--2959d63f-73fd-46a1-abd2-109d7dcede32
intrusion-set--32bca8ff-d900-4877-aa65-d70baa041b74,attack-pattern--7007935a-a8a7-4c0b-bd98-4e85be8ed197
intrusion-set--381fcf73-60f6-4ab2-9991-6af3cbc35192,attack-pattern--c675646d-e204-4aa8-978d-e3d6d65885c4
intrusion-set--381fcf73-60f6-4ab2-9991-6af3cbc35192,attack-pattern--bd369cd9-abb8-41ce-b5bb-fff23ee86c00
intrusion-set--0ec2f388-bf0f-4b5c-97b1-fc736d26c25f,attack-pattern--544b0346-29ad-41e1-a808-501bb4193f47
intrusion-set--62a64fd3-aaf7-4d09-a375-d6f8bb118481,attack-pattern--dfd7cc1d-e1d8-4394-a198-97c4cab8aa67
intrusion-set--8cf6e33b-b6ef-4a1f-a77c-0ecdde93161f,attack-pattern--3c4a2599-71ee-4405-ba1e-0e28414b4bc5
intrusion-set--abc5a1d4-f0dc-49d1-88a1-4a80e478bb03,attack-pattern--e6919abc-99f9-4c6c-95a5-14761e7b2add
intrusion-set--fbe9387f-34e6-4828-ac28-3080020c597b,attack-pattern--a2fdce72-04b2-409a-ac10-cc1695f4fce0
intrusion-set--b74f909f-8e52-4b69-b770-162bf59a1b4e,attack-pattern--7385dfaf-6886-4229-9ecd-6fd678040830
intrusion-set--46599a4a-77ee-4697-9474-2683b6464859,attack-pattern--bf1b6176-597c-4600-bfcd-ac989670f96b
intrusion-set--fd19bd82-1b14-49a1-a176-6cdc46b8a826,attack-pattern--d63a3fb8-9452-4e9d-a60a-54be68d5998c
intrusion-set--bf668120-e9a6-4017-a014-bfc0f5232656,attack-pattern--2e34237d-8574-43f6-aace-ae2915de8597
intrusion-set--4ca1929c-7d64-4aab-b849-badbfc0c760d,attack-pattern--3f18edba-28f4-4bb9-82c3-8aa60dcac5f7
intrusion-set--174279b4-399f-4ddb-966e-5efedd1dd5f2,attack-pattern--16cdd21f-da65-4e4f-bc04-dd7d198c7b26
intrusion-set--17862c7d-9e60-48a0-b48e-da4dc4c3f6b0,attack-pattern--34b3f738-bd64-40e5-a112-29b0542bc8bf
intrusion-set--7a19ecb1-3c65-4de3-a230-993516aed6a6,attack-pattern--00f90846-cbd1-4fc5-9233-df5c2bf2a662
intrusion-set--0ec2f388-bf0f-4b5c-97b1-fc736d26c25f,attack-pattern--4a2975db-414e-4c0c-bd92-775987514b4b
intrusion-set--44e43fad-ffcb-4210-abcf-eaaed9735f80,attack-pattern--0259baeb-9f63-4c69-bf10-eb038c390688
intrusion-set--0ec2f388-bf0f-4b5c-97b1-fc736d26c25f,attack-pattern--eec096b8-c207-43df-b6c1-11523861e452
intrusion-set--129f2f77-1ab2-4c35-bd5e-21260cee92af,attack-pattern--16cdd21f-da65-4e4f-bc04-dd7d198c7b26
intrusion-set--a7f57cc1-4540-4429-823f-f4e56b8473c9,attack-pattern--57340c81-c025-4189-8fa0-fc7ede51bae4
intrusion-set--93f52415-0fe4-4d3d-896c-fc9b8e88ab90,attack-pattern--be2dcee9-a7a7-4e38-afd6-21b31ecc3d63
intrusion-set--94873029-f950-4268-9cfd-5032e15cb182,attack-pattern--118f61a5-eb3e-4fb6-931f-2096647f4ecd
intrusion-set--46599a4a-77ee-4697-9474-2683b6464859,attack-pattern--cd92d2b8-ce43-4666-9472-f1b4b9f4f8be
intrusion-set--174279b4-399f-4ddb-966e-5efedd1dd5f2,attack-pattern--03d7999c-1f4c-42cc-8373-e7690d318104
intrusion-set--c93fccb1-e8e8-42cf-ae33-2ad1d183913a,attack-pattern--ea4c2f9c-9df1-477c-8c42-6da1118f2ac4
intrusion-set--88b7dbc2-32d3-4e31-af2f-3fc24e1582d7,attack-pattern--e358d692-23c0-4a31-9eb6-ecc13a8d7735
intrusion-set--fe98767f-9df8-42b9-83c9-004b1dec8647,attack-pattern--b17a1a56-e99c-403c-8948-561df0cffe81
intrusion-set--420ac20b-f2b9-42b8-aa1a-6d4b72895ca4,attack-pattern--70d81154-b187-45f9-8ec5-295d01255979
intrusion-set--44d37b89-a739-4810-9111-0d2617a8939b,attack-pattern--2dbbdcd5-92cf-44c0-aea2-fe24783a6bc3
intrusion-set--dd2d9ca6-505b-4860-a604-233685b802c7,attack-pattern--df8b2a25-8bdf-4856-953c-a04372b1c161
intrusion-set--03be849d-b5a2-4766-9dda-48976bae5710,attack-pattern--e3b6daca-e963-4a69-aee6-ed4fd653ad58
intrusion-set--899ce53f-13a0-479b-a0e4-67d46e241542,attack-pattern--8861073d-d1b8-4941-82ce-dce621d398f0
intrusion-set--90784c1e-4aba-40eb-9adf-7556235e6384,attack-pattern--692074ae-bb62-4a5e-a735-02cb6bde458c
intrusion-set--247cb30b-955f-42eb-97a5-a89fef69341e,attack-pattern--e6919abc-99f9-4c6c-95a5-14761e7b2add
intrusion-set--82323c70-4186-4b61-94f5-b227c3b28e89,attack-pattern--774a3188-6ba9-4dc4-879d-d54ee48a5ce9
intrusion-set--56a05d27-4d47-418a-b330-781c5614f202,attack-pattern--be2dcee9-a7a7-4e38-afd6-21b31ecc3d63
intrusion-set--88b7dbc2-32d3-4e31-af2f-3fc24e1582d7,attack-pattern--7bc57495-ea59-4380-be31-a64af124ef18
intrusion-set--35d1b3be-49d4-42f1-aaa6-ef159c880bca,attack-pattern--2db31dcd-54da-405d-acef-b9129b816ed6
intrusion-set--00f67a77-86a4-4adf-be26-1a54fc713340,attack-pattern--a29aa77c-a88d-4f19-bab9-7751941b2e2d
intrusion-set--46599a4a-77ee-4697-9474-2683b6464859,attack-pattern--e261a979-f354-41a8-963e-6cadac27c4bf
intrusion-set--03be849d-b5a2-4766-9dda-48976bae5710,attack-pattern--2e34237d-8574-43f6-aace-ae2915de8597
intrusion-set--dd2d9ca6-505b-4860-a604-233685b802c7,attack-pattern--32901740-b42c-4fdd-bc02-345b5dc57082
intrusion-set--bfc5ddb3-4dfb-4278-8928-020e1b3feddd,attack-pattern--910906dd-8c0a-475a-9cc1-5e029e2fad58
intrusion-set--c1aab4c9-4c34-4f4f-8541-d529e46a07f9,attack-pattern--d63a3fb8-9452-4e9d-a60a-54be68d5998c
intrusion-set--64d5f96a-f121-4d19-89f6-6709f5c49faa,attack-pattern--42e8de7b-37b2-4258-905a-6897815e58e0
intrusion-set--d13c8a7f-740b-4efa-a232-de7d6bb05321,attack-pattern--e6919abc-99f9-4c6c-95a5-14761e7b2add
intrusion-set--dcd81c6e-ebf7-4a16-93e0-9a97fa49c88a,attack-pattern--cbb66055-0325-4111-aca0-40547b6ad5b0
intrusion-set--44e43fad-ffcb-4210-abcf-eaaed9735f80,attack-pattern--65f2d882-3f41-4d48-8a06-29af77ec9f90
intrusion-set--7113eaa5-ba79-4fb3-b68a-398ee9cd698e,attack-pattern--32901740-b42c-4fdd-bc02-345b5dc57082
intrusion-set--2688b13e-8e71-405a-9c40-0dee94bddf87,attack-pattern--045d0922-2310-4e60-b5e4-3302302cb3c5
intrusion-set--894aab42-3371-47b1-8859-a4a074c804c8,attack-pattern--01a5a209-b94c-450b-b7f9-946497d91055
intrusion-set--3753cc21-2dae-4dfb-8481-d004e74502cc,attack-pattern--3ccef7ae-cb5e-48f6-8302-897105fbf55c
intrusion-set--8cf6e33b-b6ef-4a1f-a77c-0ecdde93161f,attack-pattern--d1fcf083-a721-4223-aedf-bf8960798d62
intrusion-set--7b404cd0-3ae9-41d4-90c0-023793d35d97,attack-pattern--cfb525cc-5494-401d-a82b-2539ca46a561
intrusion-set--56319646-eb6e-41fc-ae53-aadfa7adb924,attack-pattern--fdc47f44-dd32-4b99-af5f-209f556f63c2
intrusion-set--381fcf73-60f6-4ab2-9991-6af3cbc35192,attack-pattern--9fa07bef-9c81-421e-a8e5-ad4366c5a925
intrusion-set--4ca1929c-7d64-4aab-b849-badbfc0c760d,attack-pattern--ef67e13e-5598-4adc-bdb2-998225874fa9
intrusion-set--d1acfbb3-647b-4723-9154-800ec119006e,attack-pattern--00f90846-cbd1-4fc5-9233-df5c2bf2a662
intrusion-set--75a07184-a7e5-4222-95a1-a04dbc96a29c,attack-pattern--30208d3e-0d6b-43c8-883e-44462a514619
intrusion-set--e44e0985-bc65-4a8f-b578-211c858128e3,attack-pattern--be2dcee9-a7a7-4e38-afd6-21b31ecc3d63
intrusion-set--d8bc9788-4f7d-41a9-9e9d-ee1ea18a8cf7,attack-pattern--58a3e6aa-4453-4cc8-a51f-4befe80b31a8
intrusion-set--dc6fe6ee-04c2-49be-ba3d-f38d2463c02a,attack-pattern--2b742742-28c3-4e1b-bab7-8350d6300fa7
intrusion-set--d13c8a7f-740b-4efa-a232-de7d6bb05321,attack-pattern--b17a1a56-e99c-403c-8948-561df0cffe81
intrusion-set--8c1f0187-0826-4320-bddc-5f326cfcfe2c,attack-pattern--a01bf75f-00b2-4568-a58f-565ff9bf202b
intrusion-set--93f52415-0fe4-4d3d-896c-fc9b8e88ab90,attack-pattern--e358d692-23c0-4a31-9eb6-ecc13a8d7735
intrusion-set--2a7914cf-dff3-428d-ab0f-1014d1c28aeb,attack-pattern--f6ad61ee-65f3-4bd0-a3f5-2f0accb36317
intrusion-set--64b52e7d-b2c4-4a02-9372-08a463f5dc11,attack-pattern--bbde9781-60aa-4b8a-a911-895b0c1b3872
intrusion-set--b74f909f-8e52-4b69-b770-162bf59a1b4e,attack-pattern--0d91b3c0-5e50-47c3-949a-2a796f04d144
intrusion-set--6eded342-33e5-4451-b6b2-e1c62863129f,attack-pattern--e6919abc-99f9-4c6c-95a5-14761e7b2add
intrusion-set--269e8108-68c6-4f99-b911-14b2e765dec2,attack-pattern--cc3502b5-30cc-4473-ad48-42d51a6ef6d1
intrusion-set--f9d6633a-55e6-4adc-9263-6ae080421a13,attack-pattern--7e150503-88e7-4861-866b-ff1ac82c4475
intrusion-set--46599a4a-77ee-4697-9474-2683b6464859,attack-pattern--cc3502b5-30cc-4473-ad48-42d51a6ef6d1
intrusion-set--b7f627e2-0817-4cd5-8d50-e75f8aa85cc6,attack-pattern--7bc57495-ea59-4380-be31-a64af124ef18
intrusion-set--00f67a77-86a4-4adf-be26-1a54fc713340,attack-pattern--0af0ca99-357d-4ba1-805f-674fdfb7bef9
intrusion-set--918da025-04bd-48af-b6c4-f3e4d1b915eb,attack-pattern--bf176076-b789-408e-8cba-7275e81c0ada
intrusion-set--3753cc21-2dae-4dfb-8481-d004e74502cc,attack-pattern--d511a6f6-4a33-41d5-bc95-c343875d1377
intrusion-set--8cf6e33b-b6ef-4a1f-a77c-0ecdde93161f,attack-pattern--2e34237d-8574-43f6-aace-ae2915de8597
intrusion-set--2c40f629-6cf9-4f75-af32-9a98caec24ae,attack-pattern--bf176076-b789-408e-8cba-7275e81c0ada
intrusion-set--319fd652-edde-46b2-9987-3519493989f5,attack-pattern--bf90d72c-c00b-45e3-b3aa-68560560d4c5
intrusion-set--44e43fad-ffcb-4210-abcf-eaaed9735f80,attack-pattern--e358d692-23c0-4a31-9eb6-ecc13a8d7735
intrusion-set--18854f55-ac7c-4634-bd9a-352dd07613b7,attack-pattern--f7827069-0bf2-4764-af4f-23fae0d181b7
intrusion-set--0ec2f388-bf0f-4b5c-97b1-fc736d26c25f,attack-pattern--10d51417-ee35-4589-b1ff-b6df1c334e8d
intrusion-set--f9d6633a-55e6-4adc-9263-6ae080421a13,attack-pattern--1608f3e1-598a-42f4-a01a-2e252e81728f
intrusion-set--b516b235-fc7d-4635-aca5-3d33312339c3,attack-pattern--4f9ca633-15c5-463c-9724-bdcd54fde541
intrusion-set--c21dd6f1-1364-4a70-a1f7-783080ec34ee,attack-pattern--5d0d3609-d06d-49e1-b9c9-b544e0c618cb
intrusion-set--0bbdf25b-30ff-4894-a1cd-49260d0dd2d9,attack-pattern--4f9ca633-15c5-463c-9724-bdcd54fde541
intrusion-set--813636db-3939-4a45-bea9-6113e970c029,attack-pattern--4061e78c-1284-44b4-9116-73e4ac3912f7
intrusion-set--6713ab67-e25b-49cc-808d-2b36d4fbc35c,attack-pattern--1996eef1-ced3-4d7f-bf94-33298cabbf72
intrusion-set--0ec2f388-bf0f-4b5c-97b1-fc736d26c25f,attack-pattern--354a7f88-63fb-41b5-a801-ce3b377b36f1
intrusion-set--381fcf73-60f6-4ab2-9991-6af3cbc35192,attack-pattern--09a60ea3-a8d1-4ae5-976e-5783248b72a4
intrusion-set--c1aab4c9-4c34-4f4f-8541-d529e46a07f9,attack-pattern--3e6831b2-bf4c-4ae6-b328-2e7c6633b291
intrusion-set--e6db1e55-b199-4b6b-8633-989345ee45e0,attack-pattern--005a06c6-14bf-4118-afa0-ebcd8aebb0c9
intrusion-set--461b8e25-8f4a-4ea2-a4a8-e39df7ce6630,attack-pattern--d63a3fb8-9452-4e9d-a60a-54be68d5998c
intrusion-set--c4d50cdf-87ce-407d-86d8-862883485842,attack-pattern--9e7452df-5144-4b6e-b04a-b66dd4016747
intrusion-set--0ec2f388-bf0f-4b5c-97b1-fc736d26c25f,attack-pattern--391d824f-0ef1-47a0-b0ee-c59a75e27670
intrusion-set--dd2d9ca6-505b-4860-a604-233685b802c7,attack-pattern--7610cada-1499-41a4-b3dd-46467b68d177
intrusion-set--35d1b3be-49d4-42f1-aaa6-ef159c880bca,attack-pattern--42e8de7b-37b2-4258-905a-6897815e58e0
intrusion-set--461b8e25-8f4a-4ea2-a4a8-e39df7ce6630,attack-pattern--19401639-28d0-4c3c-adcc-bc2ba22f6421
intrusion-set--54dfec3e-6464-4f74-9d69-b7c817b7e5a3,attack-pattern--5bfccc3f-2326-4112-86cc-c1ece9d8a2b5
intrusion-set--6713ab67-e25b-49cc-808d-2b36d4fbc35c,attack-pattern--0c4b4fda-9062-47da-98b9-ceae2dcf052a
intrusion-set--2e290bfe-93b5-48ce-97d6-edcd6d32b7cf,attack-pattern--ef67e13e-5598-4adc-bdb2-998225874fa9
intrusion-set--8c1f0187-0826-4320-bddc-5f326cfcfe2c,attack-pattern--f3c544dc-673c-4ef3-accb-53229f1ae077
intrusion-set--918da025-04bd-48af-b6c4-f3e4d1b915eb,attack-pattern--b80d107d-fa0d-4b60-9684-b0433e8bdba0
intrusion-set--0ec2f388-bf0f-4b5c-97b1-fc736d26c25f,attack-pattern--f9cc4d06-775f-4ee1-b401-4e2cc0da30ba
intrusion-set--18854f55-ac7c-4634-bd9a-352dd07613b7,attack-pattern--f24faf46-3b26-4dbb-98f2-63460498e433
intrusion-set--4ca1929c-7d64-4aab-b849-badbfc0c760d,attack-pattern--b17a1a56-e99c-403c-8948-561df0cffe81
intrusion-set--8c1f0187-0826-4320-bddc-5f326cfcfe2c,attack-pattern--b6075259-dba3-44e9-87c7-e954f37ec0d5
intrusion-set--c93fccb1-e8e8-42cf-ae33-2ad1d183913a,attack-pattern--d63a3fb8-9452-4e9d-a60a-54be68d5998c
intrusion-set--8cf6e33b-b6ef-4a1f-a77c-0ecdde93161f,attack-pattern--dfd7cc1d-e1d8-4394-a198-97c4cab8aa67
intrusion-set--dd2d9ca6-505b-4860-a604-233685b802c7,attack-pattern--1c34f7aa-9341-4a48-bfab-af22e51aca6c
intrusion-set--174279b4-399f-4ddb-966e-5efedd1dd5f2,attack-pattern--57340c81-c025-4189-8fa0-fc7ede51bae4
intrusion-set--420ac20b-f2b9-42b8-aa1a-6d4b72895ca4,attack-pattern--84771bc3-f6a0-403e-b144-01af70e5fda0
intrusion-set--319fd652-edde-46b2-9987-3519493989f5,attack-pattern--2db31dcd-54da-405d-acef-b9129b816ed6
intrusion-set--c93fccb1-e8e8-42cf-ae33-2ad1d183913a,attack-pattern--f6dacc85-b37d-458e-b58d-74fc4bbf5755
intrusion-set--2a7914cf-dff3-428d-ab0f-1014d1c28aeb,attack-pattern--970a3432-3237-47ad-bcca-7d8cbb217736
intrusion-set--0ec2f388-bf0f-4b5c-97b1-fc736d26c25f,attack-pattern--69f897fd-12a9-4c89-ad6a-46d2f3c38262
intrusion-set--2a7914cf-dff3-428d-ab0f-1014d1c28aeb,attack-pattern--53ac20cd-aca3-406e-9aa0-9fc7fdc60a5a
intrusion-set--44d37b89-a739-4810-9111-0d2617a8939b,attack-pattern--15dbf668-795c-41e6-8219-f0447c0e64ce
intrusion-set--b74f909f-8e52-4b69-b770-162bf59a1b4e,attack-pattern--232b7f21-adf9-4b42-b936-b9d6f7df856e
intrusion-set--7a19ecb1-3c65-4de3-a230-993516aed6a6,attack-pattern--d1fcf083-a721-4223-aedf-bf8960798d62
intrusion-set--6eded342-33e5-4451-b6b2-e1c62863129f,attack-pattern--30208d3e-0d6b-43c8-883e-44462a514619
intrusion-set--b7f627e2-0817-4cd5-8d50-e75f8aa85cc6,attack-pattern--03d7999c-1f4c-42cc-8373-e7690d318104
intrusion-set--3753cc21-2dae-4dfb-8481-d004e74502cc,attack-pattern--21875073-b0ee-49e3-9077-1e2a885359af
intrusion-set--54dfec3e-6464-4f74-9d69-b7c817b7e5a3,attack-pattern--fbd91bfc-75c2-4f0c-8116-3b4e722906b3
intrusion-set--129f2f77-1ab2-4c35-bd5e-21260cee92af,attack-pattern--ef67e13e-5598-4adc-bdb2-998225874fa9
intrusion-set--247cb30b-955f-42eb-97a5-a89fef69341e,attack-pattern--005a06c6-14bf-4118-afa0-ebcd8aebb0c9
intrusion-set--64b52e7d-b2c4-4a02-9372-08a463f5dc11,attack-pattern--03d7999c-1f4c-42cc-8373-e7690d318104
intrusion-set--381fcf73-60f6-4ab2-9991-6af3cbc35192,attack-pattern--0af0ca99-357d-4ba1-805f-674fdfb7bef9
intrusion-set--0ec2f388-bf0f-4b5c-97b1-fc736d26c25f,attack-pattern--0f4a0c76-ab2d-4cb0-85d3-3f0efb8cba0d
intrusion-set--b8137919-38cb-4db0-90f3-437be885faba,attack-pattern--d1fcf083-a721-4223-aedf-bf8960798d62
intrusion-set--8c1f0187-0826-4320-bddc-5f326cfcfe2c,attack-pattern--7e150503-88e7-4861-866b-ff1ac82c4475
intrusion-set--f9d6633a-55e6-4adc-9263-6ae080421a13,attack-pattern--65f2d882-3f41-4d48-8a06-29af77ec9f90
intrusion-set--64b52e7d-b2c4-4a02-9372-08a463f5dc11,attack-pattern--01a5a209-b94c-450b-b7f9-946497d91055
intrusion-set--918da025-04bd-48af-b6c4-f3e4d1b915eb,attack-pattern--970a3432-3237-47ad-bcca-7d8cbb217736
intrusion-set--fbd29c89-18ba-4c2d-b792-51c0adee049f,attack-pattern--1ecfdab8-7d59-4c98-95d4-dc41970f57fc
intrusion-set--247cb30b-955f-42eb-97a5-a89fef69341e,attack-pattern--bd5b58a4-a52d-4a29-bc0d-3f1d3968eb6b
intrusion-set--62a64fd3-aaf7-4d09-a375-d6f8bb118481,attack-pattern--232b7f21-adf9-4b42-b936-b9d6f7df856e
intrusion-set--2688b13e-8e71-405a-9c40-0dee94bddf87,attack-pattern--fdc47f44-dd32-4b99-af5f-209f556f63c2
intrusion-set--4ca1929c-7d64-4aab-b849-badbfc0c760d,attack-pattern--bf176076-b789-408e-8cba-7275e81c0ada
intrusion-set--afec6dc3-a18e-4b62-b1a4-5510e1a498d1,attack-pattern--b3d682b6-98f2-4fb0-aa3b-b4df007ca70a
intrusion-set--abc5a1d4-f0dc-49d1-88a1-4a80e478bb03,attack-pattern--42e8de7b-37b2-4258-905a-6897815e58e0
intrusion-set--222fbd21-fc4f-4b7e-9f85-0e6e3a76c33f,attack-pattern--0d91b3c0-5e50-47c3-949a-2a796f04d144
intrusion-set--fd66436e-4d33-450e-ac4c-f7810f1c85f4,attack-pattern--9efb1ea7-c37b-4595-9640-b7680cd84279
intrusion-set--222fbd21-fc4f-4b7e-9f85-0e6e3a76c33f,attack-pattern--9fa07bef-9c81-421e-a8e5-ad4366c5a925
intrusion-set--0bbdf25b-30ff-4894-a1cd-49260d0dd2d9,attack-pattern--2fee9321-3e71-4cf4-af24-d4d40d355b34
intrusion-set--1c63d4ec-0a75-4daa-b1df-0d11af3d3cc1,attack-pattern--57340c81-c025-4189-8fa0-fc7ede51bae4
intrusion-set--c21dd6f1-1364-4a70-a1f7-783080ec34ee,attack-pattern--005a06c6-14bf-4118-afa0-ebcd8aebb0c9
intrusion-set--269e8108-68c6-4f99-b911-14b2e765dec2,attack-pattern--7e150503-88e7-4861-866b-ff1ac82c4475
intrusion-set--93f52415-0fe4-4d3d-896c-fc9b8e88ab90,attack-pattern--00f90846-cbd1-4fc5-9233-df5c2bf2a662
intrusion-set--f8cb7b36-62ef-4488-8a6d-a7033e3271c1,attack-pattern--29be378d-262d-4e99-b00d-852d573628e6
intrusion-set--02b16bd6-ae88-417a-8a3f-02c5e166175a,attack-pattern--c32f7008-9fea-41f7-8366-5eb9b74bd896
intrusion-set--0d4ac089-ced4-4cc4-a989-174d08e6d030,attack-pattern--d742a578-d70e-4d0e-96a6-02a9c30204e6
intrusion-set--fbd29c89-18ba-4c2d-b792-51c0adee049f,attack-pattern--005a06c6-14bf-4118-afa0-ebcd8aebb0c9
intrusion-set--0bbdf25b-30ff-4894-a1cd-49260d0dd2d9,attack-pattern--25659dd6-ea12-45c4-97e6-381e3e4b593e
intrusion-set--44e43fad-ffcb-4210-abcf-eaaed9735f80,attack-pattern--1996eef1-ced3-4d7f-bf94-33298cabbf72
intrusion-set--35d1b3be-49d4-42f1-aaa6-ef159c880bca,attack-pattern--3ccef7ae-cb5e-48f6-8302-897105fbf55c
intrusion-set--6713ab67-e25b-49cc-808d-2b36d4fbc35c,attack-pattern--b3d682b6-98f2-4fb0-aa3b-b4df007ca70a
intrusion-set--bef4c620-0787-42a8-a96d-b7eb6e85917c,attack-pattern--2d3f5b3c-54ca-4f4d-bb1f-849346d31230
intrusion-set--cb41e991-65f4-4668-a65f-f4200545b5a1,attack-pattern--a2fdce72-04b2-409a-ac10-cc1695f4fce0
intrusion-set--85403903-15e0-4f9f-9be4-a259ecad4022,attack-pattern--10d51417-ee35-4589-b1ff-b6df1c334e8d
intrusion-set--75a07184-a7e5-4222-95a1-a04dbc96a29c,attack-pattern--3ccef7ae-cb5e-48f6-8302-897105fbf55c
intrusion-set--0ec2f388-bf0f-4b5c-97b1-fc736d26c25f,attack-pattern--29be378d-262d-4e99-b00d-852d573628e6
intrusion-set--6a2e693f-24e5-451a-9f88-b36a108e5662,attack-pattern--65013dd2-bc61-43e3-afb5-a14c4fa7437a
intrusion-set--94873029-f950-4268-9cfd-5032e15cb182,attack-pattern--d511a6f6-4a33-41d5-bc95-c343875d1377
intrusion-set--2e290bfe-93b5-48ce-97d6-edcd6d32b7cf,attack-pattern--246fd3c7-f5e3-466d-8787-4c13d9e3b61c
intrusion-set--5cbe0d3b-6fb1-471f-b591-4b192915116d,attack-pattern--e3a12395-188d-4051-9a16-ea8e14d07b88
intrusion-set--1c63d4ec-0a75-4daa-b1df-0d11af3d3cc1,attack-pattern--a2fdce72-04b2-409a-ac10-cc1695f4fce0
intrusion-set--c1aab4c9-4c34-4f4f-8541-d529e46a07f9,attack-pattern--8f4a33ec-8b1f-4b80-a2f6-642b2e479580
intrusion-set--c5b81590-6814-4d2a-8baa-15c4b6c7f960,attack-pattern--5d0d3609-d06d-49e1-b9c9-b544e0c618cb
intrusion-set--0bbdf25b-30ff-4894-a1cd-49260d0dd2d9,attack-pattern--d63a3fb8-9452-4e9d-a60a-54be68d5998c
intrusion-set--3753cc21-2dae-4dfb-8481-d004e74502cc,attack-pattern--232b7f21-adf9-4b42-b936-b9d6f7df856e
intrusion-set--3753cc21-2dae-4dfb-8481-d004e74502cc,attack-pattern--8f4a33ec-8b1f-4b80-a2f6-642b2e479580
intrusion-set--e5603ea8-4c36-40e7-b7af-a077d24fedc1,attack-pattern--a2fdce72-04b2-409a-ac10-cc1695f4fce0
intrusion-set--00f67a77-86a4-4adf-be26-1a54fc713340,attack-pattern--bd5b58a4-a52d-4a29-bc0d-3f1d3968eb6b
intrusion-set--8c1f0187-0826-4320-bddc-5f326cfcfe2c,attack-pattern--d1fcf083-a721-4223-aedf-bf8960798d62
intrusion-set--18854f55-ac7c-4634-bd9a-352dd07613b7,attack-pattern--3fc9b85a-2862-4363-a64d-d692e3ffbee0
intrusion-set--899ce53f-13a0-479b-a0e4-67d46e241542,attack-pattern--5502c4e9-24ef-4d5f-8ee9-9e906c2f82c4
intrusion-set--dd2d9ca6-505b-4860-a604-233685b802c7,attack-pattern--650c784b-7504-4df7-ab2c-4ea882384d1e
intrusion-set--6eded342-33e5-4451-b6b2-e1c62863129f,attack-pattern--88d31120-5bc7-4ce3-a9c0-7cf147be8e54
intrusion-set--fd19bd82-1b14-49a1-a176-6cdc46b8a826,attack-pattern--2e34237d-8574-43f6-aace-ae2915de8597
intrusion-set--e6db1e55-b199-4b6b-8633-989345ee45e0,attack-pattern--9efb1ea7-c37b-4595-9640-b7680cd84279
intrusion-set--1c63d4ec-0a75-4daa-b1df-0d11af3d3cc1,attack-pattern--bd369cd9-abb8-41ce-b5bb-fff23ee86c00
intrusion-set--461b8e25-8f4a-4ea2-a4a8-e39df7ce6630,attack-pattern--315f51f0-6b03-4c1e-bfb2-84740afb8e21
intrusion-set--2e290bfe-93b5-48ce-97d6-edcd6d32b7cf,attack-pattern--391d824f-0ef1-47a0-b0ee-c59a75e27670
intrusion-set--fbd29c89-18ba-4c2d-b792-51c0adee049f,attack-pattern--3fc9b85a-2862-4363-a64d-d692e3ffbee0
intrusion-set--269e8108-68c6-4f99-b911-14b2e765dec2,attack-pattern--354a7f88-63fb-41b5-a801-ce3b377b36f1
intrusion-set--fed4f0a2-4347-4530-b0f5-6dfd49b29172,attack-pattern--2e34237d-8574-43f6-aace-ae2915de8597
intrusion-set--c4d50cdf-87ce-407d-86d8-862883485842,attack-pattern--ef67e13e-5598-4adc-bdb2-998225874fa9
intrusion-set--e6db1e55-b199-4b6b-8633-989345ee45e0,attack-pattern--232b7f21-adf9-4b42-b936-b9d6f7df856e
intrusion-set--dc6fe6ee-04c2-49be-ba3d-f38d2463c02a,attack-pattern--ef67e13e-5598-4adc-bdb2-998225874fa9
intrusion-set--174279b4-399f-4ddb-966e-5efedd1dd5f2,attack-pattern--5d0d3609-d06d-49e1-b9c9-b544e0c618cb
intrusion-set--247cb30b-955f-42eb-97a5-a89fef69341e,attack-pattern--2959d63f-73fd-46a1-abd2-109d7dcede32
intrusion-set--4283ae19-69c7-4347-a35e-b56f08eb660b,attack-pattern--92d7da27-2d91-488e-a00c-059dc162766d
intrusion-set--abc5a1d4-f0dc-49d1-88a1-4a80e478bb03,attack-pattern--2e34237d-8574-43f6-aace-ae2915de8597
intrusion-set--420ac20b-f2b9-42b8-aa1a-6d4b72895ca4,attack-pattern--e4dc8c01-417f-458d-9ee0-bb0617c1b391
intrusion-set--174279b4-399f-4ddb-966e-5efedd1dd5f2,attack-pattern--457c7820-d331-465a-915e-42f85500ccc4
intrusion-set--918da025-04bd-48af-b6c4-f3e4d1b915eb,attack-pattern--7610cada-1499-41a4-b3dd-46467b68d177
intrusion-set--420ac20b-f2b9-42b8-aa1a-6d4b72895ca4,attack-pattern--2e34237d-8574-43f6-aace-ae2915de8597
intrusion-set--6fe8a2a1-a1b0-4af8-953d-4babd329f8f8,attack-pattern--2fee9321-3e71-4cf4-af24-d4d40d355b34
intrusion-set--6688d679-ccdb-4f12-abf6-c7545dd767a4,attack-pattern--d63a3fb8-9452-4e9d-a60a-54be68d5998c
intrusion-set--461b8e25-8f4a-4ea2-a4a8-e39df7ce6630,attack-pattern--bbc3cba7-84ae-410d-b18b-16750731dfa2
intrusion-set--f29b7c5e-2439-42ad-a86f-9f8984fafae3,attack-pattern--58a3e6aa-4453-4cc8-a51f-4befe80b31a8
intrusion-set--2fd2be6a-d3a2-4a65-b499-05ea2693abee,attack-pattern--232a7e42-cd6e-4902-8fe9-2960f529dd4d
intrusion-set--cc613a49-9bfa-4e22-98d1-15ffbb03f034,attack-pattern--65f2d882-3f41-4d48-8a06-29af77ec9f90
intrusion-set--4a2ce82e-1a74-468a-a6fb-bbead541383c,attack-pattern--b3d682b6-98f2-4fb0-aa3b-b4df007ca70a
intrusion-set--54dfec3e-6464-4f74-9d69-b7c817b7e5a3,attack-pattern--ebbe170d-aa74-4946-8511-9921243415a3
intrusion-set--46599a4a-77ee-4697-9474-2683b6464859,attack-pattern--5282dd9a-d26d-4e16-88b7-7c0f4553daf4
intrusion-set--cb41e991-65f4-4668-a65f-f4200545b5a1,attack-pattern--1c4e5d32-1fe9-4116-9d9d-59e3925bd6a2
intrusion-set--461b8e25-8f4a-4ea2-a4a8-e39df7ce6630,attack-pattern--f8ba7d61-11c5-4130-bafd-7c3ff5fbf4b5
intrusion-set--269e8108-68c6-4f99-b911-14b2e765dec2,attack-pattern--3fc9b85a-2862-4363-a64d-d692e3ffbee0
intrusion-set--7a19ecb1-3c65-4de3-a230-993516aed6a6,attack-pattern--8f4a33ec-8b1f-4b80-a2f6-642b2e479580
intrusion-set--f29b7c5e-2439-42ad-a86f-9f8984fafae3,attack-pattern--970a3432-3237-47ad-bcca-7d8cbb217736
intrusion-set--f9d6633a-55e6-4adc-9263-6ae080421a13,attack-pattern--bf90d72c-c00b-45e3-b3aa-68560560d4c5
intrusion-set--fbd29c89-18ba-4c2d-b792-51c0adee049f,attack-pattern--910906dd-8c0a-475a-9cc1-5e029e2fad58
intrusion-set--222fbd21-fc4f-4b7e-9f85-0e6e3a76c33f,attack-pattern--3f886f2a-874f-4333-b794-aa6075009b1c
intrusion-set--7eda3dd8-b09b-4705-8090-c2ad9fb8c14d,attack-pattern--58a3e6aa-4453-4cc8-a51f-4befe80b31a8
intrusion-set--64b52e7d-b2c4-4a02-9372-08a463f5dc11,attack-pattern--a2fdce72-04b2-409a-ac10-cc1695f4fce0
intrusion-set--381fcf73-60f6-4ab2-9991-6af3cbc35192,attack-pattern--b80d107d-fa0d-4b60-9684-b0433e8bdba0
intrusion-set--3753cc21-2dae-4dfb-8481-d004e74502cc,attack-pattern--840a987a-99bd-4a80-a5c9-0cb2baa6cade
intrusion-set--b7f627e2-0817-4cd5-8d50-e75f8aa85cc6,attack-pattern--53ac20cd-aca3-406e-9aa0-9fc7fdc60a5a
intrusion-set--bef4c620-0787-42a8-a96d-b7eb6e85917c,attack-pattern--1b7b1806-7746-41a1-a35d-e48dae25ddba
intrusion-set--00f67a77-86a4-4adf-be26-1a54fc713340,attack-pattern--b831f51c-d22f-4724-bbab-60d056bd1150
intrusion-set--3fc023b2-c5cc-481d-9c3e-70141ae1a87e,attack-pattern--707399d6-ab3e-4963-9315-d9d3818cd6a0
intrusion-set--18854f55-ac7c-4634-bd9a-352dd07613b7,attack-pattern--a718a0c8-5768-41a1-9958-a1cc3f995e99
intrusion-set--cb41e991-65f4-4668-a65f-f4200545b5a1,attack-pattern--bf90d72c-c00b-45e3-b3aa-68560560d4c5
intrusion-set--46bb06cb-f2d9-4b37-8c92-a27e224ad90d,attack-pattern--b80d107d-fa0d-4b60-9684-b0433e8bdba0
intrusion-set--247cb30b-955f-42eb-97a5-a89fef69341e,attack-pattern--3ee16395-03f0-4690-a32e-69ce9ada0f9e
intrusion-set--abc5a1d4-f0dc-49d1-88a1-4a80e478bb03,attack-pattern--970a3432-3237-47ad-bcca-7d8cbb217736
intrusion-set--7a19ecb1-3c65-4de3-a230-993516aed6a6,attack-pattern--707399d6-ab3e-4963-9315-d9d3818cd6a0
intrusion-set--fed4f0a2-4347-4530-b0f5-6dfd49b29172,attack-pattern--232b7f21-adf9-4b42-b936-b9d6f7df856e
intrusion-set--93f52415-0fe4-4d3d-896c-fc9b8e88ab90,attack-pattern--f3d95a1f-bba2-44ce-9af7-37866cd63fd0
intrusion-set--1f21da59-6a13-455b-afd0-d58d0a5a7d27,attack-pattern--57340c81-c025-4189-8fa0-fc7ede51bae4
intrusion-set--381fcf73-60f6-4ab2-9991-6af3cbc35192,attack-pattern--baf60e1a-afe5-4d31-830f-1b1ba2351884
intrusion-set--2e290bfe-93b5-48ce-97d6-edcd6d32b7cf,attack-pattern--88d31120-5bc7-4ce3-a9c0-7cf147be8e54
intrusion-set--918da025-04bd-48af-b6c4-f3e4d1b915eb,attack-pattern--851e071f-208d-4c79-adc6-5974c85c78f3
intrusion-set--d1acfbb3-647b-4723-9154-800ec119006e,attack-pattern--d1fcf083-a721-4223-aedf-bf8960798d62
intrusion-set--461b8e25-8f4a-4ea2-a4a8-e39df7ce6630,attack-pattern--00f90846-cbd1-4fc5-9233-df5c2bf2a662
intrusion-set--269e8108-68c6-4f99-b911-14b2e765dec2,attack-pattern--8f4a33ec-8b1f-4b80-a2f6-642b2e479580
intrusion-set--461b8e25-8f4a-4ea2-a4a8-e39df7ce6630,attack-pattern--65f2d882-3f41-4d48-8a06-29af77ec9f90
intrusion-set--39d6890e-7f23-4474-b8ef-e7b0343c5fc8,attack-pattern--baf60e1a-afe5-4d31-830f-1b1ba2351884
intrusion-set--381fcf73-60f6-4ab2-9991-6af3cbc35192,attack-pattern--0cfe31a7-81fc-472c-bc45-e2808d1066a3
intrusion-set--16ade1aa-0ea1-4bb7-88cc-9079df2ae756,attack-pattern--7e150503-88e7-4861-866b-ff1ac82c4475
intrusion-set--02b16bd6-ae88-417a-8a3f-02c5e166175a,attack-pattern--970a3432-3237-47ad-bcca-7d8cbb217736
intrusion-set--222fbd21-fc4f-4b7e-9f85-0e6e3a76c33f,attack-pattern--359b00ad-9425-420b-bba5-6de8d600cbc0
intrusion-set--e5603ea8-4c36-40e7-b7af-a077d24fedc1,attack-pattern--88d31120-5bc7-4ce3-a9c0-7cf147be8e54
intrusion-set--a7f57cc1-4540-4429-823f-f4e56b8473c9,attack-pattern--1996eef1-ced3-4d7f-bf94-33298cabbf72
intrusion-set--4ca1929c-7d64-4aab-b849-badbfc0c760d,attack-pattern--2e34237d-8574-43f6-aace-ae2915de8597
intrusion-set--dc6fe6ee-04c2-49be-ba3d-f38d2463c02a,attack-pattern--d1fcf083-a721-4223-aedf-bf8960798d62
intrusion-set--461b8e25-8f4a-4ea2-a4a8-e39df7ce6630,attack-pattern--8f4a33ec-8b1f-4b80-a2f6-642b2e479580
intrusion-set--fbd29c89-18ba-4c2d-b792-51c0adee049f,attack-pattern--e6919abc-99f9-4c6c-95a5-14761e7b2add
intrusion-set--df71bb3b-813c-45eb-a8bc-f2a419837411,attack-pattern--58a3e6aa-4453-4cc8-a51f-4befe80b31a8
intrusion-set--06a11b7e-2a36-47fe-8d3e-82c265df3258,attack-pattern--69b8fd78-40e8-4600-ae4d-662c9d7afdb3
intrusion-set--8b1e16f6-e7c8-4b7a-a5df-f81232c13e2f,attack-pattern--cc3502b5-30cc-4473-ad48-42d51a6ef6d1
intrusion-set--5cbe0d3b-6fb1-471f-b591-4b192915116d,attack-pattern--0a3ead4e-6d47-4ccb-854c-a6a4f9d96b22
intrusion-set--1c63d4ec-0a75-4daa-b1df-0d11af3d3cc1,attack-pattern--d349c66e-18e1-4d8b-a2d7-65af7cbd2ba0
intrusion-set--a0cb9370-e39b-44d5-9f50-ef78e412b973,attack-pattern--79da0971-3147-4af6-a4f5-e8cd447cd795
intrusion-set--c4d50cdf-87ce-407d-86d8-862883485842,attack-pattern--8f452cb4-cbf4-4522-8b11-448787be95c4
intrusion-set--dd2d9ca6-505b-4860-a604-233685b802c7,attack-pattern--e6919abc-99f9-4c6c-95a5-14761e7b2add
intrusion-set--f9c06633-dcff-48a1-8588-759e7cec5694,attack-pattern--65f2d882-3f41-4d48-8a06-29af77ec9f90
intrusion-set--2688b13e-8e71-405a-9c40-0dee94bddf87,attack-pattern--970a3432-3237-47ad-bcca-7d8cbb217736
intrusion-set--75a07184-a7e5-4222-95a1-a04dbc96a29c,attack-pattern--774a3188-6ba9-4dc4-879d-d54ee48a5ce9
intrusion-set--0ec2f388-bf0f-4b5c-97b1-fc736d26c25f,attack-pattern--b3d682b6-98f2-4fb0-aa3b-b4df007ca70a
intrusion-set--44102191-3a31-45f8-acbe-34bdb441d5ad,attack-pattern--9efb1ea7-c37b-4595-9640-b7680cd84279
intrusion-set--54dfec3e-6464-4f74-9d69-b7c817b7e5a3,attack-pattern--cbb66055-0325-4111-aca0-40547b6ad5b0
intrusion-set--13ef3485-70d2-4567-b934-0e83c1eafcf1,attack-pattern--d1fcf083-a721-4223-aedf-bf8960798d62
intrusion-set--fd19bd82-1b14-49a1-a176-6cdc46b8a826,attack-pattern--df8b2a25-8bdf-4856-953c-a04372b1c161
intrusion-set--44e43fad-ffcb-4210-abcf-eaaed9735f80,attack-pattern--7385dfaf-6886-4229-9ecd-6fd678040830
intrusion-set--56319646-eb6e-41fc-ae53-aadfa7adb924,attack-pattern--f2514ae4-4e9b-4f26-a5ba-c4ae85fe93c3
intrusion-set--899ce53f-13a0-479b-a0e4-67d46e241542,attack-pattern--2b742742-28c3-4e1b-bab7-8350d6300fa7
intrusion-set--899ce53f-13a0-479b-a0e4-67d46e241542,attack-pattern--47f2d673-ca62-47e9-929b-1b0be9657611
intrusion-set--dd2d9ca6-505b-4860-a604-233685b802c7,attack-pattern--edf91964-b26e-4b4a-9600-ccacd7d7df24
intrusion-set--4ca1929c-7d64-4aab-b849-badbfc0c760d,attack-pattern--005a06c6-14bf-4118-afa0-ebcd8aebb0c9
intrusion-set--1f21da59-6a13-455b-afd0-d58d0a5a7d27,attack-pattern--4ab929c6-ee2d-4fb5-aab4-b14be2ed7179
intrusion-set--269e8108-68c6-4f99-b911-14b2e765dec2,attack-pattern--04fd5427-79c7-44ea-ae13-11b24778ff1c
intrusion-set--bef4c620-0787-42a8-a96d-b7eb6e85917c,attack-pattern--54b4c251-1f0e-4eba-ba6b-dbc7a6f6f06b
intrusion-set--674582ec-51c4-42ce-b409-797239e37a2a,attack-pattern--88d31120-5bc7-4ce3-a9c0-7cf147be8e54
intrusion-set--7b404cd0-3ae9-41d4-90c0-023793d35d97,attack-pattern--315f51f0-6b03-4c1e-bfb2-84740afb8e21
intrusion-set--4ca1929c-7d64-4aab-b849-badbfc0c760d,attack-pattern--30208d3e-0d6b-43c8-883e-44462a514619
intrusion-set--b516b235-fc7d-4635-aca5-3d33312339c3,attack-pattern--d1fcf083-a721-4223-aedf-bf8960798d62
intrusion-set--dd2d9ca6-505b-4860-a604-233685b802c7,attack-pattern--707399d6-ab3e-4963-9315-d9d3818cd6a0
intrusion-set--f9d6633a-55e6-4adc-9263-6ae080421a13,attack-pattern--635cbe30-392d-4e27-978e-66774357c762
intrusion-set--c21dd6f1-1364-4a70-a1f7-783080ec34ee,attack-pattern--7bdca9d5-d500-4d7d-8c52-5fd47baf4c0c
intrusion-set--d8bc9788-4f7d-41a9-9e9d-ee1ea18a8cf7,attack-pattern--b24e2a20-3b3d-4bf0-823b-1ed765398fb0
intrusion-set--dd2d9ca6-505b-4860-a604-233685b802c7,attack-pattern--65013dd2-bc61-43e3-afb5-a14c4fa7437a
intrusion-set--3fc023b2-c5cc-481d-9c3e-70141ae1a87e,attack-pattern--8982a661-d84c-48c0-b4ec-1db29c6cf3bc
intrusion-set--1c63d4ec-0a75-4daa-b1df-0d11af3d3cc1,attack-pattern--edf91964-b26e-4b4a-9600-ccacd7d7df24
intrusion-set--bef4c620-0787-42a8-a96d-b7eb6e85917c,attack-pattern--42e8de7b-37b2-4258-905a-6897815e58e0
intrusion-set--06a11b7e-2a36-47fe-8d3e-82c265df3258,attack-pattern--7e150503-88e7-4861-866b-ff1ac82c4475
intrusion-set--b516b235-fc7d-4635-aca5-3d33312339c3,attack-pattern--3f886f2a-874f-4333-b794-aa6075009b1c
intrusion-set--2e290bfe-93b5-48ce-97d6-edcd6d32b7cf,attack-pattern--fb640c43-aa6b-431e-a961-a279010424ac
intrusion-set--44102191-3a31-45f8-acbe-34bdb441d5ad,attack-pattern--09b130a2-a77e-4af0-a361-f46f9aad1345
intrusion-set--d8bc9788-4f7d-41a9-9e9d-ee1ea18a8cf7,attack-pattern--bc76d0a4-db11-4551-9ac4-01a469cfb161
intrusion-set--2a7914cf-dff3-428d-ab0f-1014d1c28aeb,attack-pattern--32901740-b42c-4fdd-bc02-345b5dc57082
intrusion-set--00f67a77-86a4-4adf-be26-1a54fc713340,attack-pattern--005a06c6-14bf-4118-afa0-ebcd8aebb0c9
intrusion-set--2a7914cf-dff3-428d-ab0f-1014d1c28aeb,attack-pattern--eb062747-2193-45de-8fa2-e62549c37ddf
intrusion-set--319fd652-edde-46b2-9987-3519493989f5,attack-pattern--b80d107d-fa0d-4b60-9684-b0433e8bdba0
intrusion-set--8c1f0187-0826-4320-bddc-5f326cfcfe2c,attack-pattern--d63a3fb8-9452-4e9d-a60a-54be68d5998c
intrusion-set--bef4c620-0787-42a8-a96d-b7eb6e85917c,attack-pattern--9db0cf3a-a3c9-4012-8268-123b9db6fd82
intrusion-set--d8bc9788-4f7d-41a9-9e9d-ee1ea18a8cf7,attack-pattern--b21c3b2d-02e6-45b1-980b-e69051040839
intrusion-set--cc613a49-9bfa-4e22-98d1-15ffbb03f034,attack-pattern--840a987a-99bd-4a80-a5c9-0cb2baa6cade
intrusion-set--cc613a49-9bfa-4e22-98d1-15ffbb03f034,attack-pattern--767dbf9e-df3f-45cb-8998-4903ab5f80c0
intrusion-set--4283ae19-69c7-4347-a35e-b56f08eb660b,attack-pattern--42e8de7b-37b2-4258-905a-6897815e58e0
intrusion-set--269e8108-68c6-4f99-b911-14b2e765dec2,attack-pattern--84e02621-8fdf-470f-bd58-993bb6a89d91
intrusion-set--c21dd6f1-1364-4a70-a1f7-783080ec34ee,attack-pattern--65f2d882-3f41-4d48-8a06-29af77ec9f90
intrusion-set--44102191-3a31-45f8-acbe-34bdb441d5ad,attack-pattern--8f4a33ec-8b1f-4b80-a2f6-642b2e479580
intrusion-set--c4d50cdf-87ce-407d-86d8-862883485842,attack-pattern--3dc8c101-d4db-4f4d-8150-1b5a76ca5f1b
intrusion-set--f29b7c5e-2439-42ad-a86f-9f8984fafae3,attack-pattern--3ee16395-03f0-4690-a32e-69ce9ada0f9e
intrusion-set--44d37b89-a739-4810-9111-0d2617a8939b,attack-pattern--954a1639-f2d6-407d-aef3-4917622ca493
intrusion-set--02b16bd6-ae88-417a-8a3f-02c5e166175a,attack-pattern--92d7da27-2d91-488e-a00c-059dc162766d
intrusion-set--674582ec-51c4-42ce-b409-797239e37a2a,attack-pattern--3ee16395-03f0-4690-a32e-69ce9ada0f9e
intrusion-set--461b8e25-8f4a-4ea2-a4a8-e39df7ce6630,attack-pattern--bf90d72c-c00b-45e3-b3aa-68560560d4c5
intrusion-set--129f2f77-1ab2-4c35-bd5e-21260cee92af,attack-pattern--a51eb150-93b1-484b-a503-e51453b127a4
intrusion-set--44102191-3a31-45f8-acbe-34bdb441d5ad,attack-pattern--dfefe2ed-4389-4318-8762-f0272b350a1b
intrusion-set--247cb30b-955f-42eb-97a5-a89fef69341e,attack-pattern--09b130a2-a77e-4af0-a361-f46f9aad1345
intrusion-set--5ce5392a-3a6c-4e07-9df3-9b6a9159ac45,attack-pattern--f4599aa0-4f85-4a32-80ea-fc39dc965945
intrusion-set--cc613a49-9bfa-4e22-98d1-15ffbb03f034,attack-pattern--bf1b6176-597c-4600-bfcd-ac989670f96b
intrusion-set--381fcf73-60f6-4ab2-9991-6af3cbc35192,attack-pattern--0458aab9-ad42-4eac-9e22-706a95bafee2
intrusion-set--fbe9387f-34e6-4828-ac28-3080020c597b,attack-pattern--eb062747-2193-45de-8fa2-e62549c37ddf
intrusion-set--247cb30b-955f-42eb-97a5-a89fef69341e,attack-pattern--f1951e8a-500e-4a26-8803-76d95c4554b4
intrusion-set--fd66436e-4d33-450e-ac4c-f7810f1c85f4,attack-pattern--132d5b37-aac5-4378-a8dc-3127b18a73dc
intrusion-set--18854f55-ac7c-4634-bd9a-352dd07613b7,attack-pattern--edf91964-b26e-4b4a-9600-ccacd7d7df24
intrusion-set--73a80fab-2aa3-48e0-a4d0-3a4828200aee,attack-pattern--3f886f2a-874f-4333-b794-aa6075009b1c
intrusion-set--461b8e25-8f4a-4ea2-a4a8-e39df7ce6630,attack-pattern--7807d3a4-a885-4639-a786-c1ed41484970
intrusion-set--f9d6633a-55e6-4adc-9263-6ae080421a13,attack-pattern--8f4a33ec-8b1f-4b80-a2f6-642b2e479580
intrusion-set--899ce53f-13a0-479b-a0e4-67d46e241542,attack-pattern--3d52e51e-f6db-4719-813c-48002a99f43a
intrusion-set--c1aab4c9-4c34-4f4f-8541-d529e46a07f9,attack-pattern--799ace7f-e227-4411-baa0-8868704f2a69
intrusion-set--e6db1e55-b199-4b6b-8633-989345ee45e0,attack-pattern--2e34237d-8574-43f6-aace-ae2915de8597
intrusion-set--3fc023b2-c5cc-481d-9c3e-70141ae1a87e,attack-pattern--d511a6f6-4a33-41d5-bc95-c343875d1377
intrusion-set--82323c70-4186-4b61-94f5-b227c3b28e89,attack-pattern--9fa07bef-9c81-421e-a8e5-ad4366c5a925
intrusion-set--fbd29c89-18ba-4c2d-b792-51c0adee049f,attack-pattern--fb8d023d-45be-47e9-bc51-f56bcae6435b
intrusion-set--bef4c620-0787-42a8-a96d-b7eb6e85917c,attack-pattern--0f20e3cb-245b-4a61-8a91-2d93f7cb0e9b
intrusion-set--461b8e25-8f4a-4ea2-a4a8-e39df7ce6630,attack-pattern--d1fcf083-a721-4223-aedf-bf8960798d62
intrusion-set--0ec2f388-bf0f-4b5c-97b1-fc736d26c25f,attack-pattern--1c34f7aa-9341-4a48-bfab-af22e51aca6c
intrusion-set--420ac20b-f2b9-42b8-aa1a-6d4b72895ca4,attack-pattern--866d0d6d-02c6-42bd-aa2f-02907fdc0969
intrusion-set--fd66436e-4d33-450e-ac4c-f7810f1c85f4,attack-pattern--42e8de7b-37b2-4258-905a-6897815e58e0
intrusion-set--44e43fad-ffcb-4210-abcf-eaaed9735f80,attack-pattern--1c34f7aa-9341-4a48-bfab-af22e51aca6c
intrusion-set--3fc023b2-c5cc-481d-9c3e-70141ae1a87e,attack-pattern--970a3432-3237-47ad-bcca-7d8cbb217736
intrusion-set--d0b3393b-3bec-4ba3-bda9-199d30db47b6,attack-pattern--a2029942-0a85-4947-b23c-ca434698171d
intrusion-set--4c4a7846-45d5-4761-8eea-725fa989914c,attack-pattern--0d91b3c0-5e50-47c3-949a-2a796f04d144
intrusion-set--0ec2f388-bf0f-4b5c-97b1-fc736d26c25f,attack-pattern--54b4c251-1f0e-4eba-ba6b-dbc7a6f6f06b
intrusion-set--cc613a49-9bfa-4e22-98d1-15ffbb03f034,attack-pattern--120d5519-3098-4e1c-9191-2aa61232f073
intrusion-set--f29b7c5e-2439-42ad-a86f-9f8984fafae3,attack-pattern--69f897fd-12a9-4c89-ad6a-46d2f3c38262
intrusion-set--fbe9387f-34e6-4828-ac28-3080020c597b,attack-pattern--970a3432-3237-47ad-bcca-7d8cbb217736
intrusion-set--c416b28c-103b-4df1-909e-78089a7e0e5f,attack-pattern--f7827069-0bf2-4764-af4f-23fae0d181b7
intrusion-set--17862c7d-9e60-48a0-b48e-da4dc4c3f6b0,attack-pattern--d63a3fb8-9452-4e9d-a60a-54be68d5998c
intrusion-set--6713ab67-e25b-49cc-808d-2b36d4fbc35c,attack-pattern--7385dfaf-6886-4229-9ecd-6fd678040830
intrusion-set--6713ab67-e25b-49cc-808d-2b36d4fbc35c,attack-pattern--77eae145-55db-4519-8ae5-77b0c7215d69
intrusion-set--efed95ba-d7e8-47ff-8c53-99c42426ee7c,attack-pattern--7bdca9d5-d500-4d7d-8c52-5fd47baf4c0c
intrusion-set--01e28736-2ffc-455b-9880-ed4d1407ae07,attack-pattern--b80d107d-fa0d-4b60-9684-b0433e8bdba0
intrusion-set--2e290bfe-93b5-48ce-97d6-edcd6d32b7cf,attack-pattern--03d7999c-1f4c-42cc-8373-e7690d318104
intrusion-set--7ecc3b4f-5cdb-457e-b55a-df376b359446,attack-pattern--21875073-b0ee-49e3-9077-1e2a885359af
intrusion-set--247cb30b-955f-42eb-97a5-a89fef69341e,attack-pattern--e358d692-23c0-4a31-9eb6-ecc13a8d7735
intrusion-set--8f5e8dc7-739d-4f5e-a8a1-a66e004d7063,attack-pattern--b1ccd744-3f78-4a0e-9bb2-2002057f7928
intrusion-set--a7f57cc1-4540-4429-823f-f4e56b8473c9,attack-pattern--e624264c-033a-424d-9fd7-fc9c3bbdb03e
intrusion-set--c21dd6f1-1364-4a70-a1f7-783080ec34ee,attack-pattern--731f4f55-b6d0-41d1-a7a9-072a66389aea
intrusion-set--35d1b3be-49d4-42f1-aaa6-ef159c880bca,attack-pattern--354a7f88-63fb-41b5-a801-ce3b377b36f1
intrusion-set--35d1b3be-49d4-42f1-aaa6-ef159c880bca,attack-pattern--0d91b3c0-5e50-47c3-949a-2a796f04d144
intrusion-set--6eded342-33e5-4451-b6b2-e1c62863129f,attack-pattern--df8b2a25-8bdf-4856-953c-a04372b1c161
intrusion-set--06a11b7e-2a36-47fe-8d3e-82c265df3258,attack-pattern--1c34f7aa-9341-4a48-bfab-af22e51aca6c
intrusion-set--222fbd21-fc4f-4b7e-9f85-0e6e3a76c33f,attack-pattern--3aef9463-9a7a-43ba-8957-a867e07c1e6a
intrusion-set--c0291346-defe-48d7-9542-9e074ba1bdfb,attack-pattern--438c967d-3996-4870-bfc2-3954752a1927
intrusion-set--2c40f629-6cf9-4f75-af32-9a98caec24ae,attack-pattern--40f5caa0-4cb7-4117-89fc-d421bb493df3
intrusion-set--4a2ce82e-1a74-468a-a6fb-bbead541383c,attack-pattern--d742a578-d70e-4d0e-96a6-02a9c30204e6
intrusion-set--d13c8a7f-740b-4efa-a232-de7d6bb05321,attack-pattern--e358d692-23c0-4a31-9eb6-ecc13a8d7735
intrusion-set--222fbd21-fc4f-4b7e-9f85-0e6e3a76c33f,attack-pattern--3ccef7ae-cb5e-48f6-8302-897105fbf55c
intrusion-set--e6db1e55-b199-4b6b-8633-989345ee45e0,attack-pattern--b3d682b6-98f2-4fb0-aa3b-b4df007ca70a
intrusion-set--44d37b89-a739-4810-9111-0d2617a8939b,attack-pattern--354a7f88-63fb-41b5-a801-ce3b377b36f1
intrusion-set--64d5f96a-f121-4d19-89f6-6709f5c49faa,attack-pattern--a2fdce72-04b2-409a-ac10-cc1695f4fce0
intrusion-set--35d1b3be-49d4-42f1-aaa6-ef159c880bca,attack-pattern--707399d6-ab3e-4963-9315-d9d3818cd6a0
intrusion-set--18854f55-ac7c-4634-bd9a-352dd07613b7,attack-pattern--7e150503-88e7-4861-866b-ff1ac82c4475
intrusion-set--0ec2f388-bf0f-4b5c-97b1-fc736d26c25f,attack-pattern--09a60ea3-a8d1-4ae5-976e-5783248b72a4
intrusion-set--a7f57cc1-4540-4429-823f-f4e56b8473c9,attack-pattern--bf1b6176-597c-4600-bfcd-ac989670f96b
intrusion-set--00f67a77-86a4-4adf-be26-1a54fc713340,attack-pattern--a2fdce72-04b2-409a-ac10-cc1695f4fce0
intrusion-set--d8bc9788-4f7d-41a9-9e9d-ee1ea18a8cf7,attack-pattern--954a1639-f2d6-407d-aef3-4917622ca493
intrusion-set--55033a4d-3ffe-46b2-99b4-2c1541e9ce1c,attack-pattern--be055942-6e63-49d7-9fa1-9cb7d8a8f3f4
intrusion-set--174279b4-399f-4ddb-966e-5efedd1dd5f2,attack-pattern--a9d4b653-6915-42af-98b2-5758c4ceee56
intrusion-set--f8cb7b36-62ef-4488-8a6d-a7033e3271c1,attack-pattern--2b742742-28c3-4e1b-bab7-8350d6300fa7
intrusion-set--fd66436e-4d33-450e-ac4c-f7810f1c85f4,attack-pattern--dfd7cc1d-e1d8-4394-a198-97c4cab8aa67
intrusion-set--02b16bd6-ae88-417a-8a3f-02c5e166175a,attack-pattern--0a3ead4e-6d47-4ccb-854c-a6a4f9d96b22
intrusion-set--a0cb9370-e39b-44d5-9f50-ef78e412b973,attack-pattern--e0033c16-a07e-48aa-8204-7c3ca669998c
intrusion-set--0ec2f388-bf0f-4b5c-97b1-fc736d26c25f,attack-pattern--deb98323-e13f-4b0c-8d94-175379069062
intrusion-set--8cf6e33b-b6ef-4a1f-a77c-0ecdde93161f,attack-pattern--322bad5a-1c49-4d23-ab79-76d641794afa
intrusion-set--e6db1e55-b199-4b6b-8633-989345ee45e0,attack-pattern--79da0971-3147-4af6-a4f5-e8cd447cd795
intrusion-set--02b16bd6-ae88-417a-8a3f-02c5e166175a,attack-pattern--f1951e8a-500e-4a26-8803-76d95c4554b4
intrusion-set--2e290bfe-93b5-48ce-97d6-edcd6d32b7cf,attack-pattern--1cec9319-743b-4840-bb65-431547bce82a
intrusion-set--b516b235-fc7d-4635-aca5-3d33312339c3,attack-pattern--bf1b6176-597c-4600-bfcd-ac989670f96b
intrusion-set--4ca1929c-7d64-4aab-b849-badbfc0c760d,attack-pattern--40f5caa0-4cb7-4117-89fc-d421bb493df3
intrusion-set--247cb30b-955f-42eb-97a5-a89fef69341e,attack-pattern--840a987a-99bd-4a80-a5c9-0cb2baa6cade
intrusion-set--222fbd21-fc4f-4b7e-9f85-0e6e3a76c33f,attack-pattern--32901740-b42c-4fdd-bc02-345b5dc57082
intrusion-set--899ce53f-13a0-479b-a0e4-67d46e241542,attack-pattern--69b8fd78-40e8-4600-ae4d-662c9d7afdb3
intrusion-set--fb366179-766c-4a4a-afa1-52bff1fd601c,attack-pattern--1644e709-12d2-41e5-a60f-3470991f5011
intrusion-set--fd19bd82-1b14-49a1-a176-6cdc46b8a826,attack-pattern--4f9ca633-15c5-463c-9724-bdcd54fde541
intrusion-set--8c1f0187-0826-4320-bddc-5f326cfcfe2c,attack-pattern--692074ae-bb62-4a5e-a735-02cb6bde458c
intrusion-set--8c1f0187-0826-4320-bddc-5f326cfcfe2c,attack-pattern--1e9eb839-294b-48cc-b0d3-c45555a2a004
intrusion-set--899ce53f-13a0-479b-a0e4-67d46e241542,attack-pattern--b8902400-e6c5-4ba2-95aa-2d35b442b118
intrusion-set--0ec2f388-bf0f-4b5c-97b1-fc736d26c25f,attack-pattern--837f9164-50af-4ac0-8219-379d8a74cefc
intrusion-set--46599a4a-77ee-4697-9474-2683b6464859,attack-pattern--79da0971-3147-4af6-a4f5-e8cd447cd795
intrusion-set--1c63d4ec-0a75-4daa-b1df-0d11af3d3cc1,attack-pattern--3e6831b2-bf4c-4ae6-b328-2e7c6633b291
intrusion-set--0bbdf25b-30ff-4894-a1cd-49260d0dd2d9,attack-pattern--7bc57495-ea59-4380-be31-a64af124ef18
intrusion-set--7eda3dd8-b09b-4705-8090-c2ad9fb8c14d,attack-pattern--d511a6f6-4a33-41d5-bc95-c343875d1377
intrusion-set--18854f55-ac7c-4634-bd9a-352dd07613b7,attack-pattern--a9d4b653-6915-42af-98b2-5758c4ceee56
intrusion-set--7a19ecb1-3c65-4de3-a230-993516aed6a6,attack-pattern--212306d8-efa4-44c9-8c2d-ed3d2e224aa0
intrusion-set--4ca1929c-7d64-4aab-b849-badbfc0c760d,attack-pattern--09a60ea3-a8d1-4ae5-976e-5783248b72a4
intrusion-set--d0b3393b-3bec-4ba3-bda9-199d30db47b6,attack-pattern--2b742742-28c3-4e1b-bab7-8350d6300fa7
intrusion-set--cc613a49-9bfa-4e22-98d1-15ffbb03f034,attack-pattern--a2fdce72-04b2-409a-ac10-cc1695f4fce0
intrusion-set--222fbd21-fc4f-4b7e-9f85-0e6e3a76c33f,attack-pattern--005a06c6-14bf-4118-afa0-ebcd8aebb0c9
intrusion-set--0bbdf25b-30ff-4894-a1cd-49260d0dd2d9,attack-pattern--70e52b04-2a0c-4cea-9d18-7149f1df9dc5
intrusion-set--247cb30b-955f-42eb-97a5-a89fef69341e,attack-pattern--7bc57495-ea59-4380-be31-a64af124ef18
intrusion-set--fd66436e-4d33-450e-ac4c-f7810f1c85f4,attack-pattern--3e6831b2-bf4c-4ae6-b328-2e7c6633b291
intrusion-set--fd19bd82-1b14-49a1-a176-6cdc46b8a826,attack-pattern--75b9a4d2-d4e2-4ca1-9aab-1badd9e05fd0
intrusion-set--b7f627e2-0817-4cd5-8d50-e75f8aa85cc6,attack-pattern--1c4e5d32-1fe9-4116-9d9d-59e3925bd6a2
intrusion-set--fd66436e-4d33-450e-ac4c-f7810f1c85f4,attack-pattern--2fee9321-3e71-4cf4-af24-d4d40d355b34
intrusion-set--56a05d27-4d47-418a-b330-781c5614f202,attack-pattern--a62a8db3-f23a-4d8f-afd6-9dbc77e7813b
intrusion-set--2e290bfe-93b5-48ce-97d6-edcd6d32b7cf,attack-pattern--cbb66055-0325-4111-aca0-40547b6ad5b0
intrusion-set--e1fc262c-dad2-4b82-abda-5f08dd134971,attack-pattern--bbde9781-60aa-4b8a-a911-895b0c1b3872
intrusion-set--7eda3dd8-b09b-4705-8090-c2ad9fb8c14d,attack-pattern--15dbf668-795c-41e6-8219-f0447c0e64ce
intrusion-set--4a2ce82e-1a74-468a-a6fb-bbead541383c,attack-pattern--8f4a33ec-8b1f-4b80-a2f6-642b2e479580
intrusion-set--7331c66a-5601-4d3f-acf6-ad9e3035eb40,attack-pattern--d63a3fb8-9452-4e9d-a60a-54be68d5998c
intrusion-set--d13c8a7f-740b-4efa-a232-de7d6bb05321,attack-pattern--65f2d882-3f41-4d48-8a06-29af77ec9f90
intrusion-set--02b16bd6-ae88-417a-8a3f-02c5e166175a,attack-pattern--3489cfc5-640f-4bb3-a103-9137b97de79f
intrusion-set--4283ae19-69c7-4347-a35e-b56f08eb660b,attack-pattern--bf1b6176-597c-4600-bfcd-ac989670f96b
intrusion-set--fd66436e-4d33-450e-ac4c-f7810f1c85f4,attack-pattern--eb062747-2193-45de-8fa2-e62549c37ddf
intrusion-set--df71bb3b-813c-45eb-a8bc-f2a419837411,attack-pattern--9efb1ea7-c37b-4595-9640-b7680cd84279
intrusion-set--c4d50cdf-87ce-407d-86d8-862883485842,attack-pattern--005a06c6-14bf-4118-afa0-ebcd8aebb0c9
intrusion-set--06a11b7e-2a36-47fe-8d3e-82c265df3258,attack-pattern--03d7999c-1f4c-42cc-8373-e7690d318104
intrusion-set--fbd29c89-18ba-4c2d-b792-51c0adee049f,attack-pattern--a2fdce72-04b2-409a-ac10-cc1695f4fce0
intrusion-set--b2e34388-6938-4c59-a702-80dc219e15e3,attack-pattern--e6919abc-99f9-4c6c-95a5-14761e7b2add
intrusion-set--55033a4d-3ffe-46b2-99b4-2c1541e9ce1c,attack-pattern--2959d63f-73fd-46a1-abd2-109d7dcede32
intrusion-set--cc613a49-9bfa-4e22-98d1-15ffbb03f034,attack-pattern--322bad5a-1c49-4d23-ab79-76d641794afa
intrusion-set--39d6890e-7f23-4474-b8ef-e7b0343c5fc8,attack-pattern--7807d3a4-a885-4639-a786-c1ed41484970
intrusion-set--c0291346-defe-48d7-9542-9e074ba1bdfb,attack-pattern--09a60ea3-a8d1-4ae5-976e-5783248b72a4
intrusion-set--3fc023b2-c5cc-481d-9c3e-70141ae1a87e,attack-pattern--e3b6daca-e963-4a69-aee6-ed4fd653ad58
intrusion-set--a653431d-6a5e-4600-8ad3-609b5af57064,attack-pattern--70e52b04-2a0c-4cea-9d18-7149f1df9dc5
intrusion-set--420ac20b-f2b9-42b8-aa1a-6d4b72895ca4,attack-pattern--7bc57495-ea59-4380-be31-a64af124ef18
intrusion-set--6b9ebeb5-20bf-48b0-afb7-988d769a2f01,attack-pattern--cbb66055-0325-4111-aca0-40547b6ad5b0
intrusion-set--461b8e25-8f4a-4ea2-a4a8-e39df7ce6630,attack-pattern--7bdca9d5-d500-4d7d-8c52-5fd47baf4c0c
intrusion-set--899ce53f-13a0-479b-a0e4-67d46e241542,attack-pattern--01a5a209-b94c-450b-b7f9-946497d91055
intrusion-set--93f52415-0fe4-4d3d-896c-fc9b8e88ab90,attack-pattern--f7827069-0bf2-4764-af4f-23fae0d181b7
intrusion-set--c93fccb1-e8e8-42cf-ae33-2ad1d183913a,attack-pattern--f24faf46-3b26-4dbb-98f2-63460498e433
intrusion-set--fb366179-766c-4a4a-afa1-52bff1fd601c,attack-pattern--10d51417-ee35-4589-b1ff-b6df1c334e8d
intrusion-set--2688b13e-8e71-405a-9c40-0dee94bddf87,attack-pattern--ec8fc7e2-b356-455c-8db5-2e37be158e7d
intrusion-set--6713ab67-e25b-49cc-808d-2b36d4fbc35c,attack-pattern--53ac20cd-aca3-406e-9aa0-9fc7fdc60a5a
intrusion-set--82323c70-4186-4b61-94f5-b227c3b28e89,attack-pattern--d4bdbdea-eaec-4071-b4f9-5105e12ea4b6
intrusion-set--73a80fab-2aa3-48e0-a4d0-3a4828200aee,attack-pattern--eb062747-2193-45de-8fa2-e62549c37ddf
intrusion-set--c4d50cdf-87ce-407d-86d8-862883485842,attack-pattern--853c4192-4311-43e1-bfbb-b11b14911852
intrusion-set--2fd2be6a-d3a2-4a65-b499-05ea2693abee,attack-pattern--970a3432-3237-47ad-bcca-7d8cbb217736
intrusion-set--899ce53f-13a0-479b-a0e4-67d46e241542,attack-pattern--09c4c11e-4fa1-4f8c-8dad-3cf8e69ad119
intrusion-set--fa19de15-6169-428d-9cd6-3ca3d56075b7,attack-pattern--58a3e6aa-4453-4cc8-a51f-4befe80b31a8
intrusion-set--420ac20b-f2b9-42b8-aa1a-6d4b72895ca4,attack-pattern--e3b6daca-e963-4a69-aee6-ed4fd653ad58
intrusion-set--c93fccb1-e8e8-42cf-ae33-2ad1d183913a,attack-pattern--3ccef7ae-cb5e-48f6-8302-897105fbf55c
intrusion-set--46599a4a-77ee-4697-9474-2683b6464859,attack-pattern--0cc222f5-c3ff-48e6-9f52-3314baf9d37e
intrusion-set--420ac20b-f2b9-42b8-aa1a-6d4b72895ca4,attack-pattern--40f5caa0-4cb7-4117-89fc-d421bb493df3
intrusion-set--bef4c620-0787-42a8-a96d-b7eb6e85917c,attack-pattern--232b7f21-adf9-4b42-b936-b9d6f7df856e
intrusion-set--420ac20b-f2b9-42b8-aa1a-6d4b72895ca4,attack-pattern--2fee9321-3e71-4cf4-af24-d4d40d355b34
intrusion-set--2a7914cf-dff3-428d-ab0f-1014d1c28aeb,attack-pattern--30208d3e-0d6b-43c8-883e-44462a514619
intrusion-set--01e28736-2ffc-455b-9880-ed4d1407ae07,attack-pattern--75b9a4d2-d4e2-4ca1-9aab-1badd9e05fd0
intrusion-set--b74f909f-8e52-4b69-b770-162bf59a1b4e,attack-pattern--1c4e5d32-1fe9-4116-9d9d-59e3925bd6a2
intrusion-set--afec6dc3-a18e-4b62-b1a4-5510e1a498d1,attack-pattern--df8b2a25-8bdf-4856-953c-a04372b1c161
intrusion-set--dd2d9ca6-505b-4860-a604-233685b802c7,attack-pattern--03d7999c-1f4c-42cc-8373-e7690d318104
intrusion-set--8c1f0187-0826-4320-bddc-5f326cfcfe2c,attack-pattern--ae676644-d2d2-41b7-af7e-9bed1b55898c
intrusion-set--1f0f9a14-11aa-49aa-9174-bcd0eaa979de,attack-pattern--e6919abc-99f9-4c6c-95a5-14761e7b2add
intrusion-set--46599a4a-77ee-4697-9474-2683b6464859,attack-pattern--731f4f55-b6d0-41d1-a7a9-072a66389aea
intrusion-set--18854f55-ac7c-4634-bd9a-352dd07613b7,attack-pattern--b80d107d-fa0d-4b60-9684-b0433e8bdba0
intrusion-set--dd2d9ca6-505b-4860-a604-233685b802c7,attack-pattern--b17a1a56-e99c-403c-8948-561df0cffe81
intrusion-set--f9d6633a-55e6-4adc-9263-6ae080421a13,attack-pattern--b4694861-542c-48ea-9eb1-10d356e7140a
intrusion-set--7a19ecb1-3c65-4de3-a230-993516aed6a6,attack-pattern--1b7ba276-eedc-4951-a762-0ceea2c030ec
intrusion-set--ead23196-d7b6-4ce6-a124-4ab4b67d81bd,attack-pattern--58a3e6aa-4453-4cc8-a51f-4befe80b31a8
intrusion-set--56319646-eb6e-41fc-ae53-aadfa7adb924,attack-pattern--6836813e-8ec8-4375-b459-abb388cb1a35
intrusion-set--2e290bfe-93b5-48ce-97d6-edcd6d32b7cf,attack-pattern--887274fc-2d63-4bdc-82f3-fae56d1d5fdc
intrusion-set--7113eaa5-ba79-4fb3-b68a-398ee9cd698e,attack-pattern--232a7e42-cd6e-4902-8fe9-2960f529dd4d
intrusion-set--56a05d27-4d47-418a-b330-781c5614f202,attack-pattern--10d51417-ee35-4589-b1ff-b6df1c334e8d
intrusion-set--f29b7c5e-2439-42ad-a86f-9f8984fafae3,attack-pattern--65013dd2-bc61-43e3-afb5-a14c4fa7437a
intrusion-set--06a11b7e-2a36-47fe-8d3e-82c265df3258,attack-pattern--3f886f2a-874f-4333-b794-aa6075009b1c
intrusion-set--174279b4-399f-4ddb-966e-5efedd1dd5f2,attack-pattern--322bad5a-1c49-4d23-ab79-76d641794afa
intrusion-set--222fbd21-fc4f-4b7e-9f85-0e6e3a76c33f,attack-pattern--b200542e-e877-4395-875b-cf1a44537ca4
intrusion-set--afec6dc3-a18e-4b62-b1a4-5510e1a498d1,attack-pattern--42e8de7b-37b2-4258-905a-6897815e58e0
intrusion-set--ecbf507f-6786-4121-a4cc-0fd6a8d3a29d,attack-pattern--c3d4bdd9-2cfe-4a80-9d0c-07a29ecdce8f
intrusion-set--7a19ecb1-3c65-4de3-a230-993516aed6a6,attack-pattern--cba37adb-d6fb-4610-b069-dd04c0643384
intrusion-set--56319646-eb6e-41fc-ae53-aadfa7adb924,attack-pattern--be2dcee9-a7a7-4e38-afd6-21b31ecc3d63
intrusion-set--381fcf73-60f6-4ab2-9991-6af3cbc35192,attack-pattern--4061e78c-1284-44b4-9116-73e4ac3912f7
intrusion-set--0ec2f388-bf0f-4b5c-97b1-fc736d26c25f,attack-pattern--f7827069-0bf2-4764-af4f-23fae0d181b7
intrusion-set--3753cc21-2dae-4dfb-8481-d004e74502cc,attack-pattern--be055942-6e63-49d7-9fa1-9cb7d8a8f3f4
intrusion-set--7b404cd0-3ae9-41d4-90c0-023793d35d97,attack-pattern--24769ab5-14bd-4f4e-a752-cfb185da53ee
intrusion-set--7a19ecb1-3c65-4de3-a230-993516aed6a6,attack-pattern--970a3432-3237-47ad-bcca-7d8cbb217736
intrusion-set--18854f55-ac7c-4634-bd9a-352dd07613b7,attack-pattern--707399d6-ab3e-4963-9315-d9d3818cd6a0
intrusion-set--381fcf73-60f6-4ab2-9991-6af3cbc35192,attack-pattern--e196b5c5-8118-4a1c-ab8a-936586ce3db5
intrusion-set--4ca1929c-7d64-4aab-b849-badbfc0c760d,attack-pattern--1c4e5d32-1fe9-4116-9d9d-59e3925bd6a2
intrusion-set--2a7914cf-dff3-428d-ab0f-1014d1c28aeb,attack-pattern--e358d692-23c0-4a31-9eb6-ecc13a8d7735
intrusion-set--e6db1e55-b199-4b6b-8633-989345ee45e0,attack-pattern--e6919abc-99f9-4c6c-95a5-14761e7b2add
intrusion-set--bef4c620-0787-42a8-a96d-b7eb6e85917c,attack-pattern--f005e783-57d4-4837-88ad-dbe7faee1c51
intrusion-set--18854f55-ac7c-4634-bd9a-352dd07613b7,attack-pattern--03d7999c-1f4c-42cc-8373-e7690d318104
intrusion-set--d1acfbb3-647b-4723-9154-800ec119006e,attack-pattern--09a60ea3-a8d1-4ae5-976e-5783248b72a4
intrusion-set--1c63d4ec-0a75-4daa-b1df-0d11af3d3cc1,attack-pattern--79da0971-3147-4af6-a4f5-e8cd447cd795
intrusion-set--46599a4a-77ee-4697-9474-2683b6464859,attack-pattern--24bfaeba-cb0d-4525-b3dc-507c77ecec41
intrusion-set--4283ae19-69c7-4347-a35e-b56f08eb660b,attack-pattern--deb98323-e13f-4b0c-8d94-175379069062
intrusion-set--7a19ecb1-3c65-4de3-a230-993516aed6a6,attack-pattern--d511a6f6-4a33-41d5-bc95-c343875d1377
intrusion-set--ebd7ce77-c9ba-4fba-bb28-58296ac66559,attack-pattern--f232fa7a-025c-4d43-abc7-318e81a73d65
intrusion-set--00f67a77-86a4-4adf-be26-1a54fc713340,attack-pattern--5d0d3609-d06d-49e1-b9c9-b544e0c618cb
intrusion-set--461b8e25-8f4a-4ea2-a4a8-e39df7ce6630,attack-pattern--03259939-0b57-482f-8eb5-87c0e0d54334
intrusion-set--899ce53f-13a0-479b-a0e4-67d46e241542,attack-pattern--9fa07bef-9c81-421e-a8e5-ad4366c5a925
intrusion-set--2a7914cf-dff3-428d-ab0f-1014d1c28aeb,attack-pattern--005a06c6-14bf-4118-afa0-ebcd8aebb0c9
intrusion-set--fb366179-766c-4a4a-afa1-52bff1fd601c,attack-pattern--3c4a2599-71ee-4405-ba1e-0e28414b4bc5
intrusion-set--247cb30b-955f-42eb-97a5-a89fef69341e,attack-pattern--75b9a4d2-d4e2-4ca1-9aab-1badd9e05fd0
intrusion-set--1f21da59-6a13-455b-afd0-d58d0a5a7d27,attack-pattern--232b7f21-adf9-4b42-b936-b9d6f7df856e
intrusion-set--4283ae19-69c7-4347-a35e-b56f08eb660b,attack-pattern--ef67e13e-5598-4adc-bdb2-998225874fa9
intrusion-set--54dfec3e-6464-4f74-9d69-b7c817b7e5a3,attack-pattern--24bfaeba-cb0d-4525-b3dc-507c77ecec41
intrusion-set--55033a4d-3ffe-46b2-99b4-2c1541e9ce1c,attack-pattern--4061e78c-1284-44b4-9116-73e4ac3912f7
intrusion-set--a7f57cc1-4540-4429-823f-f4e56b8473c9,attack-pattern--f4b843c1-7e92-4701-8fed-ce82f8be2636
intrusion-set--9b36c218-4d80-4ec6-a68d-cc2886bbe410,attack-pattern--2d3f5b3c-54ca-4f4d-bb1f-849346d31230
intrusion-set--c5b81590-6814-4d2a-8baa-15c4b6c7f960,attack-pattern--be2dcee9-a7a7-4e38-afd6-21b31ecc3d63
intrusion-set--56319646-eb6e-41fc-ae53-aadfa7adb924,attack-pattern--1996eef1-ced3-4d7f-bf94-33298cabbf72
intrusion-set--c93fccb1-e8e8-42cf-ae33-2ad1d183913a,attack-pattern--f2514ae4-4e9b-4f26-a5ba-c4ae85fe93c3
intrusion-set--d13c8a7f-740b-4efa-a232-de7d6bb05321,attack-pattern--970a3432-3237-47ad-bcca-7d8cbb217736
intrusion-set--3fc023b2-c5cc-481d-9c3e-70141ae1a87e,attack-pattern--dfd7cc1d-e1d8-4394-a198-97c4cab8aa67
intrusion-set--7a19ecb1-3c65-4de3-a230-993516aed6a6,attack-pattern--cc3502b5-30cc-4473-ad48-42d51a6ef6d1
intrusion-set--0ec2f388-bf0f-4b5c-97b1-fc736d26c25f,attack-pattern--00f90846-cbd1-4fc5-9233-df5c2bf2a662
intrusion-set--c93fccb1-e8e8-42cf-ae33-2ad1d183913a,attack-pattern--0af0ca99-357d-4ba1-805f-674fdfb7bef9
intrusion-set--247cb30b-955f-42eb-97a5-a89fef69341e,attack-pattern--dfd7cc1d-e1d8-4394-a198-97c4cab8aa67
intrusion-set--0bbdf25b-30ff-4894-a1cd-49260d0dd2d9,attack-pattern--00f90846-cbd1-4fc5-9233-df5c2bf2a662
intrusion-set--cb41e991-65f4-4668-a65f-f4200545b5a1,attack-pattern--2aed01ad-3df3-4410-a8cb-11ea4ded587c
intrusion-set--fe8796a4-2a02-41a0-9d27-7aa1e995feb6,attack-pattern--232b7f21-adf9-4b42-b936-b9d6f7df856e
intrusion-set--73a80fab-2aa3-48e0-a4d0-3a4828200aee,attack-pattern--b97f1d35-4249-4486-a6b5-ee60ccf24fab
intrusion-set--64d5f96a-f121-4d19-89f6-6709f5c49faa,attack-pattern--be2dcee9-a7a7-4e38-afd6-21b31ecc3d63
intrusion-set--420ac20b-f2b9-42b8-aa1a-6d4b72895ca4,attack-pattern--910906dd-8c0a-475a-9cc1-5e029e2fad58
intrusion-set--ead23196-d7b6-4ce6-a124-4ab4b67d81bd,attack-pattern--be2dcee9-a7a7-4e38-afd6-21b31ecc3d63
intrusion-set--467271fd-47c0-4e90-a3f9-d84f5cf790d0,attack-pattern--232b7f21-adf9-4b42-b936-b9d6f7df856e
intrusion-set--3753cc21-2dae-4dfb-8481-d004e74502cc,attack-pattern--e6919abc-99f9-4c6c-95a5-14761e7b2add
intrusion-set--0bbdf25b-30ff-4894-a1cd-49260d0dd2d9,attack-pattern--354a7f88-63fb-41b5-a801-ce3b377b36f1
intrusion-set--7f848c02-4d1e-4808-a4ae-4670681370a9,attack-pattern--232a7e42-cd6e-4902-8fe9-2960f529dd4d
intrusion-set--17862c7d-9e60-48a0-b48e-da4dc4c3f6b0,attack-pattern--30208d3e-0d6b-43c8-883e-44462a514619
intrusion-set--75a07184-a7e5-4222-95a1-a04dbc96a29c,attack-pattern--e6919abc-99f9-4c6c-95a5-14761e7b2add
intrusion-set--a7f57cc1-4540-4429-823f-f4e56b8473c9,attack-pattern--3f18edba-28f4-4bb9-82c3-8aa60dcac5f7
intrusion-set--ebd7ce77-c9ba-4fba-bb28-58296ac66559,attack-pattern--10d51417-ee35-4589-b1ff-b6df1c334e8d
intrusion-set--5f3d0238-d058-44a9-8812-3dd1b6741a8c,attack-pattern--9fa07bef-9c81-421e-a8e5-ad4366c5a925
intrusion-set--899ce53f-13a0-479b-a0e4-67d46e241542,attack-pattern--f6ad61ee-65f3-4bd0-a3f5-2f0accb36317
intrusion-set--2a7914cf-dff3-428d-ab0f-1014d1c28aeb,attack-pattern--f1951e8a-500e-4a26-8803-76d95c4554b4
intrusion-set--06a11b7e-2a36-47fe-8d3e-82c265df3258,attack-pattern--707399d6-ab3e-4963-9315-d9d3818cd6a0
intrusion-set--3753cc21-2dae-4dfb-8481-d004e74502cc,attack-pattern--fdc47f44-dd32-4b99-af5f-209f556f63c2
intrusion-set--174279b4-399f-4ddb-966e-5efedd1dd5f2,attack-pattern--15dbf668-795c-41e6-8219-f0447c0e64ce
intrusion-set--6eded342-33e5-4451-b6b2-e1c62863129f,attack-pattern--92d7da27-2d91-488e-a00c-059dc162766d
intrusion-set--56a05d27-4d47-418a-b330-781c5614f202,attack-pattern--248d3fe1-7fe1-4d71-91c7-8bb7ef35cad3
intrusion-set--38863958-a201-4ce1-9dbe-539b0b6804e0,attack-pattern--1c4e5d32-1fe9-4116-9d9d-59e3925bd6a2
intrusion-set--ebd7ce77-c9ba-4fba-bb28-58296ac66559,attack-pattern--a2fdce72-04b2-409a-ac10-cc1695f4fce0
intrusion-set--ebd7ce77-c9ba-4fba-bb28-58296ac66559,attack-pattern--9efb1ea7-c37b-4595-9640-b7680cd84279
intrusion-set--899ce53f-13a0-479b-a0e4-67d46e241542,attack-pattern--b17a1a56-e99c-403c-8948-561df0cffe81
intrusion-set--2a7914cf-dff3-428d-ab0f-1014d1c28aeb,attack-pattern--e3a12395-188d-4051-9a16-ea8e14d07b88
intrusion-set--fbd29c89-18ba-4c2d-b792-51c0adee049f,attack-pattern--3257eb21-f9a7-4430-8de1-d8b6e288f529
intrusion-set--899ce53f-13a0-479b-a0e4-67d46e241542,attack-pattern--5d0d3609-d06d-49e1-b9c9-b544e0c618cb
intrusion-set--c0291346-defe-48d7-9542-9e074ba1bdfb,attack-pattern--830c9528-df21-472c-8c14-a036bf17d665
intrusion-set--75a07184-a7e5-4222-95a1-a04dbc96a29c,attack-pattern--3f886f2a-874f-4333-b794-aa6075009b1c
intrusion-set--01e28736-2ffc-455b-9880-ed4d1407ae07,attack-pattern--635cbe30-392d-4e27-978e-66774357c762
intrusion-set--4ca1929c-7d64-4aab-b849-badbfc0c760d,attack-pattern--03d7999c-1f4c-42cc-8373-e7690d318104
intrusion-set--44d37b89-a739-4810-9111-0d2617a8939b,attack-pattern--eb062747-2193-45de-8fa2-e62549c37ddf
intrusion-set--c93fccb1-e8e8-42cf-ae33-2ad1d183913a,attack-pattern--40f5caa0-4cb7-4117-89fc-d421bb493df3
intrusion-set--e6db1e55-b199-4b6b-8633-989345ee45e0,attack-pattern--707399d6-ab3e-4963-9315-d9d3818cd6a0
intrusion-set--df71bb3b-813c-45eb-a8bc-f2a419837411,attack-pattern--970a3432-3237-47ad-bcca-7d8cbb217736
intrusion-set--03be849d-b5a2-4766-9dda-48976bae5710,attack-pattern--2fee9321-3e71-4cf4-af24-d4d40d355b34
intrusion-set--b7f627e2-0817-4cd5-8d50-e75f8aa85cc6,attack-pattern--57340c81-c025-4189-8fa0-fc7ede51bae4
intrusion-set--00f67a77-86a4-4adf-be26-1a54fc713340,attack-pattern--30973a08-aed9-4edf-8604-9084ce1b5c4f
intrusion-set--01e28736-2ffc-455b-9880-ed4d1407ae07,attack-pattern--e358d692-23c0-4a31-9eb6-ecc13a8d7735
intrusion-set--02b16bd6-ae88-417a-8a3f-02c5e166175a,attack-pattern--3ccef7ae-cb5e-48f6-8302-897105fbf55c
intrusion-set--fb366179-766c-4a4a-afa1-52bff1fd601c,attack-pattern--25659dd6-ea12-45c4-97e6-381e3e4b593e
intrusion-set--7b404cd0-3ae9-41d4-90c0-023793d35d97,attack-pattern--57a3d31a-d04f-4663-b2da-7df8ec3f8c9d
intrusion-set--174279b4-399f-4ddb-966e-5efedd1dd5f2,attack-pattern--39cc9f64-cf74-4a48-a4d8-fe98c54a02e0
intrusion-set--efed95ba-d7e8-47ff-8c53-99c42426ee7c,attack-pattern--32901740-b42c-4fdd-bc02-345b5dc57082
intrusion-set--b516b235-fc7d-4635-aca5-3d33312339c3,attack-pattern--cba37adb-d6fb-4610-b069-dd04c0643384
intrusion-set--3753cc21-2dae-4dfb-8481-d004e74502cc,attack-pattern--cc723aff-ec88-40e3-a224-5af9fd983cc4
intrusion-set--3fc023b2-c5cc-481d-9c3e-70141ae1a87e,attack-pattern--354a7f88-63fb-41b5-a801-ce3b377b36f1
intrusion-set--75a07184-a7e5-4222-95a1-a04dbc96a29c,attack-pattern--5502c4e9-24ef-4d5f-8ee9-9e906c2f82c4
intrusion-set--7eda3dd8-b09b-4705-8090-c2ad9fb8c14d,attack-pattern--e6919abc-99f9-4c6c-95a5-14761e7b2add
intrusion-set--7113eaa5-ba79-4fb3-b68a-398ee9cd698e,attack-pattern--bbc3cba7-84ae-410d-b18b-16750731dfa2
intrusion-set--7eda3dd8-b09b-4705-8090-c2ad9fb8c14d,attack-pattern--7807d3a4-a885-4639-a786-c1ed41484970
intrusion-set--f9d6633a-55e6-4adc-9263-6ae080421a13,attack-pattern--b18eae87-b469-4e14-b454-b171b416bc18
intrusion-set--6713ab67-e25b-49cc-808d-2b36d4fbc35c,attack-pattern--2aed01ad-3df3-4410-a8cb-11ea4ded587c
intrusion-set--d519164e-f5fa-4b8c-a1fb-cf0172ad0983,attack-pattern--92a78814-b191-47ca-909c-1ccfe3777414
intrusion-set--dc6fe6ee-04c2-49be-ba3d-f38d2463c02a,attack-pattern--df8b2a25-8bdf-4856-953c-a04372b1c161
intrusion-set--17862c7d-9e60-48a0-b48e-da4dc4c3f6b0,attack-pattern--f7827069-0bf2-4764-af4f-23fae0d181b7
intrusion-set--269e8108-68c6-4f99-b911-14b2e765dec2,attack-pattern--731f4f55-b6d0-41d1-a7a9-072a66389aea
intrusion-set--918da025-04bd-48af-b6c4-f3e4d1b915eb,attack-pattern--215d9700-5881-48b8-8265-6449dbb7195d
intrusion-set--f9d6633a-55e6-4adc-9263-6ae080421a13,attack-pattern--291ede6c-1473-454c-b614-5ac5ea63c987
intrusion-set--461b8e25-8f4a-4ea2-a4a8-e39df7ce6630,attack-pattern--0f20e3cb-245b-4a61-8a91-2d93f7cb0e9b
intrusion-set--0ec2f388-bf0f-4b5c-97b1-fc736d26c25f,attack-pattern--707399d6-ab3e-4963-9315-d9d3818cd6a0
intrusion-set--4ca1929c-7d64-4aab-b849-badbfc0c760d,attack-pattern--f6ad61ee-65f3-4bd0-a3f5-2f0accb36317
intrusion-set--56319646-eb6e-41fc-ae53-aadfa7adb924,attack-pattern--30208d3e-0d6b-43c8-883e-44462a514619
intrusion-set--7a19ecb1-3c65-4de3-a230-993516aed6a6,attack-pattern--248d3fe1-7fe1-4d71-91c7-8bb7ef35cad3
intrusion-set--8a831aaa-f3e0-47a3-bed8-a9ced744dd12,attack-pattern--f6ad61ee-65f3-4bd0-a3f5-2f0accb36317
intrusion-set--b516b235-fc7d-4635-aca5-3d33312339c3,attack-pattern--970a3432-3237-47ad-bcca-7d8cbb217736
intrusion-set--18854f55-ac7c-4634-bd9a-352dd07613b7,attack-pattern--e6919abc-99f9-4c6c-95a5-14761e7b2add
intrusion-set--e44e0985-bc65-4a8f-b578-211c858128e3,attack-pattern--2e34237d-8574-43f6-aace-ae2915de8597
intrusion-set--918da025-04bd-48af-b6c4-f3e4d1b915eb,attack-pattern--b831f51c-d22f-4724-bbab-60d056bd1150
intrusion-set--75a07184-a7e5-4222-95a1-a04dbc96a29c,attack-pattern--92d7da27-2d91-488e-a00c-059dc162766d
intrusion-set--b7f627e2-0817-4cd5-8d50-e75f8aa85cc6,attack-pattern--005a06c6-14bf-4118-afa0-ebcd8aebb0c9
intrusion-set--e44e0985-bc65-4a8f-b578-211c858128e3,attack-pattern--ef67e13e-5598-4adc-bdb2-998225874fa9
intrusion-set--bef4c620-0787-42a8-a96d-b7eb6e85917c,attack-pattern--c3888c54-775d-4b2f-b759-75a2ececcbfd
intrusion-set--918da025-04bd-48af-b6c4-f3e4d1b915eb,attack-pattern--deb98323-e13f-4b0c-8d94-175379069062
intrusion-set--899ce53f-13a0-479b-a0e4-67d46e241542,attack-pattern--cc3502b5-30cc-4473-ad48-42d51a6ef6d1
intrusion-set--3fc023b2-c5cc-481d-9c3e-70141ae1a87e,attack-pattern--30208d3e-0d6b-43c8-883e-44462a514619
intrusion-set--7113eaa5-ba79-4fb3-b68a-398ee9cd698e,attack-pattern--c8e87b83-edbb-48d4-9295-4974897525b7
intrusion-set--461b8e25-8f4a-4ea2-a4a8-e39df7ce6630,attack-pattern--970a3432-3237-47ad-bcca-7d8cbb217736
intrusion-set--df71bb3b-813c-45eb-a8bc-f2a419837411,attack-pattern--dfd7cc1d-e1d8-4394-a198-97c4cab8aa67
intrusion-set--fed4f0a2-4347-4530-b0f5-6dfd49b29172,attack-pattern--e6919abc-99f9-4c6c-95a5-14761e7b2add
intrusion-set--f9d6633a-55e6-4adc-9263-6ae080421a13,attack-pattern--3aef9463-9a7a-43ba-8957-a867e07c1e6a
intrusion-set--467271fd-47c0-4e90-a3f9-d84f5cf790d0,attack-pattern--dfd7cc1d-e1d8-4394-a198-97c4cab8aa67
intrusion-set--e6db1e55-b199-4b6b-8633-989345ee45e0,attack-pattern--2d3f5b3c-54ca-4f4d-bb1f-849346d31230
intrusion-set--f9d6633a-55e6-4adc-9263-6ae080421a13,attack-pattern--354a7f88-63fb-41b5-a801-ce3b377b36f1
intrusion-set--8c1f0187-0826-4320-bddc-5f326cfcfe2c,attack-pattern--30208d3e-0d6b-43c8-883e-44462a514619
intrusion-set--02b16bd6-ae88-417a-8a3f-02c5e166175a,attack-pattern--b21c3b2d-02e6-45b1-980b-e69051040839
intrusion-set--174279b4-399f-4ddb-966e-5efedd1dd5f2,attack-pattern--58a3e6aa-4453-4cc8-a51f-4befe80b31a8
intrusion-set--f9d6633a-55e6-4adc-9263-6ae080421a13,attack-pattern--1e9eb839-294b-48cc-b0d3-c45555a2a004
intrusion-set--f3be6240-f68e-47e1-90d2-ad8f3b3bb8a6,attack-pattern--354a7f88-63fb-41b5-a801-ce3b377b36f1
intrusion-set--54dfec3e-6464-4f74-9d69-b7c817b7e5a3,attack-pattern--f2514ae4-4e9b-4f26-a5ba-c4ae85fe93c3
intrusion-set--b516b235-fc7d-4635-aca5-3d33312339c3,attack-pattern--cbb66055-0325-4111-aca0-40547b6ad5b0
intrusion-set--9735c036-8ebe-47e9-9c77-b0ae656dab93,attack-pattern--e6919abc-99f9-4c6c-95a5-14761e7b2add
intrusion-set--9e729a7e-0dd6-4097-95bf-db8d64911383,attack-pattern--32901740-b42c-4fdd-bc02-345b5dc57082
intrusion-set--899ce53f-13a0-479b-a0e4-67d46e241542,attack-pattern--eb897572-8979-4242-a089-56f294f4c91d
intrusion-set--4ca1929c-7d64-4aab-b849-badbfc0c760d,attack-pattern--4fe28b27-b13c-453e-a386-c2ef362a573b
intrusion-set--8cf6e33b-b6ef-4a1f-a77c-0ecdde93161f,attack-pattern--354a7f88-63fb-41b5-a801-ce3b377b36f1
intrusion-set--420ac20b-f2b9-42b8-aa1a-6d4b72895ca4,attack-pattern--391d824f-0ef1-47a0-b0ee-c59a75e27670
intrusion-set--0ec2f388-bf0f-4b5c-97b1-fc736d26c25f,attack-pattern--58a3e6aa-4453-4cc8-a51f-4befe80b31a8
intrusion-set--420ac20b-f2b9-42b8-aa1a-6d4b72895ca4,attack-pattern--edf91964-b26e-4b4a-9600-ccacd7d7df24
intrusion-set--fd19bd82-1b14-49a1-a176-6cdc46b8a826,attack-pattern--00f90846-cbd1-4fc5-9233-df5c2bf2a662
intrusion-set--bfc5ddb3-4dfb-4278-8928-020e1b3feddd,attack-pattern--0d91b3c0-5e50-47c3-949a-2a796f04d144
intrusion-set--c1aab4c9-4c34-4f4f-8541-d529e46a07f9,attack-pattern--2acf44aa-542f-4366-b4eb-55ef5747759c
intrusion-set--269e8108-68c6-4f99-b911-14b2e765dec2,attack-pattern--ef67e13e-5598-4adc-bdb2-998225874fa9
intrusion-set--461b8e25-8f4a-4ea2-a4a8-e39df7ce6630,attack-pattern--3257eb21-f9a7-4430-8de1-d8b6e288f529
intrusion-set--bef4c620-0787-42a8-a96d-b7eb6e85917c,attack-pattern--86850eff-2729-40c3-b85e-c4af26da4a2d
intrusion-set--cc613a49-9bfa-4e22-98d1-15ffbb03f034,attack-pattern--232b7f21-adf9-4b42-b936-b9d6f7df856e
intrusion-set--129f2f77-1ab2-4c35-bd5e-21260cee92af,attack-pattern--40f5caa0-4cb7-4117-89fc-d421bb493df3
intrusion-set--1c3dcf91-b859-4aae-a09c-ae26dc8b6390,attack-pattern--2db31dcd-54da-405d-acef-b9129b816ed6
intrusion-set--319fd652-edde-46b2-9987-3519493989f5,attack-pattern--42e8de7b-37b2-4258-905a-6897815e58e0
intrusion-set--03be849d-b5a2-4766-9dda-48976bae5710,attack-pattern--232b7f21-adf9-4b42-b936-b9d6f7df856e
intrusion-set--fd66436e-4d33-450e-ac4c-f7810f1c85f4,attack-pattern--34ab90a3-05f6-4259-8f21-621081fdaba5
intrusion-set--7eda3dd8-b09b-4705-8090-c2ad9fb8c14d,attack-pattern--c3d4bdd9-2cfe-4a80-9d0c-07a29ecdce8f
intrusion-set--7113eaa5-ba79-4fb3-b68a-398ee9cd698e,attack-pattern--1c34f7aa-9341-4a48-bfab-af22e51aca6c
intrusion-set--44d37b89-a739-4810-9111-0d2617a8939b,attack-pattern--a10641f4-87b4-45a3-a906-92a149cb2c27
intrusion-set--174279b4-399f-4ddb-966e-5efedd1dd5f2,attack-pattern--937e4772-8441-4e4a-8bf0-8d447d667e23
intrusion-set--918da025-04bd-48af-b6c4-f3e4d1b915eb,attack-pattern--d63a3fb8-9452-4e9d-a60a-54be68d5998c
intrusion-set--cc613a49-9bfa-4e22-98d1-15ffbb03f034,attack-pattern--3f886f2a-874f-4333-b794-aa6075009b1c
intrusion-set--0ec2f388-bf0f-4b5c-97b1-fc736d26c25f,attack-pattern--f4599aa0-4f85-4a32-80ea-fc39dc965945
intrusion-set--fb366179-766c-4a4a-afa1-52bff1fd601c,attack-pattern--bd369cd9-abb8-41ce-b5bb-fff23ee86c00
intrusion-set--35d1b3be-49d4-42f1-aaa6-ef159c880bca,attack-pattern--e3a12395-188d-4051-9a16-ea8e14d07b88
intrusion-set--3753cc21-2dae-4dfb-8481-d004e74502cc,attack-pattern--f3c544dc-673c-4ef3-accb-53229f1ae077
intrusion-set--90784c1e-4aba-40eb-9adf-7556235e6384,attack-pattern--40f5caa0-4cb7-4117-89fc-d421bb493df3
intrusion-set--7a19ecb1-3c65-4de3-a230-993516aed6a6,attack-pattern--e358d692-23c0-4a31-9eb6-ecc13a8d7735
intrusion-set--7b404cd0-3ae9-41d4-90c0-023793d35d97,attack-pattern--767dbf9e-df3f-45cb-8998-4903ab5f80c0
intrusion-set--c21dd6f1-1364-4a70-a1f7-783080ec34ee,attack-pattern--c32f7008-9fea-41f7-8366-5eb9b74bd896
intrusion-set--1c63d4ec-0a75-4daa-b1df-0d11af3d3cc1,attack-pattern--d1fcf083-a721-4223-aedf-bf8960798d62
intrusion-set--f9d6633a-55e6-4adc-9263-6ae080421a13,attack-pattern--5d0d3609-d06d-49e1-b9c9-b544e0c618cb
intrusion-set--7b404cd0-3ae9-41d4-90c0-023793d35d97,attack-pattern--70857657-bd0b-4695-ad3e-b13f92cac1b4
intrusion-set--fd19bd82-1b14-49a1-a176-6cdc46b8a826,attack-pattern--359b00ad-9425-420b-bba5-6de8d600cbc0
intrusion-set--269e8108-68c6-4f99-b911-14b2e765dec2,attack-pattern--c2e147a9-d1a8-4074-811a-d8789202d916
intrusion-set--ecbf507f-6786-4121-a4cc-0fd6a8d3a29d,attack-pattern--354a7f88-63fb-41b5-a801-ce3b377b36f1
intrusion-set--01e28736-2ffc-455b-9880-ed4d1407ae07,attack-pattern--0f4a0c76-ab2d-4cb0-85d3-3f0efb8cba0d
intrusion-set--899ce53f-13a0-479b-a0e4-67d46e241542,attack-pattern--840a987a-99bd-4a80-a5c9-0cb2baa6cade
intrusion-set--4a2ce82e-1a74-468a-a6fb-bbead541383c,attack-pattern--7385dfaf-6886-4229-9ecd-6fd678040830
intrusion-set--be8847e0-9512-45db-895e-f871ab6d3820,attack-pattern--b80d107d-fa0d-4b60-9684-b0433e8bdba0
intrusion-set--fb366179-766c-4a4a-afa1-52bff1fd601c,attack-pattern--120d5519-3098-4e1c-9191-2aa61232f073
intrusion-set--88489675-d216-4884-a98f-49a89fcc1643,attack-pattern--232b7f21-adf9-4b42-b936-b9d6f7df856e
intrusion-set--ebd7ce77-c9ba-4fba-bb28-58296ac66559,attack-pattern--232b7f21-adf9-4b42-b936-b9d6f7df856e
intrusion-set--c93fccb1-e8e8-42cf-ae33-2ad1d183913a,attack-pattern--005a06c6-14bf-4118-afa0-ebcd8aebb0c9
intrusion-set--efed95ba-d7e8-47ff-8c53-99c42426ee7c,attack-pattern--8868cb5b-d575-4a60-acb2-07d37389a2fd
intrusion-set--2a7914cf-dff3-428d-ab0f-1014d1c28aeb,attack-pattern--fb8d023d-45be-47e9-bc51-f56bcae6435b
intrusion-set--7ecc3b4f-5cdb-457e-b55a-df376b359446,attack-pattern--25659dd6-ea12-45c4-97e6-381e3e4b593e
intrusion-set--0ec2f388-bf0f-4b5c-97b1-fc736d26c25f,attack-pattern--98034fef-d9fb-4667-8dc4-2eab6231724c
intrusion-set--381fcf73-60f6-4ab2-9991-6af3cbc35192,attack-pattern--65f2d882-3f41-4d48-8a06-29af77ec9f90
intrusion-set--46599a4a-77ee-4697-9474-2683b6464859,attack-pattern--ef67e13e-5598-4adc-bdb2-998225874fa9
intrusion-set--7113eaa5-ba79-4fb3-b68a-398ee9cd698e,attack-pattern--232b7f21-adf9-4b42-b936-b9d6f7df856e
intrusion-set--fb366179-766c-4a4a-afa1-52bff1fd601c,attack-pattern--30208d3e-0d6b-43c8-883e-44462a514619
intrusion-set--dd2d9ca6-505b-4860-a604-233685b802c7,attack-pattern--ef67e13e-5598-4adc-bdb2-998225874fa9
intrusion-set--0ec2f388-bf0f-4b5c-97b1-fc736d26c25f,attack-pattern--2e34237d-8574-43f6-aace-ae2915de8597
intrusion-set--a0cb9370-e39b-44d5-9f50-ef78e412b973,attack-pattern--70e52b04-2a0c-4cea-9d18-7149f1df9dc5
intrusion-set--9e729a7e-0dd6-4097-95bf-db8d64911383,attack-pattern--707399d6-ab3e-4963-9315-d9d3818cd6a0
intrusion-set--3753cc21-2dae-4dfb-8481-d004e74502cc,attack-pattern--40f5caa0-4cb7-4117-89fc-d421bb493df3
intrusion-set--0bbdf25b-30ff-4894-a1cd-49260d0dd2d9,attack-pattern--970a3432-3237-47ad-bcca-7d8cbb217736
intrusion-set--6566aac9-dad8-4332-ae73-20c23bad7f02,attack-pattern--a2fdce72-04b2-409a-ac10-cc1695f4fce0
intrusion-set--f29b7c5e-2439-42ad-a86f-9f8984fafae3,attack-pattern--03d7999c-1f4c-42cc-8373-e7690d318104
intrusion-set--c5b81590-6814-4d2a-8baa-15c4b6c7f960,attack-pattern--232b7f21-adf9-4b42-b936-b9d6f7df856e
intrusion-set--46599a4a-77ee-4697-9474-2683b6464859,attack-pattern--54b4c251-1f0e-4eba-ba6b-dbc7a6f6f06b
intrusion-set--7a19ecb1-3c65-4de3-a230-993516aed6a6,attack-pattern--7807d3a4-a885-4639-a786-c1ed41484970
intrusion-set--44e43fad-ffcb-4210-abcf-eaaed9735f80,attack-pattern--7bc57495-ea59-4380-be31-a64af124ef18
intrusion-set--5f3d0238-d058-44a9-8812-3dd1b6741a8c,attack-pattern--88d31120-5bc7-4ce3-a9c0-7cf147be8e54
intrusion-set--0ec2f388-bf0f-4b5c-97b1-fc736d26c25f,attack-pattern--8f4a33ec-8b1f-4b80-a2f6-642b2e479580
intrusion-set--93f52415-0fe4-4d3d-896c-fc9b8e88ab90,attack-pattern--005a06c6-14bf-4118-afa0-ebcd8aebb0c9
intrusion-set--c77c5576-ca19-42ed-a36f-4b4486a84133,attack-pattern--d511a6f6-4a33-41d5-bc95-c343875d1377
intrusion-set--38863958-a201-4ce1-9dbe-539b0b6804e0,attack-pattern--ef67e13e-5598-4adc-bdb2-998225874fa9
intrusion-set--c93fccb1-e8e8-42cf-ae33-2ad1d183913a,attack-pattern--f6ad61ee-65f3-4bd0-a3f5-2f0accb36317
intrusion-set--467271fd-47c0-4e90-a3f9-d84f5cf790d0,attack-pattern--2b742742-28c3-4e1b-bab7-8350d6300fa7
intrusion-set--2688b13e-8e71-405a-9c40-0dee94bddf87,attack-pattern--132d5b37-aac5-4378-a8dc-3127b18a73dc
intrusion-set--02b16bd6-ae88-417a-8a3f-02c5e166175a,attack-pattern--5d0d3609-d06d-49e1-b9c9-b544e0c618cb
intrusion-set--1c63d4ec-0a75-4daa-b1df-0d11af3d3cc1,attack-pattern--9a60a291-8960-4387-8a4a-2ab5c18bb50b
intrusion-set--32bca8ff-d900-4877-aa65-d70baa041b74,attack-pattern--d742a578-d70e-4d0e-96a6-02a9c30204e6
intrusion-set--b516b235-fc7d-4635-aca5-3d33312339c3,attack-pattern--7bc57495-ea59-4380-be31-a64af124ef18
intrusion-set--7eda3dd8-b09b-4705-8090-c2ad9fb8c14d,attack-pattern--32901740-b42c-4fdd-bc02-345b5dc57082
intrusion-set--4283ae19-69c7-4347-a35e-b56f08eb660b,attack-pattern--7bdca9d5-d500-4d7d-8c52-5fd47baf4c0c
intrusion-set--7b404cd0-3ae9-41d4-90c0-023793d35d97,attack-pattern--354a7f88-63fb-41b5-a801-ce3b377b36f1
intrusion-set--38863958-a201-4ce1-9dbe-539b0b6804e0,attack-pattern--d742a578-d70e-4d0e-96a6-02a9c30204e6
intrusion-set--3ea7add5-5b8f-45d8-b1f1-905d2729d62a,attack-pattern--2d3f5b3c-54ca-4f4d-bb1f-849346d31230
intrusion-set--e6db1e55-b199-4b6b-8633-989345ee45e0,attack-pattern--65f2d882-3f41-4d48-8a06-29af77ec9f90
intrusion-set--174279b4-399f-4ddb-966e-5efedd1dd5f2,attack-pattern--34ab90a3-05f6-4259-8f21-621081fdaba5
intrusion-set--7113eaa5-ba79-4fb3-b68a-398ee9cd698e,attack-pattern--3ccef7ae-cb5e-48f6-8302-897105fbf55c
intrusion-set--bfc5ddb3-4dfb-4278-8928-020e1b3feddd,attack-pattern--d63a3fb8-9452-4e9d-a60a-54be68d5998c
intrusion-set--222fbd21-fc4f-4b7e-9f85-0e6e3a76c33f,attack-pattern--1c34f7aa-9341-4a48-bfab-af22e51aca6c
intrusion-set--7113eaa5-ba79-4fb3-b68a-398ee9cd698e,attack-pattern--359b00ad-9425-420b-bba5-6de8d600cbc0
intrusion-set--d8bc9788-4f7d-41a9-9e9d-ee1ea18a8cf7,attack-pattern--2dbbdcd5-92cf-44c0-aea2-fe24783a6bc3
intrusion-set--55033a4d-3ffe-46b2-99b4-2c1541e9ce1c,attack-pattern--1c4e5d32-1fe9-4116-9d9d-59e3925bd6a2
intrusion-set--abc5a1d4-f0dc-49d1-88a1-4a80e478bb03,attack-pattern--d1fcf083-a721-4223-aedf-bf8960798d62
intrusion-set--f29b7c5e-2439-42ad-a86f-9f8984fafae3,attack-pattern--e6919abc-99f9-4c6c-95a5-14761e7b2add
intrusion-set--3753cc21-2dae-4dfb-8481-d004e74502cc,attack-pattern--3c4a2599-71ee-4405-ba1e-0e28414b4bc5
intrusion-set--01e28736-2ffc-455b-9880-ed4d1407ae07,attack-pattern--65013dd2-bc61-43e3-afb5-a14c4fa7437a
intrusion-set--75a07184-a7e5-4222-95a1-a04dbc96a29c,attack-pattern--005a06c6-14bf-4118-afa0-ebcd8aebb0c9
intrusion-set--e1fc262c-dad2-4b82-abda-5f08dd134971,attack-pattern--43e7dc91-05b2-474c-b9ac-2ed4fe101f4d
intrusion-set--174279b4-399f-4ddb-966e-5efedd1dd5f2,attack-pattern--4ae4f953-fe58-4cc8-a327-33257e30a830
intrusion-set--c77c5576-ca19-42ed-a36f-4b4486a84133,attack-pattern--10d51417-ee35-4589-b1ff-b6df1c334e8d
intrusion-set--0bbdf25b-30ff-4894-a1cd-49260d0dd2d9,attack-pattern--2959d63f-73fd-46a1-abd2-109d7dcede32
intrusion-set--6eded342-33e5-4451-b6b2-e1c62863129f,attack-pattern--840a987a-99bd-4a80-a5c9-0cb2baa6cade
intrusion-set--420ac20b-f2b9-42b8-aa1a-6d4b72895ca4,attack-pattern--7385dfaf-6886-4229-9ecd-6fd678040830
intrusion-set--ebd7ce77-c9ba-4fba-bb28-58296ac66559,attack-pattern--3c4a2599-71ee-4405-ba1e-0e28414b4bc5
intrusion-set--18854f55-ac7c-4634-bd9a-352dd07613b7,attack-pattern--be2dcee9-a7a7-4e38-afd6-21b31ecc3d63
intrusion-set--c93fccb1-e8e8-42cf-ae33-2ad1d183913a,attack-pattern--1c4e5d32-1fe9-4116-9d9d-59e3925bd6a2
intrusion-set--7a19ecb1-3c65-4de3-a230-993516aed6a6,attack-pattern--2aed01ad-3df3-4410-a8cb-11ea4ded587c
intrusion-set--64b52e7d-b2c4-4a02-9372-08a463f5dc11,attack-pattern--5502c4e9-24ef-4d5f-8ee9-9e906c2f82c4
intrusion-set--c93fccb1-e8e8-42cf-ae33-2ad1d183913a,attack-pattern--799ace7f-e227-4411-baa0-8868704f2a69
intrusion-set--c4d50cdf-87ce-407d-86d8-862883485842,attack-pattern--2b742742-28c3-4e1b-bab7-8350d6300fa7
intrusion-set--ead23196-d7b6-4ce6-a124-4ab4b67d81bd,attack-pattern--2aed01ad-3df3-4410-a8cb-11ea4ded587c
intrusion-set--4ca1929c-7d64-4aab-b849-badbfc0c760d,attack-pattern--01a5a209-b94c-450b-b7f9-946497d91055
intrusion-set--1c63d4ec-0a75-4daa-b1df-0d11af3d3cc1,attack-pattern--2d3f5b3c-54ca-4f4d-bb1f-849346d31230
intrusion-set--38863958-a201-4ce1-9dbe-539b0b6804e0,attack-pattern--2e34237d-8574-43f6-aace-ae2915de8597
intrusion-set--7a19ecb1-3c65-4de3-a230-993516aed6a6,attack-pattern--02c5abff-30bf-4703-ab92-1f6072fae939
intrusion-set--75a07184-a7e5-4222-95a1-a04dbc96a29c,attack-pattern--ae797531-3219-49a4-bccf-324ad7a4c7b2
intrusion-set--c4d50cdf-87ce-407d-86d8-862883485842,attack-pattern--10d51417-ee35-4589-b1ff-b6df1c334e8d
intrusion-set--dc6fe6ee-04c2-49be-ba3d-f38d2463c02a,attack-pattern--9efb1ea7-c37b-4595-9640-b7680cd84279
intrusion-set--0ec2f388-bf0f-4b5c-97b1-fc736d26c25f,attack-pattern--43e7dc91-05b2-474c-b9ac-2ed4fe101f4d
intrusion-set--c93fccb1-e8e8-42cf-ae33-2ad1d183913a,attack-pattern--7bc57495-ea59-4380-be31-a64af124ef18
intrusion-set--d8bc9788-4f7d-41a9-9e9d-ee1ea18a8cf7,attack-pattern--f303a39a-6255-4b89-aecc-18c4d8ca7163
intrusion-set--222fbd21-fc4f-4b7e-9f85-0e6e3a76c33f,attack-pattern--eb062747-2193-45de-8fa2-e62549c37ddf
intrusion-set--4ca1929c-7d64-4aab-b849-badbfc0c760d,attack-pattern--2db31dcd-54da-405d-acef-b9129b816ed6
intrusion-set--8c1f0187-0826-4320-bddc-5f326cfcfe2c,attack-pattern--10d51417-ee35-4589-b1ff-b6df1c334e8d
intrusion-set--899ce53f-13a0-479b-a0e4-67d46e241542,attack-pattern--1ecfdab8-7d59-4c98-95d4-dc41970f57fc
intrusion-set--2e290bfe-93b5-48ce-97d6-edcd6d32b7cf,attack-pattern--d63a3fb8-9452-4e9d-a60a-54be68d5998c
intrusion-set--c21dd6f1-1364-4a70-a1f7-783080ec34ee,attack-pattern--4fe28b27-b13c-453e-a386-c2ef362a573b
intrusion-set--c1aab4c9-4c34-4f4f-8541-d529e46a07f9,attack-pattern--d1fcf083-a721-4223-aedf-bf8960798d62
intrusion-set--17862c7d-9e60-48a0-b48e-da4dc4c3f6b0,attack-pattern--f2514ae4-4e9b-4f26-a5ba-c4ae85fe93c3
intrusion-set--3753cc21-2dae-4dfb-8481-d004e74502cc,attack-pattern--2959d63f-73fd-46a1-abd2-109d7dcede32
intrusion-set--6713ab67-e25b-49cc-808d-2b36d4fbc35c,attack-pattern--00f90846-cbd1-4fc5-9233-df5c2bf2a662
intrusion-set--bef4c620-0787-42a8-a96d-b7eb6e85917c,attack-pattern--359b00ad-9425-420b-bba5-6de8d600cbc0
intrusion-set--35d1b3be-49d4-42f1-aaa6-ef159c880bca,attack-pattern--348f1eef-964b-4eb6-bb53-69b3dcb0c643
intrusion-set--461b8e25-8f4a-4ea2-a4a8-e39df7ce6630,attack-pattern--f3c544dc-673c-4ef3-accb-53229f1ae077
intrusion-set--2688b13e-8e71-405a-9c40-0dee94bddf87,attack-pattern--707399d6-ab3e-4963-9315-d9d3818cd6a0
intrusion-set--4e868dad-682d-4897-b8df-2dc98f46c68a,attack-pattern--7385dfaf-6886-4229-9ecd-6fd678040830
intrusion-set--44102191-3a31-45f8-acbe-34bdb441d5ad,attack-pattern--e358d692-23c0-4a31-9eb6-ecc13a8d7735
intrusion-set--d8bc9788-4f7d-41a9-9e9d-ee1ea18a8cf7,attack-pattern--3dc8c101-d4db-4f4d-8150-1b5a76ca5f1b
intrusion-set--c1aab4c9-4c34-4f4f-8541-d529e46a07f9,attack-pattern--2db31dcd-54da-405d-acef-b9129b816ed6
intrusion-set--1c63d4ec-0a75-4daa-b1df-0d11af3d3cc1,attack-pattern--005a06c6-14bf-4118-afa0-ebcd8aebb0c9
intrusion-set--269e8108-68c6-4f99-b911-14b2e765dec2,attack-pattern--65f2d882-3f41-4d48-8a06-29af77ec9f90
intrusion-set--420ac20b-f2b9-42b8-aa1a-6d4b72895ca4,attack-pattern--32901740-b42c-4fdd-bc02-345b5dc57082
intrusion-set--cc613a49-9bfa-4e22-98d1-15ffbb03f034,attack-pattern--731f4f55-b6d0-41d1-a7a9-072a66389aea
intrusion-set--8b1e16f6-e7c8-4b7a-a5df-f81232c13e2f,attack-pattern--3ccef7ae-cb5e-48f6-8302-897105fbf55c
intrusion-set--899ce53f-13a0-479b-a0e4-67d46e241542,attack-pattern--3f886f2a-874f-4333-b794-aa6075009b1c
intrusion-set--93f52415-0fe4-4d3d-896c-fc9b8e88ab90,attack-pattern--246fd3c7-f5e3-466d-8787-4c13d9e3b61c
intrusion-set--7b404cd0-3ae9-41d4-90c0-023793d35d97,attack-pattern--deb98323-e13f-4b0c-8d94-175379069062
intrusion-set--44d37b89-a739-4810-9111-0d2617a8939b,attack-pattern--fb75213f-cfb0-40bf-a02f-3bad93d6601e
intrusion-set--46599a4a-77ee-4697-9474-2683b6464859,attack-pattern--354a7f88-63fb-41b5-a801-ce3b377b36f1
intrusion-set--73a80fab-2aa3-48e0-a4d0-3a4828200aee,attack-pattern--4f9ca633-15c5-463c-9724-bdcd54fde541
intrusion-set--0ec2f388-bf0f-4b5c-97b1-fc736d26c25f,attack-pattern--0259baeb-9f63-4c69-bf10-eb038c390688
intrusion-set--fbd29c89-18ba-4c2d-b792-51c0adee049f,attack-pattern--df8b2a25-8bdf-4856-953c-a04372b1c161
intrusion-set--420ac20b-f2b9-42b8-aa1a-6d4b72895ca4,attack-pattern--b3d682b6-98f2-4fb0-aa3b-b4df007ca70a
intrusion-set--247cb30b-955f-42eb-97a5-a89fef69341e,attack-pattern--a2fdce72-04b2-409a-ac10-cc1695f4fce0
intrusion-set--32bca8ff-d900-4877-aa65-d70baa041b74,attack-pattern--e358d692-23c0-4a31-9eb6-ecc13a8d7735
intrusion-set--44102191-3a31-45f8-acbe-34bdb441d5ad,attack-pattern--eec096b8-c207-43df-b6c1-11523861e452
intrusion-set--381fcf73-60f6-4ab2-9991-6af3cbc35192,attack-pattern--16cdd21f-da65-4e4f-bc04-dd7d198c7b26
intrusion-set--8c1f0187-0826-4320-bddc-5f326cfcfe2c,attack-pattern--b2d03cea-aec1-45ca-9744-9ee583c1e1cc
intrusion-set--f047ee18-7985-4946-8bfb-4ed754d3a0dd,attack-pattern--232b7f21-adf9-4b42-b936-b9d6f7df856e
intrusion-set--9e729a7e-0dd6-4097-95bf-db8d64911383,attack-pattern--7bc57495-ea59-4380-be31-a64af124ef18
intrusion-set--dd2d9ca6-505b-4860-a604-233685b802c7,attack-pattern--65f2d882-3f41-4d48-8a06-29af77ec9f90
intrusion-set--247cb30b-955f-42eb-97a5-a89fef69341e,attack-pattern--4f9ca633-15c5-463c-9724-bdcd54fde541
intrusion-set--44d37b89-a739-4810-9111-0d2617a8939b,attack-pattern--b21c3b2d-02e6-45b1-980b-e69051040839
intrusion-set--813636db-3939-4a45-bea9-6113e970c029,attack-pattern--970a3432-3237-47ad-bcca-7d8cbb217736
intrusion-set--3ea7add5-5b8f-45d8-b1f1-905d2729d62a,attack-pattern--d742a578-d70e-4d0e-96a6-02a9c30204e6
intrusion-set--7113eaa5-ba79-4fb3-b68a-398ee9cd698e,attack-pattern--9e7452df-5144-4b6e-b04a-b66dd4016747
intrusion-set--44d37b89-a739-4810-9111-0d2617a8939b,attack-pattern--731f4f55-b6d0-41d1-a7a9-072a66389aea
intrusion-set--7113eaa5-ba79-4fb3-b68a-398ee9cd698e,attack-pattern--3f886f2a-874f-4333-b794-aa6075009b1c
intrusion-set--44d37b89-a739-4810-9111-0d2617a8939b,attack-pattern--3298ce88-1628-43b1-87d9-0b5336b193d7
intrusion-set--6713ab67-e25b-49cc-808d-2b36d4fbc35c,attack-pattern--edf91964-b26e-4b4a-9600-ccacd7d7df24
intrusion-set--c93fccb1-e8e8-42cf-ae33-2ad1d183913a,attack-pattern--a4657bc9-d22f-47d2-a7b7-dd6ec33f3dde
intrusion-set--f3be6240-f68e-47e1-90d2-ad8f3b3bb8a6,attack-pattern--bd369cd9-abb8-41ce-b5bb-fff23ee86c00
intrusion-set--c93fccb1-e8e8-42cf-ae33-2ad1d183913a,attack-pattern--f4599aa0-4f85-4a32-80ea-fc39dc965945
intrusion-set--420ac20b-f2b9-42b8-aa1a-6d4b72895ca4,attack-pattern--9efb1ea7-c37b-4595-9640-b7680cd84279
intrusion-set--54dfec3e-6464-4f74-9d69-b7c817b7e5a3,attack-pattern--9efb1ea7-c37b-4595-9640-b7680cd84279
intrusion-set--c93fccb1-e8e8-42cf-ae33-2ad1d183913a,attack-pattern--b1ccd744-3f78-4a0e-9bb2-2002057f7928
intrusion-set--247cb30b-955f-42eb-97a5-a89fef69341e,attack-pattern--7b211ac6-c815-4189-93a9-ab415deca926
intrusion-set--174279b4-399f-4ddb-966e-5efedd1dd5f2,attack-pattern--a01bf75f-00b2-4568-a58f-565ff9bf202b
intrusion-set--62a64fd3-aaf7-4d09-a375-d6f8bb118481,attack-pattern--970a3432-3237-47ad-bcca-7d8cbb217736
intrusion-set--1c63d4ec-0a75-4daa-b1df-0d11af3d3cc1,attack-pattern--2aed01ad-3df3-4410-a8cb-11ea4ded587c
intrusion-set--d8bc9788-4f7d-41a9-9e9d-ee1ea18a8cf7,attack-pattern--fb75213f-cfb0-40bf-a02f-3bad93d6601e
intrusion-set--e6db1e55-b199-4b6b-8633-989345ee45e0,attack-pattern--3ee16395-03f0-4690-a32e-69ce9ada0f9e
intrusion-set--44d37b89-a739-4810-9111-0d2617a8939b,attack-pattern--5e4a2073-9643-44cb-a0b5-e7f4048446c7
intrusion-set--f9d6633a-55e6-4adc-9263-6ae080421a13,attack-pattern--731f4f55-b6d0-41d1-a7a9-072a66389aea
intrusion-set--f3be6240-f68e-47e1-90d2-ad8f3b3bb8a6,attack-pattern--2fee9321-3e71-4cf4-af24-d4d40d355b34
intrusion-set--9b36c218-4d80-4ec6-a68d-cc2886bbe410,attack-pattern--a2fdce72-04b2-409a-ac10-cc1695f4fce0
intrusion-set--c1aab4c9-4c34-4f4f-8541-d529e46a07f9,attack-pattern--43e7dc91-05b2-474c-b9ac-2ed4fe101f4d
intrusion-set--94873029-f950-4268-9cfd-5032e15cb182,attack-pattern--df8b2a25-8bdf-4856-953c-a04372b1c161
intrusion-set--c0291346-defe-48d7-9542-9e074ba1bdfb,attack-pattern--354a7f88-63fb-41b5-a801-ce3b377b36f1
intrusion-set--2e290bfe-93b5-48ce-97d6-edcd6d32b7cf,attack-pattern--970a3432-3237-47ad-bcca-7d8cbb217736
intrusion-set--0ec2f388-bf0f-4b5c-97b1-fc736d26c25f,attack-pattern--57340c81-c025-4189-8fa0-fc7ede51bae4
intrusion-set--174279b4-399f-4ddb-966e-5efedd1dd5f2,attack-pattern--348f1eef-964b-4eb6-bb53-69b3dcb0c643
intrusion-set--247cb30b-955f-42eb-97a5-a89fef69341e,attack-pattern--88d31120-5bc7-4ce3-a9c0-7cf147be8e54
intrusion-set--abc5a1d4-f0dc-49d1-88a1-4a80e478bb03,attack-pattern--d511a6f6-4a33-41d5-bc95-c343875d1377
intrusion-set--467271fd-47c0-4e90-a3f9-d84f5cf790d0,attack-pattern--fbd91bfc-75c2-4f0c-8116-3b4e722906b3
intrusion-set--6a2e693f-24e5-451a-9f88-b36a108e5662,attack-pattern--f9cc4d06-775f-4ee1-b401-4e2cc0da30ba
intrusion-set--03be849d-b5a2-4766-9dda-48976bae5710,attack-pattern--354a7f88-63fb-41b5-a801-ce3b377b36f1
intrusion-set--38fd6a28-3353-4f2b-bb2b-459fecd5c648,attack-pattern--1996eef1-ced3-4d7f-bf94-33298cabbf72
intrusion-set--44d37b89-a739-4810-9111-0d2617a8939b,attack-pattern--0c8ab3eb-df48-4b9c-ace7-beacaac81cc5
intrusion-set--b8137919-38cb-4db0-90f3-437be885faba,attack-pattern--2959d63f-73fd-46a1-abd2-109d7dcede32
intrusion-set--c5947e1c-1cbc-434c-94b8-27c7e3be0fff,attack-pattern--e6919abc-99f9-4c6c-95a5-14761e7b2add
intrusion-set--a5cfbc79-316c-42f2-915d-6e8fef4085f8,attack-pattern--16cdd21f-da65-4e4f-bc04-dd7d198c7b26
intrusion-set--f9d6633a-55e6-4adc-9263-6ae080421a13,attack-pattern--7bdca9d5-d500-4d7d-8c52-5fd47baf4c0c
intrusion-set--0ec2f388-bf0f-4b5c-97b1-fc736d26c25f,attack-pattern--970a3432-3237-47ad-bcca-7d8cbb217736
intrusion-set--82323c70-4186-4b61-94f5-b227c3b28e89,attack-pattern--3b0e52ce-517a-4614-a523-1bd5deef6c5e
intrusion-set--0ec2f388-bf0f-4b5c-97b1-fc736d26c25f,attack-pattern--f4b843c1-7e92-4701-8fed-ce82f8be2636
intrusion-set--c0291346-defe-48d7-9542-9e074ba1bdfb,attack-pattern--df8b2a25-8bdf-4856-953c-a04372b1c161
intrusion-set--4ca1929c-7d64-4aab-b849-badbfc0c760d,attack-pattern--3fc9b85a-2862-4363-a64d-d692e3ffbee0
intrusion-set--00f67a77-86a4-4adf-be26-1a54fc713340,attack-pattern--045d0922-2310-4e60-b5e4-3302302cb3c5
intrusion-set--46599a4a-77ee-4697-9474-2683b6464859,attack-pattern--a0e6614a-7740-4b24-bd65-f1bde09fc365
intrusion-set--222fbd21-fc4f-4b7e-9f85-0e6e3a76c33f,attack-pattern--ae676644-d2d2-41b7-af7e-9bed1b55898c
intrusion-set--e5603ea8-4c36-40e7-b7af-a077d24fedc1,attack-pattern--3dc8c101-d4db-4f4d-8150-1b5a76ca5f1b
intrusion-set--1f21da59-6a13-455b-afd0-d58d0a5a7d27,attack-pattern--a2fdce72-04b2-409a-ac10-cc1695f4fce0
intrusion-set--56a05d27-4d47-418a-b330-781c5614f202,attack-pattern--40f5caa0-4cb7-4117-89fc-d421bb493df3
intrusion-set--d8bc9788-4f7d-41a9-9e9d-ee1ea18a8cf7,attack-pattern--69f897fd-12a9-4c89-ad6a-46d2f3c38262
intrusion-set--813636db-3939-4a45-bea9-6113e970c029,attack-pattern--3257eb21-f9a7-4430-8de1-d8b6e288f529
intrusion-set--381fcf73-60f6-4ab2-9991-6af3cbc35192,attack-pattern--bf90d72c-c00b-45e3-b3aa-68560560d4c5
intrusion-set--381fcf73-60f6-4ab2-9991-6af3cbc35192,attack-pattern--b3d682b6-98f2-4fb0-aa3b-b4df007ca70a
intrusion-set--381fcf73-60f6-4ab2-9991-6af3cbc35192,attack-pattern--6ee2dc99-91ad-4534-a7d8-a649358c331f
intrusion-set--461b8e25-8f4a-4ea2-a4a8-e39df7ce6630,attack-pattern--b17a1a56-e99c-403c-8948-561df0cffe81
intrusion-set--2e290bfe-93b5-48ce-97d6-edcd6d32b7cf,attack-pattern--b18eae87-b469-4e14-b454-b171b416bc18
intrusion-set--56319646-eb6e-41fc-ae53-aadfa7adb924,attack-pattern--f4599aa0-4f85-4a32-80ea-fc39dc965945
intrusion-set--fd66436e-4d33-450e-ac4c-f7810f1c85f4,attack-pattern--3489cfc5-640f-4bb3-a103-9137b97de79f
intrusion-set--4ca1929c-7d64-4aab-b849-badbfc0c760d,attack-pattern--30973a08-aed9-4edf-8604-9084ce1b5c4f
intrusion-set--f3be6240-f68e-47e1-90d2-ad8f3b3bb8a6,attack-pattern--045d0922-2310-4e60-b5e4-3302302cb3c5
intrusion-set--7113eaa5-ba79-4fb3-b68a-398ee9cd698e,attack-pattern--b97f1d35-4249-4486-a6b5-ee60ccf24fab
intrusion-set--ecbf507f-6786-4121-a4cc-0fd6a8d3a29d,attack-pattern--7bc57495-ea59-4380-be31-a64af124ef18
intrusion-set--8c1f0187-0826-4320-bddc-5f326cfcfe2c,attack-pattern--f2514ae4-4e9b-4f26-a5ba-c4ae85fe93c3
intrusion-set--d0b3393b-3bec-4ba3-bda9-199d30db47b6,attack-pattern--2e34237d-8574-43f6-aace-ae2915de8597
intrusion-set--46599a4a-77ee-4697-9474-2683b6464859,attack-pattern--d511a6f6-4a33-41d5-bc95-c343875d1377
intrusion-set--0ec2f388-bf0f-4b5c-97b1-fc736d26c25f,attack-pattern--b97f1d35-4249-4486-a6b5-ee60ccf24fab
intrusion-set--a7f57cc1-4540-4429-823f-f4e56b8473c9,attack-pattern--3c4a2599-71ee-4405-ba1e-0e28414b4bc5
intrusion-set--9735c036-8ebe-47e9-9c77-b0ae656dab93,attack-pattern--1c34f7aa-9341-4a48-bfab-af22e51aca6c
intrusion-set--f8cb7b36-62ef-4488-8a6d-a7033e3271c1,attack-pattern--cd92d2b8-ce43-4666-9472-f1b4b9f4f8be
intrusion-set--7331c66a-5601-4d3f-acf6-ad9e3035eb40,attack-pattern--0d91b3c0-5e50-47c3-949a-2a796f04d144
intrusion-set--d13c8a7f-740b-4efa-a232-de7d6bb05321,attack-pattern--a2fdce72-04b2-409a-ac10-cc1695f4fce0
intrusion-set--c4d50cdf-87ce-407d-86d8-862883485842,attack-pattern--79da0971-3147-4af6-a4f5-e8cd447cd795
intrusion-set--c4d50cdf-87ce-407d-86d8-862883485842,attack-pattern--e6919abc-99f9-4c6c-95a5-14761e7b2add
intrusion-set--75a07184-a7e5-4222-95a1-a04dbc96a29c,attack-pattern--42e8de7b-37b2-4258-905a-6897815e58e0
intrusion-set--44e43fad-ffcb-4210-abcf-eaaed9735f80,attack-pattern--c32f7008-9fea-41f7-8366-5eb9b74bd896
intrusion-set--fe8796a4-2a02-41a0-9d27-7aa1e995feb6,attack-pattern--354a7f88-63fb-41b5-a801-ce3b377b36f1
intrusion-set--fd19bd82-1b14-49a1-a176-6cdc46b8a826,attack-pattern--e6919abc-99f9-4c6c-95a5-14761e7b2add
intrusion-set--64b52e7d-b2c4-4a02-9372-08a463f5dc11,attack-pattern--65f2d882-3f41-4d48-8a06-29af77ec9f90
intrusion-set--1c3dcf91-b859-4aae-a09c-ae26dc8b6390,attack-pattern--eec096b8-c207-43df-b6c1-11523861e452
intrusion-set--918da025-04bd-48af-b6c4-f3e4d1b915eb,attack-pattern--d1fcf083-a721-4223-aedf-bf8960798d62
intrusion-set--9b36c218-4d80-4ec6-a68d-cc2886bbe410,attack-pattern--0458aab9-ad42-4eac-9e22-706a95bafee2
intrusion-set--ebd7ce77-c9ba-4fba-bb28-58296ac66559,attack-pattern--a10641f4-87b4-45a3-a906-92a149cb2c27
intrusion-set--8c1f0187-0826-4320-bddc-5f326cfcfe2c,attack-pattern--b4694861-542c-48ea-9eb1-10d356e7140a
intrusion-set--afec6dc3-a18e-4b62-b1a4-5510e1a498d1,attack-pattern--e6919abc-99f9-4c6c-95a5-14761e7b2add
intrusion-set--918da025-04bd-48af-b6c4-f3e4d1b915eb,attack-pattern--2aed01ad-3df3-4410-a8cb-11ea4ded587c
intrusion-set--c1aab4c9-4c34-4f4f-8541-d529e46a07f9,attack-pattern--5d0d3609-d06d-49e1-b9c9-b544e0c618cb
intrusion-set--88b7dbc2-32d3-4e31-af2f-3fc24e1582d7,attack-pattern--143c0cbb-a297-4142-9624-87ffc778980b
intrusion-set--32bca8ff-d900-4877-aa65-d70baa041b74,attack-pattern--692074ae-bb62-4a5e-a735-02cb6bde458c
intrusion-set--38fd6a28-3353-4f2b-bb2b-459fecd5c648,attack-pattern--354a7f88-63fb-41b5-a801-ce3b377b36f1
intrusion-set--7b404cd0-3ae9-41d4-90c0-023793d35d97,attack-pattern--c1b68a96-3c48-49ea-a6c0-9b27359f9c19
intrusion-set--94873029-f950-4268-9cfd-5032e15cb182,attack-pattern--e6919abc-99f9-4c6c-95a5-14761e7b2add
intrusion-set--8c1f0187-0826-4320-bddc-5f326cfcfe2c,attack-pattern--c32f7008-9fea-41f7-8366-5eb9b74bd896
intrusion-set--16ade1aa-0ea1-4bb7-88cc-9079df2ae756,attack-pattern--25659dd6-ea12-45c4-97e6-381e3e4b593e
intrusion-set--9e729a7e-0dd6-4097-95bf-db8d64911383,attack-pattern--d1fcf083-a721-4223-aedf-bf8960798d62
intrusion-set--44e43fad-ffcb-4210-abcf-eaaed9735f80,attack-pattern--a93494bb-4b80-4ea1-8695-3236a49916fd
intrusion-set--02b16bd6-ae88-417a-8a3f-02c5e166175a,attack-pattern--b17a1a56-e99c-403c-8948-561df0cffe81
intrusion-set--f9d6633a-55e6-4adc-9263-6ae080421a13,attack-pattern--40f5caa0-4cb7-4117-89fc-d421bb493df3
intrusion-set--b2e34388-6938-4c59-a702-80dc219e15e3,attack-pattern--3f886f2a-874f-4333-b794-aa6075009b1c
intrusion-set--18854f55-ac7c-4634-bd9a-352dd07613b7,attack-pattern--a6937325-9321-4e2e-bb2b-3ed2d40b2a9d
intrusion-set--ead23196-d7b6-4ce6-a124-4ab4b67d81bd,attack-pattern--dfd7cc1d-e1d8-4394-a198-97c4cab8aa67
intrusion-set--2e290bfe-93b5-48ce-97d6-edcd6d32b7cf,attack-pattern--a2fdce72-04b2-409a-ac10-cc1695f4fce0
intrusion-set--174279b4-399f-4ddb-966e-5efedd1dd5f2,attack-pattern--d63a3fb8-9452-4e9d-a60a-54be68d5998c
intrusion-set--39d6890e-7f23-4474-b8ef-e7b0343c5fc8,attack-pattern--232b7f21-adf9-4b42-b936-b9d6f7df856e
intrusion-set--56319646-eb6e-41fc-ae53-aadfa7adb924,attack-pattern--774a3188-6ba9-4dc4-879d-d54ee48a5ce9
intrusion-set--56319646-eb6e-41fc-ae53-aadfa7adb924,attack-pattern--3489cfc5-640f-4bb3-a103-9137b97de79f
intrusion-set--1c63d4ec-0a75-4daa-b1df-0d11af3d3cc1,attack-pattern--b4694861-542c-48ea-9eb1-10d356e7140a
intrusion-set--dc6fe6ee-04c2-49be-ba3d-f38d2463c02a,attack-pattern--4fe28b27-b13c-453e-a386-c2ef362a573b
intrusion-set--00f67a77-86a4-4adf-be26-1a54fc713340,attack-pattern--32ad5c86-2bcf-47d8-8fdc-d7f3d79a7490
intrusion-set--dd2d9ca6-505b-4860-a604-233685b802c7,attack-pattern--92d7da27-2d91-488e-a00c-059dc162766d
intrusion-set--420ac20b-f2b9-42b8-aa1a-6d4b72895ca4,attack-pattern--30208d3e-0d6b-43c8-883e-44462a514619
intrusion-set--7251b44b-6072-476c-b8d9-a6e32c355b28,attack-pattern--359b00ad-9425-420b-bba5-6de8d600cbc0
intrusion-set--afec6dc3-a18e-4b62-b1a4-5510e1a498d1,attack-pattern--01a5a209-b94c-450b-b7f9-946497d91055
intrusion-set--918da025-04bd-48af-b6c4-f3e4d1b915eb,attack-pattern--32901740-b42c-4fdd-bc02-345b5dc57082
intrusion-set--f40eb8ce-2a74-4e56-89a1-227021410142,attack-pattern--365be77f-fc0e-42ee-bac8-4faf806d9336
intrusion-set--bef4c620-0787-42a8-a96d-b7eb6e85917c,attack-pattern--64196062-5210-42c3-9a02-563a0d1797ef
intrusion-set--420ac20b-f2b9-42b8-aa1a-6d4b72895ca4,attack-pattern--e6919abc-99f9-4c6c-95a5-14761e7b2add
intrusion-set--ead23196-d7b6-4ce6-a124-4ab4b67d81bd,attack-pattern--dc31fe1e-d722-49da-8f5f-92c7b5aff534
intrusion-set--f8cb7b36-62ef-4488-8a6d-a7033e3271c1,attack-pattern--391d824f-0ef1-47a0-b0ee-c59a75e27670
intrusion-set--e6db1e55-b199-4b6b-8633-989345ee45e0,attack-pattern--cca0ccb6-a068-4574-a722-b1556f86833a
intrusion-set--0ec2f388-bf0f-4b5c-97b1-fc736d26c25f,attack-pattern--9efb1ea7-c37b-4595-9640-b7680cd84279
intrusion-set--1c63d4ec-0a75-4daa-b1df-0d11af3d3cc1,attack-pattern--5502c4e9-24ef-4d5f-8ee9-9e906c2f82c4
intrusion-set--17862c7d-9e60-48a0-b48e-da4dc4c3f6b0,attack-pattern--d1fcf083-a721-4223-aedf-bf8960798d62
intrusion-set--9e729a7e-0dd6-4097-95bf-db8d64911383,attack-pattern--1c4e5d32-1fe9-4116-9d9d-59e3925bd6a2
intrusion-set--46599a4a-77ee-4697-9474-2683b6464859,attack-pattern--3ee16395-03f0-4690-a32e-69ce9ada0f9e
intrusion-set--2e290bfe-93b5-48ce-97d6-edcd6d32b7cf,attack-pattern--774a3188-6ba9-4dc4-879d-d54ee48a5ce9
intrusion-set--d519164e-f5fa-4b8c-a1fb-cf0172ad0983,attack-pattern--c3d4bdd9-2cfe-4a80-9d0c-07a29ecdce8f
intrusion-set--2e290bfe-93b5-48ce-97d6-edcd6d32b7cf,attack-pattern--df8b2a25-8bdf-4856-953c-a04372b1c161
intrusion-set--bfc5ddb3-4dfb-4278-8928-020e1b3feddd,attack-pattern--c21d5a77-d422-4a69-acd7-2c53c1faa34b
intrusion-set--dd2d9ca6-505b-4860-a604-233685b802c7,attack-pattern--2e34237d-8574-43f6-aace-ae2915de8597
intrusion-set--8cf6e33b-b6ef-4a1f-a77c-0ecdde93161f,attack-pattern--8e350c1d-ac79-4b5c-bd4e-7476d7e84ec5
intrusion-set--88489675-d216-4884-a98f-49a89fcc1643,attack-pattern--fbd91bfc-75c2-4f0c-8116-3b4e722906b3
intrusion-set--c4d50cdf-87ce-407d-86d8-862883485842,attack-pattern--3ee16395-03f0-4690-a32e-69ce9ada0f9e
intrusion-set--222fbd21-fc4f-4b7e-9f85-0e6e3a76c33f,attack-pattern--1ecfdab8-7d59-4c98-95d4-dc41970f57fc
intrusion-set--d8bc9788-4f7d-41a9-9e9d-ee1ea18a8cf7,attack-pattern--c2f59d25-87fe-44aa-8f83-e8e59d077bf5
intrusion-set--17862c7d-9e60-48a0-b48e-da4dc4c3f6b0,attack-pattern--5bfccc3f-2326-4112-86cc-c1ece9d8a2b5
intrusion-set--44e43fad-ffcb-4210-abcf-eaaed9735f80,attack-pattern--c8e87b83-edbb-48d4-9295-4974897525b7
intrusion-set--54dfec3e-6464-4f74-9d69-b7c817b7e5a3,attack-pattern--8f4a33ec-8b1f-4b80-a2f6-642b2e479580
intrusion-set--8b1e16f6-e7c8-4b7a-a5df-f81232c13e2f,attack-pattern--4f9ca633-15c5-463c-9724-bdcd54fde541
intrusion-set--1c63d4ec-0a75-4daa-b1df-0d11af3d3cc1,attack-pattern--9efb1ea7-c37b-4595-9640-b7680cd84279
intrusion-set--00f67a77-86a4-4adf-be26-1a54fc713340,attack-pattern--40f5caa0-4cb7-4117-89fc-d421bb493df3
intrusion-set--32bca8ff-d900-4877-aa65-d70baa041b74,attack-pattern--635cbe30-392d-4e27-978e-66774357c762
intrusion-set--44e43fad-ffcb-4210-abcf-eaaed9735f80,attack-pattern--635cbe30-392d-4e27-978e-66774357c762
intrusion-set--7ecc3b4f-5cdb-457e-b55a-df376b359446,attack-pattern--8f4a33ec-8b1f-4b80-a2f6-642b2e479580
intrusion-set--247cb30b-955f-42eb-97a5-a89fef69341e,attack-pattern--5d0d3609-d06d-49e1-b9c9-b544e0c618cb
intrusion-set--b516b235-fc7d-4635-aca5-3d33312339c3,attack-pattern--359b00ad-9425-420b-bba5-6de8d600cbc0
intrusion-set--cc613a49-9bfa-4e22-98d1-15ffbb03f034,attack-pattern--b3d682b6-98f2-4fb0-aa3b-b4df007ca70a
intrusion-set--bef4c620-0787-42a8-a96d-b7eb6e85917c,attack-pattern--e74de37c-a829-446c-937d-56a44f0e9306
intrusion-set--f3be6240-f68e-47e1-90d2-ad8f3b3bb8a6,attack-pattern--e196b5c5-8118-4a1c-ab8a-936586ce3db5
intrusion-set--899ce53f-13a0-479b-a0e4-67d46e241542,attack-pattern--7e7c2fba-7cca-486c-9582-4c1bb2851961
intrusion-set--3753cc21-2dae-4dfb-8481-d004e74502cc,attack-pattern--3b744087-9945-4a6f-91e8-9dbceda417a4
intrusion-set--6a2e693f-24e5-451a-9f88-b36a108e5662,attack-pattern--1c4e5d32-1fe9-4116-9d9d-59e3925bd6a2
intrusion-set--c93fccb1-e8e8-42cf-ae33-2ad1d183913a,attack-pattern--eb062747-2193-45de-8fa2-e62549c37ddf
intrusion-set--247cb30b-955f-42eb-97a5-a89fef69341e,attack-pattern--ec8fc7e2-b356-455c-8db5-2e37be158e7d
intrusion-set--6713ab67-e25b-49cc-808d-2b36d4fbc35c,attack-pattern--8f4a33ec-8b1f-4b80-a2f6-642b2e479580
intrusion-set--bef4c620-0787-42a8-a96d-b7eb6e85917c,attack-pattern--0a3ead4e-6d47-4ccb-854c-a6a4f9d96b22
intrusion-set--cb41e991-65f4-4668-a65f-f4200545b5a1,attack-pattern--3489cfc5-640f-4bb3-a103-9137b97de79f
intrusion-set--39d6890e-7f23-4474-b8ef-e7b0343c5fc8,attack-pattern--2e34237d-8574-43f6-aace-ae2915de8597
intrusion-set--0d4ac089-ced4-4cc4-a989-174d08e6d030,attack-pattern--ef67e13e-5598-4adc-bdb2-998225874fa9
intrusion-set--e1fc262c-dad2-4b82-abda-5f08dd134971,attack-pattern--355be19c-ffc9-46d5-8d50-d6a036c675b6
intrusion-set--461b8e25-8f4a-4ea2-a4a8-e39df7ce6630,attack-pattern--8868cb5b-d575-4a60-acb2-07d37389a2fd
intrusion-set--fd19bd82-1b14-49a1-a176-6cdc46b8a826,attack-pattern--354a7f88-63fb-41b5-a801-ce3b377b36f1
intrusion-set--f9c06633-dcff-48a1-8588-759e7cec5694,attack-pattern--c21d5a77-d422-4a69-acd7-2c53c1faa34b
intrusion-set--f29b7c5e-2439-42ad-a86f-9f8984fafae3,attack-pattern--7e150503-88e7-4861-866b-ff1ac82c4475
intrusion-set--18854f55-ac7c-4634-bd9a-352dd07613b7,attack-pattern--57340c81-c025-4189-8fa0-fc7ede51bae4
intrusion-set--129f2f77-1ab2-4c35-bd5e-21260cee92af,attack-pattern--bbe5b322-e2af-4a5e-9625-a4e62bf84ed3
intrusion-set--467271fd-47c0-4e90-a3f9-d84f5cf790d0,attack-pattern--2e34237d-8574-43f6-aace-ae2915de8597
intrusion-set--e1fc262c-dad2-4b82-abda-5f08dd134971,attack-pattern--fe926152-f431-4baf-956c-4ad3cb0bf23b
intrusion-set--93f52415-0fe4-4d3d-896c-fc9b8e88ab90,attack-pattern--232b7f21-adf9-4b42-b936-b9d6f7df856e
intrusion-set--82323c70-4186-4b61-94f5-b227c3b28e89,attack-pattern--837f9164-50af-4ac0-8219-379d8a74cefc
intrusion-set--420ac20b-f2b9-42b8-aa1a-6d4b72895ca4,attack-pattern--1c34f7aa-9341-4a48-bfab-af22e51aca6c
intrusion-set--0ec2f388-bf0f-4b5c-97b1-fc736d26c25f,attack-pattern--2959d63f-73fd-46a1-abd2-109d7dcede32
intrusion-set--2688b13e-8e71-405a-9c40-0dee94bddf87,attack-pattern--0dda99f0-4701-48ca-9774-8504922e92d3
intrusion-set--fb366179-766c-4a4a-afa1-52bff1fd601c,attack-pattern--41868330-6ee2-4d0f-b743-9f2294c3c9b6
intrusion-set--8b1e16f6-e7c8-4b7a-a5df-f81232c13e2f,attack-pattern--4fe28b27-b13c-453e-a386-c2ef362a573b
intrusion-set--6713ab67-e25b-49cc-808d-2b36d4fbc35c,attack-pattern--65f2d882-3f41-4d48-8a06-29af77ec9f90
intrusion-set--2a7914cf-dff3-428d-ab0f-1014d1c28aeb,attack-pattern--01a5a209-b94c-450b-b7f9-946497d91055
intrusion-set--55033a4d-3ffe-46b2-99b4-2c1541e9ce1c,attack-pattern--eec096b8-c207-43df-b6c1-11523861e452
intrusion-set--269e8108-68c6-4f99-b911-14b2e765dec2,attack-pattern--005a06c6-14bf-4118-afa0-ebcd8aebb0c9
intrusion-set--b8137919-38cb-4db0-90f3-437be885faba,attack-pattern--92d7da27-2d91-488e-a00c-059dc162766d
intrusion-set--44102191-3a31-45f8-acbe-34bdb441d5ad,attack-pattern--3ccef7ae-cb5e-48f6-8302-897105fbf55c
intrusion-set--44e43fad-ffcb-4210-abcf-eaaed9735f80,attack-pattern--cc3502b5-30cc-4473-ad48-42d51a6ef6d1
intrusion-set--fed4f0a2-4347-4530-b0f5-6dfd49b29172,attack-pattern--cbb66055-0325-4111-aca0-40547b6ad5b0
intrusion-set--9735c036-8ebe-47e9-9c77-b0ae656dab93,attack-pattern--e3a12395-188d-4051-9a16-ea8e14d07b88
intrusion-set--0bbdf25b-30ff-4894-a1cd-49260d0dd2d9,attack-pattern--65f2d882-3f41-4d48-8a06-29af77ec9f90
intrusion-set--5ce5392a-3a6c-4e07-9df3-9b6a9159ac45,attack-pattern--0d91b3c0-5e50-47c3-949a-2a796f04d144
intrusion-set--cb41e991-65f4-4668-a65f-f4200545b5a1,attack-pattern--3f886f2a-874f-4333-b794-aa6075009b1c
intrusion-set--dd2d9ca6-505b-4860-a604-233685b802c7,attack-pattern--1644e709-12d2-41e5-a60f-3470991f5011
intrusion-set--319fd652-edde-46b2-9987-3519493989f5,attack-pattern--767dbf9e-df3f-45cb-8998-4903ab5f80c0
intrusion-set--7eda3dd8-b09b-4705-8090-c2ad9fb8c14d,attack-pattern--b80d107d-fa0d-4b60-9684-b0433e8bdba0
intrusion-set--174279b4-399f-4ddb-966e-5efedd1dd5f2,attack-pattern--2b5aa86b-a0df-4382-848d-30abea443327
intrusion-set--56a05d27-4d47-418a-b330-781c5614f202,attack-pattern--c726e0a2-a57a-4b7b-a973-d0f013246617
intrusion-set--8cf6e33b-b6ef-4a1f-a77c-0ecdde93161f,attack-pattern--2fee9321-3e71-4cf4-af24-d4d40d355b34
intrusion-set--899ce53f-13a0-479b-a0e4-67d46e241542,attack-pattern--7de1f7ac-5d0c-4c9c-8873-627202205331
intrusion-set--222fbd21-fc4f-4b7e-9f85-0e6e3a76c33f,attack-pattern--7bc57495-ea59-4380-be31-a64af124ef18
intrusion-set--3753cc21-2dae-4dfb-8481-d004e74502cc,attack-pattern--1996eef1-ced3-4d7f-bf94-33298cabbf72
intrusion-set--ecbf507f-6786-4121-a4cc-0fd6a8d3a29d,attack-pattern--cba37adb-d6fb-4610-b069-dd04c0643384
intrusion-set--813636db-3939-4a45-bea9-6113e970c029,attack-pattern--b18eae87-b469-4e14-b454-b171b416bc18
intrusion-set--461b8e25-8f4a-4ea2-a4a8-e39df7ce6630,attack-pattern--3f886f2a-874f-4333-b794-aa6075009b1c
intrusion-set--f9c06633-dcff-48a1-8588-759e7cec5694,attack-pattern--43e7dc91-05b2-474c-b9ac-2ed4fe101f4d
intrusion-set--d8bc9788-4f7d-41a9-9e9d-ee1ea18a8cf7,attack-pattern--cd92d2b8-ce43-4666-9472-f1b4b9f4f8be
intrusion-set--2688b13e-8e71-405a-9c40-0dee94bddf87,attack-pattern--9fa07bef-9c81-421e-a8e5-ad4366c5a925
intrusion-set--7eda3dd8-b09b-4705-8090-c2ad9fb8c14d,attack-pattern--970a3432-3237-47ad-bcca-7d8cbb217736
intrusion-set--cb41e991-65f4-4668-a65f-f4200545b5a1,attack-pattern--d63a3fb8-9452-4e9d-a60a-54be68d5998c
intrusion-set--8cf6e33b-b6ef-4a1f-a77c-0ecdde93161f,attack-pattern--4f9ca633-15c5-463c-9724-bdcd54fde541
intrusion-set--35d1b3be-49d4-42f1-aaa6-ef159c880bca,attack-pattern--bbde9781-60aa-4b8a-a911-895b0c1b3872
intrusion-set--c0291346-defe-48d7-9542-9e074ba1bdfb,attack-pattern--79da0971-3147-4af6-a4f5-e8cd447cd795
intrusion-set--f9d6633a-55e6-4adc-9263-6ae080421a13,attack-pattern--e358d692-23c0-4a31-9eb6-ecc13a8d7735
intrusion-set--8cf6e33b-b6ef-4a1f-a77c-0ecdde93161f,attack-pattern--9a60a291-8960-4387-8a4a-2ab5c18bb50b
intrusion-set--ead23196-d7b6-4ce6-a124-4ab4b67d81bd,attack-pattern--b97f1d35-4249-4486-a6b5-ee60ccf24fab
intrusion-set--f9d6633a-55e6-4adc-9263-6ae080421a13,attack-pattern--57340c81-c025-4189-8fa0-fc7ede51bae4
intrusion-set--00f67a77-86a4-4adf-be26-1a54fc713340,attack-pattern--391d824f-0ef1-47a0-b0ee-c59a75e27670
intrusion-set--64b52e7d-b2c4-4a02-9372-08a463f5dc11,attack-pattern--54a649ff-439a-41a4-9856-8d144a2551ba
intrusion-set--4a2ce82e-1a74-468a-a6fb-bbead541383c,attack-pattern--d1fcf083-a721-4223-aedf-bf8960798d62
intrusion-set--afec6dc3-a18e-4b62-b1a4-5510e1a498d1,attack-pattern--03d7999c-1f4c-42cc-8373-e7690d318104
intrusion-set--18854f55-ac7c-4634-bd9a-352dd07613b7,attack-pattern--731f4f55-b6d0-41d1-a7a9-072a66389aea
intrusion-set--44d37b89-a739-4810-9111-0d2617a8939b,attack-pattern--e01be9c5-e763-4caf-aeb7-000b416aef67
intrusion-set--5cbe0d3b-6fb1-471f-b591-4b192915116d,attack-pattern--32901740-b42c-4fdd-bc02-345b5dc57082
intrusion-set--abc5a1d4-f0dc-49d1-88a1-4a80e478bb03,attack-pattern--9efb1ea7-c37b-4595-9640-b7680cd84279
intrusion-set--a7f57cc1-4540-4429-823f-f4e56b8473c9,attack-pattern--0af0ca99-357d-4ba1-805f-674fdfb7bef9
intrusion-set--1c63d4ec-0a75-4daa-b1df-0d11af3d3cc1,attack-pattern--e6919abc-99f9-4c6c-95a5-14761e7b2add
intrusion-set--e6db1e55-b199-4b6b-8633-989345ee45e0,attack-pattern--bd369cd9-abb8-41ce-b5bb-fff23ee86c00
intrusion-set--bef4c620-0787-42a8-a96d-b7eb6e85917c,attack-pattern--3257eb21-f9a7-4430-8de1-d8b6e288f529
intrusion-set--6713ab67-e25b-49cc-808d-2b36d4fbc35c,attack-pattern--212306d8-efa4-44c9-8c2d-ed3d2e224aa0
intrusion-set--8c1f0187-0826-4320-bddc-5f326cfcfe2c,attack-pattern--a2fdce72-04b2-409a-ac10-cc1695f4fce0
intrusion-set--c5b81590-6814-4d2a-8baa-15c4b6c7f960,attack-pattern--2e34237d-8574-43f6-aace-ae2915de8597
intrusion-set--fb366179-766c-4a4a-afa1-52bff1fd601c,attack-pattern--deb98323-e13f-4b0c-8d94-175379069062
intrusion-set--df71bb3b-813c-45eb-a8bc-f2a419837411,attack-pattern--0f4a0c76-ab2d-4cb0-85d3-3f0efb8cba0d
intrusion-set--18854f55-ac7c-4634-bd9a-352dd07613b7,attack-pattern--65f2d882-3f41-4d48-8a06-29af77ec9f90
intrusion-set--247cb30b-955f-42eb-97a5-a89fef69341e,attack-pattern--707399d6-ab3e-4963-9315-d9d3818cd6a0
intrusion-set--00f67a77-86a4-4adf-be26-1a54fc713340,attack-pattern--a6937325-9321-4e2e-bb2b-3ed2d40b2a9d
intrusion-set--44d37b89-a739-4810-9111-0d2617a8939b,attack-pattern--f5d8eed6-48a9-4cdf-a3d7-d1ffa99c3d2a
intrusion-set--129f2f77-1ab2-4c35-bd5e-21260cee92af,attack-pattern--69f897fd-12a9-4c89-ad6a-46d2f3c38262
intrusion-set--3753cc21-2dae-4dfb-8481-d004e74502cc,attack-pattern--d1fcf083-a721-4223-aedf-bf8960798d62
intrusion-set--3fc023b2-c5cc-481d-9c3e-70141ae1a87e,attack-pattern--2e34237d-8574-43f6-aace-ae2915de8597
intrusion-set--2688b13e-8e71-405a-9c40-0dee94bddf87,attack-pattern--f232fa7a-025c-4d43-abc7-318e81a73d65
intrusion-set--93f52415-0fe4-4d3d-896c-fc9b8e88ab90,attack-pattern--5bfccc3f-2326-4112-86cc-c1ece9d8a2b5
intrusion-set--82323c70-4186-4b61-94f5-b227c3b28e89,attack-pattern--045d0922-2310-4e60-b5e4-3302302cb3c5
intrusion-set--c93fccb1-e8e8-42cf-ae33-2ad1d183913a,attack-pattern--ff73aa03-0090-4464-83ac-f89e233c02bc
intrusion-set--73a80fab-2aa3-48e0-a4d0-3a4828200aee,attack-pattern--1c4e5d32-1fe9-4116-9d9d-59e3925bd6a2
intrusion-set--d1acfbb3-647b-4723-9154-800ec119006e,attack-pattern--3489cfc5-640f-4bb3-a103-9137b97de79f
intrusion-set--44d37b89-a739-4810-9111-0d2617a8939b,attack-pattern--e358d692-23c0-4a31-9eb6-ecc13a8d7735
intrusion-set--88b7dbc2-32d3-4e31-af2f-3fc24e1582d7,attack-pattern--00f90846-cbd1-4fc5-9233-df5c2bf2a662
intrusion-set--1c63d4ec-0a75-4daa-b1df-0d11af3d3cc1,attack-pattern--10d51417-ee35-4589-b1ff-b6df1c334e8d
intrusion-set--0bbdf25b-30ff-4894-a1cd-49260d0dd2d9,attack-pattern--9efb1ea7-c37b-4595-9640-b7680cd84279
intrusion-set--269e8108-68c6-4f99-b911-14b2e765dec2,attack-pattern--69b8fd78-40e8-4600-ae4d-662c9d7afdb3
intrusion-set--6713ab67-e25b-49cc-808d-2b36d4fbc35c,attack-pattern--df8b2a25-8bdf-4856-953c-a04372b1c161
intrusion-set--f3be6240-f68e-47e1-90d2-ad8f3b3bb8a6,attack-pattern--635cbe30-392d-4e27-978e-66774357c762
intrusion-set--f29b7c5e-2439-42ad-a86f-9f8984fafae3,attack-pattern--8f4a33ec-8b1f-4b80-a2f6-642b2e479580
intrusion-set--f8cb7b36-62ef-4488-8a6d-a7033e3271c1,attack-pattern--b97f1d35-4249-4486-a6b5-ee60ccf24fab
intrusion-set--3fc023b2-c5cc-481d-9c3e-70141ae1a87e,attack-pattern--1c4e5d32-1fe9-4116-9d9d-59e3925bd6a2
intrusion-set--0ec2f388-bf0f-4b5c-97b1-fc736d26c25f,attack-pattern--88d31120-5bc7-4ce3-a9c0-7cf147be8e54
intrusion-set--c1aab4c9-4c34-4f4f-8541-d529e46a07f9,attack-pattern--7e150503-88e7-4861-866b-ff1ac82c4475
intrusion-set--d13c8a7f-740b-4efa-a232-de7d6bb05321,attack-pattern--d63a3fb8-9452-4e9d-a60a-54be68d5998c
intrusion-set--2e290bfe-93b5-48ce-97d6-edcd6d32b7cf,attack-pattern--40f5caa0-4cb7-4117-89fc-d421bb493df3
intrusion-set--bef4c620-0787-42a8-a96d-b7eb6e85917c,attack-pattern--b21c3b2d-02e6-45b1-980b-e69051040839
intrusion-set--fd19bd82-1b14-49a1-a176-6cdc46b8a826,attack-pattern--970a3432-3237-47ad-bcca-7d8cbb217736
intrusion-set--dd2d9ca6-505b-4860-a604-233685b802c7,attack-pattern--20fb2507-d71c-455d-9b6d-6104461cf26b
intrusion-set--00f67a77-86a4-4adf-be26-1a54fc713340,attack-pattern--232b7f21-adf9-4b42-b936-b9d6f7df856e
intrusion-set--0ec2f388-bf0f-4b5c-97b1-fc736d26c25f,attack-pattern--143122a8-fcda-4dd7-aded-5b9387d9c2d6
intrusion-set--32bca8ff-d900-4877-aa65-d70baa041b74,attack-pattern--0f4a0c76-ab2d-4cb0-85d3-3f0efb8cba0d
intrusion-set--7113eaa5-ba79-4fb3-b68a-398ee9cd698e,attack-pattern--92d7da27-2d91-488e-a00c-059dc162766d
intrusion-set--56319646-eb6e-41fc-ae53-aadfa7adb924,attack-pattern--354a7f88-63fb-41b5-a801-ce3b377b36f1
intrusion-set--fbd29c89-18ba-4c2d-b792-51c0adee049f,attack-pattern--970a3432-3237-47ad-bcca-7d8cbb217736
intrusion-set--82323c70-4186-4b61-94f5-b227c3b28e89,attack-pattern--21875073-b0ee-49e3-9077-1e2a885359af
intrusion-set--1c63d4ec-0a75-4daa-b1df-0d11af3d3cc1,attack-pattern--1ecfdab8-7d59-4c98-95d4-dc41970f57fc
intrusion-set--cc613a49-9bfa-4e22-98d1-15ffbb03f034,attack-pattern--2959d63f-73fd-46a1-abd2-109d7dcede32
intrusion-set--ead23196-d7b6-4ce6-a124-4ab4b67d81bd,attack-pattern--24bfaeba-cb0d-4525-b3dc-507c77ecec41
intrusion-set--4ca1929c-7d64-4aab-b849-badbfc0c760d,attack-pattern--6add2ab5-2711-4e9d-87c8-7a0be8531530
intrusion-set--461b8e25-8f4a-4ea2-a4a8-e39df7ce6630,attack-pattern--c21d5a77-d422-4a69-acd7-2c53c1faa34b
intrusion-set--4ca1929c-7d64-4aab-b849-badbfc0c760d,attack-pattern--0d91b3c0-5e50-47c3-949a-2a796f04d144
intrusion-set--b8137919-38cb-4db0-90f3-437be885faba,attack-pattern--bf90d72c-c00b-45e3-b3aa-68560560d4c5
intrusion-set--9735c036-8ebe-47e9-9c77-b0ae656dab93,attack-pattern--7e150503-88e7-4861-866b-ff1ac82c4475
intrusion-set--6713ab67-e25b-49cc-808d-2b36d4fbc35c,attack-pattern--d1fcf083-a721-4223-aedf-bf8960798d62
intrusion-set--44102191-3a31-45f8-acbe-34bdb441d5ad,attack-pattern--5e29d64d-2b14-4f92-875e-4c9c498e213c
intrusion-set--0ec2f388-bf0f-4b5c-97b1-fc736d26c25f,attack-pattern--7bc57495-ea59-4380-be31-a64af124ef18
intrusion-set--918da025-04bd-48af-b6c4-f3e4d1b915eb,attack-pattern--5d0d3609-d06d-49e1-b9c9-b544e0c618cb
intrusion-set--4c4a7846-45d5-4761-8eea-725fa989914c,attack-pattern--e6919abc-99f9-4c6c-95a5-14761e7b2add
intrusion-set--56319646-eb6e-41fc-ae53-aadfa7adb924,attack-pattern--cba37adb-d6fb-4610-b069-dd04c0643384
intrusion-set--c1aab4c9-4c34-4f4f-8541-d529e46a07f9,attack-pattern--c3d4bdd9-2cfe-4a80-9d0c-07a29ecdce8f
intrusion-set--894aab42-3371-47b1-8859-a4a074c804c8,attack-pattern--3c4a2599-71ee-4405-ba1e-0e28414b4bc5
intrusion-set--9e729a7e-0dd6-4097-95bf-db8d64911383,attack-pattern--e6919abc-99f9-4c6c-95a5-14761e7b2add
intrusion-set--0ec2f388-bf0f-4b5c-97b1-fc736d26c25f,attack-pattern--cbb66055-0325-4111-aca0-40547b6ad5b0
intrusion-set--174279b4-399f-4ddb-966e-5efedd1dd5f2,attack-pattern--e6919abc-99f9-4c6c-95a5-14761e7b2add
intrusion-set--18854f55-ac7c-4634-bd9a-352dd07613b7,attack-pattern--cd92d2b8-ce43-4666-9472-f1b4b9f4f8be
intrusion-set--7eda3dd8-b09b-4705-8090-c2ad9fb8c14d,attack-pattern--2e34237d-8574-43f6-aace-ae2915de8597
intrusion-set--7a19ecb1-3c65-4de3-a230-993516aed6a6,attack-pattern--6836813e-8ec8-4375-b459-abb388cb1a35
intrusion-set--8cf6e33b-b6ef-4a1f-a77c-0ecdde93161f,attack-pattern--3f886f2a-874f-4333-b794-aa6075009b1c
intrusion-set--f29b7c5e-2439-42ad-a86f-9f8984fafae3,attack-pattern--09a60ea3-a8d1-4ae5-976e-5783248b72a4
intrusion-set--ead23196-d7b6-4ce6-a124-4ab4b67d81bd,attack-pattern--8f4a33ec-8b1f-4b80-a2f6-642b2e479580
intrusion-set--f8cb7b36-62ef-4488-8a6d-a7033e3271c1,attack-pattern--e6919abc-99f9-4c6c-95a5-14761e7b2add
intrusion-set--abc5a1d4-f0dc-49d1-88a1-4a80e478bb03,attack-pattern--045d0922-2310-4e60-b5e4-3302302cb3c5
intrusion-set--899ce53f-13a0-479b-a0e4-67d46e241542,attack-pattern--8f104855-e5b7-4077-b1f5-bc3103b41abe
intrusion-set--2a7914cf-dff3-428d-ab0f-1014d1c28aeb,attack-pattern--1d24cdee-9ea2-4189-b08e-af110bf2435d
intrusion-set--319fd652-edde-46b2-9987-3519493989f5,attack-pattern--f6ad61ee-65f3-4bd0-a3f5-2f0accb36317
intrusion-set--4c4a7846-45d5-4761-8eea-725fa989914c,attack-pattern--3f886f2a-874f-4333-b794-aa6075009b1c
intrusion-set--2688b13e-8e71-405a-9c40-0dee94bddf87,attack-pattern--7bc57495-ea59-4380-be31-a64af124ef18
intrusion-set--2e290bfe-93b5-48ce-97d6-edcd6d32b7cf,attack-pattern--29ba5a15-3b7b-4732-b817-65ea8f6468e6
intrusion-set--fd66436e-4d33-450e-ac4c-f7810f1c85f4,attack-pattern--00f90846-cbd1-4fc5-9233-df5c2bf2a662
intrusion-set--54dfec3e-6464-4f74-9d69-b7c817b7e5a3,attack-pattern--7bdca9d5-d500-4d7d-8c52-5fd47baf4c0c
intrusion-set--64b52e7d-b2c4-4a02-9372-08a463f5dc11,attack-pattern--354a7f88-63fb-41b5-a801-ce3b377b36f1
intrusion-set--4283ae19-69c7-4347-a35e-b56f08eb660b,attack-pattern--b21c3b2d-02e6-45b1-980b-e69051040839
intrusion-set--44d37b89-a739-4810-9111-0d2617a8939b,attack-pattern--2aed01ad-3df3-4410-a8cb-11ea4ded587c
intrusion-set--3753cc21-2dae-4dfb-8481-d004e74502cc,attack-pattern--2e34237d-8574-43f6-aace-ae2915de8597
intrusion-set--75a07184-a7e5-4222-95a1-a04dbc96a29c,attack-pattern--40f5caa0-4cb7-4117-89fc-d421bb493df3
intrusion-set--dc6fe6ee-04c2-49be-ba3d-f38d2463c02a,attack-pattern--bf176076-b789-408e-8cba-7275e81c0ada
intrusion-set--f9d6633a-55e6-4adc-9263-6ae080421a13,attack-pattern--767dbf9e-df3f-45cb-8998-4903ab5f80c0
intrusion-set--e6db1e55-b199-4b6b-8633-989345ee45e0,attack-pattern--f1951e8a-500e-4a26-8803-76d95c4554b4
intrusion-set--ebd7ce77-c9ba-4fba-bb28-58296ac66559,attack-pattern--6faf650d-bf31-4eb4-802d-1000cf38efaf
intrusion-set--44d37b89-a739-4810-9111-0d2617a8939b,attack-pattern--970a3432-3237-47ad-bcca-7d8cbb217736
intrusion-set--03be849d-b5a2-4766-9dda-48976bae5710,attack-pattern--8982a661-d84c-48c0-b4ec-1db29c6cf3bc
intrusion-set--420ac20b-f2b9-42b8-aa1a-6d4b72895ca4,attack-pattern--0f4a0c76-ab2d-4cb0-85d3-3f0efb8cba0d
intrusion-set--2e290bfe-93b5-48ce-97d6-edcd6d32b7cf,attack-pattern--43e7dc91-05b2-474c-b9ac-2ed4fe101f4d
intrusion-set--76565741-3452-4069-ab08-80c0ea95bbeb,attack-pattern--9a60a291-8960-4387-8a4a-2ab5c18bb50b
intrusion-set--cc613a49-9bfa-4e22-98d1-15ffbb03f034,attack-pattern--2b742742-28c3-4e1b-bab7-8350d6300fa7
intrusion-set--4a2ce82e-1a74-468a-a6fb-bbead541383c,attack-pattern--2e34237d-8574-43f6-aace-ae2915de8597
intrusion-set--6a2e693f-24e5-451a-9f88-b36a108e5662,attack-pattern--25659dd6-ea12-45c4-97e6-381e3e4b593e
intrusion-set--9e729a7e-0dd6-4097-95bf-db8d64911383,attack-pattern--9efb1ea7-c37b-4595-9640-b7680cd84279
intrusion-set--c93fccb1-e8e8-42cf-ae33-2ad1d183913a,attack-pattern--f3c544dc-673c-4ef3-accb-53229f1ae077
intrusion-set--00f67a77-86a4-4adf-be26-1a54fc713340,attack-pattern--1cfcb312-b8d7-47a4-b560-4b16cc677292
intrusion-set--bef4c620-0787-42a8-a96d-b7eb6e85917c,attack-pattern--ed7efd4d-ce28-4a19-a8e6-c58011eb2c7a
intrusion-set--269e8108-68c6-4f99-b911-14b2e765dec2,attack-pattern--232b7f21-adf9-4b42-b936-b9d6f7df856e
intrusion-set--1c63d4ec-0a75-4daa-b1df-0d11af3d3cc1,attack-pattern--3f886f2a-874f-4333-b794-aa6075009b1c
intrusion-set--174279b4-399f-4ddb-966e-5efedd1dd5f2,attack-pattern--435dfb86-2697-4867-85b5-2fef496c0517
intrusion-set--f9d6633a-55e6-4adc-9263-6ae080421a13,attack-pattern--5282dd9a-d26d-4e16-88b7-7c0f4553daf4
intrusion-set--8b1e16f6-e7c8-4b7a-a5df-f81232c13e2f,attack-pattern--246fd3c7-f5e3-466d-8787-4c13d9e3b61c
intrusion-set--cc613a49-9bfa-4e22-98d1-15ffbb03f034,attack-pattern--00f90846-cbd1-4fc5-9233-df5c2bf2a662
intrusion-set--02b16bd6-ae88-417a-8a3f-02c5e166175a,attack-pattern--40597f16-0963-4249-bf4c-ac93b7fb9807
intrusion-set--7113eaa5-ba79-4fb3-b68a-398ee9cd698e,attack-pattern--5d0d3609-d06d-49e1-b9c9-b544e0c618cb
intrusion-set--75a07184-a7e5-4222-95a1-a04dbc96a29c,attack-pattern--354a7f88-63fb-41b5-a801-ce3b377b36f1
intrusion-set--35d1b3be-49d4-42f1-aaa6-ef159c880bca,attack-pattern--355be19c-ffc9-46d5-8d50-d6a036c675b6
intrusion-set--18854f55-ac7c-4634-bd9a-352dd07613b7,attack-pattern--cff94884-3b1c-4987-a70b-6d5643c621c3
intrusion-set--c4d50cdf-87ce-407d-86d8-862883485842,attack-pattern--c2e147a9-d1a8-4074-811a-d8789202d916
intrusion-set--2688b13e-8e71-405a-9c40-0dee94bddf87,attack-pattern--edf91964-b26e-4b4a-9600-ccacd7d7df24
intrusion-set--bfc5ddb3-4dfb-4278-8928-020e1b3feddd,attack-pattern--a2fdce72-04b2-409a-ac10-cc1695f4fce0
intrusion-set--fb366179-766c-4a4a-afa1-52bff1fd601c,attack-pattern--e7cbc1de-1f79-48ee-abfd-da1241c65a15
intrusion-set--6713ab67-e25b-49cc-808d-2b36d4fbc35c,attack-pattern--b17a1a56-e99c-403c-8948-561df0cffe81
intrusion-set--2a158b0a-7ef8-43cb-9985-bf34d1e12050,attack-pattern--232b7f21-adf9-4b42-b936-b9d6f7df856e
intrusion-set--13ef3485-70d2-4567-b934-0e83c1eafcf1,attack-pattern--0533ab23-3f7d-463f-9bd8-634d27e4dee1
intrusion-set--fbd29c89-18ba-4c2d-b792-51c0adee049f,attack-pattern--9efb1ea7-c37b-4595-9640-b7680cd84279
intrusion-set--17862c7d-9e60-48a0-b48e-da4dc4c3f6b0,attack-pattern--120d5519-3098-4e1c-9191-2aa61232f073
intrusion-set--d8bc9788-4f7d-41a9-9e9d-ee1ea18a8cf7,attack-pattern--edf91964-b26e-4b4a-9600-ccacd7d7df24
intrusion-set--8c1f0187-0826-4320-bddc-5f326cfcfe2c,attack-pattern--bf1b6176-597c-4600-bfcd-ac989670f96b
intrusion-set--fe8796a4-2a02-41a0-9d27-7aa1e995feb6,attack-pattern--04fd5427-79c7-44ea-ae13-11b24778ff1c
intrusion-set--56a05d27-4d47-418a-b330-781c5614f202,attack-pattern--5e29d64d-2b14-4f92-875e-4c9c498e213c
intrusion-set--461b8e25-8f4a-4ea2-a4a8-e39df7ce6630,attack-pattern--eec096b8-c207-43df-b6c1-11523861e452
intrusion-set--b516b235-fc7d-4635-aca5-3d33312339c3,attack-pattern--01a5a209-b94c-450b-b7f9-946497d91055
intrusion-set--269e8108-68c6-4f99-b911-14b2e765dec2,attack-pattern--03d7999c-1f4c-42cc-8373-e7690d318104
intrusion-set--75a07184-a7e5-4222-95a1-a04dbc96a29c,attack-pattern--d1fcf083-a721-4223-aedf-bf8960798d62
intrusion-set--93f52415-0fe4-4d3d-896c-fc9b8e88ab90,attack-pattern--9efb1ea7-c37b-4595-9640-b7680cd84279
intrusion-set--00f67a77-86a4-4adf-be26-1a54fc713340,attack-pattern--3c4a2599-71ee-4405-ba1e-0e28414b4bc5
intrusion-set--82323c70-4186-4b61-94f5-b227c3b28e89,attack-pattern--2b742742-28c3-4e1b-bab7-8350d6300fa7
intrusion-set--4283ae19-69c7-4347-a35e-b56f08eb660b,attack-pattern--365be77f-fc0e-42ee-bac8-4faf806d9336
intrusion-set--2a7914cf-dff3-428d-ab0f-1014d1c28aeb,attack-pattern--3fc9b85a-2862-4363-a64d-d692e3ffbee0
intrusion-set--277d2f87-2ae5-4730-a3aa-50c1fdff9656,attack-pattern--dfebc3b7-d19d-450b-81c7-6dafe4184c04
intrusion-set--d0b3393b-3bec-4ba3-bda9-199d30db47b6,attack-pattern--df8b2a25-8bdf-4856-953c-a04372b1c161
intrusion-set--8c1f0187-0826-4320-bddc-5f326cfcfe2c,attack-pattern--47f2d673-ca62-47e9-929b-1b0be9657611
intrusion-set--46bb06cb-f2d9-4b37-8c92-a27e224ad90d,attack-pattern--10d51417-ee35-4589-b1ff-b6df1c334e8d
intrusion-set--0bbdf25b-30ff-4894-a1cd-49260d0dd2d9,attack-pattern--eb062747-2193-45de-8fa2-e62549c37ddf
intrusion-set--a653431d-6a5e-4600-8ad3-609b5af57064,attack-pattern--01a5a209-b94c-450b-b7f9-946497d91055
intrusion-set--c93fccb1-e8e8-42cf-ae33-2ad1d183913a,attack-pattern--7bdca9d5-d500-4d7d-8c52-5fd47baf4c0c
intrusion-set--461b8e25-8f4a-4ea2-a4a8-e39df7ce6630,attack-pattern--a9d4b653-6915-42af-98b2-5758c4ceee56
intrusion-set--56a05d27-4d47-418a-b330-781c5614f202,attack-pattern--a9d4b653-6915-42af-98b2-5758c4ceee56
intrusion-set--319fd652-edde-46b2-9987-3519493989f5,attack-pattern--2b742742-28c3-4e1b-bab7-8350d6300fa7
intrusion-set--3fc023b2-c5cc-481d-9c3e-70141ae1a87e,attack-pattern--ef67e13e-5598-4adc-bdb2-998225874fa9
intrusion-set--2688b13e-8e71-405a-9c40-0dee94bddf87,attack-pattern--a10641f4-87b4-45a3-a906-92a149cb2c27
intrusion-set--1c63d4ec-0a75-4daa-b1df-0d11af3d3cc1,attack-pattern--3489cfc5-640f-4bb3-a103-9137b97de79f
intrusion-set--2e290bfe-93b5-48ce-97d6-edcd6d32b7cf,attack-pattern--348f1eef-964b-4eb6-bb53-69b3dcb0c643
intrusion-set--18854f55-ac7c-4634-bd9a-352dd07613b7,attack-pattern--c8e87b83-edbb-48d4-9295-4974897525b7
intrusion-set--319fd652-edde-46b2-9987-3519493989f5,attack-pattern--21875073-b0ee-49e3-9077-1e2a885359af
intrusion-set--c21dd6f1-1364-4a70-a1f7-783080ec34ee,attack-pattern--eb062747-2193-45de-8fa2-e62549c37ddf
intrusion-set--bef4c620-0787-42a8-a96d-b7eb6e85917c,attack-pattern--890c9858-598c-401d-a4d5-c67ebcdd703a
intrusion-set--dcd81c6e-ebf7-4a16-93e0-9a97fa49c88a,attack-pattern--a2fdce72-04b2-409a-ac10-cc1695f4fce0
intrusion-set--c93fccb1-e8e8-42cf-ae33-2ad1d183913a,attack-pattern--47f2d673-ca62-47e9-929b-1b0be9657611
intrusion-set--2e290bfe-93b5-48ce-97d6-edcd6d32b7cf,attack-pattern--92d7da27-2d91-488e-a00c-059dc162766d
intrusion-set--93f52415-0fe4-4d3d-896c-fc9b8e88ab90,attack-pattern--970a3432-3237-47ad-bcca-7d8cbb217736
intrusion-set--54dfec3e-6464-4f74-9d69-b7c817b7e5a3,attack-pattern--707399d6-ab3e-4963-9315-d9d3818cd6a0
intrusion-set--420ac20b-f2b9-42b8-aa1a-6d4b72895ca4,attack-pattern--970a3432-3237-47ad-bcca-7d8cbb217736
intrusion-set--c5b81590-6814-4d2a-8baa-15c4b6c7f960,attack-pattern--9db0cf3a-a3c9-4012-8268-123b9db6fd82
intrusion-set--f29b7c5e-2439-42ad-a86f-9f8984fafae3,attack-pattern--e3b6daca-e963-4a69-aee6-ed4fd653ad58
intrusion-set--4ca1929c-7d64-4aab-b849-badbfc0c760d,attack-pattern--a01bf75f-00b2-4568-a58f-565ff9bf202b
intrusion-set--c93fccb1-e8e8-42cf-ae33-2ad1d183913a,attack-pattern--3aef9463-9a7a-43ba-8957-a867e07c1e6a
intrusion-set--381fcf73-60f6-4ab2-9991-6af3cbc35192,attack-pattern--65013dd2-bc61-43e3-afb5-a14c4fa7437a
intrusion-set--fbe9387f-34e6-4828-ac28-3080020c597b,attack-pattern--b17a1a56-e99c-403c-8948-561df0cffe81
intrusion-set--46599a4a-77ee-4697-9474-2683b6464859,attack-pattern--dfd7cc1d-e1d8-4394-a198-97c4cab8aa67
intrusion-set--c0291346-defe-48d7-9542-9e074ba1bdfb,attack-pattern--bf176076-b789-408e-8cba-7275e81c0ada
intrusion-set--fbd29c89-18ba-4c2d-b792-51c0adee049f,attack-pattern--b17a1a56-e99c-403c-8948-561df0cffe81
intrusion-set--7a19ecb1-3c65-4de3-a230-993516aed6a6,attack-pattern--565275d5-fcc3-4b66-b4e7-928e4cac6b8c
intrusion-set--f9d6633a-55e6-4adc-9263-6ae080421a13,attack-pattern--c3d4bdd9-2cfe-4a80-9d0c-07a29ecdce8f
intrusion-set--38863958-a201-4ce1-9dbe-539b0b6804e0,attack-pattern--365be77f-fc0e-42ee-bac8-4faf806d9336
intrusion-set--a7f57cc1-4540-4429-823f-f4e56b8473c9,attack-pattern--be2dcee9-a7a7-4e38-afd6-21b31ecc3d63
intrusion-set--7a19ecb1-3c65-4de3-a230-993516aed6a6,attack-pattern--2b742742-28c3-4e1b-bab7-8350d6300fa7
intrusion-set--f9d6633a-55e6-4adc-9263-6ae080421a13,attack-pattern--f6ad61ee-65f3-4bd0-a3f5-2f0accb36317
intrusion-set--c21dd6f1-1364-4a70-a1f7-783080ec34ee,attack-pattern--830c9528-df21-472c-8c14-a036bf17d665
intrusion-set--3ea7add5-5b8f-45d8-b1f1-905d2729d62a,attack-pattern--2e34237d-8574-43f6-aace-ae2915de8597
intrusion-set--8c1f0187-0826-4320-bddc-5f326cfcfe2c,attack-pattern--e358d692-23c0-4a31-9eb6-ecc13a8d7735
intrusion-set--222fbd21-fc4f-4b7e-9f85-0e6e3a76c33f,attack-pattern--1c4e5d32-1fe9-4116-9d9d-59e3925bd6a2
intrusion-set--2a158b0a-7ef8-43cb-9985-bf34d1e12050,attack-pattern--2fee9321-3e71-4cf4-af24-d4d40d355b34
intrusion-set--44d37b89-a739-4810-9111-0d2617a8939b,attack-pattern--315f51f0-6b03-4c1e-bfb2-84740afb8e21
intrusion-set--c4d50cdf-87ce-407d-86d8-862883485842,attack-pattern--dfd7cc1d-e1d8-4394-a198-97c4cab8aa67
intrusion-set--7f848c02-4d1e-4808-a4ae-4670681370a9,attack-pattern--be2dcee9-a7a7-4e38-afd6-21b31ecc3d63
intrusion-set--88b7dbc2-32d3-4e31-af2f-3fc24e1582d7,attack-pattern--e3a12395-188d-4051-9a16-ea8e14d07b88
intrusion-set--82323c70-4186-4b61-94f5-b227c3b28e89,attack-pattern--341e222a-a6e3-4f6f-b69c-831d792b1580
intrusion-set--bf668120-e9a6-4017-a014-bfc0f5232656,attack-pattern--3fc9b85a-2862-4363-a64d-d692e3ffbee0
intrusion-set--7113eaa5-ba79-4fb3-b68a-398ee9cd698e,attack-pattern--eb062747-2193-45de-8fa2-e62549c37ddf
intrusion-set--fb366179-766c-4a4a-afa1-52bff1fd601c,attack-pattern--01a5a209-b94c-450b-b7f9-946497d91055
intrusion-set--44d37b89-a739-4810-9111-0d2617a8939b,attack-pattern--bf1b6176-597c-4600-bfcd-ac989670f96b
intrusion-set--18854f55-ac7c-4634-bd9a-352dd07613b7,attack-pattern--c32f7008-9fea-41f7-8366-5eb9b74bd896
intrusion-set--f3be6240-f68e-47e1-90d2-ad8f3b3bb8a6,attack-pattern--32901740-b42c-4fdd-bc02-345b5dc57082
intrusion-set--46bb06cb-f2d9-4b37-8c92-a27e224ad90d,attack-pattern--5bfccc3f-2326-4112-86cc-c1ece9d8a2b5
intrusion-set--174279b4-399f-4ddb-966e-5efedd1dd5f2,attack-pattern--c3d4bdd9-2cfe-4a80-9d0c-07a29ecdce8f
intrusion-set--c21dd6f1-1364-4a70-a1f7-783080ec34ee,attack-pattern--ae676644-d2d2-41b7-af7e-9bed1b55898c
intrusion-set--9b36c218-4d80-4ec6-a68d-cc2886bbe410,attack-pattern--7d77a07d-02fe-4e88-8bd9-e9c008c01bf0
intrusion-set--dc6fe6ee-04c2-49be-ba3d-f38d2463c02a,attack-pattern--2959d63f-73fd-46a1-abd2-109d7dcede32
intrusion-set--269e8108-68c6-4f99-b911-14b2e765dec2,attack-pattern--d4287702-e2f7-4946-bdfa-2c7f5aaa5032
intrusion-set--46599a4a-77ee-4697-9474-2683b6464859,attack-pattern--853c4192-4311-43e1-bfbb-b11b14911852
intrusion-set--2e290bfe-93b5-48ce-97d6-edcd6d32b7cf,attack-pattern--a782ebe2-daba-42c7-bc82-e8e9d923162d
intrusion-set--93f52415-0fe4-4d3d-896c-fc9b8e88ab90,attack-pattern--d1fcf083-a721-4223-aedf-bf8960798d62
intrusion-set--247cb30b-955f-42eb-97a5-a89fef69341e,attack-pattern--671cd17f-a765-48fd-adc4-dad1941b1ae3
intrusion-set--02b16bd6-ae88-417a-8a3f-02c5e166175a,attack-pattern--43e7dc91-05b2-474c-b9ac-2ed4fe101f4d
intrusion-set--8cf6e33b-b6ef-4a1f-a77c-0ecdde93161f,attack-pattern--208884f1-7b83-4473-ac22-4e1cf6c41471
intrusion-set--e6db1e55-b199-4b6b-8633-989345ee45e0,attack-pattern--40f5caa0-4cb7-4117-89fc-d421bb493df3
intrusion-set--f29b7c5e-2439-42ad-a86f-9f8984fafae3,attack-pattern--dfd7cc1d-e1d8-4394-a198-97c4cab8aa67
intrusion-set--7f848c02-4d1e-4808-a4ae-4670681370a9,attack-pattern--40f5caa0-4cb7-4117-89fc-d421bb493df3
intrusion-set--174279b4-399f-4ddb-966e-5efedd1dd5f2,attack-pattern--3c4a2599-71ee-4405-ba1e-0e28414b4bc5
intrusion-set--c5574ca0-d5a4-490a-b207-e4658e5fd1d7,attack-pattern--77eae145-55db-4519-8ae5-77b0c7215d69
intrusion-set--6eded342-33e5-4451-b6b2-e1c62863129f,attack-pattern--7bc57495-ea59-4380-be31-a64af124ef18
intrusion-set--8cf6e33b-b6ef-4a1f-a77c-0ecdde93161f,attack-pattern--edf91964-b26e-4b4a-9600-ccacd7d7df24
intrusion-set--02b16bd6-ae88-417a-8a3f-02c5e166175a,attack-pattern--4f9ca633-15c5-463c-9724-bdcd54fde541
intrusion-set--2e290bfe-93b5-48ce-97d6-edcd6d32b7cf,attack-pattern--005a06c6-14bf-4118-afa0-ebcd8aebb0c9
intrusion-set--82323c70-4186-4b61-94f5-b227c3b28e89,attack-pattern--d63a3fb8-9452-4e9d-a60a-54be68d5998c
intrusion-set--381fcf73-60f6-4ab2-9991-6af3cbc35192,attack-pattern--be055942-6e63-49d7-9fa1-9cb7d8a8f3f4
intrusion-set--56319646-eb6e-41fc-ae53-aadfa7adb924,attack-pattern--3ccef7ae-cb5e-48f6-8302-897105fbf55c
intrusion-set--bef4c620-0787-42a8-a96d-b7eb6e85917c,attack-pattern--692074ae-bb62-4a5e-a735-02cb6bde458c
intrusion-set--2a7914cf-dff3-428d-ab0f-1014d1c28aeb,attack-pattern--c21d5a77-d422-4a69-acd7-2c53c1faa34b
intrusion-set--d1acfbb3-647b-4723-9154-800ec119006e,attack-pattern--1c4e5d32-1fe9-4116-9d9d-59e3925bd6a2
intrusion-set--35d1b3be-49d4-42f1-aaa6-ef159c880bca,attack-pattern--6b57dc31-b814-4a03-8706-28bc20d739c4
intrusion-set--17862c7d-9e60-48a0-b48e-da4dc4c3f6b0,attack-pattern--970a3432-3237-47ad-bcca-7d8cbb217736
intrusion-set--420ac20b-f2b9-42b8-aa1a-6d4b72895ca4,attack-pattern--671cd17f-a765-48fd-adc4-dad1941b1ae3
intrusion-set--4ca1929c-7d64-4aab-b849-badbfc0c760d,attack-pattern--837f9164-50af-4ac0-8219-379d8a74cefc
intrusion-set--6713ab67-e25b-49cc-808d-2b36d4fbc35c,attack-pattern--31225cd3-cd46-4575-b287-c2c14011c074
intrusion-set--e1fc262c-dad2-4b82-abda-5f08dd134971,attack-pattern--fdc47f44-dd32-4b99-af5f-209f556f63c2
intrusion-set--a0cb9370-e39b-44d5-9f50-ef78e412b973,attack-pattern--a62a8db3-f23a-4d8f-afd6-9dbc77e7813b
intrusion-set--461b8e25-8f4a-4ea2-a4a8-e39df7ce6630,attack-pattern--451a9977-d255-43c9-b431-66de80130c8c
intrusion-set--9735c036-8ebe-47e9-9c77-b0ae656dab93,attack-pattern--348f1eef-964b-4eb6-bb53-69b3dcb0c643
intrusion-set--c4d50cdf-87ce-407d-86d8-862883485842,attack-pattern--7bd9c723-2f78-4309-82c5-47cad406572b
intrusion-set--a7f57cc1-4540-4429-823f-f4e56b8473c9,attack-pattern--1c4e5d32-1fe9-4116-9d9d-59e3925bd6a2
intrusion-set--fd66436e-4d33-450e-ac4c-f7810f1c85f4,attack-pattern--3ccef7ae-cb5e-48f6-8302-897105fbf55c
intrusion-set--02b16bd6-ae88-417a-8a3f-02c5e166175a,attack-pattern--c3d4bdd9-2cfe-4a80-9d0c-07a29ecdce8f
intrusion-set--44e43fad-ffcb-4210-abcf-eaaed9735f80,attack-pattern--1c4e5d32-1fe9-4116-9d9d-59e3925bd6a2
intrusion-set--bef4c620-0787-42a8-a96d-b7eb6e85917c,attack-pattern--ef67e13e-5598-4adc-bdb2-998225874fa9
intrusion-set--02b16bd6-ae88-417a-8a3f-02c5e166175a,attack-pattern--9efb1ea7-c37b-4595-9640-b7680cd84279
intrusion-set--93f52415-0fe4-4d3d-896c-fc9b8e88ab90,attack-pattern--e6919abc-99f9-4c6c-95a5-14761e7b2add
intrusion-set--7eda3dd8-b09b-4705-8090-c2ad9fb8c14d,attack-pattern--391d824f-0ef1-47a0-b0ee-c59a75e27670
intrusion-set--8cf6e33b-b6ef-4a1f-a77c-0ecdde93161f,attack-pattern--00f90846-cbd1-4fc5-9233-df5c2bf2a662
intrusion-set--38fd6a28-3353-4f2b-bb2b-459fecd5c648,attack-pattern--df8b2a25-8bdf-4856-953c-a04372b1c161
intrusion-set--cb41e991-65f4-4668-a65f-f4200545b5a1,attack-pattern--b17a1a56-e99c-403c-8948-561df0cffe81
intrusion-set--bef4c620-0787-42a8-a96d-b7eb6e85917c,attack-pattern--10d51417-ee35-4589-b1ff-b6df1c334e8d
intrusion-set--2688b13e-8e71-405a-9c40-0dee94bddf87,attack-pattern--7610cada-1499-41a4-b3dd-46467b68d177
intrusion-set--674582ec-51c4-42ce-b409-797239e37a2a,attack-pattern--deb98323-e13f-4b0c-8d94-175379069062
intrusion-set--0ec2f388-bf0f-4b5c-97b1-fc736d26c25f,attack-pattern--fbd91bfc-75c2-4f0c-8116-3b4e722906b3
intrusion-set--222fbd21-fc4f-4b7e-9f85-0e6e3a76c33f,attack-pattern--53ac20cd-aca3-406e-9aa0-9fc7fdc60a5a
intrusion-set--381fcf73-60f6-4ab2-9991-6af3cbc35192,attack-pattern--f5d8eed6-48a9-4cdf-a3d7-d1ffa99c3d2a
intrusion-set--c5b81590-6814-4d2a-8baa-15c4b6c7f960,attack-pattern--970a3432-3237-47ad-bcca-7d8cbb217736
intrusion-set--f9d6633a-55e6-4adc-9263-6ae080421a13,attack-pattern--00f90846-cbd1-4fc5-9233-df5c2bf2a662
intrusion-set--dd2d9ca6-505b-4860-a604-233685b802c7,attack-pattern--2b742742-28c3-4e1b-bab7-8350d6300fa7
intrusion-set--f8cb7b36-62ef-4488-8a6d-a7033e3271c1,attack-pattern--fbd91bfc-75c2-4f0c-8116-3b4e722906b3
intrusion-set--c5b81590-6814-4d2a-8baa-15c4b6c7f960,attack-pattern--b21c3b2d-02e6-45b1-980b-e69051040839
intrusion-set--4ca1929c-7d64-4aab-b849-badbfc0c760d,attack-pattern--8f4a33ec-8b1f-4b80-a2f6-642b2e479580
intrusion-set--13ef3485-70d2-4567-b934-0e83c1eafcf1,attack-pattern--3dc8c101-d4db-4f4d-8150-1b5a76ca5f1b
intrusion-set--ecbf507f-6786-4121-a4cc-0fd6a8d3a29d,attack-pattern--10d51417-ee35-4589-b1ff-b6df1c334e8d
intrusion-set--9735c036-8ebe-47e9-9c77-b0ae656dab93,attack-pattern--c21d5a77-d422-4a69-acd7-2c53c1faa34b
intrusion-set--d1acfbb3-647b-4723-9154-800ec119006e,attack-pattern--0a3ead4e-6d47-4ccb-854c-a6a4f9d96b22
intrusion-set--01e28736-2ffc-455b-9880-ed4d1407ae07,attack-pattern--e6919abc-99f9-4c6c-95a5-14761e7b2add
intrusion-set--a5cfbc79-316c-42f2-915d-6e8fef4085f8,attack-pattern--88d31120-5bc7-4ce3-a9c0-7cf147be8e54
intrusion-set--18854f55-ac7c-4634-bd9a-352dd07613b7,attack-pattern--7bc57495-ea59-4380-be31-a64af124ef18
intrusion-set--90784c1e-4aba-40eb-9adf-7556235e6384,attack-pattern--a2fdce72-04b2-409a-ac10-cc1695f4fce0
intrusion-set--82323c70-4186-4b61-94f5-b227c3b28e89,attack-pattern--9efb1ea7-c37b-4595-9640-b7680cd84279
intrusion-set--3753cc21-2dae-4dfb-8481-d004e74502cc,attack-pattern--3ee16395-03f0-4690-a32e-69ce9ada0f9e
intrusion-set--17862c7d-9e60-48a0-b48e-da4dc4c3f6b0,attack-pattern--2d3f5b3c-54ca-4f4d-bb1f-849346d31230
intrusion-set--1c63d4ec-0a75-4daa-b1df-0d11af3d3cc1,attack-pattern--a93494bb-4b80-4ea1-8695-3236a49916fd
intrusion-set--f40eb8ce-2a74-4e56-89a1-227021410142,attack-pattern--910906dd-8c0a-475a-9cc1-5e029e2fad58
intrusion-set--00f67a77-86a4-4adf-be26-1a54fc713340,attack-pattern--970a3432-3237-47ad-bcca-7d8cbb217736
intrusion-set--e1fc262c-dad2-4b82-abda-5f08dd134971,attack-pattern--1c4e5d32-1fe9-4116-9d9d-59e3925bd6a2
intrusion-set--44e43fad-ffcb-4210-abcf-eaaed9735f80,attack-pattern--df8b2a25-8bdf-4856-953c-a04372b1c161
intrusion-set--35d1b3be-49d4-42f1-aaa6-ef159c880bca,attack-pattern--40f5caa0-4cb7-4117-89fc-d421bb493df3
intrusion-set--899ce53f-13a0-479b-a0e4-67d46e241542,attack-pattern--e74de37c-a829-446c-937d-56a44f0e9306
intrusion-set--381fcf73-60f6-4ab2-9991-6af3cbc35192,attack-pattern--40f5caa0-4cb7-4117-89fc-d421bb493df3
intrusion-set--f3be6240-f68e-47e1-90d2-ad8f3b3bb8a6,attack-pattern--c32f7008-9fea-41f7-8366-5eb9b74bd896
intrusion-set--2a7914cf-dff3-428d-ab0f-1014d1c28aeb,attack-pattern--b17a1a56-e99c-403c-8948-561df0cffe81
intrusion-set--6b9ebeb5-20bf-48b0-afb7-988d769a2f01,attack-pattern--970a3432-3237-47ad-bcca-7d8cbb217736
intrusion-set--35d1b3be-49d4-42f1-aaa6-ef159c880bca,attack-pattern--55bb4471-ff1f-43b4-88c1-c9384ec47abf
intrusion-set--d13c8a7f-740b-4efa-a232-de7d6bb05321,attack-pattern--2e34237d-8574-43f6-aace-ae2915de8597
intrusion-set--17862c7d-9e60-48a0-b48e-da4dc4c3f6b0,attack-pattern--e6919abc-99f9-4c6c-95a5-14761e7b2add
intrusion-set--bef4c620-0787-42a8-a96d-b7eb6e85917c,attack-pattern--be055942-6e63-49d7-9fa1-9cb7d8a8f3f4
intrusion-set--39d6890e-7f23-4474-b8ef-e7b0343c5fc8,attack-pattern--c2e147a9-d1a8-4074-811a-d8789202d916
intrusion-set--c4d50cdf-87ce-407d-86d8-862883485842,attack-pattern--cbb66055-0325-4111-aca0-40547b6ad5b0
intrusion-set--7b404cd0-3ae9-41d4-90c0-023793d35d97,attack-pattern--60b508a1-6a5e-46b1-821a-9f7b78752abf
intrusion-set--8cf6e33b-b6ef-4a1f-a77c-0ecdde93161f,attack-pattern--dc31fe1e-d722-49da-8f5f-92c7b5aff534
intrusion-set--0bbdf25b-30ff-4894-a1cd-49260d0dd2d9,attack-pattern--8f4a33ec-8b1f-4b80-a2f6-642b2e479580
intrusion-set--c93fccb1-e8e8-42cf-ae33-2ad1d183913a,attack-pattern--2fee9321-3e71-4cf4-af24-d4d40d355b34
intrusion-set--46bb06cb-f2d9-4b37-8c92-a27e224ad90d,attack-pattern--bbde9781-60aa-4b8a-a911-895b0c1b3872
intrusion-set--4ca1929c-7d64-4aab-b849-badbfc0c760d,attack-pattern--58a3e6aa-4453-4cc8-a51f-4befe80b31a8
intrusion-set--c21dd6f1-1364-4a70-a1f7-783080ec34ee,attack-pattern--b17a1a56-e99c-403c-8948-561df0cffe81
intrusion-set--c5947e1c-1cbc-434c-94b8-27c7e3be0fff,attack-pattern--7bc57495-ea59-4380-be31-a64af124ef18
intrusion-set--c4d50cdf-87ce-407d-86d8-862883485842,attack-pattern--b18eae87-b469-4e14-b454-b171b416bc18
intrusion-set--174279b4-399f-4ddb-966e-5efedd1dd5f2,attack-pattern--0c8ab3eb-df48-4b9c-ace7-beacaac81cc5
intrusion-set--fb366179-766c-4a4a-afa1-52bff1fd601c,attack-pattern--df8b2a25-8bdf-4856-953c-a04372b1c161
intrusion-set--0ec2f388-bf0f-4b5c-97b1-fc736d26c25f,attack-pattern--005a06c6-14bf-4118-afa0-ebcd8aebb0c9
intrusion-set--54dfec3e-6464-4f74-9d69-b7c817b7e5a3,attack-pattern--d1fcf083-a721-4223-aedf-bf8960798d62
intrusion-set--7113eaa5-ba79-4fb3-b68a-398ee9cd698e,attack-pattern--149b477f-f364-4824-b1b5-aa1d56115869
intrusion-set--129f2f77-1ab2-4c35-bd5e-21260cee92af,attack-pattern--3ee16395-03f0-4690-a32e-69ce9ada0f9e
intrusion-set--e1fc262c-dad2-4b82-abda-5f08dd134971,attack-pattern--4f9ca633-15c5-463c-9724-bdcd54fde541
intrusion-set--1c63d4ec-0a75-4daa-b1df-0d11af3d3cc1,attack-pattern--eb062747-2193-45de-8fa2-e62549c37ddf
intrusion-set--0ec2f388-bf0f-4b5c-97b1-fc736d26c25f,attack-pattern--03d7999c-1f4c-42cc-8373-e7690d318104
intrusion-set--1c63d4ec-0a75-4daa-b1df-0d11af3d3cc1,attack-pattern--b77cf5f3-6060-475d-bd60-40ccbf28fdc2
intrusion-set--247cb30b-955f-42eb-97a5-a89fef69341e,attack-pattern--7e150503-88e7-4861-866b-ff1ac82c4475
intrusion-set--247cb30b-955f-42eb-97a5-a89fef69341e,attack-pattern--cbb66055-0325-4111-aca0-40547b6ad5b0
intrusion-set--247cb30b-955f-42eb-97a5-a89fef69341e,attack-pattern--0d91b3c0-5e50-47c3-949a-2a796f04d144
intrusion-set--0ec2f388-bf0f-4b5c-97b1-fc736d26c25f,attack-pattern--49fca0d2-685d-41eb-8bd4-05451cc3a742
intrusion-set--14225573-63b5-4e50-ba9a-5fdcaf6a7b4c,attack-pattern--a62a8db3-f23a-4d8f-afd6-9dbc77e7813b
intrusion-set--0ec2f388-bf0f-4b5c-97b1-fc736d26c25f,attack-pattern--1c4e5d32-1fe9-4116-9d9d-59e3925bd6a2
intrusion-set--44d37b89-a739-4810-9111-0d2617a8939b,attack-pattern--6a5d222a-a7e0-4656-b110-782c33098289
intrusion-set--44d37b89-a739-4810-9111-0d2617a8939b,attack-pattern--7dd95ff6-712e-4056-9626-312ea4ab4c5e
intrusion-set--bef4c620-0787-42a8-a96d-b7eb6e85917c,attack-pattern--f7c0689c-4dbd-489b-81be-7cb7c7079ade
intrusion-set--8cf6e33b-b6ef-4a1f-a77c-0ecdde93161f,attack-pattern--3731fbcd-0e43-47ae-ae6c-d15e510f0d42
intrusion-set--420ac20b-f2b9-42b8-aa1a-6d4b72895ca4,attack-pattern--47f2d673-ca62-47e9-929b-1b0be9657611
intrusion-set--ebd7ce77-c9ba-4fba-bb28-58296ac66559,attack-pattern--4fe28b27-b13c-453e-a386-c2ef362a573b
intrusion-set--13ef3485-70d2-4567-b934-0e83c1eafcf1,attack-pattern--ef67e13e-5598-4adc-bdb2-998225874fa9
intrusion-set--fb366179-766c-4a4a-afa1-52bff1fd601c,attack-pattern--a750a9f6-0bde-4bb3-9aae-1e2786e9780c
intrusion-set--918da025-04bd-48af-b6c4-f3e4d1b915eb,attack-pattern--ff73aa03-0090-4464-83ac-f89e233c02bc
intrusion-set--247cb30b-955f-42eb-97a5-a89fef69341e,attack-pattern--09a60ea3-a8d1-4ae5-976e-5783248b72a4
intrusion-set--02b16bd6-ae88-417a-8a3f-02c5e166175a,attack-pattern--853c4192-4311-43e1-bfbb-b11b14911852
intrusion-set--2688b13e-8e71-405a-9c40-0dee94bddf87,attack-pattern--df8b2a25-8bdf-4856-953c-a04372b1c161
intrusion-set--82323c70-4186-4b61-94f5-b227c3b28e89,attack-pattern--58a3e6aa-4453-4cc8-a51f-4befe80b31a8
intrusion-set--247cb30b-955f-42eb-97a5-a89fef69341e,attack-pattern--69f897fd-12a9-4c89-ad6a-46d2f3c38262
intrusion-set--6713ab67-e25b-49cc-808d-2b36d4fbc35c,attack-pattern--9efb1ea7-c37b-4595-9640-b7680cd84279
intrusion-set--bef4c620-0787-42a8-a96d-b7eb6e85917c,attack-pattern--75b9a4d2-d4e2-4ca1-9aab-1badd9e05fd0
intrusion-set--cc613a49-9bfa-4e22-98d1-15ffbb03f034,attack-pattern--60c4b628-4807-4b0b-bbf5-fdac8643c337
intrusion-set--c21dd6f1-1364-4a70-a1f7-783080ec34ee,attack-pattern--e3a12395-188d-4051-9a16-ea8e14d07b88
intrusion-set--2e290bfe-93b5-48ce-97d6-edcd6d32b7cf,attack-pattern--b3d682b6-98f2-4fb0-aa3b-b4df007ca70a
intrusion-set--3ea7add5-5b8f-45d8-b1f1-905d2729d62a,attack-pattern--970a3432-3237-47ad-bcca-7d8cbb217736
intrusion-set--e5603ea8-4c36-40e7-b7af-a077d24fedc1,attack-pattern--2e34237d-8574-43f6-aace-ae2915de8597
intrusion-set--8cf6e33b-b6ef-4a1f-a77c-0ecdde93161f,attack-pattern--01a5a209-b94c-450b-b7f9-946497d91055
intrusion-set--3753cc21-2dae-4dfb-8481-d004e74502cc,attack-pattern--f24faf46-3b26-4dbb-98f2-63460498e433
intrusion-set--c1aab4c9-4c34-4f4f-8541-d529e46a07f9,attack-pattern--1c4e5d32-1fe9-4116-9d9d-59e3925bd6a2
intrusion-set--8c1f0187-0826-4320-bddc-5f326cfcfe2c,attack-pattern--bc76d0a4-db11-4551-9ac4-01a469cfb161
intrusion-set--4283ae19-69c7-4347-a35e-b56f08eb660b,attack-pattern--e6919abc-99f9-4c6c-95a5-14761e7b2add
intrusion-set--c0291346-defe-48d7-9542-9e074ba1bdfb,attack-pattern--01a5a209-b94c-450b-b7f9-946497d91055
intrusion-set--d8bc9788-4f7d-41a9-9e9d-ee1ea18a8cf7,attack-pattern--315f51f0-6b03-4c1e-bfb2-84740afb8e21
intrusion-set--44d37b89-a739-4810-9111-0d2617a8939b,attack-pattern--f232fa7a-025c-4d43-abc7-318e81a73d65
intrusion-set--a7f57cc1-4540-4429-823f-f4e56b8473c9,attack-pattern--837f9164-50af-4ac0-8219-379d8a74cefc
intrusion-set--7b404cd0-3ae9-41d4-90c0-023793d35d97,attack-pattern--7bdca9d5-d500-4d7d-8c52-5fd47baf4c0c
intrusion-set--ecbf507f-6786-4121-a4cc-0fd6a8d3a29d,attack-pattern--a2fdce72-04b2-409a-ac10-cc1695f4fce0
intrusion-set--174279b4-399f-4ddb-966e-5efedd1dd5f2,attack-pattern--c32f7008-9fea-41f7-8366-5eb9b74bd896
intrusion-set--6a2e693f-24e5-451a-9f88-b36a108e5662,attack-pattern--2e34237d-8574-43f6-aace-ae2915de8597
intrusion-set--64b52e7d-b2c4-4a02-9372-08a463f5dc11,attack-pattern--045d0922-2310-4e60-b5e4-3302302cb3c5
intrusion-set--2688b13e-8e71-405a-9c40-0dee94bddf87,attack-pattern--e358d692-23c0-4a31-9eb6-ecc13a8d7735
intrusion-set--2a7914cf-dff3-428d-ab0f-1014d1c28aeb,attack-pattern--bf176076-b789-408e-8cba-7275e81c0ada
intrusion-set--c93fccb1-e8e8-42cf-ae33-2ad1d183913a,attack-pattern--291ede6c-1473-454c-b614-5ac5ea63c987
intrusion-set--44102191-3a31-45f8-acbe-34bdb441d5ad,attack-pattern--60b508a1-6a5e-46b1-821a-9f7b78752abf
intrusion-set--0ec2f388-bf0f-4b5c-97b1-fc736d26c25f,attack-pattern--d467bc38-284b-4a00-96ac-125f447799fc
intrusion-set--64b52e7d-b2c4-4a02-9372-08a463f5dc11,attack-pattern--75b9a4d2-d4e2-4ca1-9aab-1badd9e05fd0
intrusion-set--75a07184-a7e5-4222-95a1-a04dbc96a29c,attack-pattern--ef67e13e-5598-4adc-bdb2-998225874fa9
intrusion-set--222fbd21-fc4f-4b7e-9f85-0e6e3a76c33f,attack-pattern--d1fcf083-a721-4223-aedf-bf8960798d62
intrusion-set--44102191-3a31-45f8-acbe-34bdb441d5ad,attack-pattern--d63a3fb8-9452-4e9d-a60a-54be68d5998c
intrusion-set--6eded342-33e5-4451-b6b2-e1c62863129f,attack-pattern--9efb1ea7-c37b-4595-9640-b7680cd84279
intrusion-set--00f67a77-86a4-4adf-be26-1a54fc713340,attack-pattern--2acf44aa-542f-4366-b4eb-55ef5747759c
intrusion-set--c77c5576-ca19-42ed-a36f-4b4486a84133,attack-pattern--970a3432-3237-47ad-bcca-7d8cbb217736
intrusion-set--cc613a49-9bfa-4e22-98d1-15ffbb03f034,attack-pattern--7e150503-88e7-4861-866b-ff1ac82c4475
intrusion-set--64b52e7d-b2c4-4a02-9372-08a463f5dc11,attack-pattern--c3d4bdd9-2cfe-4a80-9d0c-07a29ecdce8f
intrusion-set--dd2d9ca6-505b-4860-a604-233685b802c7,attack-pattern--e358d692-23c0-4a31-9eb6-ecc13a8d7735
intrusion-set--ebd7ce77-c9ba-4fba-bb28-58296ac66559,attack-pattern--212306d8-efa4-44c9-8c2d-ed3d2e224aa0
intrusion-set--94873029-f950-4268-9cfd-5032e15cb182,attack-pattern--840a987a-99bd-4a80-a5c9-0cb2baa6cade
intrusion-set--3753cc21-2dae-4dfb-8481-d004e74502cc,attack-pattern--f2877f7f-9a4c-4251-879f-1224e3006bee
intrusion-set--0bbdf25b-30ff-4894-a1cd-49260d0dd2d9,attack-pattern--c21d5a77-d422-4a69-acd7-2c53c1faa34b
intrusion-set--0ec2f388-bf0f-4b5c-97b1-fc736d26c25f,attack-pattern--6e561441-8431-4773-a9b8-ccf28ef6a968
intrusion-set--7ecc3b4f-5cdb-457e-b55a-df376b359446,attack-pattern--1c4e5d32-1fe9-4116-9d9d-59e3925bd6a2
intrusion-set--fd66436e-4d33-450e-ac4c-f7810f1c85f4,attack-pattern--f4c1826f-a322-41cd-9557-562100848c84
intrusion-set--56319646-eb6e-41fc-ae53-aadfa7adb924,attack-pattern--7e150503-88e7-4861-866b-ff1ac82c4475
intrusion-set--fb366179-766c-4a4a-afa1-52bff1fd601c,attack-pattern--60d0c01d-e2bf-49dd-a453-f8a9c9fa6f65
intrusion-set--c21dd6f1-1364-4a70-a1f7-783080ec34ee,attack-pattern--70e52b04-2a0c-4cea-9d18-7149f1df9dc5
intrusion-set--381fcf73-60f6-4ab2-9991-6af3cbc35192,attack-pattern--3ccef7ae-cb5e-48f6-8302-897105fbf55c
intrusion-set--899ce53f-13a0-479b-a0e4-67d46e241542,attack-pattern--fdc47f44-dd32-4b99-af5f-209f556f63c2
intrusion-set--269e8108-68c6-4f99-b911-14b2e765dec2,attack-pattern--92d7da27-2d91-488e-a00c-059dc162766d
intrusion-set--00f67a77-86a4-4adf-be26-1a54fc713340,attack-pattern--2e34237d-8574-43f6-aace-ae2915de8597
intrusion-set--247cb30b-955f-42eb-97a5-a89fef69341e,attack-pattern--b97f1d35-4249-4486-a6b5-ee60ccf24fab
intrusion-set--2e290bfe-93b5-48ce-97d6-edcd6d32b7cf,attack-pattern--8f4a33ec-8b1f-4b80-a2f6-642b2e479580
intrusion-set--918da025-04bd-48af-b6c4-f3e4d1b915eb,attack-pattern--cba37adb-d6fb-4610-b069-dd04c0643384
intrusion-set--222fbd21-fc4f-4b7e-9f85-0e6e3a76c33f,attack-pattern--3c4a2599-71ee-4405-ba1e-0e28414b4bc5
intrusion-set--247cb30b-955f-42eb-97a5-a89fef69341e,attack-pattern--b21c3b2d-02e6-45b1-980b-e69051040839
intrusion-set--4ca1929c-7d64-4aab-b849-badbfc0c760d,attack-pattern--707399d6-ab3e-4963-9315-d9d3818cd6a0
intrusion-set--fbd29c89-18ba-4c2d-b792-51c0adee049f,attack-pattern--24bfaeba-cb0d-4525-b3dc-507c77ecec41
intrusion-set--cb41e991-65f4-4668-a65f-f4200545b5a1,attack-pattern--e6919abc-99f9-4c6c-95a5-14761e7b2add
intrusion-set--c1aab4c9-4c34-4f4f-8541-d529e46a07f9,attack-pattern--3aef9463-9a7a-43ba-8957-a867e07c1e6a
intrusion-set--6a2e693f-24e5-451a-9f88-b36a108e5662,attack-pattern--3489cfc5-640f-4bb3-a103-9137b97de79f
intrusion-set--44d37b89-a739-4810-9111-0d2617a8939b,attack-pattern--438c967d-3996-4870-bfc2-3954752a1927
intrusion-set--0d4ac089-ced4-4cc4-a989-174d08e6d030,attack-pattern--354a7f88-63fb-41b5-a801-ce3b377b36f1
intrusion-set--fd19bd82-1b14-49a1-a176-6cdc46b8a826,attack-pattern--d1fcf083-a721-4223-aedf-bf8960798d62
intrusion-set--75a07184-a7e5-4222-95a1-a04dbc96a29c,attack-pattern--7bc57495-ea59-4380-be31-a64af124ef18
intrusion-set--5636b7b3-d99b-4edd-aa05-ee649c1d4ef1,attack-pattern--4f9ca633-15c5-463c-9724-bdcd54fde541
intrusion-set--7a19ecb1-3c65-4de3-a230-993516aed6a6,attack-pattern--132d5b37-aac5-4378-a8dc-3127b18a73dc
intrusion-set--174279b4-399f-4ddb-966e-5efedd1dd5f2,attack-pattern--5282dd9a-d26d-4e16-88b7-7c0f4553daf4
intrusion-set--2a7914cf-dff3-428d-ab0f-1014d1c28aeb,attack-pattern--65f2d882-3f41-4d48-8a06-29af77ec9f90
intrusion-set--18854f55-ac7c-4634-bd9a-352dd07613b7,attack-pattern--43e7dc91-05b2-474c-b9ac-2ed4fe101f4d
intrusion-set--fbd29c89-18ba-4c2d-b792-51c0adee049f,attack-pattern--dfd7cc1d-e1d8-4394-a198-97c4cab8aa67
intrusion-set--64b52e7d-b2c4-4a02-9372-08a463f5dc11,attack-pattern--00f90846-cbd1-4fc5-9233-df5c2bf2a662
intrusion-set--7a19ecb1-3c65-4de3-a230-993516aed6a6,attack-pattern--830c9528-df21-472c-8c14-a036bf17d665
intrusion-set--cc613a49-9bfa-4e22-98d1-15ffbb03f034,attack-pattern--5502c4e9-24ef-4d5f-8ee9-9e906c2f82c4
intrusion-set--467271fd-47c0-4e90-a3f9-d84f5cf790d0,attack-pattern--88d31120-5bc7-4ce3-a9c0-7cf147be8e54
intrusion-set--222fbd21-fc4f-4b7e-9f85-0e6e3a76c33f,attack-pattern--970a3432-3237-47ad-bcca-7d8cbb217736
intrusion-set--c0291346-defe-48d7-9542-9e074ba1bdfb,attack-pattern--10ffac09-e42d-4f56-ab20-db94c67d76ff
intrusion-set--a0cb9370-e39b-44d5-9f50-ef78e412b973,attack-pattern--3f886f2a-874f-4333-b794-aa6075009b1c
intrusion-set--0ec2f388-bf0f-4b5c-97b1-fc736d26c25f,attack-pattern--11f29a39-0942-4d62-92b6-fe236cf3066e
intrusion-set--247cb30b-955f-42eb-97a5-a89fef69341e,attack-pattern--b1ccd744-3f78-4a0e-9bb2-2002057f7928
intrusion-set--420ac20b-f2b9-42b8-aa1a-6d4b72895ca4,attack-pattern--232b7f21-adf9-4b42-b936-b9d6f7df856e
intrusion-set--06a11b7e-2a36-47fe-8d3e-82c265df3258,attack-pattern--e6919abc-99f9-4c6c-95a5-14761e7b2add
intrusion-set--03506554-5f37-4f8f-9ce4-0e9f01a1b484,attack-pattern--be2dcee9-a7a7-4e38-afd6-21b31ecc3d63
intrusion-set--cc613a49-9bfa-4e22-98d1-15ffbb03f034,attack-pattern--707399d6-ab3e-4963-9315-d9d3818cd6a0
intrusion-set--1c63d4ec-0a75-4daa-b1df-0d11af3d3cc1,attack-pattern--03d7999c-1f4c-42cc-8373-e7690d318104
intrusion-set--5f3d0238-d058-44a9-8812-3dd1b6741a8c,attack-pattern--b17a1a56-e99c-403c-8948-561df0cffe81
intrusion-set--fbd29c89-18ba-4c2d-b792-51c0adee049f,attack-pattern--04fd5427-79c7-44ea-ae13-11b24778ff1c
intrusion-set--894aab42-3371-47b1-8859-a4a074c804c8,attack-pattern--92d7da27-2d91-488e-a00c-059dc162766d
intrusion-set--1c63d4ec-0a75-4daa-b1df-0d11af3d3cc1,attack-pattern--1c34f7aa-9341-4a48-bfab-af22e51aca6c
intrusion-set--2e290bfe-93b5-48ce-97d6-edcd6d32b7cf,attack-pattern--d511a6f6-4a33-41d5-bc95-c343875d1377
intrusion-set--dd2d9ca6-505b-4860-a604-233685b802c7,attack-pattern--3c4a2599-71ee-4405-ba1e-0e28414b4bc5
intrusion-set--1c3dcf91-b859-4aae-a09c-ae26dc8b6390,attack-pattern--a2fdce72-04b2-409a-ac10-cc1695f4fce0
intrusion-set--9e729a7e-0dd6-4097-95bf-db8d64911383,attack-pattern--be2dcee9-a7a7-4e38-afd6-21b31ecc3d63
intrusion-set--02b16bd6-ae88-417a-8a3f-02c5e166175a,attack-pattern--b80d107d-fa0d-4b60-9684-b0433e8bdba0
intrusion-set--247cb30b-955f-42eb-97a5-a89fef69341e,attack-pattern--2c4d4e92-0ccf-4a97-b54c-86d662988a53
intrusion-set--f3be6240-f68e-47e1-90d2-ad8f3b3bb8a6,attack-pattern--d742a578-d70e-4d0e-96a6-02a9c30204e6
intrusion-set--be8847e0-9512-45db-895e-f871ab6d3820,attack-pattern--851e071f-208d-4c79-adc6-5974c85c78f3
intrusion-set--247cb30b-955f-42eb-97a5-a89fef69341e,attack-pattern--be2dcee9-a7a7-4e38-afd6-21b31ecc3d63
intrusion-set--d1acfbb3-647b-4723-9154-800ec119006e,attack-pattern--354a7f88-63fb-41b5-a801-ce3b377b36f1
intrusion-set--4e868dad-682d-4897-b8df-2dc98f46c68a,attack-pattern--7bc57495-ea59-4380-be31-a64af124ef18
intrusion-set--dd2d9ca6-505b-4860-a604-233685b802c7,attack-pattern--354a7f88-63fb-41b5-a801-ce3b377b36f1
intrusion-set--85403903-15e0-4f9f-9be4-a259ecad4022,attack-pattern--b17a1a56-e99c-403c-8948-561df0cffe81
intrusion-set--7a19ecb1-3c65-4de3-a230-993516aed6a6,attack-pattern--354a7f88-63fb-41b5-a801-ce3b377b36f1
intrusion-set--46599a4a-77ee-4697-9474-2683b6464859,attack-pattern--b1ccd744-3f78-4a0e-9bb2-2002057f7928
intrusion-set--00f67a77-86a4-4adf-be26-1a54fc713340,attack-pattern--365be77f-fc0e-42ee-bac8-4faf806d9336
intrusion-set--01e28736-2ffc-455b-9880-ed4d1407ae07,attack-pattern--20fb2507-d71c-455d-9b6d-6104461cf26b
intrusion-set--a7f57cc1-4540-4429-823f-f4e56b8473c9,attack-pattern--65f2d882-3f41-4d48-8a06-29af77ec9f90
intrusion-set--8cf6e33b-b6ef-4a1f-a77c-0ecdde93161f,attack-pattern--1e9eb839-294b-48cc-b0d3-c45555a2a004
intrusion-set--75a07184-a7e5-4222-95a1-a04dbc96a29c,attack-pattern--1e9eb839-294b-48cc-b0d3-c45555a2a004
intrusion-set--7ecc3b4f-5cdb-457e-b55a-df376b359446,attack-pattern--970a3432-3237-47ad-bcca-7d8cbb217736
intrusion-set--174279b4-399f-4ddb-966e-5efedd1dd5f2,attack-pattern--a2fdce72-04b2-409a-ac10-cc1695f4fce0
intrusion-set--d8bc9788-4f7d-41a9-9e9d-ee1ea18a8cf7,attack-pattern--9fa07bef-9c81-421e-a8e5-ad4366c5a925
intrusion-set--894aab42-3371-47b1-8859-a4a074c804c8,attack-pattern--970a3432-3237-47ad-bcca-7d8cbb217736
intrusion-set--56a05d27-4d47-418a-b330-781c5614f202,attack-pattern--5d0d3609-d06d-49e1-b9c9-b544e0c618cb
intrusion-set--44e43fad-ffcb-4210-abcf-eaaed9735f80,attack-pattern--f6dacc85-b37d-458e-b58d-74fc4bbf5755
intrusion-set--4ca1929c-7d64-4aab-b849-badbfc0c760d,attack-pattern--be2dcee9-a7a7-4e38-afd6-21b31ecc3d63
intrusion-set--d13c8a7f-740b-4efa-a232-de7d6bb05321,attack-pattern--1c4e5d32-1fe9-4116-9d9d-59e3925bd6a2
intrusion-set--918da025-04bd-48af-b6c4-f3e4d1b915eb,attack-pattern--707399d6-ab3e-4963-9315-d9d3818cd6a0
intrusion-set--4ca1929c-7d64-4aab-b849-badbfc0c760d,attack-pattern--c32f7008-9fea-41f7-8366-5eb9b74bd896
intrusion-set--7113eaa5-ba79-4fb3-b68a-398ee9cd698e,attack-pattern--fbd91bfc-75c2-4f0c-8116-3b4e722906b3
intrusion-set--222fbd21-fc4f-4b7e-9f85-0e6e3a76c33f,attack-pattern--9db0cf3a-a3c9-4012-8268-123b9db6fd82
intrusion-set--ebd7ce77-c9ba-4fba-bb28-58296ac66559,attack-pattern--65013dd2-bc61-43e3-afb5-a14c4fa7437a
intrusion-set--7b404cd0-3ae9-41d4-90c0-023793d35d97,attack-pattern--2dbbdcd5-92cf-44c0-aea2-fe24783a6bc3
intrusion-set--38fd6a28-3353-4f2b-bb2b-459fecd5c648,attack-pattern--7bc57495-ea59-4380-be31-a64af124ef18
intrusion-set--6b9ebeb5-20bf-48b0-afb7-988d769a2f01,attack-pattern--2e34237d-8574-43f6-aace-ae2915de8597
intrusion-set--13ef3485-70d2-4567-b934-0e83c1eafcf1,attack-pattern--2b742742-28c3-4e1b-bab7-8350d6300fa7
intrusion-set--174279b4-399f-4ddb-966e-5efedd1dd5f2,attack-pattern--ec4be82f-940c-4dcb-87fe-2bbdd17c692f
intrusion-set--8cf6e33b-b6ef-4a1f-a77c-0ecdde93161f,attack-pattern--0d91b3c0-5e50-47c3-949a-2a796f04d144
intrusion-set--17862c7d-9e60-48a0-b48e-da4dc4c3f6b0,attack-pattern--2b742742-28c3-4e1b-bab7-8350d6300fa7
intrusion-set--56319646-eb6e-41fc-ae53-aadfa7adb924,attack-pattern--c2e147a9-d1a8-4074-811a-d8789202d916
intrusion-set--894aab42-3371-47b1-8859-a4a074c804c8,attack-pattern--005a06c6-14bf-4118-afa0-ebcd8aebb0c9
intrusion-set--7113eaa5-ba79-4fb3-b68a-398ee9cd698e,attack-pattern--53ac20cd-aca3-406e-9aa0-9fc7fdc60a5a
intrusion-set--a7f57cc1-4540-4429-823f-f4e56b8473c9,attack-pattern--01a5a209-b94c-450b-b7f9-946497d91055
intrusion-set--6b9ebeb5-20bf-48b0-afb7-988d769a2f01,attack-pattern--dc31fe1e-d722-49da-8f5f-92c7b5aff534
intrusion-set--bfc5ddb3-4dfb-4278-8928-020e1b3feddd,attack-pattern--e6919abc-99f9-4c6c-95a5-14761e7b2add
intrusion-set--bf668120-e9a6-4017-a014-bfc0f5232656,attack-pattern--3ccef7ae-cb5e-48f6-8302-897105fbf55c
intrusion-set--6688d679-ccdb-4f12-abf6-c7545dd767a4,attack-pattern--2e34237d-8574-43f6-aace-ae2915de8597
intrusion-set--02b16bd6-ae88-417a-8a3f-02c5e166175a,attack-pattern--cba37adb-d6fb-4610-b069-dd04c0643384
intrusion-set--7eda3dd8-b09b-4705-8090-c2ad9fb8c14d,attack-pattern--2b742742-28c3-4e1b-bab7-8350d6300fa7
intrusion-set--8c1f0187-0826-4320-bddc-5f326cfcfe2c,attack-pattern--01a5a209-b94c-450b-b7f9-946497d91055
intrusion-set--7a19ecb1-3c65-4de3-a230-993516aed6a6,attack-pattern--39cc9f64-cf74-4a48-a4d8-fe98c54a02e0
intrusion-set--c93fccb1-e8e8-42cf-ae33-2ad1d183913a,attack-pattern--2959d63f-73fd-46a1-abd2-109d7dcede32
intrusion-set--38fd6a28-3353-4f2b-bb2b-459fecd5c648,attack-pattern--d1fcf083-a721-4223-aedf-bf8960798d62
intrusion-set--7b404cd0-3ae9-41d4-90c0-023793d35d97,attack-pattern--21875073-b0ee-49e3-9077-1e2a885359af
intrusion-set--c21dd6f1-1364-4a70-a1f7-783080ec34ee,attack-pattern--b1ccd744-3f78-4a0e-9bb2-2002057f7928
intrusion-set--38fd6a28-3353-4f2b-bb2b-459fecd5c648,attack-pattern--9efb1ea7-c37b-4595-9640-b7680cd84279
intrusion-set--abc5a1d4-f0dc-49d1-88a1-4a80e478bb03,attack-pattern--2b742742-28c3-4e1b-bab7-8350d6300fa7
intrusion-set--16ade1aa-0ea1-4bb7-88cc-9079df2ae756,attack-pattern--be2dcee9-a7a7-4e38-afd6-21b31ecc3d63
intrusion-set--ebd7ce77-c9ba-4fba-bb28-58296ac66559,attack-pattern--df8b2a25-8bdf-4856-953c-a04372b1c161
intrusion-set--fd19bd82-1b14-49a1-a176-6cdc46b8a826,attack-pattern--bf176076-b789-408e-8cba-7275e81c0ada
intrusion-set--fb366179-766c-4a4a-afa1-52bff1fd601c,attack-pattern--2fee9321-3e71-4cf4-af24-d4d40d355b34
intrusion-set--461b8e25-8f4a-4ea2-a4a8-e39df7ce6630,attack-pattern--2db31dcd-54da-405d-acef-b9129b816ed6
intrusion-set--2688b13e-8e71-405a-9c40-0dee94bddf87,attack-pattern--f005e783-57d4-4837-88ad-dbe7faee1c51
intrusion-set--9735c036-8ebe-47e9-9c77-b0ae656dab93,attack-pattern--2fee9321-3e71-4cf4-af24-d4d40d355b34
intrusion-set--46bb06cb-f2d9-4b37-8c92-a27e224ad90d,attack-pattern--4061e78c-1284-44b4-9116-73e4ac3912f7
intrusion-set--c21dd6f1-1364-4a70-a1f7-783080ec34ee,attack-pattern--1c4e5d32-1fe9-4116-9d9d-59e3925bd6a2
intrusion-set--94873029-f950-4268-9cfd-5032e15cb182,attack-pattern--d1fcf083-a721-4223-aedf-bf8960798d62
intrusion-set--174279b4-399f-4ddb-966e-5efedd1dd5f2,attack-pattern--21875073-b0ee-49e3-9077-1e2a885359af
intrusion-set--f9d6633a-55e6-4adc-9263-6ae080421a13,attack-pattern--b1ccd744-3f78-4a0e-9bb2-2002057f7928
intrusion-set--01e28736-2ffc-455b-9880-ed4d1407ae07,attack-pattern--c32f7008-9fea-41f7-8366-5eb9b74bd896
intrusion-set--02b16bd6-ae88-417a-8a3f-02c5e166175a,attack-pattern--4061e78c-1284-44b4-9116-73e4ac3912f7
intrusion-set--bef4c620-0787-42a8-a96d-b7eb6e85917c,attack-pattern--fe926152-f431-4baf-956c-4ad3cb0bf23b
intrusion-set--df71bb3b-813c-45eb-a8bc-f2a419837411,attack-pattern--232b7f21-adf9-4b42-b936-b9d6f7df856e
intrusion-set--0bbdf25b-30ff-4894-a1cd-49260d0dd2d9,attack-pattern--15dbf668-795c-41e6-8219-f0447c0e64ce
intrusion-set--ebd7ce77-c9ba-4fba-bb28-58296ac66559,attack-pattern--9fa07bef-9c81-421e-a8e5-ad4366c5a925
intrusion-set--0ec2f388-bf0f-4b5c-97b1-fc736d26c25f,attack-pattern--b200542e-e877-4395-875b-cf1a44537ca4
intrusion-set--2688b13e-8e71-405a-9c40-0dee94bddf87,attack-pattern--75b9a4d2-d4e2-4ca1-9aab-1badd9e05fd0
intrusion-set--82323c70-4186-4b61-94f5-b227c3b28e89,attack-pattern--cc3502b5-30cc-4473-ad48-42d51a6ef6d1
intrusion-set--7b404cd0-3ae9-41d4-90c0-023793d35d97,attack-pattern--045d0922-2310-4e60-b5e4-3302302cb3c5
intrusion-set--76565741-3452-4069-ab08-80c0ea95bbeb,attack-pattern--851e071f-208d-4c79-adc6-5974c85c78f3
intrusion-set--c0291346-defe-48d7-9542-9e074ba1bdfb,attack-pattern--3ee16395-03f0-4690-a32e-69ce9ada0f9e
intrusion-set--cc613a49-9bfa-4e22-98d1-15ffbb03f034,attack-pattern--7807d3a4-a885-4639-a786-c1ed41484970
intrusion-set--f9d6633a-55e6-4adc-9263-6ae080421a13,attack-pattern--cbb66055-0325-4111-aca0-40547b6ad5b0
intrusion-set--7b404cd0-3ae9-41d4-90c0-023793d35d97,attack-pattern--1cec9319-743b-4840-bb65-431547bce82a
intrusion-set--899ce53f-13a0-479b-a0e4-67d46e241542,attack-pattern--70e52b04-2a0c-4cea-9d18-7149f1df9dc5
intrusion-set--4a2ce82e-1a74-468a-a6fb-bbead541383c,attack-pattern--1035cdf2-3e5f-446f-a7a7-e8f6d7925967
intrusion-set--420ac20b-f2b9-42b8-aa1a-6d4b72895ca4,attack-pattern--4fe28b27-b13c-453e-a386-c2ef362a573b
intrusion-set--7f848c02-4d1e-4808-a4ae-4670681370a9,attack-pattern--005a06c6-14bf-4118-afa0-ebcd8aebb0c9
intrusion-set--0ec2f388-bf0f-4b5c-97b1-fc736d26c25f,attack-pattern--e7cbc1de-1f79-48ee-abfd-da1241c65a15
intrusion-set--fe8796a4-2a02-41a0-9d27-7aa1e995feb6,attack-pattern--a2fdce72-04b2-409a-ac10-cc1695f4fce0
intrusion-set--fbd29c89-18ba-4c2d-b792-51c0adee049f,attack-pattern--b18eae87-b469-4e14-b454-b171b416bc18
intrusion-set--c93fccb1-e8e8-42cf-ae33-2ad1d183913a,attack-pattern--4f9ca633-15c5-463c-9724-bdcd54fde541
intrusion-set--c5947e1c-1cbc-434c-94b8-27c7e3be0fff,attack-pattern--40f5caa0-4cb7-4117-89fc-d421bb493df3
intrusion-set--16ade1aa-0ea1-4bb7-88cc-9079df2ae756,attack-pattern--322bad5a-1c49-4d23-ab79-76d641794afa
intrusion-set--899ce53f-13a0-479b-a0e4-67d46e241542,attack-pattern--55bb4471-ff1f-43b4-88c1-c9384ec47abf
intrusion-set--bef4c620-0787-42a8-a96d-b7eb6e85917c,attack-pattern--65f2d882-3f41-4d48-8a06-29af77ec9f90
intrusion-set--a7f57cc1-4540-4429-823f-f4e56b8473c9,attack-pattern--54a649ff-439a-41a4-9856-8d144a2551ba
intrusion-set--02b16bd6-ae88-417a-8a3f-02c5e166175a,attack-pattern--01a5a209-b94c-450b-b7f9-946497d91055
intrusion-set--dc6fe6ee-04c2-49be-ba3d-f38d2463c02a,attack-pattern--4061e78c-1284-44b4-9116-73e4ac3912f7
intrusion-set--16ade1aa-0ea1-4bb7-88cc-9079df2ae756,attack-pattern--232b7f21-adf9-4b42-b936-b9d6f7df856e
intrusion-set--fd66436e-4d33-450e-ac4c-f7810f1c85f4,attack-pattern--01a5a209-b94c-450b-b7f9-946497d91055
intrusion-set--35d1b3be-49d4-42f1-aaa6-ef159c880bca,attack-pattern--df8b2a25-8bdf-4856-953c-a04372b1c161
intrusion-set--fd66436e-4d33-450e-ac4c-f7810f1c85f4,attack-pattern--2db31dcd-54da-405d-acef-b9129b816ed6
intrusion-set--0bbdf25b-30ff-4894-a1cd-49260d0dd2d9,attack-pattern--e358d692-23c0-4a31-9eb6-ecc13a8d7735
intrusion-set--899ce53f-13a0-479b-a0e4-67d46e241542,attack-pattern--3dc8c101-d4db-4f4d-8150-1b5a76ca5f1b
intrusion-set--f9c06633-dcff-48a1-8588-759e7cec5694,attack-pattern--2e34237d-8574-43f6-aace-ae2915de8597
intrusion-set--0d4ac089-ced4-4cc4-a989-174d08e6d030,attack-pattern--60c4b628-4807-4b0b-bbf5-fdac8643c337
intrusion-set--18854f55-ac7c-4634-bd9a-352dd07613b7,attack-pattern--eb062747-2193-45de-8fa2-e62549c37ddf
intrusion-set--4a2ce82e-1a74-468a-a6fb-bbead541383c,attack-pattern--dfd7cc1d-e1d8-4394-a198-97c4cab8aa67
intrusion-set--c4d50cdf-87ce-407d-86d8-862883485842,attack-pattern--3d52e51e-f6db-4719-813c-48002a99f43a
intrusion-set--7f848c02-4d1e-4808-a4ae-4670681370a9,attack-pattern--c21d5a77-d422-4a69-acd7-2c53c1faa34b
intrusion-set--18854f55-ac7c-4634-bd9a-352dd07613b7,attack-pattern--3f886f2a-874f-4333-b794-aa6075009b1c
intrusion-set--17862c7d-9e60-48a0-b48e-da4dc4c3f6b0,attack-pattern--354a7f88-63fb-41b5-a801-ce3b377b36f1
intrusion-set--44102191-3a31-45f8-acbe-34bdb441d5ad,attack-pattern--df8b2a25-8bdf-4856-953c-a04372b1c161
intrusion-set--3753cc21-2dae-4dfb-8481-d004e74502cc,attack-pattern--bd369cd9-abb8-41ce-b5bb-fff23ee86c00
intrusion-set--ecbf507f-6786-4121-a4cc-0fd6a8d3a29d,attack-pattern--3f886f2a-874f-4333-b794-aa6075009b1c
intrusion-set--d8bc9788-4f7d-41a9-9e9d-ee1ea18a8cf7,attack-pattern--0a241b6c-7bb2-48f9-98f7-128145b4d27f
intrusion-set--fb366179-766c-4a4a-afa1-52bff1fd601c,attack-pattern--d63a3fb8-9452-4e9d-a60a-54be68d5998c
intrusion-set--a5cfbc79-316c-42f2-915d-6e8fef4085f8,attack-pattern--0f4a0c76-ab2d-4cb0-85d3-3f0efb8cba0d
intrusion-set--35d1b3be-49d4-42f1-aaa6-ef159c880bca,attack-pattern--837f9164-50af-4ac0-8219-379d8a74cefc
intrusion-set--b516b235-fc7d-4635-aca5-3d33312339c3,attack-pattern--1c4e5d32-1fe9-4116-9d9d-59e3925bd6a2
intrusion-set--2e290bfe-93b5-48ce-97d6-edcd6d32b7cf,attack-pattern--232b7f21-adf9-4b42-b936-b9d6f7df856e
intrusion-set--46599a4a-77ee-4697-9474-2683b6464859,attack-pattern--9efb1ea7-c37b-4595-9640-b7680cd84279
intrusion-set--0ec2f388-bf0f-4b5c-97b1-fc736d26c25f,attack-pattern--7d77a07d-02fe-4e88-8bd9-e9c008c01bf0
intrusion-set--90784c1e-4aba-40eb-9adf-7556235e6384,attack-pattern--b17a1a56-e99c-403c-8948-561df0cffe81
intrusion-set--381fcf73-60f6-4ab2-9991-6af3cbc35192,attack-pattern--d45a3d09-b3cf-48f4-9f0f-f521ee5cb05c
intrusion-set--9b36c218-4d80-4ec6-a68d-cc2886bbe410,attack-pattern--b1ccd744-3f78-4a0e-9bb2-2002057f7928
intrusion-set--f29b7c5e-2439-42ad-a86f-9f8984fafae3,attack-pattern--4ae4f953-fe58-4cc8-a327-33257e30a830
intrusion-set--420ac20b-f2b9-42b8-aa1a-6d4b72895ca4,attack-pattern--208884f1-7b83-4473-ac22-4e1cf6c41471
intrusion-set--8c1f0187-0826-4320-bddc-5f326cfcfe2c,attack-pattern--eb062747-2193-45de-8fa2-e62549c37ddf
intrusion-set--efed95ba-d7e8-47ff-8c53-99c42426ee7c,attack-pattern--d742a578-d70e-4d0e-96a6-02a9c30204e6
intrusion-set--269e8108-68c6-4f99-b911-14b2e765dec2,attack-pattern--970a3432-3237-47ad-bcca-7d8cbb217736
intrusion-set--c5947e1c-1cbc-434c-94b8-27c7e3be0fff,attack-pattern--8f4a33ec-8b1f-4b80-a2f6-642b2e479580
intrusion-set--4ca1929c-7d64-4aab-b849-badbfc0c760d,attack-pattern--7385dfaf-6886-4229-9ecd-6fd678040830
intrusion-set--44d37b89-a739-4810-9111-0d2617a8939b,attack-pattern--8861073d-d1b8-4941-82ce-dce621d398f0
intrusion-set--2688b13e-8e71-405a-9c40-0dee94bddf87,attack-pattern--3f886f2a-874f-4333-b794-aa6075009b1c
intrusion-set--dd2d9ca6-505b-4860-a604-233685b802c7,attack-pattern--d336b553-5da9-46ca-98a8-0b23f49fb447
intrusion-set--269e8108-68c6-4f99-b911-14b2e765dec2,attack-pattern--be055942-6e63-49d7-9fa1-9cb7d8a8f3f4
intrusion-set--8b1e16f6-e7c8-4b7a-a5df-f81232c13e2f,attack-pattern--2959d63f-73fd-46a1-abd2-109d7dcede32
intrusion-set--918da025-04bd-48af-b6c4-f3e4d1b915eb,attack-pattern--bbde9781-60aa-4b8a-a911-895b0c1b3872
intrusion-set--420ac20b-f2b9-42b8-aa1a-6d4b72895ca4,attack-pattern--11f29a39-0942-4d62-92b6-fe236cf3066e
intrusion-set--174279b4-399f-4ddb-966e-5efedd1dd5f2,attack-pattern--c877e33f-1df6-40d6-b1e7-ce70f16f4979
intrusion-set--8c1f0187-0826-4320-bddc-5f326cfcfe2c,attack-pattern--dd43c543-bb85-4a6f-aa6e-160d90d06a49
intrusion-set--d0b3393b-3bec-4ba3-bda9-199d30db47b6,attack-pattern--b4694861-542c-48ea-9eb1-10d356e7140a
intrusion-set--ebd7ce77-c9ba-4fba-bb28-58296ac66559,attack-pattern--b2d03cea-aec1-45ca-9744-9ee583c1e1cc
intrusion-set--9e729a7e-0dd6-4097-95bf-db8d64911383,attack-pattern--232b7f21-adf9-4b42-b936-b9d6f7df856e
intrusion-set--6566aac9-dad8-4332-ae73-20c23bad7f02,attack-pattern--40f5caa0-4cb7-4117-89fc-d421bb493df3
intrusion-set--fbd29c89-18ba-4c2d-b792-51c0adee049f,attack-pattern--f232fa7a-025c-4d43-abc7-318e81a73d65
intrusion-set--381fcf73-60f6-4ab2-9991-6af3cbc35192,attack-pattern--dfd7cc1d-e1d8-4394-a198-97c4cab8aa67
intrusion-set--fbd29c89-18ba-4c2d-b792-51c0adee049f,attack-pattern--be2dcee9-a7a7-4e38-afd6-21b31ecc3d63
intrusion-set--46599a4a-77ee-4697-9474-2683b6464859,attack-pattern--65013dd2-bc61-43e3-afb5-a14c4fa7437a
intrusion-set--174279b4-399f-4ddb-966e-5efedd1dd5f2,attack-pattern--3975dbb5-0e1e-4f5b-bae1-cf2ab84b46dc
intrusion-set--c0291346-defe-48d7-9542-9e074ba1bdfb,attack-pattern--a2fdce72-04b2-409a-ac10-cc1695f4fce0
intrusion-set--56a05d27-4d47-418a-b330-781c5614f202,attack-pattern--b17a1a56-e99c-403c-8948-561df0cffe81
intrusion-set--9b36c218-4d80-4ec6-a68d-cc2886bbe410,attack-pattern--b17a1a56-e99c-403c-8948-561df0cffe81
intrusion-set--03be849d-b5a2-4766-9dda-48976bae5710,attack-pattern--1c4e5d32-1fe9-4116-9d9d-59e3925bd6a2
intrusion-set--f9d6633a-55e6-4adc-9263-6ae080421a13,attack-pattern--3c4a2599-71ee-4405-ba1e-0e28414b4bc5
intrusion-set--f40eb8ce-2a74-4e56-89a1-227021410142,attack-pattern--d1fcf083-a721-4223-aedf-bf8960798d62
intrusion-set--35d1b3be-49d4-42f1-aaa6-ef159c880bca,attack-pattern--5e29d64d-2b14-4f92-875e-4c9c498e213c
intrusion-set--01e28736-2ffc-455b-9880-ed4d1407ae07,attack-pattern--f2877f7f-9a4c-4251-879f-1224e3006bee
intrusion-set--44d37b89-a739-4810-9111-0d2617a8939b,attack-pattern--4fe28b27-b13c-453e-a386-c2ef362a573b
intrusion-set--3ea7add5-5b8f-45d8-b1f1-905d2729d62a,attack-pattern--40f5caa0-4cb7-4117-89fc-d421bb493df3
intrusion-set--269e8108-68c6-4f99-b911-14b2e765dec2,attack-pattern--045d0922-2310-4e60-b5e4-3302302cb3c5
intrusion-set--44e43fad-ffcb-4210-abcf-eaaed9735f80,attack-pattern--b17a1a56-e99c-403c-8948-561df0cffe81
intrusion-set--c0291346-defe-48d7-9542-9e074ba1bdfb,attack-pattern--dd43c543-bb85-4a6f-aa6e-160d90d06a49
intrusion-set--bef4c620-0787-42a8-a96d-b7eb6e85917c,attack-pattern--24bfaeba-cb0d-4525-b3dc-507c77ecec41
intrusion-set--1f0f9a14-11aa-49aa-9174-bcd0eaa979de,attack-pattern--0f4a0c76-ab2d-4cb0-85d3-3f0efb8cba0d
intrusion-set--6a2e693f-24e5-451a-9f88-b36a108e5662,attack-pattern--d1fcf083-a721-4223-aedf-bf8960798d62
intrusion-set--afec6dc3-a18e-4b62-b1a4-5510e1a498d1,attack-pattern--354a7f88-63fb-41b5-a801-ce3b377b36f1
intrusion-set--b7f627e2-0817-4cd5-8d50-e75f8aa85cc6,attack-pattern--19401639-28d0-4c3c-adcc-bc2ba22f6421
intrusion-set--d8bc9788-4f7d-41a9-9e9d-ee1ea18a8cf7,attack-pattern--cf1c2504-433f-4c4e-a1f8-91de45a0318c
intrusion-set--06a11b7e-2a36-47fe-8d3e-82c265df3258,attack-pattern--e358d692-23c0-4a31-9eb6-ecc13a8d7735
intrusion-set--ebd7ce77-c9ba-4fba-bb28-58296ac66559,attack-pattern--b1ccd744-3f78-4a0e-9bb2-2002057f7928
intrusion-set--247cb30b-955f-42eb-97a5-a89fef69341e,attack-pattern--232b7f21-adf9-4b42-b936-b9d6f7df856e
intrusion-set--381fcf73-60f6-4ab2-9991-6af3cbc35192,attack-pattern--e6919abc-99f9-4c6c-95a5-14761e7b2add
intrusion-set--8a831aaa-f3e0-47a3-bed8-a9ced744dd12,attack-pattern--3c4a2599-71ee-4405-ba1e-0e28414b4bc5
intrusion-set--6713ab67-e25b-49cc-808d-2b36d4fbc35c,attack-pattern--7e150503-88e7-4861-866b-ff1ac82c4475
intrusion-set--f8cb7b36-62ef-4488-8a6d-a7033e3271c1,attack-pattern--d511a6f6-4a33-41d5-bc95-c343875d1377
intrusion-set--0ec2f388-bf0f-4b5c-97b1-fc736d26c25f,attack-pattern--9a60a291-8960-4387-8a4a-2ab5c18bb50b
intrusion-set--420ac20b-f2b9-42b8-aa1a-6d4b72895ca4,attack-pattern--830c9528-df21-472c-8c14-a036bf17d665
intrusion-set--7eda3dd8-b09b-4705-8090-c2ad9fb8c14d,attack-pattern--bbde9781-60aa-4b8a-a911-895b0c1b3872
intrusion-set--4ca1929c-7d64-4aab-b849-badbfc0c760d,attack-pattern--29be378d-262d-4e99-b00d-852d573628e6
intrusion-set--dd2d9ca6-505b-4860-a604-233685b802c7,attack-pattern--3489cfc5-640f-4bb3-a103-9137b97de79f
intrusion-set--420ac20b-f2b9-42b8-aa1a-6d4b72895ca4,attack-pattern--451a9977-d255-43c9-b431-66de80130c8c
intrusion-set--b7f627e2-0817-4cd5-8d50-e75f8aa85cc6,attack-pattern--32901740-b42c-4fdd-bc02-345b5dc57082
intrusion-set--c0291346-defe-48d7-9542-9e074ba1bdfb,attack-pattern--1ecb2399-e8ba-4f6b-8ba7-5c27d49405cf
intrusion-set--fd66436e-4d33-450e-ac4c-f7810f1c85f4,attack-pattern--1c34f7aa-9341-4a48-bfab-af22e51aca6c
intrusion-set--56a05d27-4d47-418a-b330-781c5614f202,attack-pattern--df8b2a25-8bdf-4856-953c-a04372b1c161
intrusion-set--0ec2f388-bf0f-4b5c-97b1-fc736d26c25f,attack-pattern--65f2d882-3f41-4d48-8a06-29af77ec9f90
intrusion-set--2e290bfe-93b5-48ce-97d6-edcd6d32b7cf,attack-pattern--7bd9c723-2f78-4309-82c5-47cad406572b
intrusion-set--16ade1aa-0ea1-4bb7-88cc-9079df2ae756,attack-pattern--354a7f88-63fb-41b5-a801-ce3b377b36f1
intrusion-set--2e290bfe-93b5-48ce-97d6-edcd6d32b7cf,attack-pattern--731f4f55-b6d0-41d1-a7a9-072a66389aea
intrusion-set--93f52415-0fe4-4d3d-896c-fc9b8e88ab90,attack-pattern--7b211ac6-c815-4189-93a9-ab415deca926
intrusion-set--6688d679-ccdb-4f12-abf6-c7545dd767a4,attack-pattern--232b7f21-adf9-4b42-b936-b9d6f7df856e
intrusion-set--c4d50cdf-87ce-407d-86d8-862883485842,attack-pattern--a0e6614a-7740-4b24-bd65-f1bde09fc365
intrusion-set--f40eb8ce-2a74-4e56-89a1-227021410142,attack-pattern--2e34237d-8574-43f6-aace-ae2915de8597
intrusion-set--918da025-04bd-48af-b6c4-f3e4d1b915eb,attack-pattern--e3a12395-188d-4051-9a16-ea8e14d07b88
intrusion-set--03be849d-b5a2-4766-9dda-48976bae5710,attack-pattern--840a987a-99bd-4a80-a5c9-0cb2baa6cade
intrusion-set--ebd7ce77-c9ba-4fba-bb28-58296ac66559,attack-pattern--d45a3d09-b3cf-48f4-9f0f-f521ee5cb05c
intrusion-set--7b404cd0-3ae9-41d4-90c0-023793d35d97,attack-pattern--2b5aa86b-a0df-4382-848d-30abea443327
intrusion-set--93f52415-0fe4-4d3d-896c-fc9b8e88ab90,attack-pattern--24bfaeba-cb0d-4525-b3dc-507c77ecec41
intrusion-set--d8bc9788-4f7d-41a9-9e9d-ee1ea18a8cf7,attack-pattern--f232fa7a-025c-4d43-abc7-318e81a73d65
intrusion-set--bef4c620-0787-42a8-a96d-b7eb6e85917c,attack-pattern--1c34f7aa-9341-4a48-bfab-af22e51aca6c
intrusion-set--8a831aaa-f3e0-47a3-bed8-a9ced744dd12,attack-pattern--0259baeb-9f63-4c69-bf10-eb038c390688
intrusion-set--6eded342-33e5-4451-b6b2-e1c62863129f,attack-pattern--005a06c6-14bf-4118-afa0-ebcd8aebb0c9
intrusion-set--c21dd6f1-1364-4a70-a1f7-783080ec34ee,attack-pattern--970a3432-3237-47ad-bcca-7d8cbb217736
intrusion-set--f29b7c5e-2439-42ad-a86f-9f8984fafae3,attack-pattern--cc723aff-ec88-40e3-a224-5af9fd983cc4
intrusion-set--e5603ea8-4c36-40e7-b7af-a077d24fedc1,attack-pattern--232b7f21-adf9-4b42-b936-b9d6f7df856e
intrusion-set--fbd29c89-18ba-4c2d-b792-51c0adee049f,attack-pattern--232b7f21-adf9-4b42-b936-b9d6f7df856e
intrusion-set--8b1e16f6-e7c8-4b7a-a5df-f81232c13e2f,attack-pattern--970a3432-3237-47ad-bcca-7d8cbb217736
intrusion-set--0bbdf25b-30ff-4894-a1cd-49260d0dd2d9,attack-pattern--09a60ea3-a8d1-4ae5-976e-5783248b72a4
intrusion-set--0bbdf25b-30ff-4894-a1cd-49260d0dd2d9,attack-pattern--d349c66e-18e1-4d8b-a2d7-65af7cbd2ba0
intrusion-set--9735c036-8ebe-47e9-9c77-b0ae656dab93,attack-pattern--7807d3a4-a885-4639-a786-c1ed41484970
intrusion-set--ebd7ce77-c9ba-4fba-bb28-58296ac66559,attack-pattern--b17a1a56-e99c-403c-8948-561df0cffe81
intrusion-set--fd19bd82-1b14-49a1-a176-6cdc46b8a826,attack-pattern--7c0f17c9-1af6-4628-9cbd-9e45482dd605
intrusion-set--02b16bd6-ae88-417a-8a3f-02c5e166175a,attack-pattern--e358d692-23c0-4a31-9eb6-ecc13a8d7735
intrusion-set--bef4c620-0787-42a8-a96d-b7eb6e85917c,attack-pattern--3b744087-9945-4a6f-91e8-9dbceda417a4
intrusion-set--dc6fe6ee-04c2-49be-ba3d-f38d2463c02a,attack-pattern--e3a12395-188d-4051-9a16-ea8e14d07b88
intrusion-set--c1aab4c9-4c34-4f4f-8541-d529e46a07f9,attack-pattern--7bc57495-ea59-4380-be31-a64af124ef18
intrusion-set--0ec2f388-bf0f-4b5c-97b1-fc736d26c25f,attack-pattern--451a9977-d255-43c9-b431-66de80130c8c
intrusion-set--44102191-3a31-45f8-acbe-34bdb441d5ad,attack-pattern--bbde9781-60aa-4b8a-a911-895b0c1b3872
intrusion-set--c4d50cdf-87ce-407d-86d8-862883485842,attack-pattern--2e34237d-8574-43f6-aace-ae2915de8597
intrusion-set--269e8108-68c6-4f99-b911-14b2e765dec2,attack-pattern--837f9164-50af-4ac0-8219-379d8a74cefc
intrusion-set--1c3dcf91-b859-4aae-a09c-ae26dc8b6390,attack-pattern--e01be9c5-e763-4caf-aeb7-000b416aef67
intrusion-set--ebd7ce77-c9ba-4fba-bb28-58296ac66559,attack-pattern--a93494bb-4b80-4ea1-8695-3236a49916fd
intrusion-set--fd66436e-4d33-450e-ac4c-f7810f1c85f4,attack-pattern--09a60ea3-a8d1-4ae5-976e-5783248b72a4
intrusion-set--f9d6633a-55e6-4adc-9263-6ae080421a13,attack-pattern--01a5a209-b94c-450b-b7f9-946497d91055
intrusion-set--8cf6e33b-b6ef-4a1f-a77c-0ecdde93161f,attack-pattern--03d7999c-1f4c-42cc-8373-e7690d318104
intrusion-set--fd19bd82-1b14-49a1-a176-6cdc46b8a826,attack-pattern--e358d692-23c0-4a31-9eb6-ecc13a8d7735
intrusion-set--0ec2f388-bf0f-4b5c-97b1-fc736d26c25f,attack-pattern--dfd7cc1d-e1d8-4394-a198-97c4cab8aa67
intrusion-set--06a11b7e-2a36-47fe-8d3e-82c265df3258,attack-pattern--e624264c-033a-424d-9fd7-fc9c3bbdb03e
intrusion-set--ebd7ce77-c9ba-4fba-bb28-58296ac66559,attack-pattern--7bdca9d5-d500-4d7d-8c52-5fd47baf4c0c
intrusion-set--918da025-04bd-48af-b6c4-f3e4d1b915eb,attack-pattern--03d7999c-1f4c-42cc-8373-e7690d318104
intrusion-set--c93fccb1-e8e8-42cf-ae33-2ad1d183913a,attack-pattern--65013dd2-bc61-43e3-afb5-a14c4fa7437a
intrusion-set--c0291346-defe-48d7-9542-9e074ba1bdfb,attack-pattern--57340c81-c025-4189-8fa0-fc7ede51bae4
intrusion-set--e6db1e55-b199-4b6b-8633-989345ee45e0,attack-pattern--5e4a2073-9643-44cb-a0b5-e7f4048446c7
intrusion-set--0d4ac089-ced4-4cc4-a989-174d08e6d030,attack-pattern--e6919abc-99f9-4c6c-95a5-14761e7b2add
intrusion-set--381fcf73-60f6-4ab2-9991-6af3cbc35192,attack-pattern--03d7999c-1f4c-42cc-8373-e7690d318104
intrusion-set--7a19ecb1-3c65-4de3-a230-993516aed6a6,attack-pattern--1c4e5d32-1fe9-4116-9d9d-59e3925bd6a2
intrusion-set--0bbdf25b-30ff-4894-a1cd-49260d0dd2d9,attack-pattern--deb98323-e13f-4b0c-8d94-175379069062
intrusion-set--cb41e991-65f4-4668-a65f-f4200545b5a1,attack-pattern--00f90846-cbd1-4fc5-9233-df5c2bf2a662
intrusion-set--56a05d27-4d47-418a-b330-781c5614f202,attack-pattern--9fa07bef-9c81-421e-a8e5-ad4366c5a925
intrusion-set--fb366179-766c-4a4a-afa1-52bff1fd601c,attack-pattern--1411e6b8-80a6-4465-9909-54eaa9c67ce0
intrusion-set--39d6890e-7f23-4474-b8ef-e7b0343c5fc8,attack-pattern--e6919abc-99f9-4c6c-95a5-14761e7b2add
intrusion-set--319fd652-edde-46b2-9987-3519493989f5,attack-pattern--03d7999c-1f4c-42cc-8373-e7690d318104
intrusion-set--918da025-04bd-48af-b6c4-f3e4d1b915eb,attack-pattern--354a7f88-63fb-41b5-a801-ce3b377b36f1
intrusion-set--b516b235-fc7d-4635-aca5-3d33312339c3,attack-pattern--f2514ae4-4e9b-4f26-a5ba-c4ae85fe93c3
intrusion-set--00f67a77-86a4-4adf-be26-1a54fc713340,attack-pattern--f1951e8a-500e-4a26-8803-76d95c4554b4
intrusion-set--4283ae19-69c7-4347-a35e-b56f08eb660b,attack-pattern--707399d6-ab3e-4963-9315-d9d3818cd6a0
intrusion-set--894aab42-3371-47b1-8859-a4a074c804c8,attack-pattern--354a7f88-63fb-41b5-a801-ce3b377b36f1
intrusion-set--fa19de15-6169-428d-9cd6-3ca3d56075b7,attack-pattern--e6919abc-99f9-4c6c-95a5-14761e7b2add
intrusion-set--e6db1e55-b199-4b6b-8633-989345ee45e0,attack-pattern--f6ad61ee-65f3-4bd0-a3f5-2f0accb36317
intrusion-set--420ac20b-f2b9-42b8-aa1a-6d4b72895ca4,attack-pattern--1c4e5d32-1fe9-4116-9d9d-59e3925bd6a2
intrusion-set--d13c8a7f-740b-4efa-a232-de7d6bb05321,attack-pattern--232b7f21-adf9-4b42-b936-b9d6f7df856e
intrusion-set--a7f57cc1-4540-4429-823f-f4e56b8473c9,attack-pattern--1ecfdab8-7d59-4c98-95d4-dc41970f57fc
intrusion-set--674582ec-51c4-42ce-b409-797239e37a2a,attack-pattern--57340c81-c025-4189-8fa0-fc7ede51bae4
intrusion-set--a7f57cc1-4540-4429-823f-f4e56b8473c9,attack-pattern--1644e709-12d2-41e5-a60f-3470991f5011
intrusion-set--3ea7add5-5b8f-45d8-b1f1-905d2729d62a,attack-pattern--92d7da27-2d91-488e-a00c-059dc162766d
intrusion-set--c21dd6f1-1364-4a70-a1f7-783080ec34ee,attack-pattern--7bc57495-ea59-4380-be31-a64af124ef18
intrusion-set--8c1f0187-0826-4320-bddc-5f326cfcfe2c,attack-pattern--5e4a2073-9643-44cb-a0b5-e7f4048446c7
intrusion-set--ecbf507f-6786-4121-a4cc-0fd6a8d3a29d,attack-pattern--65f2d882-3f41-4d48-8a06-29af77ec9f90
intrusion-set--73a80fab-2aa3-48e0-a4d0-3a4828200aee,attack-pattern--a2fdce72-04b2-409a-ac10-cc1695f4fce0
intrusion-set--7b404cd0-3ae9-41d4-90c0-023793d35d97,attack-pattern--ceaeb6d8-95ee-4da2-9d42-dc6aa6ca43ae
intrusion-set--2a7914cf-dff3-428d-ab0f-1014d1c28aeb,attack-pattern--58a3e6aa-4453-4cc8-a51f-4befe80b31a8
intrusion-set--0bbdf25b-30ff-4894-a1cd-49260d0dd2d9,attack-pattern--635cbe30-392d-4e27-978e-66774357c762
intrusion-set--ecbf507f-6786-4121-a4cc-0fd6a8d3a29d,attack-pattern--851e071f-208d-4c79-adc6-5974c85c78f3
intrusion-set--7eda3dd8-b09b-4705-8090-c2ad9fb8c14d,attack-pattern--232a7e42-cd6e-4902-8fe9-2960f529dd4d
intrusion-set--03506554-5f37-4f8f-9ce4-0e9f01a1b484,attack-pattern--e6919abc-99f9-4c6c-95a5-14761e7b2add
intrusion-set--44e43fad-ffcb-4210-abcf-eaaed9735f80,attack-pattern--bb5a00de-e086-4859-a231-fa793f6797e2
intrusion-set--7eda3dd8-b09b-4705-8090-c2ad9fb8c14d,attack-pattern--f4599aa0-4f85-4a32-80ea-fc39dc965945
intrusion-set--c1aab4c9-4c34-4f4f-8541-d529e46a07f9,attack-pattern--3f886f2a-874f-4333-b794-aa6075009b1c
intrusion-set--18854f55-ac7c-4634-bd9a-352dd07613b7,attack-pattern--bf90d72c-c00b-45e3-b3aa-68560560d4c5
intrusion-set--222fbd21-fc4f-4b7e-9f85-0e6e3a76c33f,attack-pattern--2db31dcd-54da-405d-acef-b9129b816ed6
intrusion-set--918da025-04bd-48af-b6c4-f3e4d1b915eb,attack-pattern--eb062747-2193-45de-8fa2-e62549c37ddf
intrusion-set--ebd7ce77-c9ba-4fba-bb28-58296ac66559,attack-pattern--cc3502b5-30cc-4473-ad48-42d51a6ef6d1
intrusion-set--18854f55-ac7c-4634-bd9a-352dd07613b7,attack-pattern--b3d682b6-98f2-4fb0-aa3b-b4df007ca70a
intrusion-set--f9d6633a-55e6-4adc-9263-6ae080421a13,attack-pattern--88d31120-5bc7-4ce3-a9c0-7cf147be8e54
intrusion-set--00f67a77-86a4-4adf-be26-1a54fc713340,attack-pattern--49fca0d2-685d-41eb-8bd4-05451cc3a742
intrusion-set--d13c8a7f-740b-4efa-a232-de7d6bb05321,attack-pattern--d1fcf083-a721-4223-aedf-bf8960798d62
intrusion-set--3fc023b2-c5cc-481d-9c3e-70141ae1a87e,attack-pattern--232b7f21-adf9-4b42-b936-b9d6f7df856e
intrusion-set--32bca8ff-d900-4877-aa65-d70baa041b74,attack-pattern--b4694861-542c-48ea-9eb1-10d356e7140a
intrusion-set--bef4c620-0787-42a8-a96d-b7eb6e85917c,attack-pattern--0cc222f5-c3ff-48e6-9f52-3314baf9d37e
intrusion-set--9b36c218-4d80-4ec6-a68d-cc2886bbe410,attack-pattern--3dc8c101-d4db-4f4d-8150-1b5a76ca5f1b
intrusion-set--18854f55-ac7c-4634-bd9a-352dd07613b7,attack-pattern--84e02621-8fdf-470f-bd58-993bb6a89d91
intrusion-set--1c63d4ec-0a75-4daa-b1df-0d11af3d3cc1,attack-pattern--970a3432-3237-47ad-bcca-7d8cbb217736
intrusion-set--c5947e1c-1cbc-434c-94b8-27c7e3be0fff,attack-pattern--32901740-b42c-4fdd-bc02-345b5dc57082
intrusion-set--319fd652-edde-46b2-9987-3519493989f5,attack-pattern--8e350c1d-ac79-4b5c-bd4e-7476d7e84ec5
intrusion-set--18854f55-ac7c-4634-bd9a-352dd07613b7,attack-pattern--c3888c54-775d-4b2f-b759-75a2ececcbfd
intrusion-set--1c63d4ec-0a75-4daa-b1df-0d11af3d3cc1,attack-pattern--9db0cf3a-a3c9-4012-8268-123b9db6fd82
intrusion-set--420ac20b-f2b9-42b8-aa1a-6d4b72895ca4,attack-pattern--212306d8-efa4-44c9-8c2d-ed3d2e224aa0
intrusion-set--2e290bfe-93b5-48ce-97d6-edcd6d32b7cf,attack-pattern--9efb1ea7-c37b-4595-9640-b7680cd84279
intrusion-set--fb366179-766c-4a4a-afa1-52bff1fd601c,attack-pattern--506f6f49-7045-4156-9007-7474cb44ad6d
intrusion-set--94873029-f950-4268-9cfd-5032e15cb182,attack-pattern--42e8de7b-37b2-4258-905a-6897815e58e0
intrusion-set--35d1b3be-49d4-42f1-aaa6-ef159c880bca,attack-pattern--212306d8-efa4-44c9-8c2d-ed3d2e224aa0
intrusion-set--222fbd21-fc4f-4b7e-9f85-0e6e3a76c33f,attack-pattern--30208d3e-0d6b-43c8-883e-44462a514619
intrusion-set--7a19ecb1-3c65-4de3-a230-993516aed6a6,attack-pattern--43e7dc91-05b2-474c-b9ac-2ed4fe101f4d
intrusion-set--01e28736-2ffc-455b-9880-ed4d1407ae07,attack-pattern--232b7f21-adf9-4b42-b936-b9d6f7df856e
intrusion-set--4283ae19-69c7-4347-a35e-b56f08eb660b,attack-pattern--be055942-6e63-49d7-9fa1-9cb7d8a8f3f4
intrusion-set--75a07184-a7e5-4222-95a1-a04dbc96a29c,attack-pattern--970a3432-3237-47ad-bcca-7d8cbb217736
intrusion-set--222fbd21-fc4f-4b7e-9f85-0e6e3a76c33f,attack-pattern--40f5caa0-4cb7-4117-89fc-d421bb493df3
intrusion-set--fe8796a4-2a02-41a0-9d27-7aa1e995feb6,attack-pattern--2fee9321-3e71-4cf4-af24-d4d40d355b34
intrusion-set--1c63d4ec-0a75-4daa-b1df-0d11af3d3cc1,attack-pattern--cc3502b5-30cc-4473-ad48-42d51a6ef6d1
intrusion-set--6688d679-ccdb-4f12-abf6-c7545dd767a4,attack-pattern--f3c544dc-673c-4ef3-accb-53229f1ae077
intrusion-set--fd19bd82-1b14-49a1-a176-6cdc46b8a826,attack-pattern--b80d107d-fa0d-4b60-9684-b0433e8bdba0
intrusion-set--e6db1e55-b199-4b6b-8633-989345ee45e0,attack-pattern--b80d107d-fa0d-4b60-9684-b0433e8bdba0
intrusion-set--6713ab67-e25b-49cc-808d-2b36d4fbc35c,attack-pattern--09a60ea3-a8d1-4ae5-976e-5783248b72a4
intrusion-set--18854f55-ac7c-4634-bd9a-352dd07613b7,attack-pattern--01a5a209-b94c-450b-b7f9-946497d91055
intrusion-set--c93fccb1-e8e8-42cf-ae33-2ad1d183913a,attack-pattern--7e150503-88e7-4861-866b-ff1ac82c4475
intrusion-set--9b36c218-4d80-4ec6-a68d-cc2886bbe410,attack-pattern--0f4a0c76-ab2d-4cb0-85d3-3f0efb8cba0d
intrusion-set--f9c06633-dcff-48a1-8588-759e7cec5694,attack-pattern--42e8de7b-37b2-4258-905a-6897815e58e0
intrusion-set--dd2d9ca6-505b-4860-a604-233685b802c7,attack-pattern--f1951e8a-500e-4a26-8803-76d95c4554b4
intrusion-set--dd2d9ca6-505b-4860-a604-233685b802c7,attack-pattern--9efb1ea7-c37b-4595-9640-b7680cd84279
intrusion-set--6713ab67-e25b-49cc-808d-2b36d4fbc35c,attack-pattern--1ecfdab8-7d59-4c98-95d4-dc41970f57fc
intrusion-set--899ce53f-13a0-479b-a0e4-67d46e241542,attack-pattern--232b7f21-adf9-4b42-b936-b9d6f7df856e
intrusion-set--6eded342-33e5-4451-b6b2-e1c62863129f,attack-pattern--232b7f21-adf9-4b42-b936-b9d6f7df856e
intrusion-set--381fcf73-60f6-4ab2-9991-6af3cbc35192,attack-pattern--69f897fd-12a9-4c89-ad6a-46d2f3c38262
intrusion-set--7a19ecb1-3c65-4de3-a230-993516aed6a6,attack-pattern--fdc47f44-dd32-4b99-af5f-209f556f63c2
intrusion-set--269e8108-68c6-4f99-b911-14b2e765dec2,attack-pattern--3f886f2a-874f-4333-b794-aa6075009b1c
intrusion-set--a653431d-6a5e-4600-8ad3-609b5af57064,attack-pattern--4f9ca633-15c5-463c-9724-bdcd54fde541
intrusion-set--01e28736-2ffc-455b-9880-ed4d1407ae07,attack-pattern--2db31dcd-54da-405d-acef-b9129b816ed6
intrusion-set--3753cc21-2dae-4dfb-8481-d004e74502cc,attack-pattern--0259baeb-9f63-4c69-bf10-eb038c390688
intrusion-set--18854f55-ac7c-4634-bd9a-352dd07613b7,attack-pattern--09a60ea3-a8d1-4ae5-976e-5783248b72a4
intrusion-set--82323c70-4186-4b61-94f5-b227c3b28e89,attack-pattern--65f2d882-3f41-4d48-8a06-29af77ec9f90
intrusion-set--e6db1e55-b199-4b6b-8633-989345ee45e0,attack-pattern--b1ccd744-3f78-4a0e-9bb2-2002057f7928
intrusion-set--247cb30b-955f-42eb-97a5-a89fef69341e,attack-pattern--9efb1ea7-c37b-4595-9640-b7680cd84279
intrusion-set--00f67a77-86a4-4adf-be26-1a54fc713340,attack-pattern--8f4a33ec-8b1f-4b80-a2f6-642b2e479580
intrusion-set--2688b13e-8e71-405a-9c40-0dee94bddf87,attack-pattern--c21d5a77-d422-4a69-acd7-2c53c1faa34b
intrusion-set--2e290bfe-93b5-48ce-97d6-edcd6d32b7cf,attack-pattern--853c4192-4311-43e1-bfbb-b11b14911852
intrusion-set--0ec2f388-bf0f-4b5c-97b1-fc736d26c25f,attack-pattern--3e6831b2-bf4c-4ae6-b328-2e7c6633b291
intrusion-set--1c63d4ec-0a75-4daa-b1df-0d11af3d3cc1,attack-pattern--e358d692-23c0-4a31-9eb6-ecc13a8d7735
intrusion-set--269e8108-68c6-4f99-b911-14b2e765dec2,attack-pattern--9db0cf3a-a3c9-4012-8268-123b9db6fd82
intrusion-set--4a2ce82e-1a74-468a-a6fb-bbead541383c,attack-pattern--005a06c6-14bf-4118-afa0-ebcd8aebb0c9
intrusion-set--44d37b89-a739-4810-9111-0d2617a8939b,attack-pattern--cf1c2504-433f-4c4e-a1f8-91de45a0318c
intrusion-set--6a2e693f-24e5-451a-9f88-b36a108e5662,attack-pattern--a2fdce72-04b2-409a-ac10-cc1695f4fce0
intrusion-set--c0291346-defe-48d7-9542-9e074ba1bdfb,attack-pattern--2b742742-28c3-4e1b-bab7-8350d6300fa7
intrusion-set--93f52415-0fe4-4d3d-896c-fc9b8e88ab90,attack-pattern--c2e147a9-d1a8-4074-811a-d8789202d916
intrusion-set--64b52e7d-b2c4-4a02-9372-08a463f5dc11,attack-pattern--970a3432-3237-47ad-bcca-7d8cbb217736
intrusion-set--918da025-04bd-48af-b6c4-f3e4d1b915eb,attack-pattern--92a78814-b191-47ca-909c-1ccfe3777414
intrusion-set--44e43fad-ffcb-4210-abcf-eaaed9735f80,attack-pattern--2b742742-28c3-4e1b-bab7-8350d6300fa7
intrusion-set--fd66436e-4d33-450e-ac4c-f7810f1c85f4,attack-pattern--1c4e5d32-1fe9-4116-9d9d-59e3925bd6a2
intrusion-set--420ac20b-f2b9-42b8-aa1a-6d4b72895ca4,attack-pattern--887274fc-2d63-4bdc-82f3-fae56d1d5fdc
intrusion-set--269e8108-68c6-4f99-b911-14b2e765dec2,attack-pattern--be2dcee9-a7a7-4e38-afd6-21b31ecc3d63
intrusion-set--56a05d27-4d47-418a-b330-781c5614f202,attack-pattern--035bb001-ab69-4a0b-9f6c-2de8b09e1b9d
intrusion-set--fd19bd82-1b14-49a1-a176-6cdc46b8a826,attack-pattern--767dbf9e-df3f-45cb-8998-4903ab5f80c0
intrusion-set--e6db1e55-b199-4b6b-8633-989345ee45e0,attack-pattern--edadea33-549c-4ed1-9783-8f5a5853cbdf
intrusion-set--44e43fad-ffcb-4210-abcf-eaaed9735f80,attack-pattern--2e34237d-8574-43f6-aace-ae2915de8597
intrusion-set--c93fccb1-e8e8-42cf-ae33-2ad1d183913a,attack-pattern--143c0cbb-a297-4142-9624-87ffc778980b
intrusion-set--1f21da59-6a13-455b-afd0-d58d0a5a7d27,attack-pattern--dfd7cc1d-e1d8-4394-a198-97c4cab8aa67
intrusion-set--2e290bfe-93b5-48ce-97d6-edcd6d32b7cf,attack-pattern--be055942-6e63-49d7-9fa1-9cb7d8a8f3f4
intrusion-set--f29b7c5e-2439-42ad-a86f-9f8984fafae3,attack-pattern--197ef1b9-e764-46c3-b96c-23f77985dc81
intrusion-set--1c3dcf91-b859-4aae-a09c-ae26dc8b6390,attack-pattern--3f886f2a-874f-4333-b794-aa6075009b1c
intrusion-set--e6db1e55-b199-4b6b-8633-989345ee45e0,attack-pattern--354a7f88-63fb-41b5-a801-ce3b377b36f1
intrusion-set--0bbdf25b-30ff-4894-a1cd-49260d0dd2d9,attack-pattern--e6919abc-99f9-4c6c-95a5-14761e7b2add
intrusion-set--319fd652-edde-46b2-9987-3519493989f5,attack-pattern--34e793de-0274-4982-9c1a-246ed1c19dee
intrusion-set--dcd81c6e-ebf7-4a16-93e0-9a97fa49c88a,attack-pattern--32901740-b42c-4fdd-bc02-345b5dc57082
intrusion-set--381fcf73-60f6-4ab2-9991-6af3cbc35192,attack-pattern--df8b2a25-8bdf-4856-953c-a04372b1c161
intrusion-set--c4d50cdf-87ce-407d-86d8-862883485842,attack-pattern--b200542e-e877-4395-875b-cf1a44537ca4
intrusion-set--f29b7c5e-2439-42ad-a86f-9f8984fafae3,attack-pattern--9e7452df-5144-4b6e-b04a-b66dd4016747
intrusion-set--fd66436e-4d33-450e-ac4c-f7810f1c85f4,attack-pattern--7e150503-88e7-4861-866b-ff1ac82c4475
intrusion-set--fbd29c89-18ba-4c2d-b792-51c0adee049f,attack-pattern--ef67e13e-5598-4adc-bdb2-998225874fa9
intrusion-set--381fcf73-60f6-4ab2-9991-6af3cbc35192,attack-pattern--21875073-b0ee-49e3-9077-1e2a885359af
intrusion-set--6fe8a2a1-a1b0-4af8-953d-4babd329f8f8,attack-pattern--232b7f21-adf9-4b42-b936-b9d6f7df856e
intrusion-set--ebd7ce77-c9ba-4fba-bb28-58296ac66559,attack-pattern--00f90846-cbd1-4fc5-9233-df5c2bf2a662
intrusion-set--bf668120-e9a6-4017-a014-bfc0f5232656,attack-pattern--c1b68a96-3c48-49ea-a6c0-9b27359f9c19
intrusion-set--7113eaa5-ba79-4fb3-b68a-398ee9cd698e,attack-pattern--4fe28b27-b13c-453e-a386-c2ef362a573b
intrusion-set--fbd29c89-18ba-4c2d-b792-51c0adee049f,attack-pattern--b21c3b2d-02e6-45b1-980b-e69051040839
intrusion-set--6eded342-33e5-4451-b6b2-e1c62863129f,attack-pattern--970a3432-3237-47ad-bcca-7d8cbb217736
intrusion-set--2e290bfe-93b5-48ce-97d6-edcd6d32b7cf,attack-pattern--d1fcf083-a721-4223-aedf-bf8960798d62
intrusion-set--46bb06cb-f2d9-4b37-8c92-a27e224ad90d,attack-pattern--00f90846-cbd1-4fc5-9233-df5c2bf2a662
intrusion-set--8b1e16f6-e7c8-4b7a-a5df-f81232c13e2f,attack-pattern--d1fcf083-a721-4223-aedf-bf8960798d62
intrusion-set--174279b4-399f-4ddb-966e-5efedd1dd5f2,attack-pattern--132d5b37-aac5-4378-a8dc-3127b18a73dc
intrusion-set--2e290bfe-93b5-48ce-97d6-edcd6d32b7cf,attack-pattern--840a987a-99bd-4a80-a5c9-0cb2baa6cade
intrusion-set--3753cc21-2dae-4dfb-8481-d004e74502cc,attack-pattern--bf1b6176-597c-4600-bfcd-ac989670f96b
intrusion-set--afec6dc3-a18e-4b62-b1a4-5510e1a498d1,attack-pattern--232b7f21-adf9-4b42-b936-b9d6f7df856e
intrusion-set--2e290bfe-93b5-48ce-97d6-edcd6d32b7cf,attack-pattern--2c4d4e92-0ccf-4a97-b54c-86d662988a53
intrusion-set--56319646-eb6e-41fc-ae53-aadfa7adb924,attack-pattern--e3b6daca-e963-4a69-aee6-ed4fd653ad58
intrusion-set--17862c7d-9e60-48a0-b48e-da4dc4c3f6b0,attack-pattern--232a7e42-cd6e-4902-8fe9-2960f529dd4d
intrusion-set--c77c5576-ca19-42ed-a36f-4b4486a84133,attack-pattern--a62a8db3-f23a-4d8f-afd6-9dbc77e7813b
intrusion-set--01e28736-2ffc-455b-9880-ed4d1407ae07,attack-pattern--e196b5c5-8118-4a1c-ab8a-936586ce3db5
intrusion-set--6713ab67-e25b-49cc-808d-2b36d4fbc35c,attack-pattern--f232fa7a-025c-4d43-abc7-318e81a73d65
intrusion-set--381fcf73-60f6-4ab2-9991-6af3cbc35192,attack-pattern--354a7f88-63fb-41b5-a801-ce3b377b36f1
intrusion-set--44102191-3a31-45f8-acbe-34bdb441d5ad,attack-pattern--b18eae87-b469-4e14-b454-b171b416bc18
intrusion-set--9735c036-8ebe-47e9-9c77-b0ae656dab93,attack-pattern--7bdca9d5-d500-4d7d-8c52-5fd47baf4c0c
intrusion-set--7113eaa5-ba79-4fb3-b68a-398ee9cd698e,attack-pattern--ef67e13e-5598-4adc-bdb2-998225874fa9
intrusion-set--899ce53f-13a0-479b-a0e4-67d46e241542,attack-pattern--34ff60a3-a3f8-42e4-bed0-af9a2cb563d7
intrusion-set--fe8796a4-2a02-41a0-9d27-7aa1e995feb6,attack-pattern--b97f1d35-4249-4486-a6b5-ee60ccf24fab
intrusion-set--0ec2f388-bf0f-4b5c-97b1-fc736d26c25f,attack-pattern--cc3502b5-30cc-4473-ad48-42d51a6ef6d1
intrusion-set--fe8796a4-2a02-41a0-9d27-7aa1e995feb6,attack-pattern--3ccef7ae-cb5e-48f6-8302-897105fbf55c
intrusion-set--06a11b7e-2a36-47fe-8d3e-82c265df3258,attack-pattern--bd5b58a4-a52d-4a29-bc0d-3f1d3968eb6b
intrusion-set--6713ab67-e25b-49cc-808d-2b36d4fbc35c,attack-pattern--354a7f88-63fb-41b5-a801-ce3b377b36f1
intrusion-set--0ec2f388-bf0f-4b5c-97b1-fc736d26c25f,attack-pattern--5d0d3609-d06d-49e1-b9c9-b544e0c618cb
intrusion-set--2a7914cf-dff3-428d-ab0f-1014d1c28aeb,attack-pattern--359b00ad-9425-420b-bba5-6de8d600cbc0
intrusion-set--18854f55-ac7c-4634-bd9a-352dd07613b7,attack-pattern--3aef9463-9a7a-43ba-8957-a867e07c1e6a
intrusion-set--fb366179-766c-4a4a-afa1-52bff1fd601c,attack-pattern--57340c81-c025-4189-8fa0-fc7ede51bae4
intrusion-set--381fcf73-60f6-4ab2-9991-6af3cbc35192,attack-pattern--3c4a2599-71ee-4405-ba1e-0e28414b4bc5
intrusion-set--32bca8ff-d900-4877-aa65-d70baa041b74,attack-pattern--7bc57495-ea59-4380-be31-a64af124ef18
intrusion-set--03506554-5f37-4f8f-9ce4-0e9f01a1b484,attack-pattern--deb98323-e13f-4b0c-8d94-175379069062
intrusion-set--918da025-04bd-48af-b6c4-f3e4d1b915eb,attack-pattern--120d5519-3098-4e1c-9191-2aa61232f073
intrusion-set--7eda3dd8-b09b-4705-8090-c2ad9fb8c14d,attack-pattern--df8b2a25-8bdf-4856-953c-a04372b1c161
intrusion-set--ebd7ce77-c9ba-4fba-bb28-58296ac66559,attack-pattern--92d7da27-2d91-488e-a00c-059dc162766d
intrusion-set--7b404cd0-3ae9-41d4-90c0-023793d35d97,attack-pattern--0a3ead4e-6d47-4ccb-854c-a6a4f9d96b22
intrusion-set--2688b13e-8e71-405a-9c40-0dee94bddf87,attack-pattern--04fd5427-79c7-44ea-ae13-11b24778ff1c
intrusion-set--fd19bd82-1b14-49a1-a176-6cdc46b8a826,attack-pattern--57340c81-c025-4189-8fa0-fc7ede51bae4
intrusion-set--44d37b89-a739-4810-9111-0d2617a8939b,attack-pattern--837f9164-50af-4ac0-8219-379d8a74cefc
intrusion-set--44d37b89-a739-4810-9111-0d2617a8939b,attack-pattern--1608f3e1-598a-42f4-a01a-2e252e81728f
intrusion-set--dc6fe6ee-04c2-49be-ba3d-f38d2463c02a,attack-pattern--eb125d40-0b2d-41ac-a71a-3229241c2cd3
intrusion-set--f9d6633a-55e6-4adc-9263-6ae080421a13,attack-pattern--bbde9781-60aa-4b8a-a911-895b0c1b3872
intrusion-set--44d37b89-a739-4810-9111-0d2617a8939b,attack-pattern--7807d3a4-a885-4639-a786-c1ed41484970
intrusion-set--7a19ecb1-3c65-4de3-a230-993516aed6a6,attack-pattern--b6075259-dba3-44e9-87c7-e954f37ec0d5
intrusion-set--dd2d9ca6-505b-4860-a604-233685b802c7,attack-pattern--60d0c01d-e2bf-49dd-a453-f8a9c9fa6f65
intrusion-set--8c1f0187-0826-4320-bddc-5f326cfcfe2c,attack-pattern--e6919abc-99f9-4c6c-95a5-14761e7b2add
intrusion-set--fd19bd82-1b14-49a1-a176-6cdc46b8a826,attack-pattern--86850eff-2729-40c3-b85e-c4af26da4a2d
intrusion-set--461b8e25-8f4a-4ea2-a4a8-e39df7ce6630,attack-pattern--f24faf46-3b26-4dbb-98f2-63460498e433
intrusion-set--fd66436e-4d33-450e-ac4c-f7810f1c85f4,attack-pattern--7bc57495-ea59-4380-be31-a64af124ef18
intrusion-set--4e868dad-682d-4897-b8df-2dc98f46c68a,attack-pattern--d742a578-d70e-4d0e-96a6-02a9c30204e6
intrusion-set--55033a4d-3ffe-46b2-99b4-2c1541e9ce1c,attack-pattern--a2fdce72-04b2-409a-ac10-cc1695f4fce0
intrusion-set--6a2e693f-24e5-451a-9f88-b36a108e5662,attack-pattern--322bad5a-1c49-4d23-ab79-76d641794afa
intrusion-set--dd2d9ca6-505b-4860-a604-233685b802c7,attack-pattern--f4599aa0-4f85-4a32-80ea-fc39dc965945
intrusion-set--fb366179-766c-4a4a-afa1-52bff1fd601c,attack-pattern--9db0cf3a-a3c9-4012-8268-123b9db6fd82
intrusion-set--381fcf73-60f6-4ab2-9991-6af3cbc35192,attack-pattern--3f18edba-28f4-4bb9-82c3-8aa60dcac5f7
intrusion-set--174279b4-399f-4ddb-966e-5efedd1dd5f2,attack-pattern--60b508a1-6a5e-46b1-821a-9f7b78752abf
intrusion-set--93f52415-0fe4-4d3d-896c-fc9b8e88ab90,attack-pattern--21875073-b0ee-49e3-9077-1e2a885359af
intrusion-set--54dfec3e-6464-4f74-9d69-b7c817b7e5a3,attack-pattern--3ccef7ae-cb5e-48f6-8302-897105fbf55c
intrusion-set--a7f57cc1-4540-4429-823f-f4e56b8473c9,attack-pattern--6151cbea-819b-455a-9fa6-99a1cc58797d
intrusion-set--0ec2f388-bf0f-4b5c-97b1-fc736d26c25f,attack-pattern--f2514ae4-4e9b-4f26-a5ba-c4ae85fe93c3
intrusion-set--7a19ecb1-3c65-4de3-a230-993516aed6a6,attack-pattern--7bc57495-ea59-4380-be31-a64af124ef18
intrusion-set--44102191-3a31-45f8-acbe-34bdb441d5ad,attack-pattern--2db31dcd-54da-405d-acef-b9129b816ed6
intrusion-set--7113eaa5-ba79-4fb3-b68a-398ee9cd698e,attack-pattern--10d51417-ee35-4589-b1ff-b6df1c334e8d
intrusion-set--1c63d4ec-0a75-4daa-b1df-0d11af3d3cc1,attack-pattern--21875073-b0ee-49e3-9077-1e2a885359af
intrusion-set--2e290bfe-93b5-48ce-97d6-edcd6d32b7cf,attack-pattern--830c9528-df21-472c-8c14-a036bf17d665
intrusion-set--44e43fad-ffcb-4210-abcf-eaaed9735f80,attack-pattern--4f9ca633-15c5-463c-9724-bdcd54fde541
intrusion-set--82323c70-4186-4b61-94f5-b227c3b28e89,attack-pattern--e3a12395-188d-4051-9a16-ea8e14d07b88
intrusion-set--fb366179-766c-4a4a-afa1-52bff1fd601c,attack-pattern--359b00ad-9425-420b-bba5-6de8d600cbc0
intrusion-set--7b404cd0-3ae9-41d4-90c0-023793d35d97,attack-pattern--a93494bb-4b80-4ea1-8695-3236a49916fd
intrusion-set--e6db1e55-b199-4b6b-8633-989345ee45e0,attack-pattern--0d91b3c0-5e50-47c3-949a-2a796f04d144
intrusion-set--44e43fad-ffcb-4210-abcf-eaaed9735f80,attack-pattern--3f886f2a-874f-4333-b794-aa6075009b1c
intrusion-set--381fcf73-60f6-4ab2-9991-6af3cbc35192,attack-pattern--a0e6614a-7740-4b24-bd65-f1bde09fc365
intrusion-set--7251b44b-6072-476c-b8d9-a6e32c355b28,attack-pattern--43c9bc06-715b-42db-972f-52d25c09a20c
intrusion-set--4ca1929c-7d64-4aab-b849-badbfc0c760d,attack-pattern--b21c3b2d-02e6-45b1-980b-e69051040839
intrusion-set--a0cb9370-e39b-44d5-9f50-ef78e412b973,attack-pattern--0a3ead4e-6d47-4ccb-854c-a6a4f9d96b22
intrusion-set--2fd2be6a-d3a2-4a65-b499-05ea2693abee,attack-pattern--2e34237d-8574-43f6-aace-ae2915de8597
intrusion-set--c5b81590-6814-4d2a-8baa-15c4b6c7f960,attack-pattern--e6919abc-99f9-4c6c-95a5-14761e7b2add
intrusion-set--dd2d9ca6-505b-4860-a604-233685b802c7,attack-pattern--c8e87b83-edbb-48d4-9295-4974897525b7
intrusion-set--c0291346-defe-48d7-9542-9e074ba1bdfb,attack-pattern--58a3e6aa-4453-4cc8-a51f-4befe80b31a8
intrusion-set--ecbf507f-6786-4121-a4cc-0fd6a8d3a29d,attack-pattern--bbde9781-60aa-4b8a-a911-895b0c1b3872
intrusion-set--16ade1aa-0ea1-4bb7-88cc-9079df2ae756,attack-pattern--d1fcf083-a721-4223-aedf-bf8960798d62
intrusion-set--4ca1929c-7d64-4aab-b849-badbfc0c760d,attack-pattern--b0533c6e-8fea-4788-874f-b799cacc4b92
intrusion-set--bef4c620-0787-42a8-a96d-b7eb6e85917c,attack-pattern--a93494bb-4b80-4ea1-8695-3236a49916fd
intrusion-set--7b404cd0-3ae9-41d4-90c0-023793d35d97,attack-pattern--8a2f40cf-8325-47f9-96e4-b1ca4c7389bd
intrusion-set--7113eaa5-ba79-4fb3-b68a-398ee9cd698e,attack-pattern--0a3ead4e-6d47-4ccb-854c-a6a4f9d96b22
intrusion-set--174279b4-399f-4ddb-966e-5efedd1dd5f2,attack-pattern--1c34f7aa-9341-4a48-bfab-af22e51aca6c
intrusion-set--e6db1e55-b199-4b6b-8633-989345ee45e0,attack-pattern--0533ab23-3f7d-463f-9bd8-634d27e4dee1
intrusion-set--0ec2f388-bf0f-4b5c-97b1-fc736d26c25f,attack-pattern--b4694861-542c-48ea-9eb1-10d356e7140a
intrusion-set--6a2e693f-24e5-451a-9f88-b36a108e5662,attack-pattern--eb062747-2193-45de-8fa2-e62549c37ddf
intrusion-set--3fc023b2-c5cc-481d-9c3e-70141ae1a87e,attack-pattern--03d7999c-1f4c-42cc-8373-e7690d318104
intrusion-set--93f52415-0fe4-4d3d-896c-fc9b8e88ab90,attack-pattern--7bc57495-ea59-4380-be31-a64af124ef18
intrusion-set--d8bc9788-4f7d-41a9-9e9d-ee1ea18a8cf7,attack-pattern--dd43c543-bb85-4a6f-aa6e-160d90d06a49
intrusion-set--fd66436e-4d33-450e-ac4c-f7810f1c85f4,attack-pattern--3c4a2599-71ee-4405-ba1e-0e28414b4bc5
intrusion-set--46599a4a-77ee-4697-9474-2683b6464859,attack-pattern--8f452cb4-cbf4-4522-8b11-448787be95c4
intrusion-set--269e8108-68c6-4f99-b911-14b2e765dec2,attack-pattern--6add2ab5-2711-4e9d-87c8-7a0be8531530
intrusion-set--3ea7add5-5b8f-45d8-b1f1-905d2729d62a,attack-pattern--60c4b628-4807-4b0b-bbf5-fdac8643c337
intrusion-set--ebd7ce77-c9ba-4fba-bb28-58296ac66559,attack-pattern--eb062747-2193-45de-8fa2-e62549c37ddf
intrusion-set--fed4f0a2-4347-4530-b0f5-6dfd49b29172,attack-pattern--970a3432-3237-47ad-bcca-7d8cbb217736
intrusion-set--4a2ce82e-1a74-468a-a6fb-bbead541383c,attack-pattern--0af0ca99-357d-4ba1-805f-674fdfb7bef9
intrusion-set--fd66436e-4d33-450e-ac4c-f7810f1c85f4,attack-pattern--15dbf668-795c-41e6-8219-f0447c0e64ce
intrusion-set--18854f55-ac7c-4634-bd9a-352dd07613b7,attack-pattern--7bdca9d5-d500-4d7d-8c52-5fd47baf4c0c
intrusion-set--0bbdf25b-30ff-4894-a1cd-49260d0dd2d9,attack-pattern--03d7999c-1f4c-42cc-8373-e7690d318104
intrusion-set--fd19bd82-1b14-49a1-a176-6cdc46b8a826,attack-pattern--132d5b37-aac5-4378-a8dc-3127b18a73dc
intrusion-set--bef4c620-0787-42a8-a96d-b7eb6e85917c,attack-pattern--cd92d2b8-ce43-4666-9472-f1b4b9f4f8be
intrusion-set--6b9ebeb5-20bf-48b0-afb7-988d769a2f01,attack-pattern--a2fdce72-04b2-409a-ac10-cc1695f4fce0
intrusion-set--44e43fad-ffcb-4210-abcf-eaaed9735f80,attack-pattern--dfd7cc1d-e1d8-4394-a198-97c4cab8aa67
intrusion-set--fd19bd82-1b14-49a1-a176-6cdc46b8a826,attack-pattern--01a5a209-b94c-450b-b7f9-946497d91055
intrusion-set--fe8796a4-2a02-41a0-9d27-7aa1e995feb6,attack-pattern--d511a6f6-4a33-41d5-bc95-c343875d1377
intrusion-set--9b36c218-4d80-4ec6-a68d-cc2886bbe410,attack-pattern--a0e6614a-7740-4b24-bd65-f1bde09fc365
intrusion-set--174279b4-399f-4ddb-966e-5efedd1dd5f2,attack-pattern--6c2957f9-502a-478c-b1dd-d626c0659413
intrusion-set--090242d7-73fc-4738-af68-20162f7a5aae,attack-pattern--cdfc5f0a-9bb9-4352-b896-553cfa2d8fd8
intrusion-set--c4d50cdf-87ce-407d-86d8-862883485842,attack-pattern--970a3432-3237-47ad-bcca-7d8cbb217736
intrusion-set--899ce53f-13a0-479b-a0e4-67d46e241542,attack-pattern--120d5519-3098-4e1c-9191-2aa61232f073
intrusion-set--56319646-eb6e-41fc-ae53-aadfa7adb924,attack-pattern--3b744087-9945-4a6f-91e8-9dbceda417a4
intrusion-set--d13c8a7f-740b-4efa-a232-de7d6bb05321,attack-pattern--391d824f-0ef1-47a0-b0ee-c59a75e27670
intrusion-set--247cb30b-955f-42eb-97a5-a89fef69341e,attack-pattern--830c9528-df21-472c-8c14-a036bf17d665
intrusion-set--bef4c620-0787-42a8-a96d-b7eb6e85917c,attack-pattern--4f9ca633-15c5-463c-9724-bdcd54fde541
intrusion-set--319fd652-edde-46b2-9987-3519493989f5,attack-pattern--4f9ca633-15c5-463c-9724-bdcd54fde541
intrusion-set--3753cc21-2dae-4dfb-8481-d004e74502cc,attack-pattern--9db0cf3a-a3c9-4012-8268-123b9db6fd82
intrusion-set--7113eaa5-ba79-4fb3-b68a-398ee9cd698e,attack-pattern--3dc8c101-d4db-4f4d-8150-1b5a76ca5f1b
intrusion-set--3753cc21-2dae-4dfb-8481-d004e74502cc,attack-pattern--212306d8-efa4-44c9-8c2d-ed3d2e224aa0
intrusion-set--cb41e991-65f4-4668-a65f-f4200545b5a1,attack-pattern--7e150503-88e7-4861-866b-ff1ac82c4475
intrusion-set--fb366179-766c-4a4a-afa1-52bff1fd601c,attack-pattern--7e150503-88e7-4861-866b-ff1ac82c4475
intrusion-set--44e43fad-ffcb-4210-abcf-eaaed9735f80,attack-pattern--2db31dcd-54da-405d-acef-b9129b816ed6
intrusion-set--7a19ecb1-3c65-4de3-a230-993516aed6a6,attack-pattern--b0533c6e-8fea-4788-874f-b799cacc4b92
intrusion-set--c4d50cdf-87ce-407d-86d8-862883485842,attack-pattern--2fee9321-3e71-4cf4-af24-d4d40d355b34
intrusion-set--2e290bfe-93b5-48ce-97d6-edcd6d32b7cf,attack-pattern--29be378d-262d-4e99-b00d-852d573628e6
intrusion-set--0bbdf25b-30ff-4894-a1cd-49260d0dd2d9,attack-pattern--b0533c6e-8fea-4788-874f-b799cacc4b92
intrusion-set--e5603ea8-4c36-40e7-b7af-a077d24fedc1,attack-pattern--e6919abc-99f9-4c6c-95a5-14761e7b2add
intrusion-set--381fcf73-60f6-4ab2-9991-6af3cbc35192,attack-pattern--1c4e5d32-1fe9-4116-9d9d-59e3925bd6a2
intrusion-set--2688b13e-8e71-405a-9c40-0dee94bddf87,attack-pattern--79da0971-3147-4af6-a4f5-e8cd447cd795
intrusion-set--7eda3dd8-b09b-4705-8090-c2ad9fb8c14d,attack-pattern--d1fcf083-a721-4223-aedf-bf8960798d62
intrusion-set--88b7dbc2-32d3-4e31-af2f-3fc24e1582d7,attack-pattern--c32f7008-9fea-41f7-8366-5eb9b74bd896
intrusion-set--0ec2f388-bf0f-4b5c-97b1-fc736d26c25f,attack-pattern--f3c544dc-673c-4ef3-accb-53229f1ae077
intrusion-set--44102191-3a31-45f8-acbe-34bdb441d5ad,attack-pattern--47f2d673-ca62-47e9-929b-1b0be9657611
intrusion-set--f9d6633a-55e6-4adc-9263-6ae080421a13,attack-pattern--d742a578-d70e-4d0e-96a6-02a9c30204e6
intrusion-set--fd66436e-4d33-450e-ac4c-f7810f1c85f4,attack-pattern--72b74d71-8169-42aa-92e0-e7b04b9f5a08
intrusion-set--44102191-3a31-45f8-acbe-34bdb441d5ad,attack-pattern--1c4e5d32-1fe9-4116-9d9d-59e3925bd6a2
intrusion-set--3fc023b2-c5cc-481d-9c3e-70141ae1a87e,attack-pattern--2fee9321-3e71-4cf4-af24-d4d40d355b34
intrusion-set--899ce53f-13a0-479b-a0e4-67d46e241542,attack-pattern--deb98323-e13f-4b0c-8d94-175379069062
intrusion-set--35d1b3be-49d4-42f1-aaa6-ef159c880bca,attack-pattern--830c9528-df21-472c-8c14-a036bf17d665
intrusion-set--cc613a49-9bfa-4e22-98d1-15ffbb03f034,attack-pattern--e196b5c5-8118-4a1c-ab8a-936586ce3db5
intrusion-set--93f52415-0fe4-4d3d-896c-fc9b8e88ab90,attack-pattern--77eae145-55db-4519-8ae5-77b0c7215d69
intrusion-set--a7f57cc1-4540-4429-823f-f4e56b8473c9,attack-pattern--e3a12395-188d-4051-9a16-ea8e14d07b88
intrusion-set--6fe8a2a1-a1b0-4af8-953d-4babd329f8f8,attack-pattern--19401639-28d0-4c3c-adcc-bc2ba22f6421
intrusion-set--abc5a1d4-f0dc-49d1-88a1-4a80e478bb03,attack-pattern--88d31120-5bc7-4ce3-a9c0-7cf147be8e54
intrusion-set--18854f55-ac7c-4634-bd9a-352dd07613b7,attack-pattern--2fee9321-3e71-4cf4-af24-d4d40d355b34
intrusion-set--44102191-3a31-45f8-acbe-34bdb441d5ad,attack-pattern--cba37adb-d6fb-4610-b069-dd04c0643384
intrusion-set--222fbd21-fc4f-4b7e-9f85-0e6e3a76c33f,attack-pattern--2fee9321-3e71-4cf4-af24-d4d40d355b34
intrusion-set--cc613a49-9bfa-4e22-98d1-15ffbb03f034,attack-pattern--ef67e13e-5598-4adc-bdb2-998225874fa9
intrusion-set--b516b235-fc7d-4635-aca5-3d33312339c3,attack-pattern--00f90846-cbd1-4fc5-9233-df5c2bf2a662
